product_id,net_revenue,modeled_contribution_profit,sold_units,previous_sold_units,unit_change,unit_change_pct,description
84077,1331.37,297.99439999999987,4559.0,8180.0,-3621.0,-0.4426650366748166,WORLD WAR 2 GLIDERS ASSTD DESIGNS
20971,2607.92,1052.4734,1390.0,4874.0,-3484.0,-0.714813295034879,PINK BLUE FELT CRAFT TRINKET BOX
22147,94.92,15.668400000000005,72.0,2278.0,-2206.0,-0.9683933274802459,FELTCRAFT BUTTERFLY HEARTS
22273,924.9800000000001,220.88260000000002,304.0,2452.0,-2148.0,-0.8760195758564437,FELTCRAFT DOLL MOLLY
22149,77.0,13.09,40.0,1754.0,-1714.0,-0.9771949828962372,FELTCRAFT 6 FLOWER FRIENDS
22595,853.7299999999999,211.84459999999993,953.0,2653.0,-1700.0,-0.6407840180927252,GINGHAM HEART DECORATION
22386,3234.25,798.6938000000001,1643.0,3206.0,-1563.0,-0.48752339363693076,JUMBO BAG PINK POLKADOT
22178,3243.25,1250.964,1813.0,3320.0,-1507.0,-0.4539156626506024,VICTORIAN GLASS HANGING T-LIGHT
22102,47.78,16.8256,22.0,1502.0,-1480.0,-0.9853528628495339,MIRROR MOSAIC T-LIGHT HOLDER
23506,238.43,55.3861,555.0,1938.0,-1383.0,-0.7136222910216719,MINI PLAYING CARDS SPACEBOY
23307,539.6600000000001,145.70819999999998,892.0,2229.0,-1337.0,-0.5998205473306415,SET OF 60 PANTRY DESIGN CAKE CASES
17003,425.73,156.98760000000004,1071.0,2400.0,-1329.0,-0.55375,BROCADE RING PURSE
72818,0.0,0.0,0.0,1306.0,-1306.0,-1.0,CHRISTMAS DECOUPAGE CANDLE
23508,317.73,113.2131,569.0,1800.0,-1231.0,-0.6838888888888889,MINI PLAYING CARDS DOLLY GIRL
15034,91.26000000000002,26.149200000000004,573.0,1791.0,-1218.0,-0.6800670016750419,PAPER POCKET TRAVELING FAN
22065,868.27,-774.7375000000001,1816.0,2857.0,-1041.0,-0.36436821841092054,CHRISTMAS PUDDING TRINKET POT
21181,2263.58,600.6615999999998,989.0,2003.0,-1014.0,-0.5062406390414378,PLEASE ONE PERSON METAL SIGN
22103,0.0,0.0,0.0,992.0,-992.0,-1.0,MIRROR MOSAIC T-LIGHT HOLDER ROUND
21829,0.0,0.0,0.0,963.0,-963.0,-1.0,DINOSAUR KEYRINGS ASSORTED
22950,32.0,11.0825,17.0,979.0,-962.0,-0.982635342185904,36 DOILIES VINTAGE CHRISTMAS
85099F,1755.49,377.89730000000003,908.0,1836.0,-928.0,-0.5054466230936819,JUMBO BAG STRAWBERRY
23233,94.5,20.789999999999996,225.0,1100.0,-875.0,-0.7954545454545454,WRAP POPPIES  DESIGN
22336,0.0,0.0,0.0,847.0,-847.0,-1.0,DOVE DECORATION PAINTED ZINC
23284,5888.28,1356.9005999999995,730.0,1540.0,-810.0,-0.525974025974026,DOORMAT KEEP CALM AND COME IN
22652,66.83,15.6871,40.0,798.0,-758.0,-0.949874686716792,TRAVEL SEWING KIT
21809,76.28999999999999,-29.944200000000002,129.0,874.0,-745.0,-0.8524027459954233,CHRISTMAS HANGING TREE WITH BELL
85152,1067.55,159.0434999999999,574.0,1317.0,-743.0,-0.5641609719058466,HAND OVER THE CHOCOLATE   SIGN
21213,471.39000000000004,155.45529999999997,686.0,1407.0,-721.0,-0.5124378109452736,PACK OF 72 SKULL CAKE CASES
23509,52.79,14.5453,113.0,817.0,-704.0,-0.8616891064871481,MINI PLAYING CARDS FUN FAIR
23436,375.61,88.96969999999999,300.0,1004.0,-704.0,-0.701195219123506,VINTAGE CHRISTMAS GIFT BAG LARGE
16045,40.0,8.799999999999997,1000.0,1700.0,-700.0,-0.4117647058823529,POPART WOODEN PENCILS ASST
21824,171.04999999999998,-157.784,363.0,1042.0,-679.0,-0.6516314779270633,PAINTED METAL STAR WITH HOLLY BELLS
22710,115.5,25.409999999999997,275.0,950.0,-675.0,-0.7105263157894737,WRAP I LOVE LONDON
15036,533.3199999999999,134.93039999999996,604.0,1255.0,-651.0,-0.5187250996015936,ASSORTED COLOURS SILK FAN
22266,28.150000000000002,-27.302000000000003,137.0,785.0,-648.0,-0.8254777070063695,EASTER DECORATION HANGING BUNNY
21823,1.17,-1.4916,3.0,649.0,-646.0,-0.9953775038520801,PAINTED METAL HEART WITH HOLLY BELL
22098,97.17,-72.1849,226.0,847.0,-621.0,-0.7331759149940968,BOUDOIR SQUARE TISSUE BOX
23308,273.20000000000005,72.42399999999999,456.0,1076.0,-620.0,-0.5762081784386617,SET OF 60 VINTAGE LEAF CAKE CASES
22570,139.35,22.73699999999999,41.0,659.0,-618.0,-0.9377845220030349,FELTCRAFT CUSHION RABBIT
20975,581.75,127.98499999999999,895.0,1512.0,-617.0,-0.4080687830687831,12 PENCILS SMALL TUBE RED RETROSPOT
22339,120.45,-100.25190000000003,546.0,1158.0,-612.0,-0.5284974093264249,CHRISTMAS TREE PAINTED ZINC
22379,1058.47,356.8438999999999,406.0,1018.0,-612.0,-0.6011787819253438,RECYCLING BAG RETROSPOT
72802C,47.19,-31.65249999999998,192.0,803.0,-611.0,-0.7608966376089664,VANILLA SCENT CANDLE JEWELLED BOX
21497,397.5,80.85,975.0,1575.0,-600.0,-0.38095238095238093,FANCY FONTS BIRTHDAY WRAP
23340,375.96999999999997,103.45939999999999,205.0,801.0,-596.0,-0.7440699126092385,VINTAGE CHRISTMAS CAKE FRILL
21811,572.24,-504.1808,1416.0,2010.0,-594.0,-0.2955223880597015,HANGING HEART WITH BELL
22101,241.56,47.99520000000001,102.0,693.0,-591.0,-0.8528138528138528,MIRROR MOSAIC VOTIVE HOLDER
23379,69.83,19.234599999999993,161.0,741.0,-580.0,-0.7827260458839406,PACK OF 12 RED APPLE TISSUES
16161U,126.0,27.719999999999995,300.0,850.0,-550.0,-0.6470588235294118,WRAP SUKI AND FRIENDS
85111,24.65,5.422999999999998,85.0,632.0,-547.0,-0.865506329113924,SILVER GLITTER FLOWER VOTIVE HOLDER
21980,135.06,51.99919999999999,326.0,869.0,-543.0,-0.6248561565017261,PACK OF 12 RED RETROSPOT TISSUES
22728,2193.15,562.938,547.0,1079.0,-532.0,-0.49304911955514363,ALARM CLOCK BAKELIKE PINK
23326,145.93,48.956599999999995,183.0,712.0,-529.0,-0.7429775280898876,HANGING MINI COLOURED BOTTLES
22381,351.68,89.05959999999996,162.0,691.0,-529.0,-0.7655571635311144,TOY TIDY PINK POLKADOT
22759,1522.07,351.5973999999999,911.0,1430.0,-519.0,-0.36293706293706296,SET OF 3 NOTEBOOKS IN PARCEL
22161,159.45000000000002,-149.65500000000003,627.0,1146.0,-519.0,-0.45287958115183247,HEART DECORATION RUSTIC HANGING
23437,633.31,146.6487,496.0,1011.0,-515.0,-0.5093966369930761,50'S CHRISTMAS GIFT BAG LARGE
22569,0.0,0.0,0.0,513.0,-513.0,-1.0,FELTCRAFT CUSHION BUTTERFLY
85078,13.04,7.1808000000000005,8.0,518.0,-510.0,-0.9845559845559846,SCANDINAVIAN 3 HEARTS NAPKIN RING
21802,31.87,8.138899999999998,71.0,572.0,-501.0,-0.8758741258741258,CHRISTMAS TREE HEART DECORATION
23170,547.65,148.58249999999998,312.0,812.0,-500.0,-0.6157635467980296,REGENCY TEA PLATE ROSES
16161P,208.5,39.269999999999996,525.0,1025.0,-500.0,-0.4878048780487805,WRAP ENGLISH ROSE
72816,0.0,0.0,0.0,493.0,-493.0,-1.0,SET/3 CHRISTMAS DECOUPAGE CANDLES
22713,61.19,16.393299999999996,133.0,623.0,-490.0,-0.7865168539325843,CARD I LOVE LONDON
22105,16.52,3.4583999999999993,4.0,491.0,-487.0,-0.9918533604887984,MIRROR MOSAIC GOBLET CANDLE HOLDER
20969,842.62,211.5674,212.0,690.0,-478.0,-0.6927536231884058,RED FLORAL FELTCRAFT SHOULDER BAG
21908,566.5200000000001,149.78039999999996,248.0,725.0,-477.0,-0.6579310344827586,CHOCOLATE THIS WAY METAL SIGN
22049,0.0,0.0,0.0,475.0,-475.0,-1.0,WRAP CHRISTMAS SCREEN PRINT
23525,215.57,52.5514,55.0,506.0,-451.0,-0.8913043478260869,WALL ART BUFFALO BILL
21422,26.64,9.2928,24.0,459.0,-435.0,-0.9477124183006536,PORCELAIN ROSE SMALL
20712,1749.5,465.2781999999999,772.0,1199.0,-427.0,-0.3561301084236864,JUMBO BAG WOODLAND ANIMALS
16156S,196.5,41.58,475.0,900.0,-425.0,-0.4722222222222222,WRAP PINK FAIRY CAKES
23438,506.09,114.00179999999999,401.0,825.0,-424.0,-0.5139393939393939,RED SPOT GIFT BAG LARGE
72803A,25.5,5.609999999999998,6.0,416.0,-410.0,-0.9855769230769231,ROSE SCENT CANDLE JEWELLED DRAWER
22044,6.840000000000001,-3.049200000000001,36.0,444.0,-408.0,-0.918918918918919,CHRISTMAS CARD STACK OF PRESENTS
22812,385.96,155.07319999999999,136.0,544.0,-408.0,-0.75,PACK 3 BOXES CHRISTMAS PANETTONE
23056,24.92000000000001,-42.88659999999999,242.0,634.0,-392.0,-0.6182965299684543,FLOWERS CHANDELIER T-LIGHT HOLDER
72802B,12.75,-34.45500000000001,165.0,557.0,-392.0,-0.703770197486535,OCEAN SCENT CANDLE IN JEWELLED BOX
22568,1802.7,427.62899999999996,468.0,859.0,-391.0,-0.4551804423748545,FELTCRAFT CUSHION OWL
23345,231.74,63.6273,167.0,558.0,-391.0,-0.7007168458781362,DOLLY GIRL BEAKER
21506,189.62,46.67739999999999,430.0,820.0,-390.0,-0.47560975609756095,"FANCY FONT BIRTHDAY CARD,"
15056BL,983.59,204.3118,169.0,549.0,-380.0,-0.692167577413479,EDWARDIAN PARASOL BLACK
62018,54.599999999999994,12.011999999999995,28.0,407.0,-379.0,-0.9312039312039312,SOMBRERO
22943,810.5,185.0695,163.0,536.0,-373.0,-0.6958955223880597,CHRISTMAS LIGHTS 10 VINTAGE BAUBLES
22097,63.660000000000004,-49.5038,152.0,515.0,-363.0,-0.7048543689320388,SWALLOW SQUARE TISSUE BOX
23445,400.85999999999996,88.62919999999993,482.0,844.0,-362.0,-0.42890995260663506,ICE CREAM BUBBLES
23346,386.38,103.63759999999999,282.0,638.0,-356.0,-0.5579937304075235,SPACEBOY BEAKER
23373,249.18999999999997,58.8313,295.0,648.0,-353.0,-0.5447530864197531,VINTAGE CHRISTMAS PAPER GIFT BAG
22091,159.0,-114.07,344.0,696.0,-352.0,-0.5057471264367817,EMPIRE TISSUE BOX
21917,97.69,25.325299999999995,216.0,558.0,-342.0,-0.6129032258064516,SET 12 KIDS  WHITE CHALK STICKS
23555,482.81,110.51369999999996,38.0,376.0,-338.0,-0.898936170212766,LANDMARK FRAME NOTTING HILL
22585,965.9000000000001,207.64300000000003,792.0,1129.0,-337.0,-0.29849424269264835,PACK OF 6 BIRDY GIFT TAGS
23554,507.81,116.01369999999996,40.0,376.0,-336.0,-0.8936170212765957,LANDMARK FRAME OXFORD STREET
23556,557.85,117.29449999999994,46.0,381.0,-335.0,-0.8792650918635171,LANDMARK FRAME COVENT GARDEN
23501,656.54,160.4108,502.0,836.0,-334.0,-0.39952153110047844,KEY RING BASEBALL BOOT UNION JACK
23513,176.56,47.86319999999999,77.0,404.0,-327.0,-0.8094059405940595,EMBROIDERED RIBBON REEL SUSIE
21817,67.47,-28.925600000000006,173.0,500.0,-327.0,-0.654,GLITTER CHRISTMAS TREE
22142,1549.72,483.50939999999997,890.0,1215.0,-325.0,-0.2674897119341564,CHRISTMAS CRAFT WHITE FAIRY
23558,549.92,134.68839999999997,42.0,367.0,-325.0,-0.885558583106267,LANDMARK FRAME LONDON BRIDGE
22099,65.31,-35.6488,125.0,441.0,-316.0,-0.7165532879818595,CARAVAN SQUARE TISSUE BOX
21121,519.96,115.05669999999999,415.0,730.0,-315.0,-0.4315068493150685,SET/10 RED POLKADOT PARTY CANDLES
23375,292.65,68.2039,349.0,659.0,-310.0,-0.47040971168437024,50'S CHRISTMAS PAPER GIFT BAG
23529,475.76000000000005,36.335200000000036,160.0,470.0,-310.0,-0.6595744680851063,WALL ART DOLLY GIRL
22633,2506.0600000000004,619.0141999999998,1140.0,1447.0,-307.0,-0.2121630960608155,HAND WARMER UNION JACK
23032,257.2,74.24449999999999,137.0,443.0,-306.0,-0.690744920993228,DRAWER KNOB CRACKLE GLAZE IVORY
20713,1590.18,483.3411,691.0,995.0,-304.0,-0.3055276381909548,JUMBO BAG OWLS
23072,0.0,0.0,0.0,303.0,-303.0,-1.0,MARIE ANTOINETTE TRINKET BOX SILVER
23536,783.8100000000001,122.47619999999995,147.0,450.0,-303.0,-0.6733333333333333,WALL ART VILLAGE SHOW
23515,243.64000000000001,74.34679999999999,99.0,400.0,-301.0,-0.7525,EMBROIDERED RIBBON REEL DAISY
23557,282.81,66.51369999999997,22.0,323.0,-301.0,-0.9318885448916409,LANDMARK FRAME BAKER STREET
23232,429.0,87.77999999999999,1050.0,1350.0,-300.0,-0.2222222222222222,WRAP VINTAGE LEAF DESIGN
22722,2253.75,586.1349999999999,529.0,828.0,-299.0,-0.3611111111111111,SET OF 6 SPICE TINS PANTRY DESIGN
23512,168.27,44.911899999999996,74.0,373.0,-299.0,-0.8016085790884718,EMBROIDERED RIBBON REEL ROSIE
21014,102.52999999999999,-64.57440000000001,307.0,602.0,-295.0,-0.4900332225913621,SWISS CHALET TREE DECORATION
84536B,73.75,20.058499999999995,159.0,453.0,-294.0,-0.6490066225165563,FAIRY CAKES NOTEBOOK A7 SIZE
20974,238.5,3.8419999999999717,610.0,902.0,-292.0,-0.3237250554323725,12 PENCILS SMALL TUBE SKULL
23400,274.72,84.34689999999999,37.0,328.0,-291.0,-0.8871951219512195,SHELF WITH 4 HOOKS HOME SWEET HOME
23187,2.8999999999999995,0.6379999999999997,10.0,300.0,-290.0,-0.9666666666666667,FRENCH STYLE STORAGE JAR BONBONS
22230,36.959999999999994,-5.200800000000005,72.0,361.0,-289.0,-0.8005540166204986,JIGSAW TREE WITH WATERING CAN
21192,86.08999999999999,14.561799999999993,57.0,344.0,-287.0,-0.8343023255813954,WHITE BELL HONEYCOMB PAPER
22093,116.46000000000001,-78.22980000000003,288.0,573.0,-285.0,-0.4973821989528796,MOTORING TISSUE BOX
23538,133.04000000000002,39.8233,23.0,306.0,-283.0,-0.9248366013071896,WALL ART VINTAGE HEART
22991,728.06,299.01519999999994,430.0,708.0,-278.0,-0.3926553672316384,GIRAFFE WOODEN RULER
21098,547.05,190.2285,336.0,611.0,-275.0,-0.4500818330605565,CHRISTMAS TOILET ROLL
23553,998.4300000000001,232.54109999999991,78.0,351.0,-273.0,-0.7777777777777778,LANDMARK FRAME CAMDEN TOWN
23071,0.0,0.0,0.0,272.0,-272.0,-1.0,MARIE ANTOINETTE TRINKET BOX GOLD
22699,1975.99,533.7932999999999,614.0,886.0,-272.0,-0.30699774266365687,ROSES REGENCY TEACUP AND SAUCER
22892,90.0,16.349999999999998,84.0,350.0,-266.0,-0.76,SET OF SALT AND PEPPER TOADSTOOLS
21535,322.2,67.48049999999996,133.0,394.0,-261.0,-0.6624365482233503,RED RETROSPOT SMALL MILK JUG
21390,229.84,53.2268,180.0,439.0,-259.0,-0.5899772209567198,FILIGRIS HEART WITH BUTTERFLY
22543,5.84,2.1868,10.0,267.0,-257.0,-0.9625468164794008,MINI JIGSAW BAKE A CAKE
85014B,917.2800000000001,195.79559999999998,156.0,413.0,-257.0,-0.6222760290556901,RED RETROSPOT UMBRELLA
35923,50.309999999999995,-50.0385,130.0,386.0,-256.0,-0.6632124352331606,CANDY HEART HANGING DECORATION
21112,190.14,39.32279999999998,66.0,320.0,-254.0,-0.79375,SWISS ROLL TOWEL PINK  SPOTS
23390,473.05,115.456,109.0,362.0,-253.0,-0.6988950276243094,DOLLY GIRL MINI BACKPACK
21163,0.0,0.0,0.0,253.0,-253.0,-1.0,DO NOT TOUCH MY STUFF DOOR HANGER
84050,57.5,2.530000000000002,46.0,297.0,-251.0,-0.8451178451178452,PINK HEART SHAPE EGG FRYING PAN
85204,33.06,-33.0144,254.0,500.0,-246.0,-0.492,HANGING WOOD AND FELT FLOWER
23518,112.18,32.33559999999999,34.0,277.0,-243.0,-0.8772563176895307,EMBROIDERED RIBBON REEL RACHEL
82583,2366.65,737.7754999999999,939.0,1181.0,-242.0,-0.20491109229466553,HOT BATHS METAL SIGN
23046,152.95000000000002,33.649,23.0,264.0,-241.0,-0.9128787878787878,PAPER LANTERN 9 POINT DELUXE STAR
22313,139.92000000000002,39.593399999999995,42.0,283.0,-241.0,-0.8515901060070671,OFFICE MUG WARMER PINK
23541,2446.5099999999998,463.5751999999998,313.0,551.0,-238.0,-0.4319419237749546,WALL ART CLASSIC PUDDINGS
22106,73.4,17.556,14.0,251.0,-237.0,-0.9442231075697212,MIRROR MOSAIC HURRICANE LAMP
22969,965.4399999999999,258.50879999999995,608.0,844.0,-236.0,-0.2796208530805687,HOMEMADE JAM SCENTED CANDLES
85034A,132.82999999999998,-120.64590000000004,98.0,330.0,-232.0,-0.703030303030303,3 GARDENIA MORRIS BOXED CANDLES
84380,750.42,239.13189999999997,505.0,734.0,-229.0,-0.3119891008174387,SET OF 3 BUTTERFLY COOKIE CUTTERS
23534,3505.27,967.9053999999999,529.0,758.0,-229.0,-0.3021108179419525,WALL ART STOP FOR TEA
23521,274.2,-3.6959999999999926,90.0,317.0,-227.0,-0.7160883280757098,WALL ART CAT AND BIRD
16219,33.61,-4.727800000000004,265.0,492.0,-227.0,-0.4613821138211382,HOUSE SHAPE PENCIL SHARPENER
22711,63.0,13.859999999999998,150.0,375.0,-225.0,-0.6,WRAP CIRCUS PARADE
23172,394.40999999999997,103.13819999999998,221.0,446.0,-225.0,-0.5044843049327354,REGENCY TEA PLATE PINK
23523,230.65,51.788000000000004,61.0,285.0,-224.0,-0.7859649122807018,WALL ART TREASURE AHOY
23245,4137.03,1093.1631,780.0,1003.0,-223.0,-0.22233300099700898,SET OF 3 REGENCY CAKE TINS
21504,55.38,13.536599999999998,126.0,347.0,-221.0,-0.6368876080691642,SKULLS GREETING CARD
21844,331.28000000000003,73.3656,112.0,332.0,-220.0,-0.6626506024096386,RED RETROSPOT MUG
22716,51.94,14.583799999999998,110.0,328.0,-218.0,-0.6646341463414634,CARD CIRCUS PARADE
22907,265.92999999999995,69.65859999999998,289.0,503.0,-214.0,-0.4254473161033797,PACK OF 20 NAPKINS PANTRY DESIGN
23528,415.54,53.90330000000001,129.0,343.0,-214.0,-0.6239067055393586,WALL ART SPACEBOY
23522,209.64000000000001,56.51579999999999,66.0,274.0,-208.0,-0.7591240875912408,WALL ART DOG AND BALL
22731,312.93,91.76859999999999,217.0,424.0,-207.0,-0.4882075471698113,3D CHRISTMAS STAMPS STICKERS
21642,129.41,-106.18590000000002,460.0,667.0,-207.0,-0.3103448275862069,ASSORTED TUTTI FRUTTI PEN
23531,1884.36,265.9821999999999,310.0,517.0,-207.0,-0.40038684719535783,WALL ART BIG LOVE
23507,449.17,74.8979,1173.0,1375.0,-202.0,-0.1469090909090909,MINI PLAYING CARDS BUFFALO BILL
22704,147.0,32.339999999999996,350.0,550.0,-200.0,-0.36363636363636365,WRAP RED APPLES
23545,189.0,41.57999999999999,450.0,650.0,-200.0,-0.3076923076923077,WRAP RED VINTAGE DOILY
22545,23.849999999999998,7.2764999999999995,48.0,247.0,-199.0,-0.805668016194332,MINI JIGSAW BUNNIES
23388,813.95,222.73899999999998,177.0,376.0,-199.0,-0.5292553191489362,WOODLAND MINI BACKPACK
22904,411.79,107.7758,129.0,326.0,-197.0,-0.6042944785276073,CALENDAR PAPER CUT DESIGN
85049E,598.85,171.677,421.0,617.0,-196.0,-0.31766612641815234,SCANDINAVIAN REDS RIBBONS
23368,675.8000000000001,196.73749999999998,907.0,1103.0,-196.0,-0.17769718948322757,SET 12 COLOUR PENCILS DOLLY GIRL
20984,0.0,0.0,0.0,194.0,-194.0,-1.0,12 PENCILS TALL TUBE POSY
21211,63.8,14.035999999999996,44.0,237.0,-193.0,-0.8143459915611815,SET OF 72 SKULL PAPER  DOILIES
22727,4369.5199999999995,1386.0678999999998,961.0,1153.0,-192.0,-0.16652211621856028,ALARM CLOCK BAKELIKE RED
23543,1253.19,234.41879999999992,161.0,352.0,-191.0,-0.5426136363636364,WALL ART KEEP CALM
23526,2199.67,630.1833999999999,325.0,512.0,-187.0,-0.365234375,WALL ART DOG LICENCE
21561,121.0,39.2885,39.0,223.0,-184.0,-0.8251121076233184,DINOSAUR LUNCH BOX WITH CUTLERY
23171,613.91,168.69819999999996,335.0,518.0,-183.0,-0.3532818532818533,REGENCY TEA PLATE GREEN
23048,323.66,73.6317,81.0,263.0,-182.0,-0.6920152091254753,SET OF 10 LANTERNS FAIRY LIGHT STAR
23516,144.05,38.731,35.0,217.0,-182.0,-0.8387096774193549,EMBROIDERED RIBBON REEL SOPHIE
21983,74.31,28.987199999999994,177.0,359.0,-182.0,-0.5069637883008357,PACK OF 12 BLUE PAISLEY TISSUES
23157,1391.16,290.9851999999999,682.0,864.0,-182.0,-0.21064814814814814,SET OF 6 NATIVITY MAGNETS
23191,457.25999999999993,103.43519999999997,274.0,454.0,-180.0,-0.3964757709251101,BUNDLE OF 3 RETRO NOTE BOOKS
22615,31.68,12.471199999999998,80.0,259.0,-179.0,-0.6911196911196911,PACK OF 12 CIRCUS PARADE TISSUES
21559,688.77,171.05939999999995,258.0,436.0,-178.0,-0.40825688073394495,STRAWBERRY LUNCH BOX WITH CUTLERY
23199,3311.68,847.9227999999998,1553.0,1730.0,-177.0,-0.1023121387283237,JUMBO BAG APPLES
23530,1430.65,205.898,329.0,505.0,-176.0,-0.3485148514851485,WALL ART ONLY ONE PERSON
22706,10.5,2.3099999999999996,25.0,200.0,-175.0,-0.875,WRAP COWBOYS
23564,302.83,81.92909999999999,220.0,394.0,-174.0,-0.4416243654822335,EGG CUP MILKMAID INGRID
22269,42.870000000000005,-31.615099999999998,94.0,268.0,-174.0,-0.6492537313432836,EGG CUP NATURAL CHICKEN
23163,216.29000000000002,70.67830000000001,70.0,243.0,-173.0,-0.7119341563786008,REGENCY SUGAR TONGS
21531,267.3,54.35099999999997,108.0,278.0,-170.0,-0.6115107913669064,RED RETROSPOT SUGAR JAM BOWL
21788,41.37,10.817399999999997,45.0,215.0,-170.0,-0.7906976744186046,KIDS RAIN MAC BLUE
23511,405.45000000000005,141.7405,149.0,318.0,-169.0,-0.5314465408805031,EMBROIDERED RIBBON REEL EMILY
22637,306.79,60.91579999999999,125.0,294.0,-169.0,-0.5748299319727891,PIGGY BANK RETROSPOT
23539,215.91,48.44069999999999,36.0,204.0,-168.0,-0.8235294117647058,WALL ART LOVES' SECRET
23527,376.14,44.19030000000001,119.0,286.0,-167.0,-0.583916083916084,WALL ART ANIMALS AND NATURE
23374,382.09,85.3963,463.0,630.0,-167.0,-0.2650793650793651,RED SPOT PAPER GIFT BAG
23381,63.19,15.837799999999993,153.0,320.0,-167.0,-0.521875,PACK OF 12 VINTAGE LEAF TISSUES
22698,1505.4,428.8854999999999,453.0,620.0,-167.0,-0.2693548387096774,PINK REGENCY TEACUP AND SAUCER
23145,226.99999999999997,53.047499999999985,233.0,399.0,-166.0,-0.41604010025062654,ZINC T-LIGHT HOLDER STAR LARGE
23412,0.0,0.0,0.0,165.0,-165.0,-1.0,HEART MIRROR ANTIQUE WHITE
23533,108.78,34.6731,15.0,180.0,-165.0,-0.9166666666666666,WALL ART GARDEN HAVEN
22427,0.0,-15.042000000000002,12.0,175.0,-163.0,-0.9314285714285714,ENAMEL FLOWER JUG CREAM
22029,296.0,71.76399999999998,676.0,837.0,-161.0,-0.1923536439665472,SPACEBOY BIRTHDAY CARD
22536,49.14,10.810799999999997,117.0,276.0,-159.0,-0.5760869565217391,MAGIC DRAWING SLATE PURDEY
21494,738.65,211.7775,391.0,548.0,-157.0,-0.2864963503649635,ROTATING LEAVES T-LIGHT HOLDER
23517,236.57999999999998,80.4386,64.0,221.0,-157.0,-0.7104072398190046,EMBROIDERED RIBBON REEL REBECCA
23535,3336.46,1121.2606999999998,443.0,599.0,-156.0,-0.2604340567612688,WALL ART BICYCLE SAFETY
22686,73.47,20.8219,52.0,208.0,-156.0,-0.75,FRENCH BLUE METAL DOOR SIGN No
23132,1041.03,115.3306,217.0,371.0,-154.0,-0.41509433962264153,SMALL IVORY HEART WALL ORGANISER
85035A,0.0,0.0,0.0,154.0,-154.0,-1.0,GARDENIA 3 WICK MORRIS BOXED CANDLE
23401,258.27,61.93039999999998,41.0,194.0,-153.0,-0.788659793814433,RUSTIC MIRROR WITH LACE HEART
21380,288.77000000000004,68.2154,95.0,247.0,-152.0,-0.6153846153846154,WOODEN HAPPY BIRTHDAY GARLAND
85049G,114.68,30.5536,84.0,236.0,-152.0,-0.6440677966101694,CHOCOLATE BOX RIBBONS
22651,146.01999999999998,48.85539999999999,136.0,287.0,-151.0,-0.5261324041811847,GENTLEMAN SHIRT REPAIR KIT
22079,304.04,78.76330000000002,177.0,328.0,-151.0,-0.4603658536585366,RIBBON REEL HEARTS DESIGN
21986,60.959999999999994,23.971199999999996,144.0,294.0,-150.0,-0.5102040816326531,PACK OF 12 PINK POLKADOT TISSUES
22045,355.5,71.60999999999999,875.0,1025.0,-150.0,-0.14634146341463414,SPACEBOY GIFT WRAP
23549,84.0,18.479999999999997,200.0,350.0,-150.0,-0.42857142857142855,WRAP BIRD GARDEN
22025,51.11,14.175699999999997,109.0,257.0,-148.0,-0.5758754863813229,RING OF ROSES BIRTHDAY CARD
23306,133.85999999999999,48.0447,69.0,215.0,-146.0,-0.6790697674418604,SET OF 36 PANTRY PAPER DOILIES
23532,141.42000000000002,38.1084,26.0,170.0,-144.0,-0.8470588235294118,WALL ART WORK REST AND PLAY
23514,278.45,71.40649999999998,125.0,268.0,-143.0,-0.5335820895522388,EMBROIDERED RIBBON REEL SALLY
22286,26.69,-34.8062,61.0,204.0,-143.0,-0.7009803921568627,DECORATION WOBBLY RABBIT METAL
21162,112.5,-96.0025,229.0,371.0,-142.0,-0.38274932614555257,TOXIC AREA  DOOR HANGER
22176,0.0,0.0,0.0,142.0,-142.0,-1.0,BLUE OWL SOFT TOY
21916,105.64,27.981799999999996,231.0,373.0,-142.0,-0.3806970509383378,SET 12 RETRO WHITE CHALK STICKS
21071,0.0,0.0,0.0,141.0,-141.0,-1.0,VINTAGE BILLBOARD DRINK ME MUG
23156,347.27000000000004,79.78189999999998,164.0,305.0,-141.0,-0.46229508196721314,SET OF 5 MINI GROCERY MAGNETS
21094,292.96,63.82419999999997,346.0,486.0,-140.0,-0.2880658436213992,SET/6 RED SPOTTY PAPER PLATES
21673,422.71999999999997,145.4924,268.0,406.0,-138.0,-0.3399014778325123,WHITE SPOT BLUE CERAMIC DRAWER KNOB
23478,92.26,24.2902,68.0,205.0,-137.0,-0.6682926829268293,WOODLAND LARGE PINK FELT HEART
23268,5.8,1.2759999999999998,4.0,140.0,-136.0,-0.9714285714285714,SET OF 2 CERAMIC CHRISTMAS REINDEER
23133,1110.1299999999999,113.29009999999992,164.0,300.0,-136.0,-0.4533333333333333,LARGE IVORY HEART WALL ORGANISER
23503,1934.0,617.43,1268.0,1403.0,-135.0,-0.0962223806129722,PLAYING CARDS KEEP CALM & CARRY ON
21158,104.37,-97.4776,223.0,357.0,-134.0,-0.3753501400560224,MOODY GIRL DOOR HANGER
23432,119.52,31.77239999999999,132.0,266.0,-134.0,-0.5037593984962406,PRETTY HANGING QUILTED HEARTS
72586,2.08,0.9085999999999999,3.0,137.0,-134.0,-0.9781021897810219,SET OF 6 HALLOWEEN GHOST T-LIGHTS
23540,77.14,28.817800000000002,8.0,141.0,-133.0,-0.9432624113475178,WALL ART THE MAGIC FOREST
23544,107.25,23.59499999999999,13.0,146.0,-133.0,-0.910958904109589,WALL ART MID CENTURY MODERN
23189,561.87,141.76139999999998,183.0,316.0,-133.0,-0.4208860759493671,SET OF 12 FORK CANDLES
22352,473.47999999999996,110.37009999999998,183.0,315.0,-132.0,-0.41904761904761906,LUNCH BOX WITH CUTLERY RETROSPOT
40001,12.75,2.8049999999999993,15.0,147.0,-132.0,-0.8979591836734694,WHITE BAMBOO RIBS LAMPSHADE
23274,451.84999999999997,121.95699999999998,249.0,381.0,-132.0,-0.3464566929133858,STAR T-LIGHT HOLDER WILLIE WINKIE
17012B,4.25,-3.4925000000000006,5.0,136.0,-131.0,-0.9632352941176471,ORIGAMI JASMINE INCENSE/CANDLE SET
84970L,519.26,213.29770000000002,357.0,487.0,-130.0,-0.2669404517453799,SINGLE HEART ZINC T-LIGHT HOLDER
23418,147.56,36.97319999999999,67.0,197.0,-130.0,-0.6598984771573604,LAVENDER TOILETTE BOTTLE
22189,1446.65,116.74299999999992,459.0,589.0,-130.0,-0.22071307300509338,CREAM HEART CARD HOLDER
84836,972.18,215.75359999999998,782.0,911.0,-129.0,-0.141602634467618,ZINC METAL HEART DECORATION
84535B,115.19,29.351299999999995,166.0,295.0,-129.0,-0.43728813559322033,FAIRY CAKES NOTEBOOK A6 SIZE
22268,18.62,-31.4776,98.0,227.0,-129.0,-0.5682819383259912,DECORATION SITTING BUNNY
21385,110.50999999999999,29.06919999999999,121.0,250.0,-129.0,-0.516,IVORY HANGING DECORATION  HEART
23217,343.24,104.7948,232.0,359.0,-127.0,-0.35376044568245124,LAUREL HEART ANTIQUE SILVER
23519,123.63,33.320100000000004,30.0,157.0,-127.0,-0.8089171974522293,EMBROIDERED RIBBON REEL CLAIRE
23370,931.76,323.9177,573.0,700.0,-127.0,-0.18142857142857144,SET 36 COLOURING PENCILS DOILY
23102,134.28,34.92059999999999,150.0,277.0,-127.0,-0.4584837545126354,SILVER HEARTS TABLE DECORATION
21967,117.22,45.91839999999999,278.0,404.0,-126.0,-0.3118811881188119,PACK OF 12 SKULL TISSUES
21242,331.93,76.1926,193.0,319.0,-126.0,-0.3949843260188088,RED RETROSPOT PLATE
23482,208.02999999999997,44.930599999999984,127.0,253.0,-126.0,-0.4980237154150198,PEARLISED IVORY HEART LARGE
22705,42.0,9.239999999999998,100.0,225.0,-125.0,-0.5555555555555556,WRAP GREEN PEARS
23559,333.71,117.38869999999999,122.0,247.0,-125.0,-0.5060728744939271,WOODLAND BUNNIES LOLLY MAKERS
23196,528.22,133.9844,342.0,467.0,-125.0,-0.2676659528907923,VINTAGE LEAF MAGNETIC NOTEPAD
23309,1128.8,400.279,1578.0,1700.0,-122.0,-0.07176470588235294,SET OF 60 I LOVE LONDON CAKE CASES
84991,712.25,120.38399999999996,1429.0,1551.0,-122.0,-0.07865892972275951,60 TEATIME FAIRY CAKE CASES
85194S,17.48,-19.430400000000002,92.0,213.0,-121.0,-0.568075117370892,HANGING SPRING FLOWER EGG SMALL
21159,77.29,-68.88419999999999,161.0,281.0,-120.0,-0.42704626334519574,MOODY BOY  DOOR HANGER
22725,1109.78,321.5431,259.0,379.0,-120.0,-0.316622691292876,ALARM CLOCK BAKELIKE CHOCOLATE
21207,105.35999999999999,23.04719999999999,64.0,184.0,-120.0,-0.6521739130434783,SKULL AND CROSSBONES  GARLAND
22697,1765.3100000000002,520.1612,523.0,642.0,-119.0,-0.1853582554517134,GREEN REGENCY TEACUP AND SAUCER
23198,1005.5899999999999,270.79179999999997,643.0,762.0,-119.0,-0.15616797900262466,PANTRY MAGNETIC  SHOPPING LIST
21880,71.86,11.002199999999997,124.0,242.0,-118.0,-0.48760330578512395,RED RETROSPOT TAPE
22729,198.95999999999998,103.69919999999999,24.0,142.0,-118.0,-0.8309859154929577,ALARM CLOCK BAKELIKE ORANGE
23382,2937.1,819.3545,701.0,819.0,-118.0,-0.14407814407814407,BOX OF 6 CHRISTMAS CAKE DECORATIONS
21976,163.54000000000002,43.645799999999994,272.0,390.0,-118.0,-0.30256410256410254,PACK OF 60 MUSHROOM CAKE CASES
22798,540.54,164.9938,156.0,274.0,-118.0,-0.4306569343065693,ANTIQUE GLASS DRESSING TABLE POT
21122,379.96,84.2567,303.0,421.0,-118.0,-0.28028503562945367,SET/10 PINK POLKADOT PARTY CANDLES
21115,423.72,170.33939999999998,42.0,159.0,-117.0,-0.7358490566037735,ROSE CARAVAN DOORSTOP
85019B,67.5,14.85,54.0,169.0,-115.0,-0.6804733727810651,BLOSSOM  IMAGES NOTEBOOK SET
22741,641.24,170.24479999999997,692.0,806.0,-114.0,-0.141439205955335,FUNKY DIVA PEN
21992,226.46,-36.6938,156.0,270.0,-114.0,-0.4222222222222222,VINTAGE PAISLEY STATIONERY SET
85017B,6.239999999999999,0.6962999999999995,9.0,123.0,-114.0,-0.926829268292683,ENVELOPE 50 BLOSSOM IMAGES
23427,139.56,33.444199999999995,12.0,125.0,-113.0,-0.904,STOOL HOME SWEET HOME
21984,65.06,27.447199999999995,142.0,255.0,-113.0,-0.44313725490196076,PACK OF 12 PINK PAISLEY TISSUES
15056N,912.45,172.4415,162.0,275.0,-113.0,-0.4109090909090909,EDWARDIAN PARASOL NATURAL
23190,285.42999999999995,64.59859999999998,171.0,284.0,-113.0,-0.397887323943662,BUNDLE OF 3 SCHOOL EXERCISE BOOKS
22331,234.57999999999998,48.13159999999999,146.0,258.0,-112.0,-0.43410852713178294,WOODLAND PARTY BAG + STICKER SET
23469,427.40000000000003,103.50400000000002,100.0,212.0,-112.0,-0.5283018867924528,CARD HOLDER LOVE BIRD SMALL
23040,172.89000000000001,47.73779999999999,27.0,138.0,-111.0,-0.8043478260869565,PAPER LANTERN 9 POINT SNOW STAR
22452,61.25,9.1665,24.0,135.0,-111.0,-0.8222222222222222,MEASURING TAPE BABUSHKA PINK
23377,155.45999999999998,52.351199999999984,314.0,424.0,-110.0,-0.25943396226415094,PACK OF 12 DOLLY GIRL TISSUES
21352,64.9,-21.538000000000004,22.0,131.0,-109.0,-0.8320610687022901,EUCALYPTUS & PINECONE  WREATH
23000,145.98,36.1746,330.0,439.0,-109.0,-0.24829157175398633,TRAVEL CARD WALLET TRANSPORT
23014,448.83000000000004,113.85259999999998,109.0,216.0,-107.0,-0.49537037037037035,GLASS APOTHECARY BOTTLE ELIXIR
23055,18.710000000000008,-47.66829999999999,242.0,348.0,-106.0,-0.3045977011494253,IVORY CHANDELIER T-LIGHT HOLDER
22689,865.9399999999999,356.90379999999993,72.0,177.0,-105.0,-0.5932203389830508,DOORMAT MERRY CHRISTMAS RED
22972,227.52999999999997,64.63159999999999,123.0,227.0,-104.0,-0.4581497797356828,CHILDREN'S SPACEBOY MUG
84341B,1.52,-0.6996000000000001,4.0,107.0,-103.0,-0.9626168224299065,SMALL PINK MAGIC CHRISTMAS TREE
22267,27.299999999999997,-27.104,70.0,172.0,-102.0,-0.5930232558139535,EASTER DECORATION EGG BUNNY
22277,60.620000000000005,17.802399999999995,25.0,127.0,-102.0,-0.8031496062992126,COSMETIC BAG VINTAGE ROSE PAISLEY
21931,2322.11,591.7722,1177.0,1278.0,-101.0,-0.07902973395931143,JUMBO STORAGE BAG SUKI
22389,52.989999999999995,16.959799999999998,17.0,118.0,-101.0,-0.8559322033898306,PAPERWEIGHT SAVE THE PLANET
20679,976.1700000000001,227.2179,162.0,263.0,-101.0,-0.3840304182509506,EDWARDIAN PARASOL RED
21830,0.83,0.40809999999999996,1.0,101.0,-100.0,-0.9900990099009901,ASSORTED CREEPY CRAWLIES
22709,0.0,0.0,0.0,100.0,-100.0,-1.0,WRAP WEDDING DAY
23502,325.01,85.2577,240.0,340.0,-100.0,-0.29411764705882354,PLAYING CARDS VINTAGE DOILY
22050,21.0,4.619999999999999,50.0,150.0,-100.0,-0.6666666666666666,PINK PAISLEY ROSE GIFT WRAP
23057,9.900000000000006,-53.02200000000002,242.0,341.0,-99.0,-0.2903225806451613,BEADED CHANDELIER T-LIGHT HOLDER
22413,397.26000000000005,101.4552,126.0,225.0,-99.0,-0.44,METAL SIGN TAKE IT OR LEAVE IT
23310,892.28,198.02859999999993,2117.0,2214.0,-97.0,-0.043812104787714544,BUBBLEGUM RING ASSORTED
47504K,18.96,-11.140799999999999,24.0,121.0,-97.0,-0.8016528925619835,ENGLISH ROSE GARDEN SECATEURS
21672,331.32,109.3664,212.0,308.0,-96.0,-0.3116883116883117,WHITE SPOT RED CERAMIC DRAWER KNOB
23285,78.58,30.1956,66.0,162.0,-96.0,-0.5925925925925926,PINK VINTAGE SPOT BEAKER
23524,542.23,54.51710000000004,176.0,272.0,-96.0,-0.35294117647058826,WALL ART HORSE & PONY
21215,20.25,5.609999999999999,33.0,129.0,-96.0,-0.7441860465116279,IVORY PAPER CUP CAKE CASES
22738,663.85,194.35700000000003,425.0,520.0,-95.0,-0.18269230769230768,RIBBON REEL SNOWY VILLAGE
23485,1591.56,256.8671999999999,78.0,173.0,-95.0,-0.5491329479768786,BOTANICAL GARDENS WALL CLOCK
23131,422.64000000000004,87.84530000000001,107.0,201.0,-94.0,-0.46766169154228854,MISTLETOE HEART WREATH CREAM
72131,13.649999999999999,3.0029999999999992,7.0,101.0,-94.0,-0.9306930693069307,COLUMBIAN CANDLE RECTANGLE
23389,1631.17,463.97339999999997,347.0,440.0,-93.0,-0.21136363636363636,SPACEBOY MINI BACKPACK
85039A,83.47,18.5504,51.0,143.0,-92.0,-0.6433566433566433,SET/4 RED MINI ROSE CANDLE IN BOWL
23212,712.2,179.194,544.0,636.0,-92.0,-0.14465408805031446,HEART WREATH DECORATION WITH BELL
85036B,61.25,-55.51700000000002,49.0,141.0,-92.0,-0.6524822695035462,CHOCOLATE 1 WICK MORRIS BOX CANDLE
22970,790.8299999999999,160.13909999999993,320.0,411.0,-91.0,-0.22141119221411193,LONDON BUS COFFEE MUG
23118,576.94,167.11880000000002,73.0,163.0,-90.0,-0.5521472392638037,PARISIENNE JEWELLERY DRAWER
22859,51.14999999999999,11.252999999999995,31.0,120.0,-89.0,-0.7416666666666667,EASTER TIN BUNNY BOUQUET
22417,353.48,67.99209999999998,675.0,764.0,-89.0,-0.11649214659685864,PACK OF 60 SPACEBOY CAKE CASES
21539,-4.95,-3.366,1.0,88.0,-87.0,-0.9886363636363636,RED RETROSPOT BUTTER DISH
22133,37.69,11.723799999999997,37.0,124.0,-87.0,-0.7016129032258065,PINK LOVE HEART SHAPE CUP
23520,63.67,18.0884,15.0,102.0,-87.0,-0.8529411764705882,EMBROIDERED RIBBON REEL RUBY
22529,68.04,14.968799999999996,162.0,249.0,-87.0,-0.3493975903614458,MAGIC DRAWING SLATE GO TO THE FAIR
16048,17.25,4.9665,126.0,211.0,-85.0,-0.4028436018957346,TEATIME ROUND PENCIL SHARPENER
85036A,-1.25,1.0875000000000004,0.0,85.0,-85.0,-1.0,GARDENIA 1 WICK MORRIS BOXED CANDLE
23160,42.46,10.006699999999999,33.0,117.0,-84.0,-0.717948717948718,REGENCY TEA SPOON
17012A,8.5,-6.985000000000001,10.0,94.0,-84.0,-0.8936170212765957,ORIGAMI VANILLA INCENSE/CANDLE SET
21123,110.7,15.113999999999997,102.0,185.0,-83.0,-0.4486486486486487,SET/10 IVORY POLKADOT PARTY CANDLES
85035B,0.0,0.0,0.0,83.0,-83.0,-1.0,CHOCOLATE 3 WICK MORRIS BOX CANDLE
21648,133.19,38.6188,93.0,175.0,-82.0,-0.4685714285714286,ASSORTED TUTTI FRUTTI SMALL PURSE
22567,191.5,59.809,128.0,210.0,-82.0,-0.3904761904761905,20 DOLLY PEGS RETROSPOT
23404,1341.56,237.9817,299.0,381.0,-82.0,-0.2152230971128609,HOME SWEET HOME BLACKBOARD
22287,25.74,-40.0752,66.0,147.0,-81.0,-0.5510204081632653,DECORATION WOBBLY CHICKEN
22963,169.03,48.340599999999995,175.0,256.0,-81.0,-0.31640625,JAM JAR WITH GREEN LID
35004B,80.0,7.439499999999997,19.0,99.0,-80.0,-0.8080808080808081,SET OF 3 BLACK FLYING DUCKS
23225,368.05999999999995,100.75639999999997,442.0,521.0,-79.0,-0.15163147792706333,CHERUB HEART DECORATION SILVER
20996,85.95,-37.53750000000001,449.0,528.0,-79.0,-0.14962121212121213,JAZZ HEARTS ADDRESS BOOK
22229,4.36,-0.38280000000000014,8.0,86.0,-78.0,-0.9069767441860465,BUNNY WOODEN PAINTED WITH FLOWER
22228,14.11,-4.562800000000001,33.0,111.0,-78.0,-0.7027027027027027,BUNNY WOODEN PAINTED WITH BIRD
22989,355.86,94.35219999999998,104.0,181.0,-77.0,-0.425414364640884,SET 2 PANTRY DESIGN TEA TOWELS
22429,362.77,107.71789999999996,74.0,151.0,-77.0,-0.5099337748344371,ENAMEL MEASURING JUG CREAM
23271,431.04999999999995,115.07099999999997,475.0,551.0,-76.0,-0.13793103448275862,CHRISTMAS TABLE SILVER CANDLE SPIKE
85035C,327.83,-273.54140000000007,251.0,327.0,-76.0,-0.2324159021406728,ROSE 3 WICK MORRIS BOX CANDLE
23348,459.2,117.62879999999998,208.0,284.0,-76.0,-0.2676056338028169,CHILDRENS TOY COOKING UTENSIL SET
23547,73.5,16.169999999999998,175.0,250.0,-75.0,-0.3,WRAP FLOWER SHOP
23550,105.0,23.099999999999994,250.0,325.0,-75.0,-0.23076923076923078,WRAP ALPHABET POSTER
22233,11.209999999999999,-8.610800000000001,19.0,94.0,-75.0,-0.7978723404255319,JIGSAW RABBIT AND BIRDHOUSE
23113,242.94,69.30330000000001,45.0,120.0,-75.0,-0.625,PANTRY CHOPPING BOARD
82578,59.650000000000006,20.823,83.0,157.0,-74.0,-0.4713375796178344,KITCHEN METAL SIGN
23431,128.35,25.332999999999995,161.0,235.0,-74.0,-0.3148936170212766,NATURAL HANGING QUILTED HEARTS
23269,393.06999999999994,91.32639999999998,265.0,339.0,-74.0,-0.2182890855457227,SET OF 2 CERAMIC CHRISTMAS TREES
23234,1142.1200000000001,336.1991,347.0,421.0,-74.0,-0.17577197149643706,BISCUIT TIN VINTAGE CHRISTMAS
21794,0.0,0.0,0.0,73.0,-73.0,-1.0,CLASSIC FRENCH STYLE BASKET NATURAL
35912B,0.0,0.0,0.0,73.0,-73.0,-1.0,WHITE/PINK CHICK DECORATION
22115,206.16,-172.24680000000004,204.0,275.0,-71.0,-0.2581818181818182,METAL SIGN EMPIRE TEA
22575,281.42,60.108399999999996,146.0,217.0,-71.0,-0.3271889400921659,METAL MERRY CHRISTMAS WREATH
23327,167.34000000000003,28.3668,290.0,361.0,-71.0,-0.19667590027700832,HANGING CLEAR MINI BOTTLE
35924,33.39,10.6953,13.0,84.0,-71.0,-0.8452380952380952,HANGING FAIRY CAKE DECORATION
23470,466.48,117.49109999999997,77.0,147.0,-70.0,-0.47619047619047616,CARD HOLDER LOVE BIRD LARGE
72817,363.34000000000003,8.89680000000001,394.0,463.0,-69.0,-0.1490280777537797,SET OF 2 CHRISTMAS DECOUPAGE CANDLE
22661,387.7,100.30899999999997,424.0,493.0,-69.0,-0.13995943204868155,CHARLOTTE BAG DOLLY GIRL DESIGN
48188,340.92,87.60839999999997,40.0,109.0,-69.0,-0.6330275229357798,DOORMAT WELCOME PUPPIES
21125,67.46,15.2192,54.0,123.0,-69.0,-0.5609756097560976,SET 6 FOOTBALL CELEBRATION CANDLES
23173,1254.8,330.821,118.0,186.0,-68.0,-0.3655913978494624,REGENCY TEAPOT ROSES
85177,31.24,8.159799999999999,34.0,101.0,-67.0,-0.6633663366336634,BASKET OF FLOWERS SEWING KIT
22349,146.17000000000002,36.2384,37.0,103.0,-66.0,-0.6407766990291263,DOG BOWL CHASING BALL DESIGN
23484,161.9,45.187999999999995,50.0,115.0,-65.0,-0.5652173913043478,HEART TRELLIS TRIPLE T-LIGHT HOLDER
21774,96.74,-5.337200000000003,59.0,124.0,-65.0,-0.5241935483870968,DECORATIVE CATS BATHROOM BOTTLE
23249,131.99999999999997,29.03999999999999,80.0,145.0,-65.0,-0.4482758620689655,VINTAGE RED ENAMEL TRIM PLATE
21239,118.52,34.22539999999999,122.0,187.0,-65.0,-0.34759358288770054,PINK  POLKADOT CUP
22739,874.6899999999999,266.04380000000003,449.0,514.0,-65.0,-0.1264591439688716,RIBBON REEL CHRISTMAS SOCK BAUBLE
22668,272.48,86.49959999999999,76.0,141.0,-65.0,-0.46099290780141844,PINK BABY BUNTING
22080,343.17,74.40840000000001,215.0,279.0,-64.0,-0.22939068100358423,RIBBON REEL POLKADOTS
23026,151.54,44.6138,63.0,126.0,-63.0,-0.5,DRAWER KNOB VINTAGE GLASS STAR
23287,91.03999999999999,29.895799999999994,86.0,149.0,-63.0,-0.4228187919463087,RED VINTAGE SPOT BEAKER
21288,68.64,17.157799999999998,22.0,85.0,-63.0,-0.7411764705882353,STRIPEY CHOCOLATE NESTING BOXES
22539,143.76,27.766199999999984,359.0,421.0,-62.0,-0.14726840855106887,MINI JIGSAW DOLLY GIRL
22319,39.0,8.579999999999998,60.0,121.0,-61.0,-0.5041322314049587,HAIRCLIPS FORTIES FABRIC ASSORTED
23566,454.37,130.0899,322.0,383.0,-61.0,-0.15926892950391644,EGG CUP MILKMAID HEIDI
22751,655.69,171.0938,163.0,223.0,-60.0,-0.26905829596412556,FELTCRAFT PRINCESS OLIVIA DOLL
22730,1798.6,481.54699999999997,438.0,498.0,-60.0,-0.12048192771084337,ALARM CLOCK BAKELIKE IVORY
22601,419.71999999999997,109.06939999999997,458.0,518.0,-60.0,-0.11583011583011583,CHRISTMAS RETROSPOT ANGEL WOOD
21864,78.96,30.769199999999994,26.0,86.0,-60.0,-0.6976744186046512,UNION JACK FLAG PASSPORT COVER
22726,4852.74,1670.4723,1007.0,1067.0,-60.0,-0.056232427366447985,ALARM CLOCK BAKELIKE GREEN
23354,1326.35,440.1649999999999,1273.0,1332.0,-59.0,-0.044294294294294295,6 GIFT TAGS 50'S CHRISTMAS
22695,169.2,47.343999999999994,104.0,163.0,-59.0,-0.3619631901840491,WICKER WREATH SMALL
23012,825.6800000000001,179.35109999999997,213.0,272.0,-59.0,-0.21691176470588236,GLASS APOTHECARY BOTTLE PERFUME
23273,349.62999999999994,92.25259999999999,195.0,253.0,-58.0,-0.22924901185770752,HEART T-LIGHT HOLDER WILLIE WINKIE
22805,223.96,71.3867,147.0,205.0,-58.0,-0.28292682926829266,BLUE DRAWER KNOB ACRYLIC EDWARDIAN
23402,220.97,62.8969,52.0,110.0,-58.0,-0.5272727272727272,HOME SWEET HOME 3 PEG HANGER
22456,775.59,209.22330000000002,146.0,204.0,-58.0,-0.28431372549019607,NATURAL SLATE CHALKBOARD LARGE
21640,124.68999999999998,39.44379999999999,121.0,178.0,-57.0,-0.3202247191011236,ASSORTED TUTTI FRUTTI  FOB NOTEBOOK
21683,29.500000000000004,6.49,10.0,67.0,-57.0,-0.8507462686567164,MEDIUM MEDINA STAMPED METAL BOWL
20986,230.60999999999999,61.3822,169.0,226.0,-57.0,-0.252212389380531,BLUE CALCULATOR RULER
22908,135.94,35.483799999999995,148.0,204.0,-56.0,-0.27450980392156865,PACK OF 20 NAPKINS RED APPLES
22951,389.48,76.04959999999998,740.0,796.0,-56.0,-0.07035175879396985,60 CAKE CASES DOLLY GIRL DESIGN
22532,28.98,6.3755999999999995,69.0,125.0,-56.0,-0.448,MAGIC DRAWING SLATE LEAP FROG
23240,2379.31,541.8337000000001,574.0,629.0,-55.0,-0.08744038155802862,SET OF 4 KNICK KNACK TINS DOILY
23283,837.81,200.85119999999995,105.0,160.0,-55.0,-0.34375,DOORMAT VINTAGE LEAF
20985,121.74,39.427299999999995,79.0,134.0,-55.0,-0.41044776119402987,HEART CALCULATOR
22193,1004.1800000000001,230.91859999999994,116.0,170.0,-54.0,-0.3176470588235294,RED DINER WALL CLOCK
23542,1183.95,209.99799999999993,157.0,211.0,-54.0,-0.2559241706161137,WALL ART 70'S ALPHABET
21613,0.0,0.0,0.0,54.0,-54.0,-1.0,S/12 VANILLA  BOTANICAL T-LIGHTS
15044D,71.09,16.835300000000004,24.0,78.0,-54.0,-0.6923076923076923,RED PAPER PARASOL
22582,106.39999999999999,30.035499999999992,37.0,91.0,-54.0,-0.5934065934065934,PACK OF 6 SWEETIE GIFT BOXES
23419,236.79,64.0179,104.0,156.0,-52.0,-0.3333333333333333,HOME SWEET HOME BOTTLE
22180,19.96,9.896700000000001,1.0,53.0,-52.0,-0.9811320754716981,RETROSPOT LAMP
84806B,4.35,0.9569999999999997,3.0,54.0,-51.0,-0.9444444444444444,WHITE CANDYSTUFT ARTIFICIAL FLOWER
22749,1819.4499999999998,654.3514999999999,362.0,413.0,-51.0,-0.1234866828087167,FELTCRAFT PRINCESS CHARLOTTE DOLL
22131,380.99,75.64479999999999,203.0,254.0,-51.0,-0.20078740157480315,FOOD CONTAINER SET 3 LOVE HEART
22983,178.71,44.05169999999999,405.0,456.0,-51.0,-0.1118421052631579,CARD BILLBOARD FONT
22665,332.91,168.0022,57.0,107.0,-50.0,-0.4672897196261682,RECIPE BOX BLUE SKETCHBOOK DESIGN
47503A,164.22,36.12839999999999,391.0,441.0,-50.0,-0.11337868480725624,ASS FLORAL PRINT MULTI SCREWDRIVER
22624,1423.56,364.88619999999986,157.0,207.0,-50.0,-0.24154589371980675,IVORY KITCHEN SCALES
46000M,215.45000000000002,47.39899999999999,139.0,189.0,-50.0,-0.26455026455026454,POLYESTER FILLER PAD 45x45cm
22678,76.09,19.4018,57.0,106.0,-49.0,-0.46226415094339623,FRENCH BLUE METAL DOOR SIGN 3
85032D,0.0,0.0,0.0,49.0,-49.0,-1.0,YULETIDE IMAGES GIFT WRAP SET
23074,159.86,46.444199999999995,67.0,116.0,-49.0,-0.4224137931034483,EMBOSSED HEART TRINKET BOX
21789,40.589999999999996,10.216799999999997,45.0,94.0,-49.0,-0.5212765957446809,KIDS RAIN MAC PINK
85014A,716.96,152.8142,122.0,171.0,-49.0,-0.28654970760233917,BLACK/BLUE POLKADOT UMBRELLA
21124,301.21,66.93169999999999,240.0,289.0,-49.0,-0.1695501730103806,SET/10 BLUE POLKADOT PARTY CANDLES
21807,5.04,1.1087999999999998,12.0,61.0,-49.0,-0.8032786885245902,WHITE CHRISTMAS STAR DECORATION
20674,149.48,41.5371,107.0,156.0,-49.0,-0.3141025641025641,GREEN POLKADOT BOWL
21634,0.0,0.0,0.0,48.0,-48.0,-1.0,ASSORTED MINI MADRAS NOTEBOOK
22232,34.22,-26.285600000000002,58.0,106.0,-48.0,-0.4528301886792453,JIGSAW TOADSTOOLS 3 PIECE
22611,24.75,5.445,5.0,53.0,-48.0,-0.9056603773584906,VINTAGE UNION JACK SHOPPING BAG
22342,64.28,-6.769399999999997,62.0,110.0,-48.0,-0.43636363636363634,HOME GARLAND PAINTED ZINC
22937,42.65,16.0105,12.0,60.0,-48.0,-0.8,BAKING MOULD CHOCOLATE CUPCAKES
21936,166.83,55.44659999999999,45.0,93.0,-48.0,-0.5161290322580645,RED RETROSPOT PICNIC BAG
21587,0.0,0.0,0.0,47.0,-47.0,-1.0,COSY HOUR GIANT TUBE MATCHES
22940,1712.03,366.9005999999999,407.0,454.0,-47.0,-0.10352422907488987,FELTCRAFT CHRISTMAS FAIRY
21206,29.689999999999998,7.433799999999998,17.0,64.0,-47.0,-0.734375,STRAWBERRY HONEYCOMB  GARLAND
23420,83.05,23.908499999999997,35.0,81.0,-46.0,-0.5679012345679012,PANTRY HOOK TEA STRAINER
23161,97.02,25.880399999999998,78.0,123.0,-45.0,-0.36585365853658536,REGENCY CAKE FORK
85176,88.0,32.23,76.0,120.0,-44.0,-0.36666666666666664,SEWING SUSAN 21 NEEDLE SET
16258A,20.869999999999997,7.522899999999999,37.0,81.0,-44.0,-0.5432098765432098,SWIRLY CIRCULAR RUBBERS IN BAG
23028,1.65,-0.01649999999999996,2.0,46.0,-44.0,-0.9565217391304348,DRAWER KNOB CRACKLE GLAZE BLUE
21286,22.53,8.9331,6.0,50.0,-44.0,-0.88,RETROSPOT CANDLE  LARGE
21294,0.0,0.0,0.0,44.0,-44.0,-1.0,ETCHED GLASS COASTER
20978,445.58,129.9716,310.0,354.0,-44.0,-0.12429378531073447,36 PENCILS TUBE SKULLS
23129,1081.71,264.5742,249.0,293.0,-44.0,-0.15017064846416384,HEART SHAPED HOLLY WREATH
21879,5.529999999999999,1.7555999999999998,7.0,50.0,-43.0,-0.86,HEARTS GIFT TAPE
23403,654.5,77.02750000000002,207.0,250.0,-43.0,-0.172,LETTER HOLDER HOME SWEET HOME
22715,2.52,0.5543999999999999,6.0,48.0,-42.0,-0.875,CARD WEDDING DAY
17021,36.0,7.919999999999998,120.0,162.0,-42.0,-0.25925925925925924,NAMASTE SWAGAT INCENSE
23424,733.66,254.55319999999995,114.0,156.0,-42.0,-0.2692307692307692,GINGHAM RECIPE BOOK BOX
85173,57.809999999999995,20.6712,17.0,58.0,-41.0,-0.7068965517241379,SET/6 FROG PRINCE T-LIGHT CANDLES
23461,365.17,87.16839999999999,85.0,126.0,-41.0,-0.3253968253968254,SWEETHEART BIRD HOUSE
21424,0.0,0.0,0.0,41.0,-41.0,-1.0,WOODLAND STORAGE BOX LARGE
23325,91.03,12.37609999999999,70.0,110.0,-40.0,-0.36363636363636365,RUSTIC STRAWBERRY JAM POT SMALL
23295,802.48,191.53859999999995,934.0,974.0,-40.0,-0.04106776180698152,SET OF 12 MINI LOAF BAKING CASES
22081,120.41,30.098200000000006,69.0,109.0,-40.0,-0.3669724770642202,RIBBON REEL FLORA + FAUNA
37467,0.0,0.0,0.0,40.0,-40.0,-1.0,PIG MUG IN TWO COLOUR DESIGNS
22548,84.63,13.602600000000002,75.0,115.0,-40.0,-0.34782608695652173,HEADS AND TAILS SPORTING FUN
22677,108.55,27.2085,82.0,122.0,-40.0,-0.32786885245901637,FRENCH BLUE METAL DOOR SIGN 2
22332,153.42,36.4584,90.0,130.0,-40.0,-0.3076923076923077,SKULLS PARTY BAG + STICKER SET
23568,308.84,87.2443,219.0,258.0,-39.0,-0.1511627906976744,EGG CUP HENRIETTA HEN CREAM
22062,0.0,0.0,0.0,39.0,-39.0,-1.0,CERAMIC BOWL WITH LOVE HEART DESIGN
22534,212.1,46.468799999999995,507.0,546.0,-39.0,-0.07142857142857142,MAGIC DRAWING SLATE SPACEBOY
22546,127.0,23.176999999999985,323.0,362.0,-39.0,-0.10773480662983426,MINI JIGSAW PURDEY
23091,18.75,4.124999999999998,3.0,42.0,-39.0,-0.9285714285714286,ZINC HERB GARDEN CONTAINER
85032B,62.45,19.128999999999998,81.0,120.0,-39.0,-0.325,BLOSSOM IMAGES GIFT WRAP SET
23114,256.01,66.89320000000001,49.0,87.0,-38.0,-0.4367816091954023,VINTAGE LEAF CHOPPING BOARD
72134,0.0,0.0,0.0,38.0,-38.0,-1.0,COLUMBIAN  CUBE CANDLE
23353,1182.79,320.49379999999996,1293.0,1331.0,-38.0,-0.028549962434259956,6 GIFT TAGS VINTAGE CHRISTMAS
84247E,46.74,5.162299999999997,19.0,57.0,-38.0,-0.6666666666666666,PACK OF 12 CHRISTMAS FUN CARDS
21260,215.8,66.06599999999999,56.0,94.0,-38.0,-0.40425531914893614,FIRST AID TIN
23089,736.81,192.6617,350.0,388.0,-38.0,-0.0979381443298969,GLASS BON BON JAR
23360,517.66,147.63319999999996,234.0,271.0,-37.0,-0.13653136531365315,SET 8 CANDLES VINTAGE DOILY
22712,183.57,49.17989999999999,399.0,436.0,-37.0,-0.08486238532110092,CARD DOLLY GIRL
22449,92.02000000000001,19.265399999999996,28.0,65.0,-37.0,-0.5692307692307692,SILK PURSE BABUSHKA PINK
22922,5.500000000000007,-0.6769999999999898,88.0,125.0,-37.0,-0.296,FRIDGE MAGNETS US DINER ASSORTED
22630,1713.4099999999999,369.7146999999999,886.0,923.0,-37.0,-0.04008667388949079,DOLLY GIRL LUNCH BOX
21379,12.42,-1.2606000000000004,8.0,44.0,-36.0,-0.8181818181818182,CAMPHOR WOOD PORTOBELLO MUSHROOM
84251G,0.83,0.40809999999999996,1.0,37.0,-36.0,-0.972972972972973,"GREETING CARD, OVERCROWDED POOL."
84944,9.899999999999999,-6.402000000000003,6.0,42.0,-36.0,-0.8571428571428571,SET OF 6 KASHMIR FOLKART BAUBLES
22747,178.71,53.29169999999999,73.0,109.0,-36.0,-0.3302752293577982,POPPY'S PLAYHOUSE BATHROOM
47599A,54.6,12.011999999999997,26.0,62.0,-36.0,-0.5806451612903226,PINK PARTY BAGS
17129F,1.63,0.35860000000000003,1.0,37.0,-36.0,-0.972972972972973,BLUE GLASS GEMS IN BAG
23422,120.37,36.628899999999994,49.0,84.0,-35.0,-0.4166666666666667,PANTRY HOOK BALLOON WHISK
22925,0.0,0.0,0.0,35.0,-35.0,-1.0,BLUE GIANT GARDEN THERMOMETER
35964,129.5,-23.540000000000006,270.0,305.0,-35.0,-0.11475409836065574,FOLKART CLIP ON STARS
23235,31.809999999999995,3.5411999999999972,19.0,54.0,-35.0,-0.6481481481481481,STORAGE TIN VINTAGE LEAF
23162,562.64,125.92030000000001,149.0,183.0,-34.0,-0.18579234972677597,REGENCY TEA STRAINER
22418,703.8499999999999,165.62699999999995,805.0,839.0,-34.0,-0.04052443384982122,10 COLOUR SPACEBOY PEN
21711,36.86,9.3247,7.0,41.0,-34.0,-0.8292682926829268,FOLDING UMBRELLA WHITE/RED POLKADOT
22077,2539.74,886.5647999999999,1178.0,1212.0,-34.0,-0.028052805280528052,6 RIBBONS RUSTIC CHARM
23272,105.49999999999999,32.23,54.0,88.0,-34.0,-0.38636363636363635,TREE T-LIGHT HOLDER WILLIE WINKIE
22789,29.94,10.1838,12.0,46.0,-34.0,-0.7391304347826086,T-LIGHT HOLDER SWEETHEART HANGING
23130,1104.3,249.225,268.0,302.0,-34.0,-0.11258278145695365,MISTLETOE HEART WREATH GREEN
22399,7.46,2.3067,5.0,39.0,-34.0,-0.8717948717948718,MAGNETS PACK OF 4 CHILDHOOD MEMORY
35810A,0.0,0.0,0.0,34.0,-34.0,-1.0,ENAMEL PINK COFFEE CONTAINER
23411,180.87,49.4274,33.0,67.0,-34.0,-0.5074626865671642,TRELLIS COAT RACK
22471,166.41,65.5182,23.0,57.0,-34.0,-0.5964912280701754,TV DINNER TRAY AIR HOSTESS
22642,111.22,33.7469,37.0,70.0,-33.0,-0.4714285714285714,SET OF 4 NAPKIN CHARMS STARS
22626,237.26,61.14019999999998,26.0,59.0,-33.0,-0.559322033898305,BLACK KITCHEN SCALES
21693,147.06000000000003,38.601200000000006,46.0,79.0,-33.0,-0.4177215189873418,SMALL HAMMERED SILVER CANDLEPOT
37495,109.95,2.3115000000000023,44.0,77.0,-33.0,-0.42857142857142855,FAIRY CAKE BIRTHDAY CANDLE SET
21682,79.2,17.424,16.0,49.0,-33.0,-0.673469387755102,LARGE MEDINA STAMPED METAL BOWL
22360,190.10000000000002,61.8595,55.0,88.0,-33.0,-0.375,GLASS JAR ENGLISH CONFECTIONERY
22978,344.6,91.042,88.0,121.0,-33.0,-0.2727272727272727,PANTRY ROLLING PIN
23107,46.27,14.9644,13.0,46.0,-33.0,-0.717391304347826,WHITE HEARTS WIRE PLANT POT HOLDER
22284,72.58999999999999,16.871799999999993,43.0,76.0,-33.0,-0.4342105263157895,HEN HOUSE DECORATION
22820,10.760000000000002,2.5651999999999995,16.0,49.0,-33.0,-0.673469387755102,GIFT BAG BIRTHDAY
22377,50.05,16.593499999999995,19.0,52.0,-33.0,-0.6346153846153846,BOTTLE BAG RETROSPOT
79144C,4.1499999999999995,0.9129999999999996,5.0,38.0,-33.0,-0.868421052631579,PAINTED LIGHTBULB RAINBOW DESIGN
22550,337.1,94.567,80.0,113.0,-33.0,-0.2920353982300885,HOLIDAY FUN LUDO
23175,529.27,137.62539999999998,151.0,183.0,-32.0,-0.17486338797814208,REGENCY MILK JUG PINK
84970S,413.60999999999996,112.31219999999998,441.0,473.0,-32.0,-0.06765327695560254,HANGING HEART ZINC T-LIGHT HOLDER
85071A,59.349999999999994,13.738999999999994,149.0,181.0,-32.0,-0.17679558011049723,BLUE CHARLIE+LOLA PERSONAL DOORSIGN
35819P,5.32,1.1703999999999997,14.0,46.0,-32.0,-0.6956521739130435,"ACRYLIC HANGING JEWEL,PINK"
85231G,0.0,0.0,0.0,32.0,-32.0,-1.0,ORANGE SCENTED SET/9 T-LIGHTS
22354,97.1,41.766999999999996,16.0,48.0,-32.0,-0.6666666666666666,RETROSPOT PADDED SEAT CUSHION
22679,87.18,24.5036,62.0,93.0,-31.0,-0.3333333333333333,FRENCH BLUE METAL DOOR SIGN 4
37449,386.4,76.33949999999999,41.0,72.0,-31.0,-0.4305555555555556,CERAMIC CAKE STAND + HANGING CAKES
22639,219.36,48.29219999999999,86.0,117.0,-31.0,-0.26495726495726496,SET OF 4 NAPKIN CHARMS HEARTS
22669,273.58,71.12159999999999,86.0,117.0,-31.0,-0.26495726495726496,RED BABY BUNTING
23405,418.3,120.62599999999999,74.0,104.0,-30.0,-0.28846153846153844,HOME SWEET HOME 2 DRAWER CABINET
21708,56.6,10.911999999999999,12.0,42.0,-30.0,-0.7142857142857143,FOLDING UMBRELLA CREAM POLKADOT
22683,62.38,15.7201,47.0,77.0,-30.0,-0.38961038961038963,FRENCH BLUE METAL DOOR SIGN 8
85039B,85.33999999999999,18.521799999999995,52.0,82.0,-30.0,-0.36585365853658536,S/4 IVORY MINI ROSE CANDLE IN BOWL
71270,41.9,19.200499999999998,19.0,49.0,-30.0,-0.6122448979591837,PHOTO CLIP LINE
35954,47.5,-21.175000000000004,250.0,280.0,-30.0,-0.10714285714285714,SMALL FOLKART STAR CHRISTMAS DEC
22924,-5.049999999999995,-9.463499999999993,90.0,120.0,-30.0,-0.25,FRIDGE MAGNETS LA VIE EN ROSE
22623,751.74,235.80480000000003,126.0,156.0,-30.0,-0.19230769230769232,BOX OF VINTAGE JIGSAW BLOCKS
22774,253.19,65.0188,189.0,218.0,-29.0,-0.13302752293577982,RED DRAWER KNOB ACRYLIC EDWARDIAN
22423,12798.48,2836.4765999999995,1054.0,1083.0,-29.0,-0.02677746999076639,REGENCY CAKESTAND 3 TIER
70006,113.83999999999999,25.946799999999993,68.0,97.0,-29.0,-0.29896907216494845,LOVE HEART POCKET WARMER
22501,159.2,35.023999999999994,16.0,45.0,-29.0,-0.6444444444444445,PICNIC BASKET WICKER LARGE
23116,137.21,43.0342,23.0,52.0,-29.0,-0.5576923076923077,VEGETABLE GARDEN CHOPPING BOARD
23013,735.0300000000001,181.24309999999997,180.0,209.0,-29.0,-0.13875598086124402,GLASS APOTHECARY BOTTLE TONIC
23021,33.2,7.304,8.0,37.0,-29.0,-0.7837837837837838,GLASS BONNE JAM JAR
23392,460.56,146.42319999999998,182.0,211.0,-29.0,-0.13744075829383887,SPACEBOY ROCKET LOLLY MAKERS
23119,94.97,24.704899999999995,142.0,170.0,-28.0,-0.16470588235294117,PACK OF 6 LARGE FRUIT STRAWS
23050,66.0,14.519999999999996,8.0,36.0,-28.0,-0.7777777777777778,RECYCLED ACAPULCO MAT GREEN
23174,497.91,127.1697,114.0,142.0,-28.0,-0.19718309859154928,REGENCY SUGAR BOWL GREEN
23140,4.15,0.913,1.0,29.0,-28.0,-0.9655172413793104,TRIPLE WIRE HOOK IVORY HEART
22318,35.29,9.325800000000001,11.0,39.0,-28.0,-0.717948717948718,FIVE HEART HANGING DECORATION
23396,836.46,227.4492,202.0,230.0,-28.0,-0.12173913043478261,LE JARDIN BOTANIQUE CUSHION COVER
46000U,0.0,0.0,0.0,28.0,-28.0,-1.0,POLYESTER FILLER PAD 30CMx30CM
22314,149.57000000000002,-1.8985999999999952,43.0,70.0,-27.0,-0.38571428571428573,OFFICE MUG WARMER CHOC+BLUE
20977,169.15,92.0205,62.0,89.0,-27.0,-0.30337078651685395,36 PENCILS TUBE WOODLAND
23413,201.56,57.1912,36.0,63.0,-27.0,-0.42857142857142855,DECORATIVE VINTAGE COFFEE  BOX
22492,2376.44,693.0608000000001,3188.0,3215.0,-27.0,-0.008398133748055987,MINI PAINT SET VINTAGE
21907,203.49,48.117299999999986,94.0,121.0,-27.0,-0.2231404958677686,I'M ON HOLIDAY METAL SIGN
22350,93.78999999999999,25.935799999999993,33.0,60.0,-27.0,-0.45,ILLUSTRATED CAT BOWL
23020,251.66,56.278199999999984,20.0,47.0,-27.0,-0.574468085106383,GLASS  SONGBIRD STORAGE JAR
23251,291.25,64.07499999999999,233.0,260.0,-27.0,-0.10384615384615385,VINTAGE RED ENAMEL TRIM MUG
23409,166.98000000000002,33.699600000000004,46.0,73.0,-27.0,-0.3698630136986301,PHOTO FRAME LINEN AND LACE LARGE
85088,104.72,26.53839999999999,48.0,75.0,-27.0,-0.36,CANDY SPOT HAND BAG
23241,709.71,217.67029999999997,288.0,314.0,-26.0,-0.08280254777070063,TREASURE TIN GYMKHANA DESIGN
23037,49.47999999999999,12.689599999999997,28.0,54.0,-26.0,-0.48148148148148145,CANDLE HOLDER SILVER MADELINE
22335,128.8,44.83599999999999,152.0,178.0,-26.0,-0.14606741573033707,HEART DECORATION PAINTED ZINC
79144B,8.35,-0.41800000000000026,15.0,41.0,-26.0,-0.6341463414634146,PAINTED LIGHTBULB STAR+ MOON
22602,357.22999999999996,87.59959999999998,401.0,427.0,-26.0,-0.06088992974238876,RETROSPOT WOODEN HEART DECORATION
22999,112.48,26.452999999999996,261.0,287.0,-26.0,-0.09059233449477352,TRAVEL CARD WALLET VINTAGE LEAF
84976,9.48,-3.854399999999999,12.0,37.0,-25.0,-0.6756756756756757,RECTANGULAR SHAPED MIRROR
20866,68.35,21.692,45.0,70.0,-25.0,-0.35714285714285715,BLUE ROSE FABRIC MIRROR
35968,2.6,-0.7150000000000001,13.0,38.0,-25.0,-0.6578947368421053,FOLK ART METAL HEART T-LIGHT HOLDER
20675,224.35,53.812000000000005,173.0,198.0,-25.0,-0.12626262626262627,BLUE POLKADOT BOWL
17091J,79.56,23.223199999999995,182.0,207.0,-25.0,-0.12077294685990338,VANILLA INCENSE IN TIN
21058,32.23,7.519599999999998,37.0,62.0,-25.0,-0.4032258064516129,PARTY INVITES WOODLAND
22613,49.8,13.100999999999997,54.0,79.0,-25.0,-0.31645569620253167,PACK OF 20 SPACEBOY NAPKINS
21801,0.0,0.0,0.0,25.0,-25.0,-1.0,CHRISTMAS TREE DECORATION WITH BELL
21913,108.59,32.0518,25.0,50.0,-25.0,-0.5,VINTAGE SEASIDE JIGSAW PUZZLES
21700,1.7,0.3739999999999999,2.0,27.0,-25.0,-0.9259259259259259,BIG DOUGHNUT FRIDGE MAGNETS
85129C,2.46,1.2066999999999999,1.0,26.0,-25.0,-0.9615384615384616,BEADED CRYSTAL HEART BLUE SMALL
21382,46.5,-19.77799999999999,62.0,87.0,-25.0,-0.28735632183908044,SET/4 SPRING FLOWER DECORATION
22039,0.0,0.0,0.0,25.0,-25.0,-1.0,BOTANICAL LILY GIFT WRAP
47590A,646.59,123.18679999999998,125.0,149.0,-24.0,-0.1610738255033557,BLUE HAPPY BIRTHDAY BUNTING
22942,1153.04,266.8307999999999,134.0,158.0,-24.0,-0.1518987341772152,CHRISTMAS LIGHTS 10 SANTAS
84846A,0.0,0.0,0.0,24.0,-24.0,-1.0,SCENTED CANDLE IN DIGITALIS TIN
21929,1489.02,378.2237,717.0,741.0,-24.0,-0.032388663967611336,JUMBO BAG PINK VINTAGE PAISLEY
22231,40.06,-9.2463,59.0,83.0,-24.0,-0.2891566265060241,JIGSAW TREE WITH BIRDHOUSE
85186C,0.0,0.0,0.0,24.0,-24.0,-1.0,BUNNY EGG GARLAND
23053,16.5,3.629999999999999,2.0,26.0,-24.0,-0.9230769230769231,RECYCLED ACAPULCO MAT PINK
22586,107.69,35.703799999999994,101.0,125.0,-24.0,-0.192,FELTCRAFT HAIRBAND PINK AND BLUE
21630,54.089999999999996,17.036799999999996,5.0,29.0,-24.0,-0.8275862068965517,FLOOR CUSHION ELEPHANT CARNIVAL
21078,0.0,0.0,0.0,24.0,-24.0,-1.0,SET/20 STRAWBERRY PAPER NAPKINS
70007,180.38,31.8076,118.0,141.0,-23.0,-0.16312056737588654,HI TEC ALPINE HAND WARMER
22720,3269.4,976.404,580.0,603.0,-23.0,-0.03814262023217247,SET OF 3 CAKE TINS PANTRY DESIGN
23152,131.25,28.875,35.0,58.0,-23.0,-0.39655172413793105,IVORY SWEETHEART WIRE LETTER RACK
22735,372.01,104.94770000000001,200.0,223.0,-23.0,-0.1031390134529148,RIBBON REEL SOCKS AND MITTENS
23471,175.45,31.118999999999993,19.0,42.0,-23.0,-0.5476190476190477,SIX DRAWER OFFICE TIDY
22191,817.5500000000001,179.52349999999996,98.0,121.0,-23.0,-0.19008264462809918,IVORY DINER WALL CLOCK
75011,0.79,0.17379999999999998,1.0,24.0,-23.0,-0.9583333333333334,BLUE DAISY MOBILE
23435,151.59,30.44579999999999,189.0,212.0,-23.0,-0.10849056603773585,3 RAFFIA RIBBONS VINTAGE CHRISTMAS
22434,92.34,15.838799999999996,62.0,85.0,-23.0,-0.27058823529411763,BALLOON PUMP WITH 10 BALLOONS
20751,121.80000000000001,26.795999999999992,58.0,81.0,-23.0,-0.2839506172839506,FUNKY WASHING UP GLOVES ASSORTED
22773,166.78,48.6706,116.0,138.0,-22.0,-0.15942028985507245,GREEN DRAWER KNOB ACRYLIC EDWARDIAN
21265,31.2,6.863999999999997,16.0,38.0,-22.0,-0.5789473684210527,PINK GOOSE FEATHER TREE 60CM
35933,3.42,0.7523999999999997,9.0,31.0,-22.0,-0.7096774193548387,PINK STOCKING CHRISTMAS DECORATION
21841,72.25,15.894999999999994,17.0,39.0,-22.0,-0.5641025641025641,BABY MOUSE RED GINGHAM DRESS
84968A,163.05,69.44850000000001,8.0,29.0,-21.0,-0.7241379310344828,SET OF 16 VINTAGE ROSE CUTLERY
22262,43.71,12.423699999999998,46.0,67.0,-21.0,-0.31343283582089554,FELT EGG COSY CHICKEN
22324,49.559999999999995,10.903199999999998,12.0,33.0,-21.0,-0.6363636363636364,BLUE POLKADOT KIDS BAG
21401,10.8,-7.854000000000001,70.0,91.0,-21.0,-0.23076923076923078,BLUE PUDDING SPOON
22779,365.5,66.72499999999997,100.0,121.0,-21.0,-0.17355371900826447,WOODEN OWLS LIGHT GARLAND
22488,562.9599999999999,139.44919999999996,324.0,344.0,-20.0,-0.05813953488372093,NATURAL SLATE RECTANGLE CHALKBOARD
85026B,8.5,1.8699999999999992,10.0,30.0,-20.0,-0.6666666666666666,EAU DE NILE JEWELLED T-LIGHT HOLDER
22631,782.34,169.0923,411.0,431.0,-20.0,-0.04640371229698376,CIRCUS PARADE LUNCH BOX
22961,3124.45,1149.764,1575.0,1595.0,-20.0,-0.012539184952978056,JAM MAKING SET PRINTED
47503H,18.17,-10.6766,23.0,43.0,-20.0,-0.46511627906976744,ASS FLORAL PRINT SPIRIT LEVEL
47574A,0.0,0.0,0.0,20.0,-20.0,-1.0,ENGLISH ROSE SCENTED HANGING FLOWER
23255,465.0,97.84499999999998,114.0,134.0,-20.0,-0.14925373134328357,CHILDRENS CUTLERY CIRCUS PARADE
22068,113.72,36.7444,56.0,76.0,-20.0,-0.2631578947368421,BLACK PIRATE TREASURE CHEST
21245,79.16,20.0552,44.0,64.0,-20.0,-0.3125,GREEN POLKADOT PLATE
90200D,58.10000000000001,12.088999999999999,14.0,34.0,-20.0,-0.5882352941176471,PINK SWEETHEART BRACELET
84687,0.0,-1.3685,1.0,20.0,-19.0,-0.95,BEACH HUT SHELF W 3 DRAWERS
85130B,29.23,6.4306,37.0,56.0,-19.0,-0.3392857142857143,BEADED CRYSTAL HEART GREEN LARGE
51008,20.700000000000003,4.554,6.0,25.0,-19.0,-0.76,AFGHAN SLIPPER SOCK PAIR
72128,16.93,4.153599999999999,19.0,38.0,-19.0,-0.5,COLUMBIAN CANDLE ROUND
85130D,2.37,-0.8975999999999997,3.0,22.0,-19.0,-0.8636363636363636,BEADED CRYSTAL HEART PINK LARGE
85049C,109.8,27.4835,83.0,102.0,-19.0,-0.18627450980392157,ROMANTIC PINKS RIBBONS
17084N,41.79,-5.243700000000002,162.0,181.0,-19.0,-0.10497237569060773,FAIRY DREAMS INCENSE
22980,222.61999999999998,60.70239999999999,122.0,141.0,-19.0,-0.1347517730496454,PANTRY SCRUBBING BRUSH
21224,110.29,15.485799999999998,101.0,120.0,-19.0,-0.15833333333333333,SET/4 SKULL BADGES
21400,13.5,-10.395000000000001,90.0,109.0,-19.0,-0.1743119266055046,RED PUDDING SPOON
23138,63.519999999999996,17.010399999999997,40.0,59.0,-19.0,-0.3220338983050847,SINGLE WIRE HOOK IVORY HEART
21284,16.45,8.019,5.0,24.0,-19.0,-0.7916666666666666,RETROSPOT CANDLE  SMALL
21949,80.73,26.4121,52.0,71.0,-19.0,-0.2676056338028169,SET OF 6 STRAWBERRY CHOPSTICKS
23112,397.26,112.01520000000001,47.0,66.0,-19.0,-0.2878787878787879,PARISIENNE CURIO CABINET
22409,3.75,0.5375000000000001,4.0,23.0,-19.0,-0.8260869565217391,MONEY BOX BISCUITS DESIGN
90200E,33.300000000000004,6.940999999999999,8.0,26.0,-18.0,-0.6923076923076923,GREEN SWEETHEART BRACELET
79063C,0.38,0.0836,2.0,20.0,-18.0,-0.9,"RETRO PILL BOX KEY CHAIN,THE KING"
22692,741.62,229.99239999999995,78.0,96.0,-18.0,-0.1875,DOORMAT WELCOME TO OUR HOME
22320,130.9,27.4295,23.0,41.0,-18.0,-0.43902439024390244,BIRDS MOBILE VINTAGE DESIGN
84929,23.75,-2.7249499999999993,126.0,144.0,-18.0,-0.125,ASSTD FRUIT+FLOWERS FRIDGE MAGNETS
23101,524.78,157.57059999999996,540.0,558.0,-18.0,-0.03225806451612903,SILVER STARS TABLE DECORATION
47590B,673.6200000000001,135.0074,128.0,146.0,-18.0,-0.1232876712328767,PINK HAPPY BIRTHDAY BUNTING
47566B,99.89,28.322799999999994,19.0,37.0,-18.0,-0.4864864864864865,TEA TIME PARTY BUNTING
22541,13.84,3.495799999999999,31.0,49.0,-18.0,-0.3673469387755102,MINI JIGSAW LEAP FROG
23076,1510.58,329.8966,1212.0,1229.0,-17.0,-0.013832384052074858,ICE CREAM SUNDAE LIP GLOSS
47563A,47.7,-17.556000000000004,30.0,47.0,-17.0,-0.3617021276595745,RETRO LONGBOARD IRONING BOARD COVER
84660A,0.0,0.0,0.0,17.0,-17.0,-1.0,WHITE STITCHED WALL CLOCK
21628,73.29,8.3028,3.0,20.0,-17.0,-0.85,TRIANGULAR POUFFE VINTAGE
22916,55.28,15.395599999999998,76.0,93.0,-17.0,-0.1827956989247312,HERB MARKER THYME
22672,154.95999999999998,46.7192,80.0,97.0,-17.0,-0.17525773195876287,FRENCH BATHROOM SIGN BLUE METAL
35972,5.0,1.1,4.0,21.0,-17.0,-0.8095238095238095,DAISY FOLKART HEART DECORATION
23223,241.20999999999998,82.10619999999997,227.0,244.0,-17.0,-0.06967213114754098,CHRISTMAS TREE HANGING SILVER
23421,99.66,28.690199999999997,42.0,58.0,-16.0,-0.27586206896551724,PANTRY HOOK SPATULA
21883,65.99000000000001,16.1348,97.0,113.0,-16.0,-0.1415929203539823,STARS GIFT TAPE
22366,648.35,143.15949999999995,82.0,98.0,-16.0,-0.16326530612244897,DOORMAT AIRMAIL
22641,35.28,11.738100000000001,11.0,27.0,-16.0,-0.5925925925925926,SET OF 4 NAPKIN CHARMS INSTRUMENT
23264,906.28,262.3606,634.0,650.0,-16.0,-0.024615384615384615,SET OF 3 WOODEN SLEIGH DECORATIONS
22343,49.16,11.673199999999994,56.0,72.0,-16.0,-0.2222222222222222,PARTY PIZZA DISH RED RETROSPOT
23088,79.75999999999999,21.540200000000002,58.0,74.0,-16.0,-0.21621621621621623,ZINC HEART FLOWER T-LIGHT HOLDER
22675,61.01,17.4152,43.0,59.0,-16.0,-0.2711864406779661,FRENCH KITCHEN SIGN BLUE METAL
21204,26.379999999999995,7.607599999999999,14.0,30.0,-16.0,-0.5333333333333333,DAISIES  HONEYCOMB GARLAND
22848,0.0,0.0,0.0,16.0,-16.0,-1.0,BREAD BIN DINER STYLE PINK
22893,48.94,24.168199999999995,62.0,78.0,-16.0,-0.20512820512820512,MINI CAKE STAND T-LIGHT HOLDER
22522,15.299999999999999,3.3659999999999988,18.0,34.0,-16.0,-0.47058823529411764,CHILDS GARDEN FORK BLUE
48116,219.39,80.52329999999999,22.0,38.0,-16.0,-0.42105263157894735,DOORMAT MULTICOLOUR STRIPE
37471,0.0,0.0,0.0,16.0,-16.0,-1.0,MULTICOLOUR POLKADOT PLATE
20665,28.95,14.178999999999997,5.0,21.0,-16.0,-0.7619047619047619,RED RETROSPOT PURSE
22412,44.03,10.803099999999997,20.0,35.0,-15.0,-0.42857142857142855,METAL SIGN NEIGHBOURHOOD WITCH
22923,-12.449999999999992,-14.030999999999992,87.0,102.0,-15.0,-0.14705882352941177,FRIDGE MAGNETS LES ENFANTS ASSORTED
22732,672.96,161.3667,519.0,534.0,-15.0,-0.028089887640449437,3D VINTAGE CHRISTMAS STICKERS
23115,323.53000000000003,77.60060000000001,63.0,78.0,-15.0,-0.19230769230769232,RED APPLES CHOPPING BOARD
72351A,96.25,26.757499999999993,41.0,56.0,-15.0,-0.26785714285714285,SET/6 TURQUOISE BUTTERFLY T-LIGHTS
22743,219.60000000000002,71.74199999999999,60.0,75.0,-15.0,-0.2,MAKE YOUR OWN FLOWERPOWER CARD KIT
22801,560.94,148.8363,139.0,154.0,-15.0,-0.09740259740259741,ANTIQUE GLASS PEDESTAL BOWL
21039,122.13,39.34259999999999,39.0,54.0,-15.0,-0.2777777777777778,RED RETROSPOT SHOPPING BAG
23341,372.15,104.23049999999996,39.0,54.0,-15.0,-0.2777777777777778,PINK DINER WALL CLOCK
23462,350.09999999999997,9.902999999999995,32.0,46.0,-14.0,-0.30434782608695654,ROCOCO WALL MIRROR WHITE
23472,254.4,47.882999999999996,18.0,32.0,-14.0,-0.4375,NINE DRAWER OFFICE TIDY
21391,0.75,-0.5775000000000003,1.0,15.0,-14.0,-0.9333333333333333,FRENCH LAVENDER SCENT HEART
23299,93.55,30.7835,20.0,34.0,-14.0,-0.4117647058823529,FOOD COVER WITH BEADS SET 2
23025,97.76,21.507199999999997,47.0,61.0,-14.0,-0.22950819672131148,DRAWER KNOB VINTAGE GLASS BALL
23447,0.0,0.0,0.0,14.0,-14.0,-1.0,PINK BUNNY EASTER EGG BASKET
21407,15.75,2.7774999999999985,4.0,18.0,-14.0,-0.7777777777777778,BROWN CHECK CAT DOORSTOP
20893,30.18,10.616100000000001,9.0,23.0,-14.0,-0.6086956521739131,HANGING BAUBLE T-LIGHT HOLDER SMALL
23067,186.75,41.085,45.0,59.0,-14.0,-0.23728813559322035,HANGING ENGRAVED METAL HEART
22192,660.41,176.59069999999994,71.0,85.0,-14.0,-0.16470588235294117,BLUE DINER WALL CLOCK
21261,50.150000000000006,-31.135500000000004,17.0,31.0,-14.0,-0.45161290322580644,GREEN GOOSE FEATHER CHRISTMAS TREE
84827,0.0,0.0,0.0,14.0,-14.0,-1.0,ASS DES PHONE SPONGE CRAFT STICKER
22136,0.0,0.0,0.0,14.0,-14.0,-1.0,LOVE HEART SOCK HANGER
21689,11.25,2.475,3.0,17.0,-14.0,-0.8235294117647058,SILVER VANILLA  FLOWER CANDLE POT
23342,500.76,119.11019999999996,57.0,71.0,-14.0,-0.19718309859154928,MINT DINER WALL CLOCK
72369A,5.0,1.1,4.0,18.0,-14.0,-0.7777777777777778,PINK CLEAR GLASS CANDLE PLATE
85208,4.2,0.9239999999999997,2.0,16.0,-14.0,-0.875,SET/12 FUNKY FELT FLOWER PEG IN BAG
22216,26.08,12.6016,16.0,29.0,-13.0,-0.4482758620689655,T-LIGHT HOLDER WHITE LACE
21395,3.12,0.6863999999999997,8.0,21.0,-13.0,-0.6190476190476191,BLUE POLKADOT BEAKER
22104,34.419999999999995,6.7804,22.0,35.0,-13.0,-0.37142857142857144,MIRROR MOSAIC CANDLE PLATE
23433,209.15999999999997,57.86759999999999,240.0,253.0,-13.0,-0.05138339920948617,HANGING QUILTED PATCHWORK APPLES
22503,79.85,12.066999999999998,3.0,16.0,-13.0,-0.8125,CABIN BAG VINTAGE PAISLEY
21943,9.0,4.125,6.0,19.0,-13.0,-0.6842105263157895,CAKES AND RABBITS DESIGN FLANNEL
23094,162.46,42.59419999999999,12.0,25.0,-13.0,-0.52,LE GRAND TRAY CHIC SET
23446,0.0,0.0,0.0,13.0,-13.0,-1.0,BLUE BUNNY EASTER EGG BASKET
21378,16.479999999999997,5.4296,8.0,21.0,-13.0,-0.6190476190476191,SMALL TALL CAMPHOR WOOD TOADSTOOL
21534,133.77,34.940400000000004,25.0,38.0,-13.0,-0.34210526315789475,DAIRY MAID LARGE MILK JUG
20682,443.56,119.89119999999998,124.0,136.0,-12.0,-0.08823529411764706,RED RETROSPOT CHILDRENS UMBRELLA
84551,0.0,0.0,0.0,12.0,-12.0,-1.0,CROCHET DOG KEYRING
84559B,0.85,0.18699999999999994,1.0,13.0,-12.0,-0.9230769230769231,3D SHEET OF CAT STICKERS
84452,0.0,0.0,0.0,12.0,-12.0,-1.0,METAL RABBIT LADDER EASTER
22317,46.650000000000006,18.072999999999997,11.0,23.0,-12.0,-0.5217391304347826,FIVE CATS HANGING DECORATION
22857,0.0,0.0,0.0,12.0,-12.0,-1.0,ASSORTED EASTER GIFT TAGS
20838,41.1,15.751999999999997,34.0,46.0,-12.0,-0.2608695652173913,FRENCH LATTICE CUSHION COVER
22956,153.48000000000002,33.864599999999996,73.0,85.0,-12.0,-0.1411764705882353,36 FOIL HEART CAKE CASES
23006,71.73,17.8101,162.0,174.0,-12.0,-0.06896551724137931,TRAVEL CARD WALLET FLOWER MEADOW
21528,82.79,21.700799999999997,11.0,23.0,-12.0,-0.5217391304347826,DAIRY MAID TRADITIONAL TEAPOT
21695,165.09000000000003,37.881800000000005,55.0,67.0,-12.0,-0.1791044776119403,SMALL SILVER FLOWER CANDLE POT
23123,100.97,27.075399999999995,111.0,123.0,-12.0,-0.0975609756097561,COCKTAIL SWORDS 50 PIECES
22363,23.27,7.769899999999997,8.0,20.0,-12.0,-0.6,GLASS JAR MARMALADE
22919,51.370000000000005,13.457399999999998,73.0,85.0,-12.0,-0.1411764705882353,HERB MARKER MINT
84818,0.0,0.0,0.0,12.0,-12.0,-1.0,DANISH ROSE PHOTO FRAME
40046A,0.0,0.0,0.0,12.0,-12.0,-1.0,RED DAISY PAPER LAMPSHADE
23111,383.12,83.00239999999998,32.0,44.0,-12.0,-0.2727272727272727,PARISIENNE SEWING BOX
23073,308.8,59.02599999999998,26.0,38.0,-12.0,-0.3157894736842105,GEORGIAN TRINKET BOX
21415,33.53,8.493099999999998,15.0,27.0,-12.0,-0.4444444444444444,CLAM SHELL SMALL
79403,0.0,0.0,0.0,12.0,-12.0,-1.0,FROSTED WHITE BASE
20934,10.9,2.3979999999999997,2.0,13.0,-11.0,-0.8461538461538461,SET/3 POT PLANT CANDLES
22426,201.26999999999998,62.840399999999995,47.0,58.0,-11.0,-0.1896551724137931,ENAMEL WASH BOWL CREAM
22182,89.10000000000001,25.789500000000004,19.0,30.0,-11.0,-0.36666666666666664,CAKE STAND VICTORIAN FILIGREE SMALL
23314,1036.82,238.60139999999993,82.0,93.0,-11.0,-0.11827956989247312,VINTAGE CHRISTMAS TABLECLOTH
72819,30.18,10.6161,9.0,20.0,-11.0,-0.55,CUPID DESIGN SCENTED CANDLES
85023B,17.849999999999998,3.926999999999998,7.0,18.0,-11.0,-0.6111111111111112,EAU DE NILE JEWELLED PHOTOFRAME
85032C,62.47,-19.135599999999997,75.0,86.0,-11.0,-0.12790697674418605,CURIOUS IMAGES GIFT WRAP SET
23065,-12.5,-5.624999999999999,0.0,11.0,-11.0,-1.0,LARGE DECO JEWELLERY STAND
85131C,4.9799999999999995,1.0955999999999997,6.0,17.0,-11.0,-0.6470588235294118,BEADED CRYSTAL HEART BLUE ON STICK
22074,107.94999999999999,11.428999999999997,79.0,90.0,-11.0,-0.12222222222222222,6 RIBBONS SHIMMERING PINKS
22746,354.48,102.00959999999998,148.0,159.0,-11.0,-0.06918238993710692,POPPY'S PLAYHOUSE LIVINGROOM
23031,280.36999999999995,73.02789999999997,158.0,169.0,-11.0,-0.0650887573964497,DRAWER KNOB CRACKLE GLAZE PINK
22742,135.04000000000002,39.080799999999996,40.0,51.0,-11.0,-0.21568627450980393,MAKE YOUR OWN PLAYTIME CARD KIT
21520,6.7,1.9249999999999998,14.0,25.0,-11.0,-0.44,BOOZE & WOMEN GREETING CARD
20886,11.93,3.8235999999999994,5.0,16.0,-11.0,-0.6875,BOX OF 9 PEBBLE CANDLES
23155,151.01999999999998,36.66349999999999,175.0,186.0,-11.0,-0.05913978494623656,KNICKERBOCKERGLORY MAGNET ASSORTED
23399,466.64,128.36779999999996,494.0,505.0,-11.0,-0.02178217821782178,HOME SWEET HOME HANGING HEART
37447,83.19,20.548299999999998,56.0,67.0,-11.0,-0.16417910447761194,CERAMIC CAKE DESIGN SPOTTED PLATE
21090,46.3,-3.608000000000003,86.0,97.0,-11.0,-0.1134020618556701,SET/6 COLLAGE PAPER PLATES
20694,7.46,3.6817,1.0,12.0,-11.0,-0.9166666666666666,FLORAL PINK MONSTER
22606,15.95,3.5089999999999986,1.0,11.0,-10.0,-0.9090909090909091,WOODEN SKITTLES GARDEN SET
90098,7.6499999999999995,1.6829999999999994,3.0,13.0,-10.0,-0.7692307692307693,NECKLACE+BRACELET PINK BUTTERFLY
22776,836.8199999999999,242.7914,84.0,94.0,-10.0,-0.10638297872340426,SWEETHEART 3 TIER CAKE STAND
85180B,13.780000000000001,5.495599999999999,2.0,12.0,-10.0,-0.8333333333333334,PINK HEARTS LIGHT CHAIN
21386,19.000000000000004,-32.12,100.0,110.0,-10.0,-0.09090909090909091,IVORY HANGING DECORATION  EGG
90087,8.149999999999999,1.7930000000000001,5.0,15.0,-10.0,-0.6666666666666666,CRYSTAL SEA HORSE PHONE CHARM
23614,9.99,2.1978,3.0,13.0,-10.0,-0.7692307692307693,SET 10 CARDS 12 DAYS WRAP  17058
90210B,0.0,0.0,0.0,10.0,-10.0,-1.0,CLEAR ACRYLIC FACETED BANGLE
85116,0.0,0.0,0.0,10.0,-10.0,-1.0,BLACK CANDELABRA T-LIGHT HOLDER
22204,15.0,3.3,4.0,14.0,-10.0,-0.7142857142857143,MILK PAN BLUE POLKADOT
85131D,25.729999999999997,5.660599999999997,31.0,41.0,-10.0,-0.24390243902439024,BEADED CRYSTAL HEART PINK ON STICK
85093,9.46,-2.7588000000000004,22.0,32.0,-10.0,-0.3125,CANDY SPOT EGG WARMER HARE
21289,27.5,6.050000000000001,22.0,32.0,-10.0,-0.3125,LARGE STRIPES CHOCOLATE GIFT BAG
85199L,102.05000000000001,22.450999999999997,157.0,167.0,-10.0,-0.059880239520958084,LARGE HANGING IVORY & RED WOOD BIRD
22376,129.8,34.49599999999999,28.0,38.0,-10.0,-0.2631578947368421,AIRLINE BAG VINTAGE JET SET WHITE
23016,78.58999999999999,21.656799999999997,9.0,19.0,-10.0,-0.5263157894736842,GLASS TWIST BON BON JAR
21922,73.00999999999999,25.610199999999992,7.0,17.0,-10.0,-0.5882352941176471,UNION STRIPE WITH FRINGE  HAMMOCK
75178,0.0,0.0,0.0,10.0,-10.0,-1.0,ASSTD COL BUTTERFLY/CRYSTAL W/CHIME
22523,33.089999999999996,12.8568,27.0,37.0,-10.0,-0.2702702702702703,CHILDS GARDEN FORK PINK
20998,0.0,0.0,0.0,10.0,-10.0,-1.0,ROSE DU SUD OVEN GLOVE
21579,16.67,6.648400000000001,5.0,15.0,-10.0,-0.6666666666666666,LOLITA  DESIGN  COTTON TOTE BAG
21576,48.63,15.170100000000001,18.0,28.0,-10.0,-0.35714285714285715,LETS GO SHOPPING COTTON TOTE BAG
23410,30.4,5.477999999999997,4.0,14.0,-10.0,-0.7142857142857143,CURIO CABINET LINEN AND LACE
22402,99.69,-91.6762,245.0,255.0,-10.0,-0.0392156862745098,MAGNETS PACK OF 4 VINTAGE COLLAGE
23128,292.44,69.9963,57.0,67.0,-10.0,-0.14925373134328357,FELTCRAFT BOY JEAN-PAUL KIT
23019,41.25,9.074999999999998,5.0,15.0,-10.0,-0.6666666666666666,SMALL APOTHECARY MEASURING JAR
90146,0.0,0.0,0.0,9.0,-9.0,-1.0,FINE SILVER NECKLACE W PASTEL FLOWE
22276,5.1,0.5354999999999999,3.0,12.0,-9.0,-0.75,WASH BAG VINTAGE ROSE PAISLEY
21059,38.11,9.242199999999997,43.0,52.0,-9.0,-0.17307692307692307,PARTY INVITES DINOSAURS
20704,28.03,10.1156,3.0,12.0,-9.0,-0.75,MR ROBOT SOFT TOY
22132,126.92999999999999,26.208599999999997,153.0,162.0,-9.0,-0.05555555555555555,RED LOVE HEART SHAPE CUP
21558,596.24,154.76229999999995,217.0,226.0,-9.0,-0.03982300884955752,SKULL LUNCH BOX WITH CUTLERY
85183A,88.75,19.2375,72.0,81.0,-9.0,-0.1111111111111111,CHARLIE & LOLA WASTEPAPER BIN BLUE
84459A,-35.76,-16.092,0.0,9.0,-9.0,-1.0,PINK METAL CHICKEN HEART
35819B,34.96,7.6912,92.0,101.0,-9.0,-0.0891089108910891,"ACRYLIC HANGING JEWEL,BLUE"
90032,0.0,0.0,0.0,9.0,-9.0,-1.0,IVORY SHELL HEART NECKLACE
84051,12.75,2.804999999999999,15.0,24.0,-9.0,-0.375,ASS COLOUR GLOWING TIARAS
21622,-4.949999999999999,-5.643000000000001,3.0,12.0,-9.0,-0.75,VINTAGE UNION JACK CUSHION COVER
21741,26.55,5.840999999999999,9.0,18.0,-9.0,-0.5,COSY SLIPPER SHOES LARGE GREEN
17107D,40.8,8.975999999999996,16.0,25.0,-9.0,-0.36,FLOWER FAIRY 5 DRAWER LINERS
90016A,0.0,0.0,0.0,9.0,-9.0,-1.0,SILVER/M.O.P PENDANT ORBIT NECKLACE
21946,3.33,1.1616,3.0,12.0,-9.0,-0.75,PARTY TIME DESIGN FLANNEL
22053,13.75,3.025,11.0,20.0,-9.0,-0.45,EMPIRE DESIGN ROSETTE
20696,14.96,5.3317,3.0,12.0,-9.0,-0.75,FLORAL SOFT CAR TOY
85087,0.0,0.0,0.0,9.0,-9.0,-1.0,CANDY SPOT CUSHION COVER
90129C,1.63,0.34209999999999996,1.0,10.0,-9.0,-0.9,GREEN GLASS TASSLE BAG CHARM
21816,8.7,1.9139999999999997,6.0,14.0,-8.0,-0.5714285714285714,CHRISTMAS TREE T-LIGHT HOLDER
23124,2.46,1.2066999999999999,1.0,9.0,-8.0,-0.8888888888888888,18PC WOODEN CUTLERY SET DISPOSABLE
22946,1502.1,180.32999999999993,110.0,118.0,-8.0,-0.06779661016949153,WOODEN ADVENT CALENDAR CREAM
21131,16.58,8.091599999999998,2.0,10.0,-8.0,-0.8,GOLD STANDING GNOME
90129D,0.0,0.0,0.0,8.0,-8.0,-1.0,AMBER GLASS TASSLE BAG CHARM
22671,87.30999999999999,31.8362,39.0,47.0,-8.0,-0.1702127659574468,FRENCH LAUNDRY SIGN BLUE METAL
22374,335.71,83.18419999999998,75.0,83.0,-8.0,-0.0963855421686747,AIRLINE BAG VINTAGE JET SET RED
16254,9.07,0.7084000000000001,7.0,15.0,-8.0,-0.5333333333333333,TRANSPARENT ACRYLIC TAPE DISPENSER
21471,92.05,15.190999999999999,27.0,35.0,-8.0,-0.22857142857142856,STRAWBERRY RAFFIA FOOD COVER
35911A,1.7,0.3739999999999999,2.0,10.0,-8.0,-0.8,MULTICOLOUR RABBIT EGG WARMER
22448,63.3,22.945999999999998,14.0,22.0,-8.0,-0.36363636363636365,PIN CUSHION BABUSHKA RED
21706,88.51,19.1477,18.0,26.0,-8.0,-0.3076923076923077,FOLDING UMBRELLA RED/WHITE POLKADOT
23047,34.5,7.590000000000001,6.0,14.0,-8.0,-0.5714285714285714,PAPER LANTERN 5 POINT SEQUIN STAR
23169,1263.2,278.50600000000003,316.0,324.0,-8.0,-0.024691358024691357,CLASSIC GLASS COOKIE JAR
21925,0.0,-0.2875,1.0,9.0,-8.0,-0.8888888888888888,UNION STRIPE CUSHION COVER
22424,1010.22,278.19689999999997,73.0,81.0,-8.0,-0.09876543209876543,ENAMEL BREAD BIN CREAM
21465,45.0,9.9,12.0,20.0,-8.0,-0.4,PINK FLOWER CROCHET FOOD COVER
90012A,0.0,0.0,0.0,8.0,-8.0,-1.0,MIDNIGHT BLUE DROP CRYSTAL NECKLACE
22410,13.629999999999999,4.9951,8.0,16.0,-8.0,-0.5,MONEY BOX HOUSEKEEPING DESIGN
84658,13.9,3.058,2.0,10.0,-8.0,-0.8,WHITE STITCHED CUSHION COVER
23036,67.42,16.1634,52.0,60.0,-8.0,-0.13333333333333333,T-LIGHT HOLDER SILVER PETIT FOUR
35914,0.0,0.0,0.0,8.0,-8.0,-1.0,PINK CHICK EGG WARMER + EGG CUP
16248B,0.0,0.0,0.0,7.0,-7.0,-1.0,BLUE HOLE PUNCH
22207,872.3199999999999,232.23639999999992,188.0,195.0,-7.0,-0.035897435897435895,FRYING PAN UNION FLAG
21430,795.47,234.29469999999998,184.0,191.0,-7.0,-0.03664921465968586,SET/3 RED GINGHAM ROSE STORAGE BOX
21455,2.55,0.5609999999999998,3.0,10.0,-7.0,-0.7,PAINTED YELLOW WOODEN DAISY
84661C,0.0,0.0,0.0,7.0,-7.0,-1.0,PINK SQUARE TABLE CLOCK
22894,109.44999999999999,24.078999999999997,11.0,18.0,-7.0,-0.3888888888888889,TABLECLOTH RED APPLES DESIGN
20702,0.0,0.0,0.0,7.0,-7.0,-1.0,PINK PADDED MOBILE
85135C,23.85,5.246999999999999,3.0,10.0,-7.0,-0.7,RED DRAGONFLY HELICOPTER
23159,528.2,114.97319999999998,262.0,269.0,-7.0,-0.026022304832713755,SET OF 5 PANCAKE DAY MAGNETS
90201B,2.9,0.6049999999999998,1.0,8.0,-7.0,-0.875,BLACK ENAMEL FLOWER RING
22825,15.9,3.4979999999999993,2.0,9.0,-7.0,-0.7777777777777778,DECORATIVE PLANT POT WITH FRIEZE
46776f,0.0,0.0,0.0,7.0,-7.0,-1.0,WOVEN ROSE GARDEN CUSHION COVER
22829,9.95,2.1889999999999996,1.0,8.0,-7.0,-0.875,SWEETHEART WIRE WALL TIDY
84915,4.13,0.8645999999999998,1.0,8.0,-7.0,-0.875,HAND TOWEL PINK FLOWER AND DAISY
23044,66.39000000000001,16.8828,15.0,22.0,-7.0,-0.3181818181818182,PAPER LANTERN 9 POINT HOLLY STAR S
21618,151.98,-67.54440000000001,102.0,109.0,-7.0,-0.06422018348623854,4 WILDFLOWER BOTANICAL CANDLES
22921,50.39,12.702799999999998,73.0,80.0,-7.0,-0.0875,HERB MARKER CHIVES
21418,0.0,0.0,0.0,7.0,-7.0,-1.0,STARFISH SOAP DISH
21578,2.25,0.49500000000000005,1.0,8.0,-7.0,-0.875,WOODLAND DESIGN  COTTON TOTE BAG
72140E,0.0,0.0,0.0,7.0,-7.0,-1.0,BEST DAD CANDLE LETTERS
90191,17.700000000000003,-28.446,6.0,13.0,-7.0,-0.5384615384615384,SILVER LARIAT 40CM
71496B,0.53,0.08359999999999995,1.0,8.0,-7.0,-0.875,A4 WALL TIDY RED FLOWERS
23070,99.56,31.011199999999995,20.0,27.0,-7.0,-0.25925925925925924,EDWARDIAN HEART PHOTO FRAME
21243,304.01,62.13019999999999,185.0,192.0,-7.0,-0.036458333333333336,PINK POLKADOT PLATE
22428,153.36,41.63720000000001,20.0,26.0,-6.0,-0.23076923076923078,ENAMEL FIRE BUCKET CREAM
85061W,184.81,43.27019999999999,213.0,219.0,-6.0,-0.0273972602739726,WHITE JEWELLED HEART DECORATION
72801d,4.92,1.0824,2.0,8.0,-6.0,-0.75,4 SKY BLUE DINNER CANDLES
23270,292.94,66.06379999999999,200.0,206.0,-6.0,-0.02912621359223301,SET OF 2 CERAMIC PAINTED HEARTS
72801D,2.46,1.2066999999999999,1.0,7.0,-6.0,-0.8571428571428571,4 SKY BLUE DINNER CANDLES
90214L,0.0,0.0,0.0,6.0,-6.0,-1.0,"LETTER ""L"" BLING KEY RING"
90201C,2.9,0.6104999999999996,1.0,7.0,-6.0,-0.8571428571428571,RED ENAMEL FLOWER RING
21626,23.4,5.147999999999998,12.0,18.0,-6.0,-0.3333333333333333,VINTAGE UNION JACK PENNANT
21244,13.16,6.4152000000000005,4.0,10.0,-6.0,-0.6,BLUE POLKADOT PLATE
21775,68.39,-9.577700000000002,46.0,52.0,-6.0,-0.11538461538461539,DECORATIVE FLORE BATHROOM BOTTLE
22257,0.0,0.0,0.0,6.0,-6.0,-1.0,FELT FARM ANIMAL SHEEP
47367B,0.0,0.0,0.0,6.0,-6.0,-1.0,PAIR PADDED HANGERS PINK CHECK
22481,69.84,18.026799999999998,52.0,58.0,-6.0,-0.10344827586206896,BLACK TEA TOWEL CLASSIC DESIGN
22119,222.86,55.328700000000005,31.0,37.0,-6.0,-0.16216216216216217,PEACE WOODEN BLOCK LETTERS
84674,17.59,5.431799999999999,5.0,11.0,-6.0,-0.5454545454545454,FLYING PIG WATERING CAN
21793,202.32,58.02389999999999,45.0,51.0,-6.0,-0.11764705882352941,CLASSIC FRENCH STYLE BASKET BROWN
21371,7.21,-0.05830000000000002,4.0,10.0,-6.0,-0.6,MIRRORED WALL ART POPPIES
23066,0.0,0.0,0.0,6.0,-6.0,-1.0,SMALL DECO JEWELLERY STAND
22322,8.219999999999999,3.5244,6.0,12.0,-6.0,-0.5,BIRD DECORATION GREEN POLKADOT
47593b,0.0,0.0,0.0,6.0,-6.0,-1.0,SCOTTIE DOGS BABY BIB
47566b,16.58,3.647599999999999,2.0,8.0,-6.0,-0.75,TEA TIME PARTY BUNTING
23250,276.25,60.199999999999996,223.0,228.0,-5.0,-0.021929824561403508,VINTAGE RED TRIM ENAMEL BOWL
84870C,0.0,0.0,0.0,5.0,-5.0,-1.0,GREEN GEISHA GIRL
90161D,24.900000000000002,5.478000000000001,5.0,10.0,-5.0,-0.5,ANT COPPER PINK BOUDICCA BRACELET
23640,0.0,0.0,0.0,5.0,-5.0,-1.0,SET 10 CARDS SCOTTIE DOG 17211
47594B,1.95,0.42899999999999994,1.0,6.0,-5.0,-0.8333333333333334,SCOTTIES DESIGN WASHBAG
23054,33.26,16.535199999999996,2.0,7.0,-5.0,-0.7142857142857143,RECYCLED ACAPULCO MAT LAVENDER
23416,23.08,6.8816,12.0,17.0,-5.0,-0.29411764705882354,CHAMBRE HOOK
20705,6.95,1.529,1.0,6.0,-5.0,-0.8333333333333334,MRS ROBOT SOFT TOY
23051,66.0,14.519999999999994,8.0,13.0,-5.0,-0.38461538461538464,RECYCLED ACAPULCO MAT BLUE
22035,0.0,0.0,0.0,5.0,-5.0,-1.0,VINTAGE CARAVAN GREETING CARD
21448,0.0,0.0,0.0,5.0,-5.0,-1.0,12 DAISY PEGS IN WOOD BOX
16207A,2.95,0.6489999999999999,1.0,6.0,-5.0,-0.8333333333333334,PINK STRAWBERRY HANDBAG
82011C,37.0,3.74,12.0,17.0,-5.0,-0.29411764705882354,BATHROOM SCALES FOOTPRINTS IN SAND
90129E,3.26,0.6841999999999999,2.0,7.0,-5.0,-0.7142857142857143,PURPLE GLASS TASSLE BAG CHARM
84974,9.95,2.1889999999999996,1.0,6.0,-5.0,-0.8333333333333334,S/2 ZINC HEART DESIGN PLANTERS
22932,22.669999999999998,7.638400000000001,7.0,12.0,-5.0,-0.4166666666666667,BAKING MOULD TOFFEE CUP CHOCOLATE
90194,0.0,0.0,0.0,5.0,-5.0,-1.0,SILVER LARIAT BLACK STONE EARRINGS
22845,463.85,141.9565,64.0,69.0,-5.0,-0.07246376811594203,VINTAGE CREAM CAT FOOD CONTAINER
84659A,30.599999999999998,6.409499999999995,13.0,18.0,-5.0,-0.2777777777777778,WHITE TRAVEL ALARM CLOCK
84507C,0.0,0.0,0.0,5.0,-5.0,-1.0,BLUE CIRCLES DESIGN MONKEY DOLL
21721,0.0,0.0,0.0,5.0,-5.0,-1.0,CANDY SHOP  STICKER SHEET
84581,114.02,25.920399999999997,30.0,35.0,-5.0,-0.14285714285714285,DOG TOY WITH PINK CROCHET SKIRT
72780,11.049999999999999,2.430999999999999,13.0,18.0,-5.0,-0.2777777777777778,BLACK SILOUETTE CANDLE PLATE
21136,974.74,220.34609999999998,571.0,576.0,-5.0,-0.008680555555555556,PAINTED METAL PEARS ASSORTED
46776a,0.0,0.0,0.0,5.0,-5.0,-1.0,WOVEN BUBBLE GUM CUSHION COVER
22733,632.76,158.6002,478.0,483.0,-5.0,-0.010351966873706004,3D TRADITIONAL CHRISTMAS STICKERS
22914,60.290000000000006,16.4758,11.0,16.0,-5.0,-0.3125,BLUE COAT RACK PARIS FASHION
22283,221.94,74.69879999999999,22.0,27.0,-5.0,-0.18518518518518517,6 EGG HOUSE PAINTED WOOD
84509E,0.0,0.0,0.0,5.0,-5.0,-1.0,SET OF 4 CAROUSEL PLACEMATS
23136,29.96,8.6317,7.0,12.0,-5.0,-0.4166666666666667,IVORY WIRE SWEETHEART LETTER TRAY
85216,0.65,0.14299999999999996,1.0,6.0,-5.0,-0.8333333333333334,ASSORTED CAKES FRIDGE MAGNETS
20898,0.0,0.0,0.0,5.0,-5.0,-1.0,VINTAGE NOTEBOOK TRAVELOGUE
84616,29.95,6.5889999999999995,1.0,6.0,-5.0,-0.8333333333333334,SILVER ROCCOCO CHANDELIER
22215,93.5,20.569999999999993,11.0,15.0,-4.0,-0.26666666666666666,CAKE STAND WHITE TWO TIER LACE
15056n,87.22,19.1884,7.0,11.0,-4.0,-0.36363636363636365,EDWARDIAN PARASOL NATURAL
90209C,0.0,0.0,0.0,4.0,-4.0,-1.0,PINK ENAMEL+GLASS HAIR COMB
90162C,0.0,0.0,0.0,4.0,-4.0,-1.0,ANT SILVER FUSCHIA BOUDICCA RING
15060B,53.1,3.7620000000000013,18.0,22.0,-4.0,-0.18181818181818182,FAIRY CAKE DESIGN UMBRELLA
22221,79.72,28.5494,6.0,10.0,-4.0,-0.4,CAKE STAND LOVEBIRD 2 TIER PINK
90162D,0.0,0.0,0.0,4.0,-4.0,-1.0,ANT SILVER PURPLE BOUDICCA RING
90064B,0.0,0.0,0.0,4.0,-4.0,-1.0,BLACK VINTAGE  CRYSTAL EARRINGS
90180A,19.96,4.424200000000001,2.0,6.0,-4.0,-0.6666666666666666,BLACK+WHITE NECKLACE W TASSEL
90122C,4.98,1.1038500000000004,1.0,5.0,-4.0,-0.8,TURQUOISE CRYSTAL+GLASS BRACELET
22362,102.37,32.303399999999996,31.0,35.0,-4.0,-0.11428571428571428,GLASS JAR PEACOCK BATH SALTS
84920,22.42,9.0134,4.0,8.0,-4.0,-0.5,PINK FLOWER FABRIC PONY
84661B,98.89,27.057799999999997,35.0,39.0,-4.0,-0.10256410256410256,BLACK SQUARE TABLE CLOCK
23407,779.9499999999999,176.89049999999997,78.0,82.0,-4.0,-0.04878048780487805,SET OF 2 TRAYS HOME SWEET HOME
22770,104.64999999999999,23.022999999999996,7.0,11.0,-4.0,-0.36363636363636365,MIRROR CORNICE
21581,56.76,21.430200000000003,18.0,22.0,-4.0,-0.18181818181818182,SKULLS  DESIGN  COTTON TOTE BAG
23316,457.81999999999994,111.73139999999998,44.0,48.0,-4.0,-0.08333333333333333,RED REFECTORY CLOCK
22931,62.91,21.7932,19.0,23.0,-4.0,-0.17391304347826086,BAKING MOULD HEART WHITE CHOCOLATE
22936,46.41,23.2232,7.0,11.0,-4.0,-0.36363636363636365,BAKING MOULD ROSE WHITE CHOCOLATE
21627,0.0,0.0,0.0,4.0,-4.0,-1.0,ELEPHANT CARNIVAL POUFFE
20754,90.30000000000001,19.865999999999996,43.0,47.0,-4.0,-0.0851063829787234,RETROSPOT RED WASHING UP GLOVES
21710,46.7,8.733999999999998,10.0,14.0,-4.0,-0.2857142857142857,FOLDING UMBRELLA PINKWHITE POLKADOT
21738,0.0,0.0,0.0,4.0,-4.0,-1.0,COSY SLIPPER SHOES SMALL  RED
21906,141.12,41.83739999999999,18.0,22.0,-4.0,-0.18181818181818182,PHARMACIE FIRST AID TIN
84952B,7.46,4.3637,1.0,5.0,-4.0,-0.8,BLACK LOVE BIRD T-LIGHT HOLDER
23135,5.75,1.2650000000000001,1.0,5.0,-4.0,-0.8,SMALL ZINC HEART WALL ORGANISER
84661A,7.51,2.9777000000000005,2.0,6.0,-4.0,-0.6666666666666666,WHITE SQUARE TABLE CLOCK
23087,106.13,25.345100000000002,82.0,86.0,-4.0,-0.046511627906976744,ZINC  HEART T-LIGHT HOLDER
21469,7.5,0.7874999999999999,3.0,7.0,-4.0,-0.5714285714285714,POLKA DOT RAFFIA FOOD COVER
23467,35.2,12.628,8.0,12.0,-4.0,-0.3333333333333333,VINTAGE ZINC PLANTER
71496A,0.53,-0.39490000000000003,1.0,5.0,-4.0,-0.8,A4 WALL TIDY BLUE OFFICE
16259,1.6,-1.0780000000000003,20.0,24.0,-4.0,-0.16666666666666666,PIECE OF CAMO STATIONERY SET
23604,0.0,0.0,0.0,4.0,-4.0,-1.0,SET 10 MINI SANTA & SNOWMAN  17087
85159B,93.6,19.694999999999993,50.0,54.0,-4.0,-0.07407407407407407,"WHITE TEA,COFFEE,SUGAR JARS"
85163A,47.4,8.447999999999999,4.0,8.0,-4.0,-0.5,WHITE BAROQUE WALL CLOCK
23605,0.0,0.0,0.0,4.0,-4.0,-1.0,SET 10 CARDS 12 DAYS OF XMAS 17059
85168B,53.48,13.228599999999993,6.0,10.0,-4.0,-0.4,BLACK BAROQUE CARRIAGE CLOCK
23620,4.98,1.0956000000000001,2.0,6.0,-4.0,-0.6666666666666666,SET 10 CARDS PERFECT POST 17090
44092C,0.0,0.0,0.0,4.0,-4.0,-1.0,PURPLE/COPPER HANGING LAMPSHADE
35967,62.91,23.66595,117.0,121.0,-4.0,-0.03305785123966942,FOLK ART METAL STAR T-LIGHT HOLDER
21349,6.75,1.4849999999999994,1.0,5.0,-4.0,-0.8,IVY HEART WREATH
20933,2.95,0.20900000000000016,1.0,4.0,-3.0,-0.75,YELLOW POT PLANT CANDLE
90166,8.3,1.7269999999999999,2.0,5.0,-3.0,-0.6,PINK & WHITE ROSEBUD RING
23183,104.64,41.3853,19.0,22.0,-3.0,-0.13636363636363635,MOTHER'S KITCHEN SPOON REST
23456,299.90000000000003,62.018,74.0,77.0,-3.0,-0.03896103896103896,MEDIUM PARLOUR PICTURE FRAME
21157,0.0,0.0,0.0,3.0,-3.0,-1.0,RED RETROSPOT WASHBAG
21269,8.5,1.8699999999999992,1.0,4.0,-3.0,-0.75,ANTIQUE CREAM CUTLERY SHELF
23117,203.84,46.9183,41.0,44.0,-3.0,-0.06818181818181818,POPPY FIELDS CHOPPING BOARD
20840,40.14,2.8577999999999992,30.0,33.0,-3.0,-0.09090909090909091,FRENCH FLORAL CUSHION COVER
23142,20.8,4.575999999999999,2.0,5.0,-3.0,-0.6,IVORY WIRE KITCHEN ORGANISER
79157B,0.0,0.0,0.0,3.0,-3.0,-1.0,UBO-LIGHT TRIOBASE BLUE
23468,66.0,14.519999999999996,8.0,11.0,-3.0,-0.2727272727272727,TUSCAN VILLA BIRD TABLE
46118,52.71,-22.745800000000006,35.0,38.0,-3.0,-0.07894736842105263,FUNKY MONKEY CUSHION COVER
21367,21.63,-0.17489999999999917,12.0,15.0,-3.0,-0.2,MIRRORED WALL ART GENTS
21376,21.58,10.621599999999997,2.0,5.0,-3.0,-0.6,LARGE  TALL CAMPHOR WOOD TOADSTOOL
47580,32.87,9.882399999999999,11.0,14.0,-3.0,-0.21428571428571427,TEA TIME DES TEA COSY
22341,31.269999999999996,14.095400000000001,11.0,14.0,-3.0,-0.21428571428571427,LOVE GARLAND PAINTED ZINC
72760B,299.39,71.8278,29.0,32.0,-3.0,-0.09375,VINTAGE CREAM 3 BASKET CAKE STAND
72351a,0.0,0.0,0.0,3.0,-3.0,-1.0,SET/6 TURQUOISE BUTTERFLY T-LIGHTS
84707B,0.0,0.0,0.0,3.0,-3.0,-1.0,PINK JEWELLED MIRROR TRINKET TRAY
22393,93.36999999999999,29.233399999999993,31.0,34.0,-3.0,-0.08823529411764706,PAPERWEIGHT VINTAGE COLLAGE
21476,0.0,0.0,0.0,3.0,-3.0,-1.0,STEEL SWEETHEART ROUND TABLE CREAM
21467,14.96,5.3317000000000005,3.0,6.0,-3.0,-0.5,CHERRY CROCHET FOOD COVER
21664,0.0,0.0,0.0,3.0,-3.0,-1.0,RIDGED GLASS STORAGE JAR CREAM LID
22497,21.25,4.674999999999998,5.0,8.0,-3.0,-0.375,SET OF 2 TINS VINTAGE BATHROOM
21577,146.35,47.102,53.0,56.0,-3.0,-0.05357142857142857,SAVE THE PLANET COTTON TOTE BAG
85124B,25.08,9.494100000000001,7.0,10.0,-3.0,-0.3,BLUE JUICY FRUIT PHOTO FRAME
18094C,0.0,0.0,0.0,3.0,-3.0,-1.0,WHITE AND BLUE CERAMIC OIL BURNER
22123,153.26,-4.650800000000012,54.0,57.0,-3.0,-0.05263157894736842,PING MICROWAVE APRON
85025B,131.90999999999997,37.13819999999999,71.0,74.0,-3.0,-0.04054054054054054,EAU DE NILE HEART SHAPE PHOTO FRAME
85115B,0.0,0.0,0.0,3.0,-3.0,-1.0,S/4 BLACK DISCO PARTITION PANEL
20756,11.049999999999999,2.430999999999999,13.0,16.0,-3.0,-0.1875,GREEN FERN POCKET BOOK
22700,0.0,0.0,0.0,3.0,-3.0,-1.0,BLACK AND WHITE DOG BOWL
90051,0.0,0.0,0.0,3.0,-3.0,-1.0,CRACKED GLAZE NECKLACE RED
22858,0.0,0.0,0.0,3.0,-3.0,-1.0,EASTER TIN KEEPSAKE
22117,43.92,14.348399999999998,12.0,15.0,-3.0,-0.2,METAL SIGN HER DINNER IS SERVED
22526,88.71000000000001,23.299200000000003,7.0,10.0,-3.0,-0.3,WHEELBARROW FOR CHILDREN
84968D,24.96,12.206700000000001,1.0,4.0,-3.0,-0.75,SET OF 16 VINTAGE RED CUTLERY
22583,85.86,26.255699999999997,29.0,32.0,-3.0,-0.09375,PACK OF 6 HANDBAG GIFT BOXES
85131A,0.0,0.0,0.0,3.0,-3.0,-1.0,BEADED PEARL HEART WHITE ON STICK
84921,0.0,0.0,0.0,3.0,-3.0,-1.0,CREAM AND PINK FLOWERS PONY
90142D,0.0,0.0,0.0,3.0,-3.0,-1.0,MOP PENDANT SHELL NECKLACE
22761,68.85,11.846999999999996,3.0,6.0,-3.0,-0.5,CHEST 7 DRAWER MA CAMPAGNE
20662,0.0,0.0,0.0,3.0,-3.0,-1.0,FIRST CLASS HOLIDAY PURSE
23106,95.4,25.772999999999996,30.0,33.0,-3.0,-0.09090909090909091,ZINC HEARTS PLANT POT HOLDER
84952C,0.0,0.0,0.0,3.0,-3.0,-1.0,MIRROR LOVE BIRD T-LIGHT HOLDER
90124A,0.0,0.0,0.0,3.0,-3.0,-1.0,PINK MURANO TWIST NECKLACE
90036C,7.9,1.7104999999999997,1.0,3.0,-2.0,-0.6666666666666666,"FLOWER GLASS GARLAND NECKL.36""BLUE"
47567B,306.82,64.7129,53.0,55.0,-2.0,-0.03636363636363636,TEA TIME KITCHEN APRON
23455,251.48000000000002,47.40559999999999,92.0,94.0,-2.0,-0.02127659574468085,SMALL PARLOUR PICTURE FRAME
47594A,11.7,2.574,6.0,8.0,-2.0,-0.25,CAROUSEL DESIGN WASHBAG
84820,11.9,2.6179999999999994,2.0,4.0,-2.0,-0.5,DANISH ROSE TRINKET TRAYS
22690,582.23,127.22709999999995,74.0,76.0,-2.0,-0.02631578947368421,DOORMAT HOME SWEET HOME BLUE
85211,0.0,0.0,0.0,2.0,-2.0,-1.0,S/4 GROOVY CAT MAGNETS
35637A,13.649999999999999,-12.397000000000002,7.0,9.0,-2.0,-0.2222222222222222,IVORY STRING CURTAIN WITH POLE
35265,0.0,0.0,0.0,2.0,-2.0,-1.0,COLOURFUL FLOWER FRUIT BOWL
22682,87.42,20.5634,68.0,70.0,-2.0,-0.02857142857142857,FRENCH BLUE METAL DOOR SIGN 7
35001G,131.75,28.984999999999992,31.0,33.0,-2.0,-0.06060606060606061,HAND OPEN SHAPE GOLD
22674,93.39,26.5353,66.0,68.0,-2.0,-0.029411764705882353,FRENCH TOILET SIGN BLUE METAL
23551,291.21,122.34419999999999,475.0,477.0,-2.0,-0.0041928721174004195,PACK OF 12 PAISLEY PARK TISSUES
23619,2.49,0.5478000000000001,1.0,3.0,-2.0,-0.6666666666666666,SET 10 CARDS POINSETTIA 17093
90000D,6.23,1.3706,1.0,3.0,-2.0,-0.6666666666666666,COPPER/OLIVE GREEN FLOWER NECKLACE
22655,125.0,27.5,1.0,3.0,-2.0,-0.6666666666666666,VINTAGE RED KITCHEN CABINET
47518f,0.0,0.0,0.0,2.0,-2.0,-1.0,ICON PLACEMAT POP ART ELVIS
85180A,13.950000000000001,3.068999999999999,3.0,5.0,-2.0,-0.4,RED HEARTS LIGHT CHAIN
85104,14.309999999999999,7.3607000000000005,4.0,6.0,-2.0,-0.3333333333333333,SILVER GLASS T-LIGHT SET
71279,58.78000000000001,16.0556,18.0,20.0,-2.0,-0.1,PINK GLASS CANDLEHOLDER
22496,79.43,20.598599999999998,25.0,27.0,-2.0,-0.07407407407407407,SET OF 2 ROUND TINS DUTCH CHEESE
90141E,0.0,0.0,0.0,2.0,-2.0,-1.0,ORANGE PENDANT TRIPLE SHELL NECKLAC
84913A,4.65,1.7325000000000006,1.0,3.0,-2.0,-0.6666666666666666,SOFT PINK ROSE TOWEL
90025F,0.0,0.0,0.0,2.0,-2.0,-1.0,BAROQUE BUTTERFLY EARRINGS CRYSTAL
22513,52.38,17.6451,11.0,13.0,-2.0,-0.15384615384615385,DOORSTOP FOOTBALL DESIGN
84596f,0.0,0.0,0.0,2.0,-2.0,-1.0,SMALL MARSHMALLOWS PINK BOWL
23141,8.29,4.100799999999999,1.0,3.0,-2.0,-0.6666666666666666,TRIPLE WIRE HOOK PINK HEART
84509A,310.89,83.3103,78.0,80.0,-2.0,-0.025,SET OF 4 ENGLISH ROSE PLACEMATS
23015,0.0,-7.59,4.0,6.0,-2.0,-0.3333333333333333,CORDIAL GLASS JUG
84249A,0.83,0.40809999999999996,1.0,3.0,-2.0,-0.6666666666666666,"GREETING CARD,SQUARE, DOUGHNUTS"
85114B,64.27,21.355400000000003,31.0,33.0,-2.0,-0.06060606060606061,IVORY ENCHANTED FOREST PLACEMAT
84997a,58.029999999999994,12.766599999999997,7.0,9.0,-2.0,-0.2222222222222222,CHILDRENS CUTLERY POLKADOT GREEN
82613c,0.0,0.0,0.0,2.0,-2.0,-1.0,"METAL SIGN,CUPCAKE SINGLE HOOK"
90124C,9.98,2.2121000000000004,1.0,3.0,-2.0,-0.6666666666666666,GREEN MURANO TWIST NECKLACE
78033,0.0,0.0,0.0,2.0,-2.0,-1.0,FLAG OF ST GEORGE CHAIR
90214Y,0.0,0.0,0.0,2.0,-2.0,-1.0,"LETTER ""Y"" BLING KEY RING"
22929,0.0,0.0,0.0,2.0,-2.0,-1.0,SCHOOL DESK AND CHAIR
22913,39.6,8.712,8.0,10.0,-2.0,-0.2,RED COAT RACK PARIS FASHION
72812,12.39,2.7257999999999996,3.0,5.0,-2.0,-0.4,LARGE ZINC GLASS CANDLEHOLDER
72801C,0.0,0.0,0.0,2.0,-2.0,-1.0,4 ROSE PINK DINNER CANDLES
22827,165.0,-1.65000000000002,2.0,4.0,-2.0,-0.5,RUSTIC  SEVENTEEN DRAWER SIDEBOARD
23398,129.31,33.183699999999995,142.0,144.0,-2.0,-0.013888888888888888,HANGING HEART BONHEUR
22987,0.0,0.0,0.0,2.0,-2.0,-1.0,WRAP SUMMER ROSE DESIGN
90014B,0.0,0.0,0.0,2.0,-2.0,-1.0,GOLD M.O.P. ORBIT NECKLACE
90214Z,0.0,0.0,0.0,2.0,-2.0,-1.0,"LETTER ""Z"" BLING KEY RING"
21063,29.61,7.3721999999999985,33.0,35.0,-2.0,-0.05714285714285714,PARTY INVITES JAZZ HEARTS
22214,9.92,4.833400000000001,2.0,4.0,-2.0,-0.5,CANDLE PLATE LACE WHITE
20903,0.0,0.0,0.0,2.0,-2.0,-1.0,VINTAGE KEEPSAKE BOX TRAVELOGUE
20766,67.34,22.9768,14.0,16.0,-2.0,-0.125,GARDEN PATH SKETCHBOOK
21002,0.0,0.0,0.0,2.0,-2.0,-1.0,ROSE DU SUD DRAWSTRING BAG
20794,19.98,8.372100000000001,5.0,7.0,-2.0,-0.2857142857142857,BLUE  TILE HOOK
21722,7.369999999999999,3.3373999999999997,5.0,7.0,-2.0,-0.2857142857142857,SWEET PUDDING STICKER SHEET
20830,0.0,0.0,0.0,2.0,-2.0,-1.0,SILVER PHOTO FRAME
20770,5.1,1.1219999999999997,2.0,4.0,-2.0,-0.5,ABSTRACT CIRCLE JOURNAL
16225,149.41,37.3582,113.0,115.0,-2.0,-0.017391304347826087,RATTLE SNAKE EGGS
15058A,15.9,3.4979999999999993,2.0,4.0,-2.0,-0.5,BLUE POLKADOT GARDEN PARASOL
20774,0.0,0.0,0.0,2.0,-2.0,-1.0,GREEN FERN NOTEBOOK
20735,5.1,1.1219999999999997,6.0,8.0,-2.0,-0.25,BLACK MINI TAPE MEASURE
21955,234.79000000000002,65.4423,28.0,30.0,-2.0,-0.06666666666666667,DOORMAT UNION JACK GUNS AND ROSES
22124,34.44,7.191799999999999,14.0,16.0,-2.0,-0.125,SET OF 2 TEA TOWELS PING MICROWAVE
21147,135.76,23.68519999999998,70.0,72.0,-2.0,-0.027777777777777776,JINGLE BELLS TREE DECORATION
21132,33.37,14.007399999999993,5.0,7.0,-2.0,-0.2857142857142857,SILVER STANDING GNOME
22334,97.33,23.2166,57.0,59.0,-2.0,-0.03389830508474576,DINOSAUR PARTY BAG + STICKER SET
21750,4.13,2.0250999999999997,1.0,3.0,-2.0,-0.6666666666666666,LARGE SKULL WINDMILL
22294,556.78,134.4706,428.0,430.0,-2.0,-0.004651162790697674,HEART FILIGREE DOVE  SMALL
84968a,0.0,0.0,0.0,1.0,-1.0,-1.0,SET OF 16 VINTAGE ROSE CUTLERY
90185C,0.0,0.0,0.0,1.0,-1.0,-1.0,BLACK DIAMANTE EXPANDABLE RING
35638A,1.95,-0.6710000000000004,1.0,2.0,-1.0,-0.5,PINK AND BLACK STRING CURTAIN
35645,0.0,0.0,0.0,1.0,-1.0,-1.0,VINTAGE BEAD PINK JEWEL BOX
22870,10.21,1.0471999999999997,3.0,4.0,-1.0,-0.25,NUMBER TILE COTTAGE GARDEN 2
90185A,4.15,0.8634999999999999,1.0,2.0,-1.0,-0.5,AMBER DIAMANTE EXPANDABLE RING
90001A,0.0,0.0,0.0,1.0,-1.0,-1.0,ANTIQUE RASPBERRY FLOWER EARRINGS
90001D,0.0,0.0,0.0,1.0,-1.0,-1.0,ANTIQUE OLIVE GREEN FLOWER EARRINGS
35916A,0.0,0.0,0.0,1.0,-1.0,-1.0,YELLOW FELT HANGING HEART W FLOWER
35916B,0.0,0.0,0.0,1.0,-1.0,-1.0,BLUE FELT HANGING HEART WITH FLOWER
84968d,0.0,0.0,0.0,1.0,-1.0,-1.0,SET OF 16 VINTAGE RED CUTLERY
35916C,0.0,0.0,0.0,1.0,-1.0,-1.0,PINK FELT HANGING HEART W FLOWER
21196,0.0,0.0,0.0,1.0,-1.0,-1.0,ROUND WHITE CONFETTI IN TUBE
16046,1.7,0.3739999999999999,2.0,3.0,-1.0,-0.3333333333333333,TEATIME PEN CASE & PENS
22852,152.37,40.18739999999998,33.0,34.0,-1.0,-0.029411764705882353,DOG BOWL VINTAGE CREAM
37468,0.0,0.0,0.0,1.0,-1.0,-1.0,HARDMAN MUG 3 ASSORTED
22849,0.0,0.0,0.0,1.0,-1.0,-1.0,BREAD BIN DINER STYLE MINT
37476,0.0,0.0,0.0,1.0,-1.0,-1.0,CONDIMENT TRAY 4 BOWLS AND 4 SPOONS
37491A,0.0,0.0,0.0,1.0,-1.0,-1.0,YELLOW/PINK CERAMIC CANDLE HOLDER
45013,0.0,0.0,0.0,1.0,-1.0,-1.0,FOLDING SHOE TIDY
22843,134.57999999999998,36.801599999999986,18.0,19.0,-1.0,-0.05263157894736842,BISCUIT TIN VINTAGE GREEN
90184c,0.0,0.0,0.0,1.0,-1.0,-1.0,BLACK CHUNKY BEAD BRACELET W STRAP
22871,4.13,0.9085999999999999,1.0,2.0,-1.0,-0.5,NUMBER TILE COTTAGE GARDEN 3
23643,0.0,0.0,0.0,1.0,-1.0,-1.0,SET 10 CARDS CHRISTMAS BAUBLE 16954
23644,3.33,0.7325999999999999,1.0,2.0,-1.0,-0.5,SET 10 CARDS CHRISTMAS TREE 16955
20661,28.95,15.388999999999998,5.0,6.0,-1.0,-0.16666666666666666,BLUE POLKADOT PURSE
20663,0.0,0.0,0.0,1.0,-1.0,-1.0,QUEEN OF THE SKIES HOLIDAY PURSE
21331,12.75,2.805,1.0,2.0,-1.0,-0.5,MOROCCAN BEATEN METAL DISH LARGE
90173,0.0,0.0,0.0,1.0,-1.0,-1.0,PAIR BUTTERFLY HAIR CLIPS
21364,0.0,0.0,0.0,1.0,-1.0,-1.0,PEACE SMALL WOOD LETTERS
21366,29.119999999999997,13.072399999999996,4.0,5.0,-1.0,-0.2,MIRRORED WALL ART PHOTO FRAMES
85124C,0.0,0.0,0.0,1.0,-1.0,-1.0,GREEN JUICY FRUIT PHOTO FRAME
90086,11.41,2.5102,7.0,8.0,-1.0,-0.125,CRYSTAL FROG PHONE CHARM
90079,0.0,0.0,0.0,1.0,-1.0,-1.0,VINTAGE ENAMEL & CRYSTAL NECKLACE
85096,7.5,1.65,2.0,3.0,-1.0,-0.3333333333333333,HILDA CANDY SPOT RABBIT
22656,0.0,0.0,0.0,1.0,-1.0,-1.0,VINTAGE BLUE KITCHEN CABINET
23448,19.799999999999997,4.355999999999998,12.0,13.0,-1.0,-0.07692307692307693,CREAM BUNNY EASTER EGG BASKET
20707,23.630000000000003,10.8911,16.0,17.0,-1.0,-0.058823529411764705,CRAZY DAISY HEART DECORATION
21473,19.95,4.388999999999999,1.0,2.0,-1.0,-0.5,SWEETHEART CREAM STEEL TABLE RECT
85014b,24.92,5.4824,2.0,3.0,-1.0,-0.3333333333333333,RED RETROSPOT UMBRELLA
22223,59.580000000000005,21.374100000000006,9.0,10.0,-1.0,-0.1,CAKE PLATE LOVEBIRD PINK
23336,107.8,37.245999999999995,40.0,41.0,-1.0,-0.024390243902439025,EGG FRYING PAN PINK
23317,398.12,98.5974,38.0,39.0,-1.0,-0.02564102564102564,BLUE REFECTORY CLOCK
22933,2.95,0.6489999999999999,1.0,2.0,-1.0,-0.5,BAKING MOULD EASTER EGG MILK CHOC
90001C,0.0,0.0,0.0,1.0,-1.0,-1.0,ANTIQUE OPAL WHITE FLOWER EARRINGS
90188,2.55,0.5664999999999997,1.0,2.0,-1.0,-0.5,DROP EARRINGS W FLOWER & LEAF
22877,0.0,0.0,0.0,1.0,-1.0,-1.0,NUMBER TILE COTTAGE GARDEN 9
17038,22.59,6.174299999999998,204.0,205.0,-1.0,-0.004878048780487805,PORCELAIN BUDAH INCENSE HOLDER
85184c,0.0,0.0,0.0,1.0,-1.0,-1.0,SET 4 VALENTINE DECOUPAGE HEART BOX
22264,0.0,0.0,0.0,1.0,-1.0,-1.0,FELT FARM ANIMAL WHITE BUNNY
21686,0.0,0.0,0.0,1.0,-1.0,-1.0,MEDINA STAMPED METAL STOOL
23628,0.0,0.0,0.0,1.0,-1.0,-1.0,SET 10 CARDS TRIANGLE ICONS  17220
23625,4.99,1.0977999999999999,1.0,2.0,-1.0,-0.5,SET 6 CARDS SPARKLY REINDEER 17262
22880,3.9,-1.5400000000000003,2.0,3.0,-1.0,-0.3333333333333333,NUMBER TILE VINTAGE FONT 1
21637,0.0,0.0,0.0,1.0,-1.0,-1.0,ASSORTED SANSKRIT MINI NOTEBOOK
22920,60.160000000000004,17.0082,82.0,83.0,-1.0,-0.012048192771084338,HERB MARKER BASIL
22887,0.0,0.0,0.0,1.0,-1.0,-1.0,NUMBER TILE VINTAGE FONT 8
22879,0.0,0.0,0.0,1.0,-1.0,-1.0,NUMBER TILE VINTAGE FONT 0
23425,151.59,53.72730000000001,46.0,47.0,-1.0,-0.02127659574468085,STORAGE TIN HOME SWEET HOME
21468,14.96,5.3317000000000005,3.0,4.0,-1.0,-0.25,BUTTERFLY CROCHET FOOD COVER
46776e,0.0,0.0,0.0,1.0,-1.0,-1.0,WOVEN CANDY CUSHION COVER
90129A,0.0,0.0,0.0,1.0,-1.0,-1.0,PINK GLASS TASSLE BAG CHARM
22786,71.17,31.893399999999996,7.0,8.0,-1.0,-0.125,CUSHION COVER PINK UNION JACK
22702,16.66,5.898199999999999,6.0,7.0,-1.0,-0.14285714285714285,BLACK AND WHITE CAT BOWL
90178A,0.0,0.0,0.0,1.0,-1.0,-1.0,AMBER CHUNKY GLASS+BEAD NECKLACE
84744,1.25,0.275,1.0,2.0,-1.0,-0.5,S/6 SEW ON CROCHET FLOWERS
22785,83.64,34.70279999999999,8.0,9.0,-1.0,-0.1111111111111111,SQUARECUSHION COVER PINK UNION JACK
90214F,0.0,0.0,0.0,1.0,-1.0,-1.0,"LETTER ""F"" BLING KEY RING"
90214P,0.0,0.0,0.0,1.0,-1.0,-1.0,"LETTER ""P"" BLING KEY RING"
46776b,0.0,0.0,0.0,1.0,-1.0,-1.0,WOVEN BERRIES CUSHION COVER
20967,0.0,0.0,0.0,1.0,-1.0,-1.0,GREY FLORAL FELTCRAFT SHOULDER BAG
90036E,0.0,0.0,0.0,1.0,-1.0,-1.0,"FLOWER GLASS GARLD NECKL36""AMETHYST"
84661b,0.0,0.0,0.0,1.0,-1.0,-1.0,BLACK SQUARE TABLE CLOCK
84031a,0.0,0.0,0.0,1.0,-1.0,-1.0,CHARLIE+LOLA RED HOT WATER BOTTLE
90214I,0.0,0.0,0.0,1.0,-1.0,-1.0,"LETTER ""I"" BLING KEY RING"
84031b,0.0,0.0,0.0,1.0,-1.0,-1.0,CHARLIE LOLA BLUE HOT WATER BOTTLE
90214O,0.0,0.0,0.0,1.0,-1.0,-1.0,"LETTER ""O"" BLING KEY RING"
84247K,0.0,0.0,0.0,1.0,-1.0,-1.0,"FOLK ART GREETING CARD,pack/12"
84638,0.0,0.0,0.0,1.0,-1.0,-1.0,SMALL KITCHEN FLOWER POTS PLAQUE
84625C,0.0,0.0,0.0,1.0,-1.0,-1.0,BLUE NEW BAROQUE CANDLESTICK CANDLE
90145,11.9,2.6179999999999994,2.0,3.0,-1.0,-0.3333333333333333,SILVER HOOP EARRINGS WITH FLOWER
90025A,0.0,0.0,0.0,1.0,-1.0,-1.0,BAROQUE BUTTERFLY EARRINGS BLACK
22359,58.45,20.668999999999997,15.0,16.0,-1.0,-0.0625,GLASS JAR KINGS CHOICE
84625A,0.85,-0.9680000000000004,1.0,2.0,-1.0,-0.5,PINK NEW BAROQUECANDLESTICK CANDLE
21833,680.42,172.57240000000002,378.0,379.0,-1.0,-0.002638522427440633,CAMOUFLAGE LED TORCH
78034B,0.0,0.0,0.0,1.0,-1.0,-1.0,BLUE NETTING STORAGE HANGER
79157V,1.7,0.3739999999999999,2.0,3.0,-1.0,-0.3333333333333333,UBO-LIGHT TRIOBASE PURPLE
90182C,0.0,0.0,0.0,1.0,-1.0,-1.0,BLACK 3 BEAD DROP EARRINGS
90043,0.0,0.0,0.0,1.0,-1.0,-1.0,COPPER AND BRASS BAG CHARM
23151,9.96,2.1912000000000003,4.0,5.0,-1.0,-0.2,ZINC SWEETHEART SOAP DISH
47422,22.68,4.989599999999999,54.0,55.0,-1.0,-0.01818181818181818,ASSORTED MONKEY SUCTION CUP HOOK
21128,49.84,10.9648,4.0,5.0,-1.0,-0.2,GOLD FISHING GNOME
21110,346.14000000000004,58.6278,56.0,57.0,-1.0,-0.017543859649122806,LARGE CAKE TOWEL PINK SPOTS
47585A,39.96,12.206700000000001,9.0,10.0,-1.0,-0.1,PINK FAIRY CAKE CUSHION COVER
90160A,0.0,0.0,0.0,1.0,-1.0,-1.0,PURPLE BOUDICCA LARGE BRACELET
47590b,10.79,2.3737999999999992,1.0,2.0,-1.0,-0.5,PINK HAPPY BIRTHDAY BUNTING
23149,22.410000000000004,4.930200000000002,9.0,10.0,-1.0,-0.1,ANTIQUE IVORY WIRE BOWL SMALL
51014c,0.0,0.0,0.0,1.0,-1.0,-1.0,"FEATHER PEN,COAL BLACK"
21815,27.549999999999997,6.060999999999998,19.0,20.0,-1.0,-0.05,STAR  T-LIGHT HOLDER
21067,0.0,0.0,0.0,1.0,-1.0,-1.0,VINTAGE RED TEATIME MUG
90183c,0.0,0.0,0.0,1.0,-1.0,-1.0,BLACK DROP EARRINGS W LONG BEADS
90209B,0.0,0.0,0.0,1.0,-1.0,-1.0,GREEN ENAMEL+GLASS HAIR COMB
71495B,17.28,2.2176,48.0,49.0,-1.0,-0.02040816326530612,CD WALL TIDY RED FLOWERS
90123A,0.0,0.0,0.0,1.0,-1.0,-1.0,PINK HEART OF GLASS BRACELET
22416,36.269999999999996,6.786899999999999,30.0,31.0,-1.0,-0.03225806451612903,SET OF 36 SPACEBOY PAPER DOILIES
90176E,0.0,0.0,0.0,1.0,-1.0,-1.0,DIAMANTE NECKLACE GREEN
90143,0.0,0.0,0.0,1.0,-1.0,-1.0,SILVER BRACELET W PASTEL FLOWER
90163B,0.0,0.0,0.0,1.0,-1.0,-1.0,WHITE ROSEBUD & PEARL NECKLACE
90053,0.0,0.0,0.0,1.0,-1.0,-1.0,CRACKED GLAZE EARRINGS IVORY
72351B,167.65,42.46549999999999,75.0,76.0,-1.0,-0.013157894736842105,SET/6 PINK  BUTTERFLY T-LIGHTS
22244,0.0,0.0,0.0,0.0,0.0,,3 HOOK HANGER MAGIC GARDEN
22917,67.97,19.804399999999998,91.0,91.0,0.0,0.0,HERB MARKER ROSEMARY
22248,1.629999999999999,-2.3404000000000003,17.0,17.0,0.0,0.0,DECORATION  PINK CHICK MAGIC GARDEN
90177A,2.9,0.6379999999999999,1.0,1.0,0.0,0.0,CLASSIC DIAMANTE EARRINGS JET
22985,73.5,16.169999999999998,175.0,175.0,0.0,0.0,WRAP BILLBOARD FONTS DESIGN
90063A,17.0,3.7399999999999984,2.0,2.0,0.0,0.0,WHITE VINT ART DECO CRYSTAL NECKLAC
90058B,82.08,18.057599999999994,216.0,216.0,0.0,0.0,CRYSTAL STUD EARRINGS ASSORTED COL
90175B,18.1,3.871999999999998,2.0,2.0,0.0,0.0,PINK GLASS CHUNKY CHARM BRACELET
22040,21.0,4.619999999999999,50.0,50.0,0.0,0.0,BOTANICAL ROSE GIFT WRAP
23049,198.26,52.835199999999986,22.0,22.0,0.0,0.0,RECYCLED ACAPULCO MAT RED
90022,3.73,0.8096000000000001,1.0,1.0,0.0,0.0,EDWARDIAN DROP EARRINGS JET BLACK
22638,55.81999999999999,14.931399999999996,20.0,20.0,0.0,0.0,SET OF 4 NAPKIN CHARMS CROWNS
21745,346.47,66.7194,97.0,97.0,0.0,0.0,GAOLERS KEYS DECORATIVE GARDEN
22934,5.79,2.8357999999999994,1.0,1.0,0.0,0.0,BAKING MOULD EASTER EGG WHITE CHOC
22222,263.07,90.94140000000002,41.0,41.0,0.0,0.0,CAKE PLATE LOVEBIRD WHITE
90065B,6.75,1.4849999999999994,1.0,1.0,0.0,0.0,BLACK VINT ART DEC CRYSTAL BRACELET
90012B,17.700000000000003,-19.206,6.0,6.0,0.0,0.0,BLACK DROP CRYSTAL NECKLACE
90185B,4.15,0.8579999999999999,1.0,1.0,0.0,0.0,AMETHYST DIAMANTE EXPANDABLE RING
22640,48.169999999999995,13.248399999999997,17.0,17.0,0.0,0.0,SET OF 4 NAPKIN CHARMS 3 KEYS
21851,38.11,17.767199999999995,5.0,5.0,0.0,0.0,LILAC DIAMANTE PEN IN GIFT BOX
90019C,4.95,0.781,1.0,1.0,0.0,0.0,SILVER BLACK ORBIT BRACELET
90189A,7.5,1.65,1.0,1.0,0.0,0.0,SILVER 2 STRAND NECKLACE-LEAF CHARM
23204,1104.37,387.76939999999996,993.0,993.0,0.0,0.0,CHARLOTTE BAG APPLES DESIGN
17084R,45.36,9.979199999999995,216.0,216.0,0.0,0.0,ASSORTED INCENSE PACK
90024F,8.32,1.7368999999999999,1.0,1.0,0.0,0.0,NEW BAROQUE B'FLY NECKLACE CRYSTAL
21658,0.0,0.0,0.0,0.0,0.0,,GLASS  BEURRE DISH
90181B,18.3,4.025999999999999,2.0,2.0,0.0,0.0,AMETHYST GLASS/SHELL/PEARL NECKLACE
90195B,2.95,-2.6510000000000002,1.0,1.0,0.0,0.0,BLACK GEMSTONE BRACELET
22949,92.82,20.561899999999994,65.0,65.0,0.0,0.0,SET OF 36 DOLLY GIRL PAPER DOILIES
85114b,3.29,0.7237999999999999,1.0,1.0,0.0,0.0,IVORY ENCHANTED FOREST PLACEMAT
22489,451.08,116.69699999999997,999.0,999.0,0.0,0.0,PACK OF 12 TRADITIONAL CRAYONS
22990,188.35,51.771499999999996,36.0,36.0,0.0,0.0,COTTON APRON PANTRY DESIGN
21459,-1.95,-0.8775,0.0,0.0,0.0,,YELLOW EASTER EGG HUNT START POST
35591T,1.25,0.275,1.0,1.0,0.0,0.0,TURQUOISE CHRISTMAS TREE
35638B,1.95,-1.7710000000000004,1.0,1.0,0.0,0.0,PINK/BLUE STRING CURTAIN
22869,8.03,-0.6314000000000004,3.0,3.0,0.0,0.0,NUMBER TILE COTTAGE GARDEN 1
37489A,1.56,0.34319999999999984,4.0,4.0,0.0,0.0,YELLOW/PINK FLOWER DESIGN BIG MUG
21461,-1.95,-0.8775,0.0,0.0,0.0,,BLUE EASTER EGG HUNT START POST
46138B,1.7,-0.8360000000000001,2.0,2.0,0.0,0.0,BLUE CHENILLE SHAGGY CUSHION COVER
46775D,67.8,27.961999999999996,4.0,4.0,0.0,0.0,SUNSET COLOUR CHUNKY KNITTED THROW
84913B,46.5,17.325000000000006,10.0,10.0,0.0,0.0,MINT GREEN ROSE TOWEL
47351B,11.8,2.5959999999999996,4.0,4.0,0.0,0.0,BLUE  VOILE LAMPSHADE
22824,35.95,7.908999999999998,1.0,1.0,0.0,0.0,3 TIER SWEETHEART GARDEN SHELF
71038,125.35000000000001,27.576999999999998,23.0,23.0,0.0,0.0,WHITE HANGING BEADS CANDLE HOLDER
22822,78.47,24.4244,11.0,11.0,0.0,0.0,CREAM WALL PLANTER HEART SHAPED
84826,9.35,2.0569999999999995,11.0,11.0,0.0,0.0,ASSTD DESIGN 3D PAPER STICKERS
22408,34.96,8.3567,27.0,27.0,0.0,0.0,MONEY BOX CONFECTIONERY DESIGN
90123D,5.82,1.2088999999999999,1.0,1.0,0.0,0.0,WHITE HEART OF GLASS BRACELET
15056p,12.46,2.7412,1.0,1.0,0.0,0.0,EDWARDIAN PARASOL PINK
22803,39.95,8.789,1.0,1.0,0.0,0.0,IVORY EMBROIDERED QUILT
84569A,18.63,6.0950999999999995,12.0,12.0,0.0,0.0,PACK 3 IRON ON DOG PATCHES
90159,4.95,1.089,1.0,1.0,0.0,0.0,COTE D'AZURE NECKLACE
20847,3.75,0.825,1.0,1.0,0.0,0.0,ZINC HEART LATTICE CHARGER LARGE
90214V,0.83,0.17159999999999992,1.0,1.0,0.0,0.0,"LETTER ""V"" BLING KEY RING"
20835,9.959999999999999,2.1911999999999994,12.0,12.0,0.0,0.0,FRENCH LATTICE CUSHION COVER
84509c,29.84,6.212799999999998,4.0,4.0,0.0,0.0,SET OF 4 POLKADOT PLACEMATS
20765,56.13,18.470100000000002,12.0,12.0,0.0,0.0,CHRYSANTHEMUM SKETCHBOOK
84509b,7.46,1.6411999999999995,1.0,1.0,0.0,0.0,SET OF 4 FAIRY CAKE PLACEMATS
15060b,8.29,1.8237999999999994,1.0,1.0,0.0,0.0,FAIRY CAKE DESIGN UMBRELLA
22375,182.56,56.421199999999985,36.0,36.0,0.0,0.0,AIRLINE BAG VINTAGE JET SET BROWN
84706F,11.8,2.5959999999999996,4.0,4.0,0.0,0.0,RED PEONY TABLE CLOCK
82011B,37.0,3.74,12.0,12.0,0.0,0.0,BATHROOM SCALES RUBBER DUCKS
84766,11.9,2.6179999999999994,2.0,2.0,0.0,0.0,SILVER ROCOCO CANDLE STICK
90124B,9.96,2.1912000000000003,1.0,1.0,0.0,0.0,BLUE MURANO TWIST NECKLACE
15058C,10.79,3.9357999999999986,1.0,1.0,0.0,0.0,ICE CREAM DESIGN GARDEN PARASOL
84968F,50.46,17.8167,3.0,3.0,0.0,0.0,SET OF 16 VINTAGE SKY BLUE CUTLERY
22437,223.06,52.07619999999998,256.0,256.0,0.0,0.0,SET OF 9 BLACK SKULL BALLOONS
90200B,20.85,4.366999999999999,5.0,5.0,0.0,0.0,BLACK SWEETHEART BRACELET
21270,12.75,2.805,1.0,1.0,0.0,0.0,ANTIQUE CREAM CUTLERY CUPBOARD
90169,2.48,0.5125999999999997,1.0,1.0,0.0,0.0,DAISY HAIR COMB
21375,10.79,2.3737999999999992,1.0,1.0,0.0,0.0,LARGE CAMPHOR WOOD FIELD MUSHROOM
21377,19.799999999999997,-6.4680000000000035,12.0,12.0,0.0,0.0,SMALL CAMPHOR WOOD FIELD  MUSHROOM
85024C,3.3,0.726,2.0,2.0,0.0,0.0,PINK SMALL JEWELLED PHOTOFRAME
22500,59.400000000000006,13.068000000000001,12.0,12.0,0.0,0.0,SET OF 2 TINS JARDIN DE PROVENCE
22883,8.26,1.8171999999999997,2.0,2.0,0.0,0.0,NUMBER TILE VINTAGE FONT 4
21313,230.06,44.73169999999999,293.0,293.0,0.0,0.0,GLASS HEART T-LIGHT HOLDER
90199D,6.23,1.3046000000000002,1.0,1.0,0.0,0.0,5 STRAND GLASS NECKLACE AMBER
22881,3.9,-1.5400000000000003,2.0,2.0,0.0,0.0,NUMBER TILE VINTAGE FONT 2
85014a,37.38,7.794599999999998,3.0,3.0,0.0,0.0,BLACK/BLUE POLKADOT UMBRELLA
23459,175.0,38.499999999999986,14.0,14.0,0.0,0.0,DOLLY CABINET 2 DRAWERS
90049,9.96,3.568950000000001,1.0,1.0,0.0,0.0,IVORY GOLD METAL BAG CHARM
22873,4.13,2.1076,1.0,1.0,0.0,0.0,NUMBER TILE COTTAGE GARDEN 5
23637,9.96,2.1912000000000007,4.0,4.0,0.0,0.0,SET 10 CARDS OUT OF ORDER 17216
21454,3.4,0.7479999999999998,4.0,4.0,0.0,0.0,PAINTED PINK RABBIT
23635,4.16,0.9151999999999998,1.0,1.0,0.0,0.0,SET 10 CARDS CHRISTMAS HOLLY  17259
23634,2.91,0.6401999999999999,1.0,1.0,0.0,0.0,SET 10 CARDS XMAS CHOIR 17068
90138,5.4,1.1879999999999997,1.0,0.0,1.0,,WHITE/PINK MINI CRYSTALS NECKLACE
90052,7.07,1.5553999999999997,1.0,0.0,1.0,,CRACKED GLAZE NECKLACE BROWN
90081A,9.9,2.178,2.0,1.0,1.0,1.0,LILY BROOCH AMETHYST COLOUR
90082D,6.35,1.3969999999999996,1.0,0.0,1.0,,DIAMANTE BOW BROOCH BLACK COLOUR
15058B,7.95,1.7489999999999997,1.0,0.0,1.0,,PINK POLKADOT GARDEN PARASOL
90082A,13.0,3.0249999999999995,2.0,1.0,1.0,1.0,DIAMANTE BOW BROOCH GREEN COLOUR
90054,4.96,1.0251999999999994,2.0,1.0,1.0,1.0,CRACKED GLAZE EARRINGS RED
90152A,5.4,0.8854999999999998,1.0,0.0,1.0,,SILVER/NAT SHELL NECKLACE W PENDANT
90154,8.95,1.9689999999999992,1.0,0.0,1.0,,LAZER CUT NECKLACE W PASTEL BEADS
90082B,6.35,1.3969999999999996,1.0,0.0,1.0,,DIAMANTE BOW BROOCH RED COLOUR
90060F,5.82,1.2144,1.0,0.0,1.0,,FIRE POLISHED GLASS NECKL GREEN
90063B,25.32,5.471399999999997,3.0,2.0,1.0,0.5,BLACK VINT ART DEC CRYSTAL NECKLACE
90089,3.26,0.7172000000000001,2.0,1.0,1.0,1.0,PINK CRYSTAL SKULL PHONE CHARM
22874,4.13,2.1076,1.0,0.0,1.0,,NUMBER TILE COTTAGE GARDEN 6
22868,12.39,6.322800000000001,3.0,2.0,1.0,0.5,NUMBER TILE COTTAGE GARDEN 0
22878,8.26,1.8171999999999997,2.0,1.0,1.0,1.0,NUMBER TILE COTTAGE GARDEN No
90074,9.57,2.4463999999999997,1.0,0.0,1.0,,BLACK DIAMOND CLUSTER NECKLACE
90076,2.9,0.6049999999999998,1.0,0.0,1.0,,MONTANA DIAMOND CLUSTER EARRINGS
90108,4.92,2.6333999999999995,2.0,1.0,1.0,1.0,BLUE BLOSSOM HAIR CLIP
90073,9.96,2.1307,2.0,1.0,1.0,1.0,VINTAGE ENAMEL & CRYSTAL EARRINGS
90071,6.15,1.2704999999999997,5.0,4.0,1.0,0.25,RUBY GLASS CLUSTER EARRINGS
22033,0.83,0.40809999999999996,1.0,0.0,1.0,,BOTANICAL ROSE GREETING CARD
90064A,4.15,0.913,1.0,0.0,1.0,,WHITE VINTAGE CRYSTAL EARRINGS
22886,4.13,1.9865999999999997,1.0,0.0,1.0,,NUMBER TILE VINTAGE FONT 7
90122A,9.96,2.207700000000001,2.0,1.0,1.0,1.0,PINK CRYSTAL+GLASS BRACELET
22888,6.08,0.13859999999999972,2.0,1.0,1.0,1.0,NUMBER TILE VINTAGE FONT 9
90093,1.63,0.7876,1.0,0.0,1.0,,CLEAR CRYSTAL STAR PHONE CHARM
22872,4.13,0.9085999999999999,1.0,0.0,1.0,,NUMBER TILE COTTAGE GARDEN 4
90130C,8.7,1.8232499999999994,3.0,2.0,1.0,0.5,GREEN STONE/CRYSTAL EARRINGS
21369,2.5,0.55,2.0,1.0,1.0,1.0,MIRRORED WALL ART SPLODGES
20695,4.25,0.9349999999999996,1.0,0.0,1.0,,FLORAL BLUE MONSTER
23007,843.81,91.90919999999994,61.0,60.0,1.0,0.016666666666666666,SPACEBOY BABY GIFT SET
21060,28.9,6.357999999999998,34.0,33.0,1.0,0.030303030303030304,PARTY INVITES BALLOON GIRL
71510,5.95,1.3089999999999997,7.0,6.0,1.0,0.16666666666666666,SQUARE METAL CANDLEHOLDER BASE
84870B,7.46,3.6817,1.0,0.0,1.0,,BLUE GEISHA GIRL
47369A,14.530000000000001,6.320599999999999,3.0,2.0,1.0,0.5,PINK GREEN EMBROIDERY COSMETIC BAG
46000R,26.099999999999998,5.741999999999999,18.0,17.0,1.0,0.058823529411764705,POLYESTER FILLER PAD 45x30cm
84922,4.25,0.9349999999999996,1.0,0.0,1.0,,PINK BUTTERFLY WASHBAG
37446,91.35,20.096999999999998,63.0,62.0,1.0,0.016129032258064516,MINI CAKE STAND WITH HANGING CAKES
21194,34.45,-34.68850000000001,53.0,52.0,1.0,0.019230769230769232,PINK  HONEYCOMB PAPER FAN
35913B,0.85,0.18699999999999994,1.0,0.0,1.0,,WHITE/PINK CHICK EASTER DECORATION
35910B,1.95,0.42899999999999994,1.0,0.0,1.0,,PINK FLOWERS RABBIT EASTER
35818B,0.38,0.0836,1.0,0.0,1.0,,"ACRYLIC JEWEL ICICLE, BLUE"
23664,1.65,0.363,1.0,0.0,1.0,,FLOWER SHOP DESIGN MUG
23654,4.98,1.0956000000000001,2.0,1.0,1.0,1.0,SET 10 CARD SNOWMAN 16965
23639,6.66,1.4651999999999998,2.0,1.0,1.0,1.0,SET 10 CARDS MAGICAL TREE 17086
23638,2.91,0.6401999999999999,1.0,0.0,1.0,,SET 10 CARDS ROBIN WATERPUMP  17096
23636,5.82,1.2803999999999998,2.0,1.0,1.0,1.0,SET 10 CARDS WISHING TREE 17116
23633,4.98,1.0956000000000001,2.0,1.0,1.0,1.0,SET 10 CARDS WORLD CHILDREN 17067
84824,15.95,3.5089999999999986,1.0,0.0,1.0,,DANISH ROSE UMBRELLA STAND
72801c,9.84,2.1648,4.0,3.0,1.0,0.3333333333333333,4 ROSE PINK DINNER CANDLES
21027,10.0,2.2,8.0,7.0,1.0,0.14285714285714285,NINJA RABBIT PINK
72802c,8.29,1.8237999999999994,1.0,0.0,1.0,,VANILLA SCENT CANDLE JEWELLED BOX
84550,1.65,0.363,1.0,0.0,1.0,,CROCHET LILAC/RED BEAR KEYRING
84549,3.29,1.6258000000000004,1.0,0.0,1.0,,CROCHET WHITE RABBIT KEYRING
84527,1.95,0.42899999999999994,1.0,0.0,1.0,,FLAMES SUNGLASSES PINK LENSES
84522,1.95,0.42899999999999994,1.0,0.0,1.0,,PINK PARTY SUNGLASSES
84617,12.75,2.805,1.0,0.0,1.0,,NEW BAROQUE BLACK BOXES
84510C,11.21,3.1317000000000004,8.0,7.0,1.0,0.14285714285714285,SET OF 4 POLKADOT COASTERS
84509C,44.96,11.9317,11.0,10.0,1.0,0.1,SET OF 4 POLKADOT PLACEMATS
84508B,20.4,4.487999999999998,8.0,7.0,1.0,0.14285714285714285,STRIPES DESIGN TEDDY
23630,2.49,0.4102999999999999,1.0,0.0,1.0,,SET 10 CARDS HANGING BAUBLES 17080
84497,3.75,0.825,1.0,0.0,1.0,,BUTTONS AND STRIPES NOTEBOOK
84247N,11.8,2.5959999999999996,4.0,3.0,1.0,0.3333333333333333,PACK/12 BLUE FOLKART CARDS
84201B,0.19,0.0418,1.0,0.0,1.0,,HAPPY BIRTHDAY CARD STRIPEY TEDDY
84711A,19.9,4.377999999999999,2.0,1.0,1.0,1.0,SILVER OVAL SHAPE TRINKET BOX
82011A,7.5,1.65,2.0,1.0,1.0,1.0,"BATHROOM SCALES, TROPICAL BEACH"
81952V,1.9000000000000001,0.41800000000000004,10.0,9.0,1.0,0.1111111111111111,ROUND PURPLE CLOCK WITH SUCKER
84795b,16.63,3.658599999999999,1.0,0.0,1.0,,SUNSET CHECK HAMMOCK
84796B,24.96,14.6597,1.0,0.0,1.0,,BLUE SAVANNAH PICNIC HAMPER FOR 2
79066k,4.89,1.0510499999999998,3.0,2.0,1.0,0.5,RETRO MOD TRAY
84465,2.95,0.6489999999999999,1.0,0.0,1.0,,15 PINK FLUFFY CHICKS IN BOX
21937,2.95,0.6489999999999999,1.0,0.0,1.0,,STRAWBERRY   PICNIC BAG
23624,4.98,1.0956000000000001,2.0,1.0,1.0,1.0,SET 10 CARD PERFECT NATIVITY 17089
23610,2.08,0.4575999999999999,1.0,0.0,1.0,,SET 10 CARDS CHRISTMAS ROBIN 17095
90001B,4.15,0.8579999999999999,1.0,0.0,1.0,,ANTIQUE MID BLUE FLOWER EARRINGS
90010E,45.75,10.615000000000002,5.0,4.0,1.0,0.25,AMBER GLASS/SILVER BRACELET
21761,29.95,6.5889999999999995,1.0,0.0,1.0,,WOOD AND GLASS MEDICINE CABINET
90011B,2.9,0.6104999999999996,1.0,0.0,1.0,,BLACK CRYSTAL DROP EARRINGS
90011C,2.9,0.6104999999999996,1.0,0.0,1.0,,GREEN CRYSTAL DROP EARRINGS
90011D,2.9,0.6049999999999998,1.0,0.0,1.0,,PURPLE CRYSTAL DROP EARRINGS
90019A,36.0,6.929999999999996,7.0,6.0,1.0,0.16666666666666666,SILVER M.O.P ORBIT BRACELET
21847,13.239999999999998,7.367799999999999,2.0,1.0,1.0,1.0,GREEN  DIAMANTE PEN IN GIFT BOX
90026D,8.5,1.8699999999999992,1.0,0.0,1.0,,GLASS BEAD HOOP NECKLACE AMETHYST
90027B,2.9,0.6104999999999996,1.0,0.0,1.0,,GLASS BEAD HOOP EARRINGS MONTANA
90027C,2.9,0.6104999999999996,1.0,0.0,1.0,,GLASS BEAD HOOP EARRINGS GREEN
23068,266.41,59.96870000000001,106.0,105.0,1.0,0.009523809523809525,ALUMINIUM STAMPED HEART
90028,8.32,1.7368999999999999,1.0,0.0,1.0,,NEW BAROQUE LARGE NECKLACE BLK/WHIT
23038,4.89,1.0758,3.0,2.0,1.0,0.5,T-LIGHT HOLDER SILVER SAUCER
23018,37.5,8.249999999999996,3.0,2.0,1.0,0.5,LARGE APOTHECARY MEASURING JAR
23017,129.4,24.012999999999995,11.0,10.0,1.0,0.1,APOTHECARY MEASURING JAR
90038B,3.73,0.8096000000000001,1.0,0.0,1.0,,GLASS AND PAINTED BEADS BRACELET OL
90000A,18.130000000000003,4.1426,3.0,2.0,1.0,0.5,RASPBERRY ANT COPPER FLOWER NECKLAC
23239,361.00000000000006,85.078,88.0,87.0,1.0,0.011494252873563218,SET OF 4 KNICK KNACK TINS POPPIES
85179a,2.46,-1.3453000000000006,1.0,0.0,1.0,,GREEN BITTY LIGHT CHAIN
23303,52.65,11.582999999999998,27.0,26.0,1.0,0.038461538461538464,SET 4 PICNIC CUTLERY FONDANT
23609,2.91,0.6401999999999999,1.0,0.0,1.0,,SET 10 CARDS SNOWY ROBIN 17099
23607,6.64,1.4607999999999994,4.0,3.0,1.0,0.3333333333333333,SET 10 CARDS HATS & STOCKINGS 17081
23602,2.91,0.6401999999999999,1.0,0.0,1.0,,SET 10 CARDS 3 WISE MEN 17107
20762,37.42,12.3134,8.0,7.0,1.0,0.14285714285714285,GREEN FERN SKETCHBOOK
21253,58.45,-2.7610000000000046,15.0,14.0,1.0,0.07142857142857142,SET OF PICTURE FRAME  STICKERS
21275,16.95,3.728999999999999,1.0,0.0,1.0,,ZINC TOP  2 DOOR WOODEN SHELF
21344,49.75,10.945,5.0,4.0,1.0,0.25,MOROCCAN BEATEN METAL DISH
21368,11.71,4.8917,10.0,9.0,1.0,0.1111111111111111,MIRRORED WALL ART LADIES
23615,4.98,1.0956000000000001,2.0,1.0,1.0,1.0,SET 10 CARDS PRINTED GRAPHIC 17219
85034a,8.29,1.8237999999999994,1.0,0.0,1.0,,3 GARDENIA MORRIS BOXED CANDLES
21427,45.620000000000005,13.182399999999998,19.0,18.0,1.0,0.05555555555555555,SKULLS STORAGE BOX SMALL
85049c,2.46,0.5412,1.0,0.0,1.0,,ROMANTIC PINKS RIBBONS
23380,286.8,110.1462,530.0,529.0,1.0,0.001890359168241966,PACK OF 12 VINTAGE DOILY TISSUES
85071D,35.45,10.994499999999999,76.0,75.0,1.0,0.013333333333333334,CHARLIE+LOLA MY ROOM DOOR SIGN
85089,14.750000000000002,3.245,5.0,4.0,1.0,0.25,CANDY SPOT BUNNY
20670,5.9,1.7820000000000005,2.0,1.0,1.0,1.0,VIP HOLIDAY PURSE
23352,840.1,263.9395,557.0,556.0,1.0,0.0017985611510791368,ROLL WRAP 50'S RED CHRISTMAS
21631,12.75,2.805,1.0,0.0,1.0,,HIPPY CHIC DECORATIVE PARASOL
85034b,8.29,1.8237999999999994,1.0,0.0,1.0,,3 WHITE CHOC MORRIS BOXED CANDLES
22721,316.69,105.0038,51.0,50.0,1.0,0.02,SET OF 3 CAKE TINS SKETCHBOOK
84596G,64.13,-14.529900000000003,140.0,139.0,1.0,0.007194244604316547,SMALL CHOCOLATES PINK BOWL
90161A,9.93,2.1681,2.0,1.0,1.0,1.0,ANT COPPER RED BOUDICCA BRACELET
90176D,7.5,-0.07500000000000018,2.0,1.0,1.0,1.0,DIAMANTE NECKLACE PURPLE
22447,16.61,7.2622,3.0,2.0,1.0,0.5,PIN CUSHION BABUSHKA BLUE
22293,11.6,2.5519999999999996,8.0,7.0,1.0,0.14285714285714285,HANGING CHICK GREEN DECORATION
90210D,12.9,-7.914500000000002,11.0,10.0,1.0,0.1,PURPLE ACRYLIC FACETED BANGLE
90179B,5.82,1.2088999999999999,1.0,0.0,1.0,,PURPLE FINE BEAD NECKLACE W TASSEL
90186A,2.9,0.6104999999999996,1.0,0.0,1.0,,AMETHYST HOOP EARRING FLORAL LEAF
22414,187.34,72.3943,17.0,16.0,1.0,0.0625,DOORMAT NEIGHBOURHOOD WITCH
90187B,3.32,0.7138999999999995,1.0,0.0,1.0,,GREEN DROP EARRINGS W BEAD CLUSTER
90192,29.82,6.5274,6.0,5.0,1.0,0.2,JADE DROP EARRINGS W FILIGREE
90179C,5.82,1.2088999999999999,1.0,0.0,1.0,,BLACK FINE BEAD NECKLACE W TASSEL
22206,0.83,0.17159999999999992,1.0,0.0,1.0,,"MUG , DOTCOMGIFTSHOP.COM"
90184A,8.95,1.8589999999999989,1.0,0.0,1.0,,AMBER CHUNKY BEAD BRACELET W STRAP
90199B,18.93,4.098599999999999,3.0,2.0,1.0,0.5,5 STRAND GLASS NECKLACE AMETHYST
90180B,9.98,2.2121000000000004,1.0,0.0,1.0,,PURPLE AMETHYST NECKLACE W TASSEL
22183,6.75,1.947,1.0,0.0,1.0,,CAKE STAND VICTORIAN FILIGREE MED
90202B,5.8,1.2484999999999995,2.0,1.0,1.0,1.0,WHITE ENAMEL FLOWER HAIR TIE
90190B,2.9,0.6104999999999996,1.0,0.0,1.0,,GOLD/AMBER DROP EARRINGS W LEAF
90214N,2.5,0.99,2.0,1.0,1.0,1.0,"LETTER ""N"" BLING KEY RING"
90195A,12.100000000000001,-0.5280000000000005,2.0,1.0,1.0,1.0,PURPLE GEMSTONE BRACELET
90183B,11.6,2.5519999999999996,4.0,3.0,1.0,0.3333333333333333,AMETHYST DROP EARRINGS W LONG BEADS
22289,1.25,0.275,1.0,0.0,1.0,,HANGING METAL CHICKEN DECORATION
90160B,6.95,1.529,1.0,0.0,1.0,,RED BOUDICCA LARGE BRACELET
22487,679.4599999999999,170.6557,65.0,64.0,1.0,0.015625,WHITE WOOD GARDEN PLANT LADDER
90177E,2.9,0.6049999999999998,1.0,0.0,1.0,,DROP DIAMANTE EARRINGS GREEN
90101,12.54,2.6707999999999985,5.0,3.0,2.0,0.6666666666666666,WHITE FRANGIPANI NECKLACE
22828,290.0,63.8,2.0,0.0,2.0,,REGENCY MIRROR WITH SHUTTERS
22831,94.07000000000001,25.3814,29.0,27.0,2.0,0.07407407407407407,WHITE BROCANTE SOAP DISH
90024B,16.64,3.4737999999999998,2.0,0.0,2.0,,NEW BAROQUE B'FLY NECKLACE RED
90023,8.5,1.8699999999999992,2.0,0.0,2.0,,FILIGREE DIAMANTE EARRINGS
22885,8.03,-0.6314000000000004,3.0,1.0,2.0,2.0,NUMBER TILE VINTAGE FONT 6
22673,43.67,10.9384,33.0,31.0,2.0,0.06451612903225806,FRENCH GARDEN SIGN BLUE METAL
22486,28.699999999999996,0.928499999999997,5.0,3.0,2.0,0.6666666666666666,PLASMATRONIC LAMP
22882,5.85,0.9239999999999998,3.0,1.0,2.0,2.0,NUMBER TILE VINTAGE FONT 3
84968C,138.09,57.241800000000005,7.0,5.0,2.0,0.4,SET OF 16 VINTAGE PISTACHIO CUTLERY
23702,24.0,13.530000000000003,3.0,1.0,2.0,2.0,High Resolution Image
23093,141.89000000000001,33.9328,55.0,53.0,2.0,0.03773584905660377,SMALL PARISIENNE HEART PHOTO FRAME
23617,5.82,1.2803999999999998,2.0,0.0,2.0,,SET 10 CARDS SWIRLY XMAS TREE 17104
22680,132.3,32.4335,101.0,99.0,2.0,0.020202020202020204,FRENCH BLUE METAL DOOR SIGN 5
23137,41.21,11.1067,10.0,8.0,2.0,0.25,ZINC WIRE SWEETHEART LETTER TRAY
84711B,29.849999999999998,7.639499999999996,3.0,1.0,2.0,2.0,PINK OVAL SHAPE TRINKET BOX
84795B,15.9,3.4979999999999993,2.0,0.0,2.0,,SUNSET CHECK HAMMOCK
90165A,7.4399999999999995,1.5377999999999992,3.0,1.0,2.0,2.0,PINK ROSEBUD PEARL EARRINGS
23652,5.82,1.2803999999999998,2.0,0.0,2.0,,SET 10 CARD CHRISTMAS STAMPS 16963
23650,4.98,1.0956000000000001,2.0,0.0,2.0,,SET 10 CARDS FILIGREE BAUBLE 16961
90183A,8.7,1.8314999999999988,3.0,1.0,2.0,2.0,AMBER DROP EARRINGS W LONG BEADS
23621,4.98,1.0956000000000001,2.0,0.0,2.0,,SET 10 CARDS DAVID'S MADONNA 17074
23649,4.98,1.0956000000000001,2.0,0.0,2.0,,SET 10 CARDS DECK THE HALLS 16960
90018C,8.3,1.7215000000000003,2.0,0.0,2.0,,SILVER BLACK ORBIT DROP EARRINGS
35443,2.55,0.5609999999999998,3.0,1.0,2.0,2.0,RASTA IN BATH W SPLIFF ASHTRAY
23623,11.64,2.5607999999999995,4.0,2.0,2.0,1.0,SET 10 CARD CHRISTMAS WELCOME 17112
23629,27.39,6.025800000000001,11.0,9.0,2.0,0.2222222222222222,SET 10 CARDS DRESSING UP 17077
22479,33.43,12.6786,19.0,17.0,2.0,0.11764705882352941,DAISY GARDEN MARKER
90014C,13.350000000000001,-0.6655000000000002,2.0,0.0,2.0,,SILVER AND BLACK ORBIT NECKLACE
79161A,5.9,1.2979999999999998,2.0,0.0,2.0,,ST GEORGE SET OF 10 PARTY LIGHTS
90201A,11.6,2.4419999999999984,4.0,2.0,2.0,1.0,PURPLE ENAMEL FLOWER RING
90181A,27.25,5.884999999999998,3.0,1.0,2.0,2.0,AMBER GLASS/SHELL/PEARL NECKLACE
90069,15.0,3.3,2.0,0.0,2.0,,RUBY GLASS CLUSTER NECKLACE
37489D,2.73,0.6005999999999998,7.0,5.0,2.0,0.4,PINK/GREEN FLOWER DESIGN BIG MUG
22442,100.95,20.888999999999996,13.0,11.0,2.0,0.18181818181818182,GROW YOUR OWN FLOWERS SET OF 3
90202C,5.8,1.2099999999999995,2.0,0.0,2.0,,GREEN ENAMEL FLOWER HAIR TIE
90038A,7.46,1.6192000000000002,2.0,0.0,2.0,,GLASS AND PAINTED BEADS BRACELET TO
90039C,7.46,1.6192000000000002,2.0,0.0,2.0,,FIRE POLISHED GLASS BRACELET BLACK
90039D,7.46,1.5531999999999995,2.0,0.0,2.0,,FIRE POLISHED GLASS BRACELET GREEN
90059B,3.3,0.704,2.0,0.0,2.0,,DIAMANTE HAIR GRIP PACK/2 BLACK DIA
84882,18.71,6.1567,4.0,2.0,2.0,1.0,GREEN WIRE STANDING CANDLE HOLDER
90055,4.96,1.0251999999999994,2.0,0.0,2.0,,CRACKED GLAZE EARRINGS BROWN
90206A,9.93,2.1846000000000005,2.0,0.0,2.0,,GOLD DIAMANTE STAR BROOCH
47016,4.2,0.9239999999999997,2.0,0.0,2.0,,LIGHT DECORATION BATTERY OPERATED
84884a,24.869999999999997,5.471399999999998,3.0,1.0,2.0,2.0,ANT WHITE WIRE HEART SPIRAL
22291,2.9,0.6379999999999999,2.0,0.0,2.0,,HANGING CHICK CREAM DECORATION
90177D,8.7,1.8314999999999988,3.0,1.0,2.0,2.0,DROP DIAMANTE EARRINGS PURPLE
37479P,8.58,1.887599999999999,22.0,20.0,2.0,0.1,CUBIC MUG FLOCK PINK ON BROWN
20767,65.88,18.470099999999995,23.0,21.0,2.0,0.09523809523809523,BLUE PAISLEY JOURNAL
90072,12.450000000000001,2.6647499999999997,3.0,1.0,2.0,2.0,RUBY DROP CHANDELIER EARRINGS
90033,4.96,1.0251999999999994,2.0,0.0,2.0,,IVORY SHELL HEART EARRINGS
90026C,17.0,3.7399999999999984,2.0,0.0,2.0,,GLASS BEAD HOOP NECKLACE GREEN
90168,8.7,1.8314999999999988,3.0,1.0,2.0,2.0,2 DAISIES HAIR COMB
84952A,33.71,14.912699999999997,8.0,6.0,2.0,0.3333333333333333,CLEAR LOVE BIRD T-LIGHT HOLDER
90027D,6.64,1.4607999999999994,2.0,0.0,2.0,,GLASS BEAD HOOP EARRINGS AMETHYST
35598C,5.9,1.2979999999999998,2.0,0.0,2.0,,WHITE CHRISTMAS TREE 60CM
72799F,47.2,10.384000000000002,16.0,14.0,2.0,0.14285714285714285,IVORY PILLAR CANDLE GOLD FLOCK
90081C,14.940000000000001,3.2868000000000004,3.0,1.0,2.0,2.0,LILY BROOCH OLIVE COLOUR
23052,198.78,71.38559999999998,18.0,16.0,2.0,0.125,RECYCLED ACAPULCO MAT TURQUOISE
22281,11.9,2.6179999999999994,2.0,0.0,2.0,,EASTER TREE YELLOW BIRDS
90175C,17.9,3.9379999999999984,2.0,0.0,2.0,,BLUE GLASS CHUNKY CHARM BRACELET
22454,47.2,10.383999999999999,16.0,14.0,2.0,0.14285714285714285,MEASURING TAPE BABUSHKA RED
22034,1.66,0.8161999999999999,2.0,0.0,2.0,,ROBIN CHRISTMAS CARD
21041,47.2,10.384,16.0,14.0,2.0,0.14285714285714285,RED RETROSPOT OVEN GLOVE DOUBLE
90211B,11.9,2.6289999999999996,2.0,0.0,2.0,,JET BLACK LAS VEGAS NECKLACE 45CM
90075,19.14,4.892799999999999,2.0,0.0,2.0,,MONTANA DIAMOND CLUSTER NECKLACE
90176A,7.5,-0.07500000000000018,2.0,0.0,2.0,,CLASSIC DIAMANTE NECKLACE JET
90011A,5.85,1.2485,2.0,0.0,2.0,,MIDNIGHT BLUE CRYSTAL DROP EARRINGS
90177C,5.8,1.2209999999999992,2.0,0.0,2.0,,DROP DIAMANTE EARRINGS CRYSTAL
20848,8.850000000000001,1.9470000000000005,3.0,1.0,2.0,2.0,ZINC HEART LATTICE CHARGER SMALL
90144,11.19,2.4288000000000003,3.0,1.0,2.0,2.0,SILVER DROP EARRINGS WITH FLOWER
21555,42.36,8.774699999999998,17.0,15.0,2.0,0.13333333333333333,CERAMIC STRAWBERRY TRINKET TRAY
15056bl,87.22,19.1884,7.0,5.0,2.0,0.4,EDWARDIAN PARASOL BLACK
22696,325.09,99.09679999999999,141.0,139.0,2.0,0.014388489208633094,WICKER WREATH LARGE
85169C,2.5,0.55,2.0,0.0,2.0,,EAU DE NIL LOVE BIRD CANDLE
22380,229.74,62.428799999999974,109.0,107.0,2.0,0.018691588785046728,TOY TIDY SPACEBOY
22072,141.36,25.484699999999997,41.0,39.0,2.0,0.05128205128205128,RED RETROSPOT TEA CUP AND SAUCER
20821,9.9,-3.564000000000001,2.0,0.0,2.0,,GOLDIE LOOKING MIRROR
21277,78.8,12.385999999999994,4.0,2.0,2.0,1.0,FRENCH STYLE EMBOSSED HEART CABINET
90196A,25.5,5.61,2.0,0.0,2.0,,PURPLE GEMSTONE NECKLACE 45CM
17191A,7.5,1.65,2.0,0.0,2.0,,ROSE FLOWER CANDLE+INCENSE 16X16CM
23417,34.629999999999995,9.4226,19.0,17.0,2.0,0.11764705882352941,BATHROOM HOOK
21462,46.83,17.496599999999994,5.0,3.0,2.0,0.6666666666666666,"NURSERY A,B,C PAINTED LETTERS"
90196B,25.5,5.61,2.0,0.0,2.0,,BLACK GEMSTONE NECKLACE 45CM
20901,12.7,-4.213000000000003,2.0,0.0,2.0,,VINTAGE KEEPSAKE BOX PINK FLOWER
22762,145.1,19.1865,13.0,11.0,2.0,0.18181818181818182,CUPBOARD 3 DRAWER MA CAMPAGNE
84360,29.75,6.545,5.0,3.0,2.0,0.6666666666666666,TABLE LAMP WHITE SHADE WOOD BASE
21442,16.009999999999998,4.3801999999999985,17.0,15.0,2.0,0.13333333333333333,GREEN BIRDHOUSE DECORATION
90141A,10.8,2.3759999999999994,2.0,0.0,2.0,,GREEN PENDANT TRIPLE SHELL NECKLACE
85129B,4.92,2.4133999999999998,2.0,0.0,2.0,,BEADED CRYSTAL HEART GREEN SMALL
90130D,5.8,1.2154999999999996,2.0,0.0,2.0,,RED STONE/CRYSTAL EARRINGS
90003C,14.92,3.2384000000000004,4.0,2.0,2.0,1.0,MIDNIGHT BLUE PAIR HEART HAIR SLIDE
85161,56.849999999999994,12.506999999999996,3.0,1.0,2.0,2.0,ACRYLIC GEOMETRIC LAMP
84971l,4.92,1.0824,2.0,0.0,2.0,,LARGE HEART FLOWERS HOOK
90199A,12.7,2.793999999999999,2.0,0.0,2.0,,5 STRAND GLASS NECKLACE BLACK
84673A,2.6,0.5719999999999998,4.0,2.0,2.0,1.0,PINK FLY SWAT
90151,17.0,3.7399999999999984,2.0,0.0,2.0,,SILVER/NATURAL SHELL NECKLACE
82616B,128.07,-17.744100000000003,86.0,84.0,2.0,0.023809523809523808,FRAPPUCINO SCARF KNITTING KIT
22498,110.0,29.0675,17.0,15.0,2.0,0.13333333333333333,WOODEN REGATTA BUNTING
23158,658.34,177.42899999999997,295.0,293.0,2.0,0.006825938566552901,SET OF 5 LUCKY CAT MAGNETS
21580,51.8,18.848499999999998,17.0,15.0,2.0,0.13333333333333333,RABBIT  DESIGN  COTTON TOTE BAG
85169B,20.97,9.271899999999999,10.0,8.0,2.0,0.25,BLACK LOVE BIRD CANDLE
17090A,11.25,2.475,9.0,6.0,3.0,0.5,LAVENDER INCENSE 40 CONES IN TIN
23297,8.25,0.29700000000000015,9.0,6.0,3.0,0.5,SET 40 HEART SHAPE PETIT FOUR CASES
22763,217.31,46.933699999999995,22.0,19.0,3.0,0.15789473684210525,KEY CABINET MA CAMPAGNE
90059F,6.6,1.452,4.0,1.0,3.0,3.0,DIAMANTE HAIR GRIP PACK/2 LT ROSE
90134,20.3,4.2349999999999985,7.0,4.0,3.0,0.75,OLD ROSE COMBO BEAD NECKLACE
90175A,27.450000000000003,6.038999999999998,3.0,0.0,3.0,,WHITE GLASS CHUNKY CHARM BRACELET
23612,6.64,1.4607999999999994,4.0,1.0,3.0,3.0,SET 10 MINICARDS CUTE SNOWMAN 17071
90205A,6.6,1.408,4.0,1.0,3.0,3.0,LARGE MINT DIAMANTE HAIRSLIDE
90175D,27.450000000000003,6.038999999999998,3.0,0.0,3.0,,TIGRIS EYE CHUNKY CHARM BRACELET
90050,6.950000000000001,-1.7009999999999996,3.0,0.0,3.0,,CRACKED GLAZE NECKLACE IVORY
35810B,4.1499999999999995,-2.5795000000000012,5.0,2.0,3.0,1.5,ENAMEL BLUE RIM COFFEE CONTAINER
90202D,8.7,1.8314999999999988,3.0,0.0,3.0,,PINK ENAMEL FLOWER HAIR TIE
47591d,14.879999999999999,3.273599999999999,3.0,0.0,3.0,,PINK FAIRY CAKE CHILDRENS APRON
21054,26.849999999999998,5.9069999999999965,3.0,0.0,3.0,,NURSE'S BAG SOFT TOY
85163B,32.849999999999994,4.256999999999994,3.0,0.0,3.0,,BLACK BAROQUE WALL CLOCK
46776E,59.46,13.367199999999997,14.0,11.0,3.0,0.2727272727272727,WOVEN CANDY CUSHION COVER
90070,24.080000000000002,4.835600000000001,4.0,1.0,3.0,3.0,RUBY GLASS CLUSTER BRACELET
84509a,74.6,16.411999999999995,10.0,7.0,3.0,0.42857142857142855,SET OF 4 ENGLISH ROSE PLACEMATS
90176B,22.48,4.9346000000000005,3.0,0.0,3.0,,DIAMANTE NECKLACE BLACK
23395,1031.53,297.8906,243.0,240.0,3.0,0.0125,BELLE JARDINIERE CUSHION COVER
22750,1214.08,314.02909999999997,301.0,298.0,3.0,0.010067114093959731,FELTCRAFT PRINCESS LOLA DOLL
84843,148.88,23.00759999999999,28.0,25.0,3.0,0.12,WHITE SOAP RACK WITH 2 BOTTLES
21441,18.49,5.354799999999999,19.0,16.0,3.0,0.1875,BLUE BIRDHOUSE DECORATION
90179A,17.72,3.8268999999999993,3.0,0.0,3.0,,AMBER FINE BEAD NECKLACE W TASSEL
22649,283.04,65.4808,56.0,53.0,3.0,0.05660377358490566,STRAWBERRY FAIRY CAKE TEAPOT
85170B,16.66,5.898199999999998,6.0,3.0,3.0,1.0,SET/6 BLACK BIRD T-LIGHT CANDLES
44235,3.36,0.7391999999999999,8.0,5.0,3.0,0.6,ASSORTED COLOURED CIRCLE MOBILE
90155,22.5,4.949999999999999,3.0,0.0,3.0,,RESIN NECKLACE W PASTEL BEADS
85170C,29.26,6.294200000000002,12.0,9.0,3.0,0.3333333333333333,SET/6 EAU DE NIL BIRD T-LIGHTS
72133,7.5,1.65,6.0,3.0,3.0,1.0,COLUMBIAN CANDLE RECTANGLE
37370,11.549999999999999,4.0809999999999995,7.0,4.0,3.0,0.75,RETRO COFFEE MUGS ASSORTED
22288,3.75,0.8250000000000001,3.0,0.0,3.0,,HANGING METAL RABBIT DECORATION
20619,24.92,9.948399999999998,8.0,5.0,3.0,0.6,TROPICAL PASSPORT COVER
20699,7.6499999999999995,1.6829999999999994,3.0,0.0,3.0,,MOUSEY LONG LEGS SOFT TOY
21281,7.6499999999999995,1.682999999999999,3.0,0.0,3.0,,VINTAGE KITCHEN PRINT SEAFOOD
90182B,8.7,1.9139999999999997,3.0,0.0,3.0,,AMETHYST 3 BEAD DROP EARRINGS
21114,157.37,50.3624,103.0,100.0,3.0,0.03,LAVENDER SCENTED FABRIC HEART
22860,9.899999999999999,2.177999999999999,6.0,3.0,3.0,1.0,EASTER TIN CHICKS PINK DAISY
84884A,52.519999999999996,18.715399999999995,10.0,7.0,3.0,0.42857142857142855,ANT WHITE WIRE HEART SPIRAL
22395,37.69,13.5938,11.0,8.0,3.0,0.375,PAPERWEIGHT VINTAGE PAISLEY
47341B,7.5,1.6500000000000001,6.0,3.0,3.0,1.0,BLUE TABLE RUN FLOWER
90016B,33.46,7.064199999999998,4.0,1.0,3.0,3.0,GOLD/M.O.P PENDANT ORBIT NECKLACE
79191B,11.69,1.5128,23.0,20.0,3.0,0.15,RETRO PLASTIC POLKA TRAY
90205C,6.6,1.452,4.0,1.0,3.0,3.0,LARGE CRYSTAL DIAMANTE HAIRSLIDE
84993a,3.32,0.7303999999999997,4.0,1.0,3.0,3.0,75 GREEN PETIT FOUR CASES
22808,20.32,9.156399999999998,4.0,1.0,3.0,3.0,SET OF 6 T-LIGHTS EASTER CHICKS
90184C,36.2,8.183999999999997,4.0,1.0,3.0,3.0,BLACK CHUNKY BEAD BRACELET W STRAP
85130C,8.690000000000001,1.9117999999999997,11.0,8.0,3.0,0.375,BEADED CRYSTAL HEART BLUE  LARGE
47369B,26.11,11.992199999999997,5.0,2.0,3.0,1.5,BLUE GREEN EMBROIDERY COSMETIC BAG
20761,78.51,29.5152,15.0,12.0,3.0,0.25,BLUE PAISLEY SKETCHBOOK
47481,6.8,1.4959999999999996,8.0,5.0,3.0,0.6,50CM METAL STRING WITH  7 CLIPS
84600,118.98,30.399599999999996,14.0,11.0,3.0,0.2727272727272727,NEW BAROQUE JEWELLERY BOX
23608,8.73,1.9205999999999996,3.0,0.0,3.0,,SET 10 CARDS RUDOLPHS NOSE 17097
90010A,28.71,7.339199999999999,3.0,0.0,3.0,,MIDNIGHT BLUE GLASS/SILVER BRACELET
20796,6.6,1.452,4.0,1.0,3.0,3.0,SMALL BLUE PROVENCAL CERAMIC BALL
84707A,129.53,45.0131,10.0,7.0,3.0,0.42857142857142855,SILVER JEWELLED MIRROR TRINKET TRAY
90163A,22.48,4.703600000000001,3.0,0.0,3.0,,PINK ROSEBUD & PEARL NECKLACE
23099,84.63,20.344099999999994,14.0,11.0,3.0,0.2727272727272727,FRENCH CARRIAGE LANTERN
79063D,0.76,0.1672,4.0,1.0,3.0,3.0,"RETRO PILL BOX , REVOLUTIONARY"
22797,255.2,47.343999999999994,16.0,13.0,3.0,0.23076923076923078,CHEST OF DRAWERS GINGHAM HEART
35637C,5.85,-5.313000000000001,3.0,0.0,3.0,,PINK STRING CURTAIN WITH POLE
85049A,1119.68,280.5286,846.0,843.0,3.0,0.0035587188612099642,TRADITIONAL CHRISTMAS RIBBONS
72807c,24.869999999999997,5.174399999999995,3.0,0.0,3.0,,SET/3 VANILLA SCENTED CANDLE IN BOX
90059D,4.949999999999999,1.023,3.0,0.0,3.0,,DIAMANTE HAIR GRIP PACK/2 PERIDOT
85045,19.8,4.356,4.0,1.0,3.0,3.0,GREEN CHRISTMAS TREE STRING 20LIGHT
90130A,11.65,2.480499999999999,4.0,1.0,3.0,3.0,WHITE STONE/CRYSTAL EARRINGS
21420,13.0,2.8599999999999994,4.0,1.0,3.0,3.0,OYSTER TRINKET BOX
21709,69.36,18.0147,13.0,10.0,3.0,0.3,FOLDING UMBRELLA CHOCOLATE POLKADOT
84206C,0.5700000000000001,0.12540000000000004,3.0,0.0,3.0,,CHAMPAGNE TRAY BLANK CARD
35649,34.44,7.5767999999999995,14.0,11.0,3.0,0.2727272727272727,VINTAGE BEAD COSMETIC BAG
21973,5.8,0.9424999999999998,5.0,2.0,3.0,1.5,SET OF 36 MUSHROOM PAPER DOILIES
85039a,13.16,2.8951999999999996,4.0,1.0,3.0,3.0,SET/4 RED MINI ROSE CANDLE IN BOWL
90165B,9.92,2.050399999999999,4.0,1.0,3.0,3.0,WHITE ROSEBUD  PEARL EARRINGS
90129B,25.23,11.210100000000002,9.0,6.0,3.0,0.5,TURQUOISE GLASS TASSLE BAG CHARM
90182A,11.6,2.5519999999999996,4.0,1.0,3.0,3.0,AMBER 3 BEAD DROP EARRINGS
85019A,65.0,14.299999999999999,52.0,49.0,3.0,0.061224489795918366,ROMANTIC IMAGES NOTEBOOK SET
21372,18.33,-0.7688999999999995,11.0,8.0,3.0,0.375,MIRRORED WALL ART TABLE LAMP
90190A,11.6,2.4419999999999984,4.0,1.0,3.0,3.0,SILVER/CRYSTAL DROP EARRINGS W LEAF
84968E,38.25,8.414999999999997,3.0,0.0,3.0,,SET OF 16 VINTAGE BLACK CUTLERY
22166,140.85999999999999,12.932700000000002,11.0,8.0,3.0,0.375,WALL MIRROR RECTANGLE DIAMANTE PINK
21698,31.759999999999998,-25.748799999999996,56.0,53.0,3.0,0.05660377358490566,MOCK LOBSTER FRIDGE MAGNET
23305,60.45,13.299,31.0,27.0,4.0,0.14814814814814814,SET 4 PICNIC CUTLERY BLUEBERRY
46776F,156.94,34.526799999999994,38.0,34.0,4.0,0.11764705882352941,WOVEN ROSE GARDEN CUSHION COVER
90197B,29.880000000000003,6.210600000000003,6.0,2.0,4.0,2.0,BLACK GLASS BRACELET W HEART CHARMS
85114A,31.32,9.5964,16.0,12.0,4.0,0.3333333333333333,BLACK ENCHANTED FOREST PLACEMAT
23143,51.99,17.152299999999997,4.0,0.0,4.0,,ZINC WIRE KITCHEN ORGANISER
37489B,1.56,0.34319999999999984,4.0,0.0,4.0,,BLUE/YELLOW FLOWER DESIGN BIG MUG
21747,18.71,4.7817,14.0,10.0,4.0,0.4,SMALL SKULL WINDMILL
23574,37.5,8.25,5.0,1.0,4.0,4.0,PACKING CHARGE
23125,8.67,-0.08910000000000018,5.0,1.0,4.0,4.0,6PC WOOD PLATE SET DISPOSABLE
90003B,14.92,3.2384,4.0,0.0,4.0,,ROSE COLOUR PAIR HEART HAIR SLIDES
90200A,29.150000000000002,6.082999999999998,7.0,3.0,4.0,1.3333333333333333,PURPLE SWEETHEART BRACELET
84984D,27.900000000000002,6.137999999999999,6.0,2.0,4.0,2.0,ORIENTAL RED CUSHION COVER
84969,239.94,77.22879999999998,46.0,42.0,4.0,0.09523809523809523,BOX OF 6 ASSORTED COLOUR TEASPOONS
90018B,20.75,4.3175,5.0,1.0,4.0,4.0,GOLD M.O.P ORBIT DROP EARRINGS
22476,248.93,69.1636,45.0,41.0,4.0,0.0975609756097561,EMPIRE UNION JACK TV DINNER TRAY
21556,10.2,2.2439999999999993,4.0,0.0,4.0,,CERAMIC STRAWBERRY MONEY BOX
90019B,27.0,5.939999999999999,5.0,1.0,4.0,4.0,GOLD M.O.P ORBIT BRACELET
21413,5.0,1.1,4.0,0.0,4.0,,PERIWINKLE T-LIGHT HOLDER
23465,132.0,29.039999999999992,16.0,12.0,4.0,0.3333333333333333,TUSCAN VILLA BIRD FEEDER
23069,100.0,21.999999999999993,16.0,12.0,4.0,0.3333333333333333,EDWARDIAN PHOTO FRAME
21881,22.76,6.0851999999999995,32.0,28.0,4.0,0.14285714285714285,CUTE CATS TAPE
90201D,14.5,3.052499999999998,5.0,1.0,4.0,4.0,GREEN ENAMEL FLOWER RING
22282,302.73,78.8271,22.0,18.0,4.0,0.2222222222222222,12 EGG HOUSE PAINTED WOOD
21190,6.6,1.4519999999999995,4.0,0.0,4.0,,PINK HEARTS PAPER GARLAND
84923,103.25,22.714999999999996,25.0,21.0,4.0,0.19047619047619047,PINK BUTTERFLY HANDBAG W BOBBLES
22247,4.96,1.9491999999999998,4.0,0.0,4.0,,BUNNY DECORATION MAGIC GARDEN
21408,142.60999999999999,49.41719999999999,27.0,23.0,4.0,0.17391304347826086,SPOTTY PINK DUCK DOORSTOP
90202A,11.6,2.4419999999999984,4.0,0.0,4.0,,PURPLE ENAMEL FLOWER HAIR TIE
23205,902.79,310.8633,822.0,818.0,4.0,0.004889975550122249,CHARLOTTE BAG VINTAGE ALPHABET
16162M,1.68,0.36959999999999993,4.0,0.0,4.0,,THE KING GIFT BAG 25x24x12cm
84842,15.0,3.3,4.0,0.0,4.0,,HELLO SAILOR BATHROOM SET
22823,440.0,80.3,4.0,0.0,4.0,,CHEST NATURAL WOOD 20 DRAWERS
10124G,1.68,0.36959999999999993,4.0,0.0,4.0,,ARMY CAMO BOOKCOVER TAPE
90214E,7.5,2.97,6.0,2.0,4.0,2.0,"LETTER ""E"" BLING KEY RING"
84859C,41.87,14.0074,17.0,13.0,4.0,0.3076923076923077,PINK DISCO HANDBAG
90214D,7.5,2.97,6.0,2.0,4.0,2.0,"LETTER ""D"" BLING KEY RING"
22391,40.1,15.4495,11.0,7.0,4.0,0.5714285714285714,PAPERWEIGHT HOME SWEET HOME
22394,35.28,11.7381,11.0,7.0,4.0,0.5714285714285714,PAPERWEIGHT KINGS CHOICE
90214J,8.33,3.1416,7.0,3.0,4.0,1.3333333333333333,"LETTER ""J"" BLING KEY RING"
90059C,6.6,1.452,4.0,0.0,4.0,,DIAMANTE HAIR GRIP PACK/2 MONTANA
72709,3.4,0.7479999999999998,4.0,0.0,4.0,,IVORY SCULPTED RND CANDLE
22912,70.19,18.6538,13.0,9.0,4.0,0.4444444444444444,YELLOW COAT RACK PARIS FASHION
22782,199.6,43.91199999999999,8.0,4.0,4.0,1.0,SET 3 WICKER STORAGE BASKETS
10124A,1.68,0.36959999999999993,4.0,0.0,4.0,,SPOTS ON RED BOOKCOVER TAPE
84558A,156.02,39.010400000000004,50.0,46.0,4.0,0.08695652173913043,3D DOG PICTURE PLAYING CARDS
90141C,21.6,4.751999999999999,4.0,0.0,4.0,,TURQ PENDANT TRIPLE SHELL NECKLACE
78124,38.75,8.524999999999999,31.0,27.0,4.0,0.14814814814814814,MAGAZINE RACK GEBRA ASSORTED
22364,149.02,51.054899999999996,41.0,37.0,4.0,0.10810810810810811,GLASS JAR DIGESTIVE BISCUITS
22884,16.29,1.1857999999999993,5.0,1.0,4.0,4.0,NUMBER TILE VINTAGE FONT 5
90214M,7.5,1.65,6.0,2.0,4.0,2.0,"LETTER ""M"" BLING KEY RING"
84819,39.870000000000005,4.987399999999997,11.0,6.0,5.0,0.8333333333333334,DANISH ROSE ROUND SEWING BOX
23081,988.0699999999999,275.30139999999994,107.0,102.0,5.0,0.049019607843137254,GREEN METAL BOX ARMY SUPPLIES
90183C,14.5,3.1899999999999995,5.0,0.0,5.0,,BLACK DROP EARRINGS W LONG BEADS
90214G,7.5,2.97,6.0,1.0,5.0,5.0,"LETTER ""G"" BLING KEY RING"
23616,12.450000000000001,2.7390000000000003,5.0,0.0,5.0,,SET 10 CARDS JINGLE BELLS 17217
20997,28.91,6.052199999999999,7.0,2.0,5.0,2.5,ROSE DU SUD CUSHION COVER
90103,12.54,2.6707999999999985,5.0,0.0,5.0,,PURPLE FRANGIPANI NECKLACE
21808,227.65,41.228,65.0,60.0,5.0,0.08333333333333333,"CHRISTMAS GARLAND STARS,TREES"
22165,323.90999999999997,95.1357,22.0,17.0,5.0,0.29411764705882354,"DIAMANTE HEART SHAPED WALL MIRROR,"
90014A,20.650000000000002,-22.407,7.0,2.0,5.0,2.5,SILVER M.O.P. ORBIT NECKLACE
35400,44.75,9.844999999999995,5.0,0.0,5.0,,WOODEN BOX ADVENT CALENDAR
90018A,41.800000000000004,8.865999999999998,10.0,5.0,5.0,1.0,SILVER M.O.P ORBIT DROP EARRINGS
23645,14.940000000000001,3.2868000000000004,6.0,1.0,5.0,5.0,SET 10 CHRISTMAS CARDS HOHOHO 16956
82613B,14.879999999999999,5.270099999999999,9.0,4.0,5.0,1.25,"METAL SIGN,CUPCAKE SINGLE HOOK"
23646,14.940000000000001,3.286800000000001,6.0,1.0,5.0,5.0,SET 10 CARDS JINGLE BELLS 16957
84817,14.700000000000003,-2.562000000000001,19.0,14.0,5.0,0.35714285714285715,DANISH ROSE DECORATIVE PLATE
90096,12.75,3.0525000000000007,5.0,0.0,5.0,,NECKLACE+BRACELET SET BLUE BLOSSOM
22684,58.63,14.8951,44.0,39.0,5.0,0.1282051282051282,FRENCH BLUE METAL DOOR SIGN 9
20795,16.59,6.9993,5.0,0.0,5.0,,LARGE BLUE PROVENCAL CERAMIC BALL
22473,182.37,45.13739999999999,35.0,30.0,5.0,0.16666666666666666,TV DINNER TRAY VINTAGE PAISLEY
79191D,5.949999999999999,1.3089999999999997,7.0,2.0,5.0,2.5,RETRO PLASTIC DAISY TRAY
84673B,27.049999999999997,14.036,19.0,14.0,5.0,0.35714285714285715,BLUE FLY SWAT
90214C,7.5,2.97,6.0,1.0,5.0,5.0,"LETTER ""C"" BLING KEY RING"
21633,76.5,16.829999999999995,6.0,1.0,5.0,5.0,SUNFLOWER DECORATIVE PARASOL
84559A,72.89999999999999,22.472999999999995,72.0,67.0,5.0,0.07462686567164178,3D SHEET OF DOG STICKERS
21533,325.20000000000005,64.43400000000003,76.0,71.0,5.0,0.07042253521126761,RETROSPOT LARGE MILK JUG
21509,131.52,31.97039999999999,300.0,295.0,5.0,0.01694915254237288,COWBOYS AND INDIANS BIRTHDAY CARD
85054,178.96,53.4292,52.0,47.0,5.0,0.10638297872340426,FRENCH ENAMEL POT W LID
90161B,69.4,15.091999999999999,14.0,9.0,5.0,0.5555555555555556,ANT COPPER TURQ BOUDICCA BRACELET
85170D,51.94,16.992800000000003,17.0,12.0,5.0,0.4166666666666667,SET/6 PINK BIRD T-LIGHT CANDLES
85049g,54.12,11.9064,22.0,17.0,5.0,0.29411764705882354,CHOCOLATE BOX RIBBONS
23414,380.47999999999996,64.91559999999998,44.0,39.0,5.0,0.1282051282051282,ZINC BOX SIGN HOME
22250,11.41,5.513199999999999,7.0,2.0,5.0,2.5,DECORATION  BUTTERFLY  MAGIC GARDEN
23253,240.64,62.47779999999998,14.0,9.0,5.0,0.5555555555555556,16 PIECE CUTLERY SET PANTRY DESIGN
90130B,17.45,3.701499999999998,6.0,1.0,5.0,5.0,TURQ STONE/CRYSTAL EARRINGS
85040a,23.03,5.066599999999999,7.0,2.0,5.0,2.5,S/4 PINK FLOWER CANDLES IN BOWL
90214K,7.5,1.65,6.0,1.0,5.0,5.0,"LETTER ""K"" BLING KEY RING"
20935,14.75,3.2449999999999997,5.0,0.0,5.0,,ROUND CACTUS CANDLE
84206B,0.95,0.2089999999999999,5.0,0.0,5.0,,CAT WITH SUNGLASSES BLANK CARD
22794,150.94,37.51879999999999,18.0,13.0,5.0,0.38461538461538464,SWEETHEART WIRE MAGAZINE RACK
22512,47.269999999999996,11.6479,12.0,7.0,5.0,0.7142857142857143,DOORSTOP RACING CAR DESIGN
22510,63.75,14.025,17.0,12.0,5.0,0.4166666666666667,GINGHAM BABUSHKA DOORSTOP
84997c,344.72999999999996,78.50259999999997,41.0,36.0,5.0,0.1388888888888889,CHILDRENS CUTLERY POLKADOT BLUE
22802,199.5,43.88999999999999,10.0,5.0,5.0,1.0,FAUX FUR CHOCOLATE THROW
21226,7.5,1.65,6.0,1.0,5.0,5.0,POCKET MIRROR WOODLAND
20760,15.299999999999999,3.365999999999999,18.0,13.0,5.0,0.38461538461538464,GARDEN PATH POCKET BOOK
22309,134.31,37.50119999999999,47.0,42.0,5.0,0.11904761904761904,TEA COSY RED  STRIPE
90003E,18.65,4.048,5.0,0.0,5.0,,GREEN PAIR HEART HAIR SLIDES
90184B,45.55,10.460999999999999,5.0,0.0,5.0,,AMETHYST CHUNKY BEAD BRACELET W STR
90116,13.219999999999999,2.0614,6.0,1.0,5.0,5.0,FRUIT SALAD BAG CHARM
23147,234.89999999999998,51.67799999999999,162.0,157.0,5.0,0.03184713375796178,SINGLE ANTIQUE ROSE HOOK IVORY
90094,12.75,2.8049999999999993,5.0,0.0,5.0,,NECKLACE+BRACELET SET FRUIT SALAD
21947,99.24,34.4773,61.0,56.0,5.0,0.08928571428571429,SET OF 6 HEART CHOPSTICKS
90067A,17.700000000000003,3.894000000000001,6.0,1.0,5.0,5.0,PINK VINTAGE VICTORIAN EARRINGS
90211A,29.490000000000002,6.372299999999999,5.0,0.0,5.0,,DIAMOND LAS VEGAS NECKLACE 45CM
22425,226.64000000000001,54.72280000000001,44.0,39.0,5.0,0.1282051282051282,ENAMEL COLANDER CREAM
47420,0.9500000000000001,0.20900000000000002,5.0,0.0,5.0,,ASSORTED COLOUR SUCTION CUP HOOK
22918,65.36,18.152199999999997,90.0,85.0,5.0,0.058823529411764705,HERB MARKER PARSLEY
72799E,149.31000000000003,35.4662,49.0,44.0,5.0,0.11363636363636363,IVORY PILLAR CANDLE SILVER FLOCK
23041,224.07000000000002,56.1264,51.0,46.0,5.0,0.10869565217391304,PAPER LANTERN 9 POINT SNOW STAR
90040C,18.65,4.102999999999999,5.0,0.0,5.0,,MURANO STYLE GLASS BRACELET GOLD
72801G,8.75,1.9249999999999998,7.0,2.0,5.0,2.5,4 BURGUNDY WINE DINNER CANDLES
37450,155.05,30.150999999999996,55.0,50.0,5.0,0.1,CERAMIC CAKE BOWL + HANGING CAKES
90059E,9.899999999999999,2.178,6.0,1.0,5.0,5.0,DIAMANTE HAIR GRIP PACK/2 RUBY
21948,81.82,-3.2956000000000003,49.0,44.0,5.0,0.11363636363636363,SET OF 6 CAKE CHOPSTICKS
85135B,39.75,8.744999999999997,5.0,0.0,5.0,,BLUE DRAGONFLY HELICOPTER
84748,29.92,14.755399999999998,6.0,0.0,6.0,,FOLK FELT HANGING MULTICOL GARLAND
21426,92.76,29.8452,36.0,30.0,6.0,0.2,WOODLAND STORAGE BOX SMALL
90013A,22.46,4.721199999999998,6.0,0.0,6.0,,MIDNIGHT BLUE VINTAGE EARRINGS
20698,15.299999999999999,3.3659999999999988,6.0,0.0,6.0,,LITTLE PINK MONSTER SOFT TOY
90206C,39.72,8.6724,8.0,2.0,6.0,3.0,CRYSTAL DIAMANTE STAR BROOCH
21679,140.32999999999998,35.59159999999999,155.0,149.0,6.0,0.040268456375838924,SKULLS  STICKERS
22249,7.4399999999999995,2.9238,6.0,0.0,6.0,,DECORATION WHITE CHICK MAGIC GARDEN
23463,79.6,17.511999999999997,8.0,2.0,6.0,3.0,VINTAGE ZINC WATERING CAN
85187,9.899999999999999,2.178,6.0,0.0,6.0,,S/12 MINI RABBIT EASTER
84078A,1053.72,230.8909,27.0,21.0,6.0,0.2857142857142857,SET/4 WHITE RETRO STORAGE CUBES
90199C,37.86,8.197199999999999,6.0,0.0,6.0,,5 STRAND GLASS NECKLACE CRYSTAL
21280,15.299999999999999,3.365999999999998,6.0,0.0,6.0,,VINTAGE KITCHEN PRINT VEGETABLES
84984B,27.900000000000002,6.137999999999999,6.0,0.0,6.0,,RED PEONY CUSHION COVER
21927,40.0,6.7875000000000005,39.0,33.0,6.0,0.18181818181818182,BLUE/CREAM STRIPE CUSHION COVER
23537,321.5,89.64999999999999,58.0,52.0,6.0,0.11538461538461539,WALL ART I LOVE LONDON
84984A,27.900000000000002,6.137999999999999,6.0,0.0,6.0,,GREEN PEONY CUSHION COVER
84859B,15.83,4.6815999999999995,7.0,1.0,6.0,6.0,BLUE DISCO HANDBAG
85039C,21.189999999999998,4.5188,13.0,7.0,6.0,0.8571428571428571,S/4 BLACK MINI ROSE CANDLE IN BOWL
22799,118.25999999999999,34.960199999999986,12.0,6.0,6.0,1.0,SWEETHEART WIRE FRUIT BOWL
22509,269.48999999999995,86.31479999999999,13.0,7.0,6.0,0.8571428571428571,SEWING BOX RETROSPOT DESIGN
90204,23.299999999999997,5.043499999999997,7.0,1.0,6.0,6.0,PAIR OF ENAMEL BUTTERFLY HAIRCLIP
22292,13.049999999999999,2.8709999999999996,9.0,3.0,6.0,2.0,HANGING CHICK  YELLOW DECORATION
22270,29.96,8.6317,7.0,1.0,6.0,6.0,HAPPY EASTER HANGING DECORATION
47586A,15.299999999999999,3.365999999999998,6.0,0.0,6.0,,PINK FAIRY CAKE CUSHION COVER
90162A,17.700000000000003,3.894000000000001,6.0,0.0,6.0,,ANT SILVER TURQUOISE BOUDICCA RING
90003D,26.13,5.6826,7.0,1.0,6.0,6.0,CRYSTAL PAIR HEART HAIR SLIDES
22977,57.3,15.933499999999999,41.0,35.0,6.0,0.17142857142857143,DOLLY GIRL CHILDRENS EGG CUP
23180,66.13,20.9726,11.0,5.0,6.0,1.2,MUM'S KITCHEN CLOCK
23110,496.04,91.7483,97.0,91.0,6.0,0.06593406593406594,PARISIENNE KEY CABINET
90157,29.73,6.557099999999998,6.0,0.0,6.0,,RIVIERA NECKLACE
90030A,6.0,1.3199999999999998,6.0,0.0,6.0,,SPOTTED WHITE NATURAL SEED NECKLACE
79030D,4.68,-1.5773999999999995,12.0,6.0,6.0,1.0,TUMBLER BAROQUE
90174,19.84,4.232799999999999,8.0,2.0,6.0,3.0,BUTTERFLY HAIR BAND
85106,15.299999999999999,3.3659999999999988,6.0,0.0,6.0,,CUT GLASS HEXAGON T-LIGHT HOLDER
90030B,18.0,-44.35200000000001,18.0,12.0,6.0,0.5,RED KUKUI COCONUT SEED NECKLACE
22889,16.66,-0.8008000000000002,6.0,0.0,6.0,,NUMBER TILE VINTAGE FONT No
90030C,6.0,-6.633000000000001,6.0,0.0,6.0,,BROWN KUKUI COCONUT SEED NECKLACE
84510c,19.68,4.329600000000001,8.0,2.0,6.0,3.0,SET OF 4 POLKADOT COASTERS
20697,15.299999999999999,3.3659999999999988,6.0,0.0,6.0,,LITTLE GREEN MONSTER SOFT TOY
90147,60.15,13.480499999999997,6.0,0.0,6.0,,CHUNKY SILVER NECKLACE PASTEL FLOWE
21508,85.45,18.903499999999994,203.0,197.0,6.0,0.030456852791878174,VINTAGE KID DOLLY CARD
20618,21.0,4.619999999999999,10.0,4.0,6.0,1.5,QUEEN OF THE SKIES PASSPORT COVER
21031,12.5,2.75,10.0,4.0,6.0,1.5,SPACE CADET BLACK
84592,41.190000000000005,10.623800000000001,13.0,7.0,6.0,0.8571428571428571,CROCHET ROSE PURSE WITH SUEDE BACK
21624,145.75,27.677999999999997,27.0,21.0,6.0,0.2857142857142857,VINTAGE UNION JACK DOORSTOP
90031,6.0,1.3199999999999998,6.0,0.0,6.0,,BILI NUT AND WOOD NECKLACE
21845,85.32000000000001,-109.53360000000004,108.0,102.0,6.0,0.058823529411764705,DAIRY MAID STRIPE MUG
20782,54.14,23.57079999999999,6.0,0.0,6.0,,CAMOUFLAGE EAR MUFF HEADPHONES
23165,602.2099999999999,156.35619999999997,341.0,334.0,7.0,0.020958083832335328,LARGE CERAMIC TOP STORAGE JAR
84989A,4.4,0.9679999999999997,8.0,1.0,7.0,7.0,75 GREEN FAIRY CAKE CASES
21758,79.41,18.575699999999998,12.0,5.0,7.0,1.4,VINTAGE SHELLS PRINT
72800D,25.5,5.6099999999999985,10.0,3.0,7.0,2.3333333333333335,4 BLUE DINNER CANDLES SILVER FLOCK
72807a,58.029999999999994,12.766599999999997,7.0,0.0,7.0,,SET/3 ROSE CANDLE IN JEWELLED BOX
21370,65.60000000000001,26.064500000000002,7.0,0.0,7.0,,MIRRORED WALL ART FOXY
23603,24.900000000000002,5.478000000000001,10.0,3.0,7.0,2.3333333333333335,SET 10 CARD KRAFT REINDEER 17084
90118,17.22,3.7884,7.0,0.0,7.0,,PINK DAISY BAG CHARM
23601,17.43,3.8346,7.0,0.0,7.0,,SET 10 CARDS SNOWY SNOWDROPS  17100
84970s,66.56,14.643199999999997,32.0,25.0,7.0,0.28,HANGING HEART ZINC T-LIGHT HOLDER
22954,15.0,3.3,12.0,5.0,7.0,1.4,HEN PARTY CORDON BARRIER TAPE
20655,19.759999999999998,8.3402,10.0,3.0,7.0,2.3333333333333335,QUEEN OF SKIES LUGGAGE TAG
85136A,119.25,26.234999999999996,15.0,8.0,7.0,0.875,YELLOW SHARK HELICOPTER
22118,165.08,39.991600000000005,32.0,25.0,7.0,0.28,JOY WOODEN BLOCK LETTERS
21394,10.92,2.4023999999999988,28.0,21.0,7.0,0.3333333333333333,RED POLKADOT BEAKER
90214H,9.58,3.6366,8.0,1.0,7.0,7.0,"LETTER ""H"" BLING KEY RING"
85053,562.58,137.50659999999996,256.0,249.0,7.0,0.028112449799196786,FRENCH ENAMEL CANDLEHOLDER
22538,6.68,2.3716,12.0,5.0,7.0,1.4,MINI JIGSAW GO TO THE FAIR
84406B,344.41,123.98320000000001,79.0,72.0,7.0,0.09722222222222222,CREAM CUPID HEARTS COAT HANGER
20657,14.879999999999999,5.270099999999999,9.0,2.0,7.0,3.5,TROPICAL LUGGAGE TAG
23627,17.43,3.8346000000000013,7.0,0.0,7.0,,SET 10 CARDS XMAS GRAPHIC  17218
90013B,41.5,8.635,10.0,3.0,7.0,2.3333333333333335,BLACK VINTAGE EARRINGS
22201,46.33,14.636599999999994,9.0,2.0,7.0,3.5,FRYING PAN BLUE POLKADOT
90190C,20.35,4.311999999999998,7.0,0.0,7.0,,SILVER/AMETHYST DROP EARRINGS LEAF
84712B,59.44,10.788799999999998,8.0,1.0,7.0,7.0,PINK JEWELLED PHOTO FRAME
21850,74.49,31.886799999999994,11.0,4.0,7.0,1.75,BLUE  DIAMANTE PEN IN GIFT BOX
84086B,17.700000000000003,3.2155000000000005,7.0,0.0,7.0,,YELLOW/BLUE RETRO RADIO
90129F,26.55,12.226499999999998,9.0,2.0,7.0,3.5,RED GLASS TASSLE BAG CHARM
23466,250.14,65.55779999999999,28.0,21.0,7.0,0.3333333333333333,TUSCAN VILLA DOVECOTE BIRD FEEDER
20752,52.43,12.168099999999995,25.0,17.0,8.0,0.47058823529411764,BLUE POLKADOT WASHING UP GLOVES
17174,3.3600000000000003,0.7392000000000001,8.0,0.0,8.0,,ASSTD RASTA KEY-CHAINS
22625,1281.8700000000001,299.8148999999999,147.0,139.0,8.0,0.05755395683453238,RED KITCHEN SCALES
21464,148.75,28.814999999999987,39.0,31.0,8.0,0.25806451612903225,DISCO BALL ROTATOR BATTERY OPERATED
84509G,67.5,14.85,18.0,10.0,8.0,0.8,SET OF 4 FAIRY CAKE PLACEMATS
21285,85.61000000000001,26.649699999999996,34.0,26.0,8.0,0.3076923076923077,RETROSPOT CANDLE  MEDIUM
23500,868.23,199.6621,682.0,674.0,8.0,0.011869436201780416,KEY RING BASEBALL BOOT ASSORTED
84510E,12.5,-3.9049999999999994,10.0,2.0,8.0,4.0,SET OF 4 GREEN CAROUSEL COASTERS
21629,221.94,74.69879999999999,22.0,14.0,8.0,0.5714285714285714,SQUARE FLOOR CUSHION VINTAGE RED
20617,27.23,7.107099999999998,12.0,4.0,8.0,2.0,FIRST CLASS PASSPORT COVER
21723,20.97,6.329399999999999,21.0,13.0,8.0,0.6153846153846154,ALPHABET HEARTS STICKER SHEET
85129D,22.259999999999998,0.9041999999999997,12.0,4.0,8.0,2.0,BEADED CRYSTAL HEART PINK SMALL
90162B,35.400000000000006,7.788000000000002,12.0,4.0,8.0,2.0,ANT SILVER LIME GREEN BOUDICCA RING
84609,247.0,40.589999999999975,32.0,24.0,8.0,0.3333333333333333,TALL ROCOCO CANDLE HOLDER
85095,35.56,16.117199999999997,16.0,8.0,8.0,1.0,THREE CANVAS LUGGAGE TAGS
21355,21.25,4.675000000000001,17.0,9.0,8.0,0.8888888888888888,TOAST ITS - I LOVE YOU
22533,30.24,6.652799999999998,72.0,64.0,8.0,0.125,MAGIC DRAWING SLATE BAKE A CAKE
21028,33.39,13.335299999999998,18.0,10.0,8.0,0.8,NINJA RABBIT BLACK
90164A,28.61,-15.788299999999998,9.0,1.0,8.0,8.0,PINK ROSEBUD PEARL BRACELET
72132,15.6,3.431999999999999,8.0,0.0,8.0,,COLUMBIAN CUBE CANDLE
22285,34.65,7.6229999999999976,21.0,13.0,8.0,0.6153846153846154,HANGING HEN ON NEST DECORATION
23632,22.880000000000003,5.033599999999999,11.0,3.0,8.0,2.6666666666666665,SET 10 CARDS CHEERFUL ROBIN 17065
90013C,39.5,7.589999999999999,10.0,2.0,8.0,4.0,GREEN VINTAGE EARRINGS
22588,439.51,156.1708,131.0,123.0,8.0,0.06504065040650407,CARD HOLDER GINGHAM HEART
22688,124.55,43.433499999999995,12.0,4.0,8.0,2.0,DOORMAT PEACE ON EARTH BLUE
20781,60.2,16.158999999999995,10.0,2.0,8.0,4.0,GOLD EAR MUFF HEADPHONES
84665,23.8,-0.2380000000000031,8.0,0.0,8.0,,SQUARE CHERRY BLOSSOM CABINET
23613,19.92,4.3824000000000005,8.0,0.0,8.0,,SET 10 XMAS CARDS & BADGES 17070
22407,11.21,3.1317,8.0,0.0,8.0,,MONEY BOX FIRST AID DESIGN
84849A,-11.829999999999998,-8.8218,9.0,1.0,8.0,8.0,HELLO SAILOR BLUE SOAP HOLDER
35004G,74.85,5.246999999999998,15.0,7.0,8.0,1.1428571428571428,SET OF 3 GOLD FLYING DUCKS
90083,13.04,2.8688000000000002,8.0,0.0,8.0,,CRYSTAL CZECH CROSS PHONE CHARM
44089A,3.36,0.7391999999999999,8.0,0.0,8.0,,PINK GAUZE BUTTERFLY LAMPSHADE
90160D,69.5,15.290000000000001,10.0,1.0,9.0,9.0,PINK BOUDICCA LARGE BRACELET
21873,57.57,21.6414,33.0,24.0,9.0,0.375,IF YOU CAN'T STAND THE HEAT MUG
23009,727.78,56.975599999999936,54.0,45.0,9.0,0.2,I LOVE LONDON BABY GIFT SET
23224,187.64999999999998,62.31219999999998,187.0,178.0,9.0,0.05056179775280899,CHERUB HEART DECORATION GOLD
22841,325.62,84.57239999999999,38.0,29.0,9.0,0.3103448275862069,ROUND CAKE TIN VINTAGE GREEN
21084,19.400000000000002,-17.952000000000005,92.0,83.0,9.0,0.10843373493975904,SET/6 COLLAGE PAPER CUPS
23039,122.05,32.84599999999999,57.0,48.0,9.0,0.1875,T-LIGHT HOLDER SILVER HEART HANDLE
22495,104.99000000000001,40.279799999999994,25.0,16.0,9.0,0.5625,SET OF 2 ROUND TINS CAMEMBERT
21625,304.44,73.8738,42.0,33.0,9.0,0.2727272727272727,VINTAGE UNION JACK APRON
21263,91.65,19.265999999999995,49.0,40.0,9.0,0.225,GREEN GOOSE FEATHER TREE 60CM
20832,44.129999999999995,-14.172400000000005,103.0,94.0,9.0,0.09574468085106383,RED FLOCK LOVE HEART PHOTO FRAME
90214S,15.0,5.94,12.0,3.0,9.0,3.0,"LETTER ""S"" BLING KEY RING"
22200,185.94,63.69879999999998,34.0,25.0,9.0,0.36,FRYING PAN PINK POLKADOT
46776D,74.34,15.562799999999998,18.0,9.0,9.0,1.0,WOVEN SUNSET CUSHION COVER
22396,53.94,-20.643700000000006,133.0,124.0,9.0,0.07258064516129033,MAGNETS PACK OF 4 RETRO PHOTO
47310M,85.37,11.048400000000003,61.0,52.0,9.0,0.17307692307692307,SMALL POP BOX FUNKY MONKEY
21129,93.37,22.2024,13.0,4.0,9.0,2.25,SILVER FISHING GNOME
21647,21.000000000000004,4.619999999999999,10.0,1.0,9.0,9.0,ASSORTED TUTTI FRUTTI LARGE PURSE
35598A,26.550000000000004,5.841000000000001,9.0,0.0,9.0,,DUSTY PINK CHRISTMAS TREE 60CM
90059A,14.85,3.069,9.0,0.0,9.0,,DIAMANTE HAIR GRIP PACK/2 CRYSTAL
84031B,181.78,42.7196,42.0,33.0,9.0,0.2727272727272727,CHARLIE LOLA BLUE HOT WATER BOTTLE
84031A,193.13,44.5126,45.0,36.0,9.0,0.25,CHARLIE+LOLA RED HOT WATER BOTTLE
40005B,7.65,1.6829999999999994,9.0,0.0,9.0,,BLUE ORGANDY ROUND LAMPSHADE W BEA
21221,27.060000000000002,13.2737,11.0,2.0,9.0,4.5,SET/4 BADGES CUTE CREATURES
84030e,155.21,40.31719999999999,17.0,8.0,9.0,1.125,ENGLISH ROSE HOT WATER BOTTLE
90208,29.83,6.205099999999996,12.0,3.0,9.0,3.0,PAIR OF PINK FLOWER CLUSTER SLIDE
85020,18.900000000000002,4.1579999999999995,9.0,0.0,9.0,,ROUND PINK HEART MIRROR
21365,30.12,-9.257600000000009,20.0,11.0,9.0,0.8181818181818182,MIRRORED WALL ART STARS
21250,50.040000000000006,12.5708,16.0,7.0,9.0,1.2857142857142858,SET OF SKULL WALL STICKERS
21770,743.4,174.933,146.0,137.0,9.0,0.06569343065693431,OPEN CLOSED METAL SIGN
22813,503.67999999999995,126.14359999999995,244.0,235.0,9.0,0.03829787234042553,PACK 3 BOXES BIRD PANETTONE
90161C,104.17,22.691899999999993,21.0,11.0,10.0,0.9090909090909091,ANT COPPER LIME BOUDICCA BRACELET
22167,197.32999999999998,37.02159999999999,21.0,11.0,10.0,0.9090909090909091,OVAL WALL MIRROR DIAMANTE
37327,6.24,1.1088,16.0,6.0,10.0,1.6666666666666667,ASSTD MULTICOLOUR CIRCLES MUG
21713,52.22,15.954399999999998,21.0,11.0,10.0,0.9090909090909091,CITRONELLA CANDLE FLOWERPOT
21111,176.38,28.727599999999974,66.0,56.0,10.0,0.17857142857142858,"SWISS ROLL TOWEL, CHOCOLATE  SPOTS"
22517,41.510000000000005,16.947699999999998,13.0,3.0,10.0,3.3333333333333335,CHILDS GARDEN RAKE PINK
22297,415.53000000000003,103.3956,315.0,305.0,10.0,0.03278688524590164,HEART IVORY TRELLIS SMALL
84880,120.78999999999999,43.92079999999999,15.0,5.0,10.0,2.0,WHITE WIRE EGG HOLDER
22305,65.88,18.4701,23.0,13.0,10.0,0.7692307692307693,COFFEE MUG PINK PAISLEY DESIGN
90158,64.44,14.011799999999997,13.0,3.0,10.0,3.3333333333333335,ST TROPEZ NECKLACE
22430,203.01000000000002,47.417699999999996,40.0,30.0,10.0,0.3333333333333333,ENAMEL WATERING CAN CREAM
90120B,50.8,11.065999999999995,12.0,2.0,10.0,5.0,BLUE MURANO TWIST BRACELET
90198B,46.65,10.207999999999997,11.0,1.0,10.0,10.0,VINTAGE ROSE BEAD BRACELET BLACK
21145,12.5,2.75,10.0,0.0,10.0,,ANTIQUE GLASS PLACE SETTING
22361,306.12,116.85689999999998,75.0,65.0,10.0,0.15384615384615385,GLASS JAR DAISY FRESH COTTON WOOL
84801A,21.0,4.619999999999997,10.0,0.0,10.0,,PINK HYDRANGEA ART FLOWER
20669,48.31,17.9487,28.0,18.0,10.0,0.5555555555555556,RED HEART LUGGAGE TAG
22327,612.92,218.15989999999996,157.0,147.0,10.0,0.06802721088435375,ROUND SNACK BOXES SET OF 4 SKULLS
79151B,4.2,0.9240000000000002,10.0,0.0,10.0,,"SILICON CUBE 25W, BLUE"
90120C,46.65,10.268499999999996,11.0,1.0,10.0,10.0,GREEN MURANO TWIST BRACELET
16015,15.0,3.3000000000000003,30.0,20.0,10.0,0.5,MEDIUM CHINESE STYLE SCISSOR
90164B,37.05,-51.3095,19.0,9.0,10.0,1.1111111111111112,WHITE  ROSEBUD PEARL BRACELET
21425,58.24000000000001,18.884800000000002,16.0,6.0,10.0,1.6666666666666667,SKULLS STORAGE BOX LARGE
22935,72.41,28.943199999999997,15.0,5.0,10.0,2.0,BAKING MOULD ROSE MILK CHOCOLATE
17084P,10.71,-0.5313000000000001,38.0,28.0,10.0,0.35714285714285715,DRAGONS BLOOD INCENSE
85212,26.239999999999995,-13.455200000000003,72.0,62.0,10.0,0.16129032258064516,MINI PAINTED GARDEN DECORATION
22241,21.17,5.9883999999999995,15.0,5.0,10.0,2.0,GARLAND WOODEN HAPPY EASTER
21977,750.4100000000001,150.06969999999995,1428.0,1418.0,10.0,0.007052186177715092,PACK OF 60 PINK PAISLEY CAKE CASES
22085,90.64000000000001,24.3628,28.0,18.0,10.0,0.5555555555555556,PAPER CHAIN KIT SKULLS
20748,178.5,39.269999999999996,14.0,4.0,10.0,2.5,KENSINGTON COFFEE SET
84708B,71.51,16.9477,14.0,4.0,10.0,2.5,PINK JEWELLED PHOTO FRAME
22483,361.53000000000003,98.2806,111.0,101.0,10.0,0.09900990099009901,RED GINGHAM TEDDY BEAR
20780,76.28999999999999,25.528799999999993,11.0,1.0,10.0,10.0,BLACK EAR MUFF HEADPHONES
23064,920.0,-1837.4700000000005,100.0,90.0,10.0,0.1111111111111111,CINDERELLA CHANDELIER
22647,27.27,9.0354,15.0,4.0,11.0,2.75,CERAMIC LOVE HEART MONEY BANK
84663A,16.59,-55.486200000000004,21.0,10.0,11.0,1.1,GRASS HOPPER WOODEN WALL CLOCK
22475,378.38,95.33259999999999,72.0,61.0,11.0,0.18032786885245902,SKULL DESIGN TV DINNER TRAY
90214A,19.58,7.5966000000000005,16.0,5.0,11.0,2.2,"LETTER ""A"" BLING KEY RING"
23464,64.45,16.9565,12.0,1.0,11.0,11.0,VINTAGE ZINC WATERING CAN SMALL
15044C,50.150000000000006,11.033,17.0,6.0,11.0,1.8333333333333333,PURPLE PAPER PARASOL
85194L,9.35,2.0569999999999995,11.0,0.0,11.0,,HANGING SPRING FLOWER EGG LARGE
23487,386.74,69.73579999999998,44.0,33.0,11.0,0.3333333333333333,SWEET HEART CAKE CARRIER
21591,863.5,349.64500000000004,476.0,465.0,11.0,0.023655913978494623,COSY HOUR CIGAR BOX MATCHES
23150,67.21000000000001,16.144700000000004,26.0,15.0,11.0,0.7333333333333333,IVORY SWEETHEART SOAP DISH
20769,35.699999999999996,7.8539999999999965,14.0,3.0,11.0,3.6666666666666665,DAISY JOURNAL
84429A,41.190000000000005,10.623800000000001,13.0,2.0,11.0,5.5,MEDIUM PINK BUDDHA HEAD
22148,29.25,6.434999999999999,15.0,4.0,11.0,2.75,EASTER CRAFT 4 CHICKS
79160,44.1,9.701999999999996,21.0,10.0,11.0,1.1,HEART SHAPE WIRELESS DOORBELL
10125,52.7,11.594000000000001,62.0,51.0,11.0,0.21568627450980393,MINI FUNKY DESIGN TAPES
22853,146.38,34.062599999999996,44.0,33.0,11.0,0.3333333333333333,CAT BOWL VINTAGE CREAM
22981,72.64,21.640299999999996,43.0,32.0,11.0,0.34375,PANTRY APPLE CORER
20894,38.35000000000001,8.437000000000001,13.0,2.0,11.0,5.5,HANGING BAUBLE T-LIGHT HOLDER LARGE
90099,30.599999999999998,6.7319999999999975,12.0,1.0,11.0,11.0,NECKLACE+BRACELET SET BLUE HIBISCUS
15030,6.379999999999999,1.4035999999999995,22.0,10.0,12.0,1.2,FAN BLACK FRAME
84536a,9.48,1.9536,12.0,0.0,12.0,,ENGLISH ROSE NOTEBOOK A7 SIZE
72783,25.200000000000003,5.543999999999999,12.0,0.0,12.0,,BLACK SIL'T SQU CANDLE PLATE
11001,235.42999999999998,62.84589999999999,128.0,116.0,12.0,0.10344827586206896,ASSTD DESIGN RACING CAR PEN
84821,34.849999999999994,7.666999999999998,41.0,29.0,12.0,0.41379310344827586,DANISH ROSE DELUXE COASTER
21000,56.07,15.453899999999999,15.0,3.0,12.0,4.0,ROSE DU SUD COSMETICS BAG
21003,70.04,15.716799999999996,12.0,0.0,12.0,,ROSE DU SUD CUSHION COVER
46776C,111.51,24.532199999999996,27.0,15.0,12.0,0.8,WOVEN FROST CUSHION COVER
21562,31.25,6.875,25.0,13.0,12.0,0.9230769230769231,HAWAIIAN GRASS SKIRT
21417,68.53,27.358099999999993,22.0,10.0,12.0,1.2,COCKLE SHELL DISH
84228,5.04,-0.24419999999999997,12.0,0.0,12.0,,HEN HOUSE WITH CHICK STANDING
37462E,3.1100000000000003,-3.5397999999999996,13.0,1.0,12.0,12.0,"PET MUG, GOLDFISH"
84279P,201.32,60.816399999999994,48.0,36.0,12.0,0.3333333333333333,CHERRY BLOSSOM  DECORATIVE FLASK
23449,15.0,3.3,12.0,0.0,12.0,,SET OF 6 EASTER RAINBOW CHICKS
85024B,19.799999999999997,4.355999999999998,12.0,0.0,12.0,,EAU DE NILE JEWELLED PHOTOFRAME
20831,25.200000000000003,5.543999999999999,12.0,0.0,12.0,,GOLD PHOTO FRAME
72349b,90.86,19.989199999999997,22.0,10.0,12.0,1.2,SET/6 PURPLE BUTTERFLY T-LIGHTS
23661,173.27999999999997,41.37209999999999,109.0,97.0,12.0,0.12371134020618557,MILK MAIDS MUG
21457,15.0,3.3,12.0,0.0,12.0,,2 PICTURE BOOK EGGS EASTER DUCKS
84457,10.2,2.2439999999999993,12.0,0.0,12.0,,SET/3 RABBITS FLOWER SKIPPPING ROPE
79164,7.0200000000000005,-10.929600000000002,18.0,6.0,12.0,2.0,BLACK WINE GLASS
21470,97.42,25.5134,24.0,12.0,12.0,1.0,FLOWER VINE RAFFIA FOOD COVER
35965,6.6000000000000005,-14.388000000000002,12.0,0.0,12.0,,FOLKART HEART NAPKIN RINGS
22515,59.99,26.746299999999998,18.0,6.0,12.0,2.0,CHILDS GARDEN SPADE PINK
85059,116.13,31.6701,28.0,16.0,12.0,0.75,FRENCH ENAMEL WATER BASIN
79149B,5.04,1.1088,12.0,0.0,12.0,,SILICON STAR BULB  BLUE
84508C,50.86,12.514699999999994,19.0,7.0,12.0,1.7142857142857142,BLUE CIRCLES DESIGN TEDDY
21458,15.0,3.3,12.0,0.0,12.0,,2 PICTURE BOOK EGGS EASTER BUNNY
22535,76.02,16.724399999999996,181.0,169.0,12.0,0.07100591715976332,MAGIC DRAWING SLATE BUNNIES
22125,127.39999999999999,58.82799999999998,12.0,0.0,12.0,,UNION JACK HOT WATER BOTTLE
90170,19.799999999999997,4.356,12.0,0.0,12.0,,DAISY HAIR BAND
18097C,83.31,26.2812,27.0,15.0,12.0,0.8,WHITE TALL PORCELAIN T-LIGHT HOLDER
90186B,38.150000000000006,8.283,13.0,1.0,12.0,12.0,CRYSTAL HOOP EARRING FLORAL LEAF
21725,12.75,2.805,15.0,3.0,12.0,4.0,SWEETIES  STICKERS
22134,39.96,3.3791999999999973,60.0,48.0,12.0,0.25,MINI LADLE LOVE HEART RED
90160C,90.59,20.0618,13.0,1.0,12.0,12.0,TURQ+RED BOUDICCA LARGE BRACELET
22806,58.89,14.517799999999994,19.0,7.0,12.0,1.7142857142857142,SET OF 6 T-LIGHTS WEDDING CAKE
20836,34.86,7.669199999999998,42.0,30.0,12.0,0.4,FRENCH PAISLEY CUSHION COVER
90133,59.52,12.236400000000001,12.0,0.0,12.0,,TEAL/FUSCHIA COL BEAD NECKLACE
22826,1360.0,299.1999999999999,16.0,4.0,12.0,3.0,LOVE SEAT ANTIQUE WHITE METAL
22063,79.65,17.523000000000003,27.0,15.0,12.0,0.8,CERAMIC BOWL WITH STRAWBERRY DESIGN
23043,212.46,50.15669999999999,33.0,21.0,12.0,0.5714285714285714,PAPER LANTERN 9 POINT HOLLY STAR L
21696,41.300000000000004,9.086,14.0,2.0,12.0,6.0,SMALL SILVER TRELLIS CANDLEPOT
22676,189.56,49.0237,141.0,129.0,12.0,0.09302325581395349,FRENCH BLUE METAL DOOR SIGN 1
23252,266.25,57.7125,72.0,60.0,12.0,0.2,VINTAGE RED ENAMEL TRIM JUG
21351,148.5,32.66999999999999,22.0,9.0,13.0,1.4444444444444444,CINAMMON & ORANGE WREATH
84231,8.450000000000001,1.8589999999999998,13.0,0.0,13.0,,EASTER BUNNY WITH BASKET ON BACK
22403,51.839999999999996,-40.5207,117.0,104.0,13.0,0.125,MAGNETS PACK OF 4 VINTAGE LABELS
22203,131.17,32.9384,33.0,20.0,13.0,0.65,MILK PAN RED RETROSPOT
21001,78.33,25.5816,15.0,2.0,13.0,6.5,ROSE DU SUD WASHBAG
22390,78.21,25.1592,25.0,12.0,13.0,1.0833333333333333,PAPERWEIGHT CHILDHOOD MEMORIES
22928,454.03000000000003,185.6806,53.0,40.0,13.0,0.325,YELLOW GIANT GARDEN THERMOMETER
72799C,44.25000000000001,9.735,15.0,2.0,13.0,6.5,PINK PILLAR CANDLE SILVER FLOCK
84828,71.86,26.4572,42.0,29.0,13.0,0.4482758620689655,JUNGLE POPSICLES ICE LOLLY MOULDS
21126,67.5,14.85,54.0,41.0,13.0,0.3170731707317073,SET OF 6 GIRLS CELEBRATION CANDLES
22258,16.25,3.5749999999999997,13.0,0.0,13.0,,FELT FARM ANIMAL RABBIT
72349B,215.88000000000002,54.192599999999985,97.0,84.0,13.0,0.15476190476190477,SET/6 PURPLE BUTTERFLY T-LIGHTS
82613C,23.71,5.8817,18.0,5.0,13.0,2.6,"METAL SIGN,CUPCAKE SINGLE HOOK"
85032A,77.07000000000001,21.8064,105.0,92.0,13.0,0.14130434782608695,ROMANTIC IMAGES GIFT WRAP SET
22042,31.07,7.060899999999998,73.0,60.0,13.0,0.21666666666666667,CHRISTMAS CARD SINGING ANGEL
82613D,28.63,8.2951,20.0,7.0,13.0,1.8571428571428572,METAL SIGN CUPCAKE SINGLE HOOK
85184C,103.14000000000001,24.2528,34.0,21.0,13.0,0.6190476190476191,SET 4 VALENTINE DECOUPAGE HEART BOX
22627,939.21,232.3166999999999,105.0,92.0,13.0,0.14130434782608695,MINT KITCHEN SCALES
22212,321.72,97.09139999999998,131.0,118.0,13.0,0.11016949152542373,FOUR HOOK  WHITE LOVEBIRDS
21251,67.52000000000001,19.540399999999998,20.0,7.0,13.0,1.8571428571428572,DINOSAUR HEIGHT CHART STICKER SET
20764,123.47,41.4469,26.0,13.0,13.0,1.0,ABSTRACT CIRCLES SKETCHBOOK
21867,50.93,16.528599999999997,33.0,20.0,13.0,0.65,PINK UNION JACK  LUGGAGE TAG
21205,40.8,8.975999999999994,16.0,3.0,13.0,4.333333333333333,MULTICOLOUR 3D BALLS GARLAND
21202,21.449999999999996,4.718999999999998,13.0,0.0,13.0,,DOLLY HONEYCOMB GARLAND
20653,19.92,5.7134,14.0,1.0,13.0,13.0,CHERRY BLOSSOM LUGGAGE TAG
23281,72.91999999999999,19.628399999999996,80.0,66.0,14.0,0.21212121212121213,FOLDING BUTTERFLY MIRROR RED
71403,52.99000000000001,-13.334200000000003,17.0,3.0,14.0,4.666666666666667,"PINK/WHITE ""KEEP CLEAN"" BULLET BIN"
22842,273.9,54.97799999999998,42.0,28.0,14.0,0.5,BISCUIT TIN VINTAGE RED
22939,310.46000000000004,81.1492,58.0,44.0,14.0,0.3181818181818182,ADULT APRON APPLE DELIGHT
82001s,373.0,82.05999999999999,50.0,36.0,14.0,0.3888888888888889,SILVER RECORD COVER FRAME
22604,323.77,120.2729,92.0,78.0,14.0,0.1794871794871795,SET OF 4 NAPKIN CHARMS CUTLERY
22032,21.82,5.251399999999999,50.0,36.0,14.0,0.3888888888888889,BOTANICAL LILY GREETING CARD
22600,425.89,114.28779999999996,457.0,443.0,14.0,0.03160270880361174,CHRISTMAS RETROSPOT STAR WOOD
22199,164.91,45.168199999999985,35.0,21.0,14.0,0.6666666666666666,FRYING PAN RED RETROSPOT
85114c,85.54,18.8188,26.0,12.0,14.0,1.1666666666666667,RED ENCHANTED FOREST PLACEMAT
21899,108.35,37.312,129.0,115.0,14.0,0.12173913043478261,GARAGE KEY FOB
21644,22.5,4.95,18.0,4.0,14.0,3.5,ASSORTED TUTTI FRUTTI HEART BOX
22265,9.100000000000001,2.0019999999999993,14.0,0.0,14.0,,EASTER DECORATION NATURAL CHICK
84813,175.2,22.703999999999986,16.0,2.0,14.0,7.0,SET OF 4 DIAMOND NAPKIN RINGS
90198A,79.85000000000001,17.176499999999997,19.0,5.0,14.0,2.8,VINTAGE ROSE BEAD BRACELET RASPBERR
23181,194.25,36.134999999999984,25.0,11.0,14.0,1.2727272727272727,BULL DOG BOTTLE TOP WALL CLOCK
48129,373.21,97.45669999999997,44.0,30.0,14.0,0.4666666666666667,DOORMAT TOPIARY
22398,146.64,-145.5872,376.0,362.0,14.0,0.03867403314917127,MAGNETS PACK OF 4 SWALLOWS
72802A,132.91,19.550699999999992,36.0,22.0,14.0,0.6363636363636364,ROSE SCENT CANDLE IN JEWELLED BOX
22406,67.06,22.0737,43.0,29.0,14.0,0.4827586206896552,MONEY BOX KINGS CHOICE DESIGN
21222,54.519999999999996,19.9804,32.0,18.0,14.0,0.7777777777777778,SET/4 BADGES BEETLES
85136C,127.2,27.983999999999995,16.0,1.0,15.0,15.0,RED SHARK HELICOPTER
21726,18.7,4.113999999999999,22.0,7.0,15.0,2.142857142857143,MULTI HEARTS  STICKERS
21042,137.97,37.5144,21.0,6.0,15.0,2.5,RED RETROSPOT APRON
21025,43.07,20.788899999999998,18.0,3.0,15.0,5.0,SPACE FROG
84580,273.09,63.8418,71.0,56.0,15.0,0.26785714285714285,MOUSE TOY WITH PINK T-SHIRT
71050,6.299999999999999,1.3859999999999992,18.0,3.0,15.0,5.0,SMALL SINGLE FLAME CANDLE HOLDER
84924A,78.63,23.4201,18.0,3.0,15.0,5.0,WAKE UP COCKEREL CALENDAR SIGN
22973,208.40999999999997,43.028699999999986,130.0,115.0,15.0,0.13043478260869565,CHILDREN'S CIRCUS PARADE MUG
22516,57.89,27.250299999999996,15.0,0.0,15.0,,CHILDS GARDEN RAKE BLUE
23008,533.56,67.43419999999995,38.0,23.0,15.0,0.6521739130434783,DOLLY GIRL BABY GIFT SET
21714,102.81,44.0387,54.0,39.0,15.0,0.38461538461538464,CITRONELLA CANDLE GARDEN POT
21557,147.57,56.84139999999999,35.0,20.0,15.0,0.75,SET OF 6 FUNKY BEAKERS
90119,66.6,14.751000000000001,27.0,12.0,15.0,1.25,METALIC LEAVES BAG CHARMS
21530,65.7,-79.39270000000002,81.0,66.0,15.0,0.22727272727272727,DAIRY MAID TOASTRACK
22982,152.95,46.958999999999996,103.0,88.0,15.0,0.17045454545454544,PANTRY PASTRY BRUSH
23034,201.38,51.38759999999999,130.0,115.0,15.0,0.13043478260869565,DRAWER KNOB CERAMIC BLACK
22718,46.19,10.387299999999998,109.0,94.0,15.0,0.1595744680851064,CARD CAT AND TREE
85135A,119.25,26.234999999999992,15.0,0.0,15.0,,YELLOW DRAGONFLY HELICOPTER
84509B,97.5,21.45,26.0,11.0,15.0,1.3636363636363635,SET OF 4 FAIRY CAKE PLACEMATS
21849,99.12,34.6434,18.0,3.0,15.0,5.0,SILVER DIAMANTE PEN IN GIFT BOX
21381,167.9,49.346,86.0,71.0,15.0,0.2112676056338028,MINI WOODEN HAPPY BIRTHDAY GARLAND
22263,21.47,8.584399999999999,17.0,2.0,15.0,7.5,FELT EGG COSY LADYBIRD
22405,28.71,6.9817,22.0,6.0,16.0,2.6666666666666665,MONEY BOX POCKET MONEY DESIGN
21749,43.89,13.005299999999998,18.0,2.0,16.0,8.0,LARGE RED RETROSPOT WINDMILL
23611,52.29,11.503800000000002,21.0,5.0,16.0,3.2,SET 10 CARDS RED RIDING HOOD 17214
37475,160.39,30.467799999999997,17.0,1.0,16.0,16.0,SET/4 COLOURFUL MIXING BOWLS
21032,26.17,7.0884,19.0,3.0,16.0,5.333333333333333,SPACE CADET WHITE
20771,60.919999999999995,16.053399999999996,22.0,6.0,16.0,2.6666666666666665,CHRYSANTHEMUM  JOURNAL
21154,799.75,320.87,429.0,413.0,16.0,0.0387409200968523,RED RETROSPOT OVEN GLOVE
23060,85.28,18.761599999999998,41.0,25.0,16.0,0.64,HEART BEADED TRELLIS DECORATION
23178,106.98,31.510599999999997,32.0,16.0,16.0,1.0,JAM CLOCK MAGNET
22472,170.56,44.2112,32.0,16.0,16.0,1.0,TV DINNER TRAY DOLLY GIRL
85185B,88.5,19.47,30.0,14.0,16.0,1.1428571428571428,PINK HORSE SOCK PUPPET KIT
21164,282.43,73.0686,89.0,73.0,16.0,0.2191780821917808,HOME SWEET HOME METAL SIGN
21389,18.7,4.113999999999999,22.0,6.0,16.0,2.6666666666666665,IVORY HANGING DECORATION  BIRD
20622,35.7,7.853999999999997,17.0,1.0,16.0,16.0,VIP PASSPORT COVER
21676,28.339999999999996,9.666799999999999,26.0,10.0,16.0,1.6,FLOWERS  STICKERS
21564,67.85000000000001,14.927000000000003,23.0,7.0,16.0,2.2857142857142856,PINK  HEART SHAPE LOVE BUCKET
85049e,98.7,21.714000000000002,30.0,14.0,16.0,1.1428571428571428,SCANDINAVIAN REDS RIBBONS
85125,203.2,31.228999999999996,46.0,30.0,16.0,0.5333333333333333,SMALL ROUND CUT GLASS CANDLESTICK
21621,993.18,220.06859999999995,120.0,104.0,16.0,0.15384615384615385,VINTAGE UNION JACK BUNTING
22325,158.4,34.848000000000006,32.0,16.0,16.0,1.0,MOBILE VINTAGE HEARTS
85049H,107.13,-2.072400000000005,123.0,107.0,16.0,0.14953271028037382,URBAN BLACK RIBBONS
22345,16.08,3.966599999999999,18.0,2.0,16.0,8.0,PARTY PIZZA DISH BLUE POLKADOT
35833P,23.75,5.225,19.0,2.0,17.0,8.5,4 PINK FLOCK CHRISTMAS BALLS
22108,89.75,19.211499999999997,27.0,10.0,17.0,1.7,PING! MICROWAVE PLATE
22984,49.51,12.019699999999998,113.0,96.0,17.0,0.17708333333333334,CARD GINGHAM ROSE
20659,44.44,19.093799999999998,22.0,5.0,17.0,3.4,ECONOMY LUGGAGE TAG
85127,183.87,73.51740000000001,25.0,8.0,17.0,2.125,SMALL SQUARE CUT GLASS CANDLESTICK
20616,28.89,-0.5797000000000025,25.0,8.0,17.0,2.125,CHERRY BLOSSOM PASSPORT COVER
22768,975.4599999999999,243.0572,94.0,77.0,17.0,0.22077922077922077,FAMILY PHOTO FRAME CORNICE
21358,61.15,6.522999999999998,59.0,42.0,17.0,0.40476190476190477,TOAST ITS - HAPPY BIRTHDAY
85232D,252.57000000000002,61.076400000000014,49.0,32.0,17.0,0.53125,SET/3 DECOUPAGE STACKING TINS
23444,375.0,82.5,25.0,8.0,17.0,2.125,Next Day Carriage
23004,127.76,35.77419999999999,271.0,254.0,17.0,0.06692913385826772,TRAVEL CARD WALLET PANTRY
22220,149.30999999999997,12.605200000000002,27.0,10.0,17.0,1.7,CAKE STAND LOVEBIRD 2 TIER WHITE
23324,97.76,21.507199999999997,47.0,30.0,17.0,0.5666666666666667,RUSTIC STRAWBERRY JAM POT LARGE
23139,20.299999999999997,0.4639999999999995,26.0,9.0,17.0,1.8888888888888888,SINGLE WIRE HOOK PINK HEART
20775,78.66,17.0082,48.0,31.0,17.0,0.5483870967741935,DAISY NOTEBOOK
20867,31.21,7.5317,24.0,7.0,17.0,2.4285714285714284,PINK ROSE FABRIC MIRROR
22169,1063.9,246.8979999999999,123.0,106.0,17.0,0.16037735849056603,FAMILY ALBUM WHITE PICTURE FRAME
22195,562.5799999999999,166.38160000000002,294.0,276.0,18.0,0.06521739130434782,LARGE HEART MEASURING SPOONS
72811,32.54,10.304799999999998,18.0,0.0,18.0,,SMALL ZINC/GLASS CANDLEHOLDER
84206A,3.4200000000000004,0.7524000000000002,18.0,0.0,18.0,,3 BLACK CATS W HEARTS BLANK CARD
84192,33.75,7.425,27.0,9.0,18.0,2.0,ASSORTED COLOUR METAL CAT
22781,612.51,213.90420000000003,63.0,45.0,18.0,0.4,GUMBALL MAGAZINE RACK
22445,208.24,62.9948,60.0,42.0,18.0,0.42857142857142855,PENCIL CASE LIFE IS BEAUTIFUL
22372,234.01,65.65019999999998,49.0,31.0,18.0,0.5806451612903226,AIRLINE BAG VINTAGE WORLD CHAMPION
85159A,58.5,12.869999999999996,30.0,12.0,18.0,1.5,"BLACK TEA,COFFEE,SUGAR JARS"
22446,214.79,52.187299999999986,82.0,64.0,18.0,0.28125,PIN CUSHION BABUSHKA PINK
22897,297.44,79.8963,187.0,169.0,18.0,0.10650887573964497,OVEN MITT APPLES DESIGN
22196,409.86999999999995,116.91239999999996,425.0,407.0,18.0,0.044226044226044224,SMALL HEART MEASURING SPOONS
23153,153.71,35.8567,40.0,22.0,18.0,0.8181818181818182,ZINC SWEETHEART WIRE LETTER RACK
23406,1001.6700000000001,90.66089999999998,198.0,180.0,18.0,0.1,HOME SWEET HOME KEY HOLDER
23315,436.28,100.6181,43.0,25.0,18.0,0.72,IVORY REFECTORY CLOCK
21684,52.16,16.788199999999996,50.0,32.0,18.0,0.5625,SMALL MEDINA STAMPED METAL BOWL
23579,59.65,19.118,25.0,7.0,18.0,2.5714285714285716,SNACK TRAY I LOVE LONDON
22847,1484.69,316.5598,91.0,73.0,18.0,0.2465753424657534,BREAD BIN DINER STYLE IVORY
21688,94.29000000000002,22.305800000000005,31.0,13.0,18.0,1.3846153846153846,SILVER PLATE CANDLE BOWL SMALL
21865,54.39,15.315299999999997,23.0,5.0,18.0,3.6,PINK UNION JACK  PASSPORT COVER
84792,517.0300000000001,134.69059999999996,103.0,85.0,18.0,0.21176470588235294,ENCHANTED BIRD COATHANGER 5 HOOK
23458,403.65,78.4875,30.0,12.0,18.0,1.5,DOLLY CABINET 3 DRAWERS
22450,70.35,15.476999999999997,21.0,3.0,18.0,6.0,SILK PURSE BABUSHKA BLUE
79302M,191.27,35.32539999999999,69.0,51.0,18.0,0.35294117647058826,"ART LIGHTS,FUNK MONKEY"
22800,385.61,115.7572,89.0,70.0,19.0,0.2714285714285714,ANTIQUE TALL SWIRLGLASS TRINKET POT
22261,29.189999999999998,9.853799999999998,27.0,8.0,19.0,2.375,FELT EGG COSY WHITE RABBIT
46776B,140.42,29.396399999999993,34.0,15.0,19.0,1.2666666666666666,WOVEN BERRIES CUSHION COVER
22504,628.75,72.32499999999996,25.0,6.0,19.0,3.1666666666666665,CABIN BAG VINTAGE RETROSPOT
21317,159.06,44.54119999999999,26.0,7.0,19.0,2.7142857142857144,GLASS SPHERE CANDLE STAND MEDIUM
22514,78.75,34.07249999999999,23.0,4.0,19.0,4.75,CHILDS GARDEN SPADE BLUE
22344,16.93,4.153599999999999,19.0,0.0,19.0,,PARTY PIZZA DISH PINK POLKADOT
20759,22.099999999999998,4.861999999999998,26.0,7.0,19.0,2.7142857142857144,CHRYSANTHEMUM POCKET BOOK
21866,87.3,22.5335,65.0,46.0,19.0,0.41304347826086957,UNION JACK FLAG LUGGAGE TAG
23578,39.23,9.8296,19.0,0.0,19.0,,SNACK TRAY RED GINGHAM
22493,359.55999999999995,91.73119999999999,204.0,185.0,19.0,0.10270270270270271,PAINT YOUR OWN CANVAS SET
21746,69.84,18.026799999999998,52.0,33.0,19.0,0.5757575757575758,SMALL RED RETROSPOT WINDMILL
21411,306.37,69.94239999999998,71.0,52.0,19.0,0.36538461538461536,GINGHAM HEART  DOORSTOP RED
22254,38.71,9.1817,30.0,11.0,19.0,1.7272727272727273,FELT TOADSTOOL LARGE
23423,243.59,60.0268,63.0,44.0,19.0,0.4318181818181818,PANTRY 3 HOOK ROLLING PIN HANGER
21452,260.29,77.1133,76.0,57.0,19.0,0.3333333333333333,TOADSTOOL MONEY BOX
22251,37.22,12.8469,23.0,4.0,19.0,4.75,BIRDHOUSE DECORATION MAGIC GARDEN
85179C,76.9,-4.378000000000002,47.0,28.0,19.0,0.6785714285714286,PINK BITTY LIGHT CHAIN
22252,102.5,22.549999999999997,82.0,63.0,19.0,0.30158730158730157,BIRDCAGE DECORATION TEALIGHT HOLDER
23440,39.52,8.694399999999998,19.0,0.0,19.0,,PAINT YOUR OWN EGGS IN CRATE
21707,145.88,38.820100000000004,27.0,7.0,20.0,2.857142857142857,FOLDING UMBRELLA BLACKBLUE POLKADOT
23242,311.79,76.48629999999999,143.0,123.0,20.0,0.16260162601626016,TREASURE TIN BUFFALO BILL
22308,145.66,-2.4178000000000166,42.0,22.0,20.0,0.9090909090909091,TEA COSY BLUE STRIPE
23282,111.68999999999998,35.32979999999999,111.0,91.0,20.0,0.21978021978021978,FOLDING BUTTERFLY MIRROR IVORY
23441,8.4,1.8480000000000003,20.0,0.0,20.0,,HAND PAINTED HANGING EASTER EGG
20654,36.01,11.915199999999999,23.0,3.0,20.0,6.666666666666667,FIRST CLASS LUGGAGE TAG
22478,93.19,29.8188,61.0,41.0,20.0,0.4878048780487805,BIRDHOUSE GARDEN MARKER
22839,690.66,202.9082,40.0,20.0,20.0,1.0,3 TIER CAKE TIN GREEN AND CREAM
22614,123.44999999999999,48.57249999999999,298.0,278.0,20.0,0.07194244604316546,PACK OF 12 SPACEBOY TISSUES
20733,55.269999999999996,13.798399999999996,63.0,43.0,20.0,0.46511627906976744,GOLD MINI TAPE MEASURE
21636,111.46,26.8367,143.0,123.0,20.0,0.16260162601626016,MADRAS NOTEBOOK MEDIUM
22832,227.79,51.23579999999999,21.0,1.0,20.0,20.0,BROCANTE SHELF WITH HOOKS
22701,89.04,11.773299999999994,35.0,15.0,20.0,1.3333333333333333,PINK DOG BOWL
20802,49.49999999999999,10.889999999999995,30.0,10.0,20.0,2.0,SMALL GLASS SUNDAE DISH CLEAR
20819,97.46000000000001,23.4817,25.0,5.0,20.0,4.0,SILVER TEDDY BEAR
23337,128.87,31.733899999999995,59.0,39.0,20.0,0.5128205128205128,EGG FRYING PAN MINT
22474,300.03999999999996,111.24079999999998,44.0,23.0,21.0,0.9130434782608695,SPACEBOY TV DINNER TRAY
21051,44.1,9.701999999999998,21.0,0.0,21.0,,RIBBONS PURSE
22067,89.07999999999998,21.40159999999999,52.0,31.0,21.0,0.6774193548387096,CHOC TRUFFLE GOLD TRINKET POT
47480,97.13,41.2126,37.0,16.0,21.0,1.3125,HANGING PHOTO CLIP ROPE LADDER
35651,34.65,3.069,33.0,12.0,21.0,1.75,VINTAGE BEAD PINK SCARF
22814,79.8,17.555999999999997,190.0,169.0,21.0,0.1242603550295858,CARD PARTY GAMES
21884,21.14,6.267799999999999,28.0,7.0,21.0,3.0,CAKES AND BOWS GIFT  TAPE
21466,107.62,25.117400000000004,28.0,7.0,21.0,3.0,RED FLOWER CROCHET FOOD COVER
22246,114.25,31.129999999999992,53.0,32.0,21.0,0.65625,MAGIC GARDEN FELT GARLAND
84931A,78.63,21.275099999999995,28.0,7.0,21.0,3.0,PINK SCOTTIE DOG W FLOWER PATTERN
21896,52.50000000000001,11.549999999999997,25.0,4.0,21.0,5.25,POTTING SHED TWINE
84997b,531.9499999999999,122.35299999999997,63.0,42.0,21.0,0.5,CHILDRENS CUTLERY RETROSPOT RED
22687,332.34,159.70679999999996,22.0,1.0,21.0,21.0,DOORMAT CHRISTMAS VILLAGE
23430,171.15,37.652999999999984,21.0,0.0,21.0,,BLUE RETRO KITCHEN WALL CLOCK
71406C,10.92,2.4023999999999996,26.0,5.0,21.0,4.2,BLACK ORANGE SQUEEZER
22691,292.18,71.94109999999998,35.0,14.0,21.0,1.5,DOORMAT WELCOME SUNRISE
22975,146.62,46.8974,96.0,75.0,21.0,0.28,SPACEBOY CHILDRENS EGG CUP
21846,106.03999999999999,35.571799999999996,26.0,5.0,21.0,4.2,PINK DIAMANTE PEN IN GIFT BOX
22511,89.92,23.863400000000002,22.0,1.0,21.0,21.0,RETROSPOT BABUSHKA DOORSTOP
20837,32.37,7.121399999999998,39.0,18.0,21.0,1.1666666666666667,FRENCH FLORAL CUSHION COVER
85123a,225.42,49.59239999999999,34.0,13.0,21.0,1.6153846153846154,WHITE HANGING HEART T-LIGHT HOLDER
21926,31.25,6.875,25.0,4.0,21.0,5.25,RED/CREAM STRIPE CUSHION COVER
84569D,40.93,14.328599999999998,25.0,4.0,21.0,5.25,PACK 6 HEART/ICE-CREAM PATCHES
22346,20.189999999999998,5.728799999999999,21.0,0.0,21.0,,PARTY PIZZA DISH GREEN POLKADOT
22061,412.95,71.70899999999999,45.0,23.0,22.0,0.9565217391304348,LARGE CAKE STAND  HANGING STRAWBERY
23339,124.53,37.54409999999999,51.0,29.0,22.0,0.7586206896551724,EGG FRYING PAN BLUE
20936,71.02000000000001,18.990399999999998,22.0,0.0,22.0,,FORKED CACTUS CANDLE
22135,46.98,6.502099999999997,65.0,43.0,22.0,0.5116279069767442,MINI LADLE LOVE HEART PINK
20758,31.449999999999996,6.918999999999998,37.0,15.0,22.0,1.4666666666666666,ABSTRACT CIRCLES POCKET BOOK
20763,53.71,-8.143300000000002,24.0,2.0,22.0,11.0,DAISY SKETCHBOOK
21340,950.36,132.78219999999996,86.0,64.0,22.0,0.34375,CLASSIC METAL BIRDCAGE PLANT HOLDER
22643,88.83,23.519099999999995,32.0,10.0,22.0,2.2,SET OF 4 NAPKIN CHARMS LEAVES
22076,222.89,32.77779999999999,153.0,131.0,22.0,0.16793893129770993,6 RIBBONS EMPIRE
20777,91.94,19.973799999999997,56.0,34.0,22.0,0.6470588235294118,CHRYSANTHEMUM NOTEBOOK
82494l,339.89,74.77579999999998,41.0,19.0,22.0,1.1578947368421053,WOODEN FRAME ANTIQUE WHITE
21096,14.54,-0.6732000000000016,26.0,4.0,22.0,5.5,SET/6 FRUIT SALAD  PAPER PLATES
22559,47.1,17.017,28.0,6.0,22.0,3.6666666666666665,SEASIDE FLYING DISC
85203,24.43,6.7991,52.0,30.0,22.0,0.7333333333333333,HANGING WOOD AND FELT BUTTERFLY
84971S,85.28999999999999,22.195799999999995,93.0,71.0,22.0,0.30985915492957744,SMALL HEART FLOWERS HOOK
23335,180.72,45.907999999999994,85.0,63.0,22.0,0.3492063492063492,EGG FRYING PAN IVORY
17012C,89.55999999999999,-58.22080000000001,94.0,71.0,23.0,0.323943661971831,ORIGAMI LAVENDER INCENSE/CANDL SET
79190D,13.379999999999999,4.296599999999999,26.0,3.0,23.0,7.666666666666667,RETRO PLASTIC DAISY TRAY
84912B,148.83,35.135099999999994,43.0,20.0,23.0,1.15,GREEN ROSE WASHBAG
21374,33.75,7.425,27.0,4.0,23.0,5.75,MIRRORED WALL ART SKULLS
22953,51.17,12.5884,39.0,16.0,23.0,1.4375,BIRTHDAY PARTY CORDON BARRIER TAPE
22453,99.97000000000001,26.6794,31.0,8.0,23.0,2.875,MEASURING TAPE BABUSHKA BLUE
23286,165.97,38.810399999999994,195.0,172.0,23.0,0.13372093023255813,BLUE VINTAGE SPOT BEAKER
85169D,33.71,8.0817,26.0,3.0,23.0,7.666666666666667,PINK LOVE BIRD CANDLE
35598D,50.050000000000004,-14.399,77.0,54.0,23.0,0.42592592592592593,PINK/WHITE CHRISTMAS TREE 60CM
22605,800.15,237.4405,54.0,31.0,23.0,0.7419354838709677,WOODEN CROQUET GARDEN SET
21030,36.17,9.2884,27.0,4.0,23.0,5.75,SPACE CADET RED
21055,406.61999999999995,106.35239999999997,42.0,18.0,24.0,1.3333333333333333,TOOL BOX SOFT TOY
21062,36.55,8.040999999999997,43.0,19.0,24.0,1.263157894736842,PARTY INVITES SPACEMAN
21812,542.7,50.786999999999985,136.0,112.0,24.0,0.21428571428571427,GARLAND WITH HEARTS AND BELLS
23096,465.17999999999995,113.16359999999997,270.0,246.0,24.0,0.0975609756097561,PETIT TRAY CHIC
21989,188.23,54.70959999999999,193.0,169.0,24.0,0.14201183431952663,PACK OF 20 SKULL PAPER NAPKINS
21901,107.04,35.9458,130.0,106.0,24.0,0.22641509433962265,"KEY FOB , BACK DOOR"
21756,420.65000000000003,117.73299999999998,63.0,39.0,24.0,0.6153846153846154,BATH BUILDING BLOCK WORD
22703,95.47999999999999,21.5226,58.0,34.0,24.0,0.7058823529411765,PINK CAT BOWL
20970,905.69,208.5688,237.0,213.0,24.0,0.11267605633802817,PINK FLORAL FELTCRAFT SHOULDER BAG
46776A,156.09,36.14379999999999,37.0,13.0,24.0,1.8461538461538463,WOVEN BUBBLE GUM CUSHION COVER
79406,5.28,1.1615999999999997,24.0,0.0,24.0,,FROSTED WHITE BASE
84950,166.20000000000002,40.06199999999999,222.0,198.0,24.0,0.12121212121212122,ASSORTED COLOUR T-LIGHT HOLDER
72127,30.6,5.687000000000001,26.0,2.0,24.0,12.0,COLUMBIAN CANDLE ROUND
23393,972.77,252.2704,249.0,225.0,24.0,0.10666666666666667,HOME SWEET HOME CUSHION COVER
85230A,6.959999999999999,1.5311999999999992,24.0,0.0,24.0,,OPIUM SCENTED VOTIVE CANDLE
85160B,9.36,-9.2928,24.0,0.0,24.0,,BLACK BIRD GARDEN DESIGN MUG
22584,604.73,99.2071,270.0,246.0,24.0,0.0975609756097561,PACK OF 6 PANETTONE GIFT BOXES
21719,24.58,5.836599999999999,28.0,4.0,24.0,6.0,LOVELY BONBON STICKER SHEET
85230G,13.919999999999998,3.0623999999999985,48.0,24.0,24.0,1.0,ORANGE VOTIVE CANDLE
85230F,6.959999999999999,1.5311999999999992,24.0,0.0,24.0,,JASMINE VOTIVE CANDLE
21678,27.13,6.397599999999998,31.0,7.0,24.0,3.4285714285714284,PAISLEY PATTERN  STICKERS
21248,59.169999999999995,16.053399999999996,37.0,12.0,25.0,2.0833333333333335,DOOR HANGER  MUM + DADS ROOM
22243,44.55,9.800999999999997,27.0,2.0,25.0,12.5,5 HOOK HANGER RED MAGIC TOADSTOOL
85169A,54.68,17.3536,36.0,11.0,25.0,2.272727272727273,IVORY LOVE BIRD CANDLE
21718,81.78,29.970599999999997,48.0,23.0,25.0,1.0869565217391304,RED METAL BEACH SPADE
16169M,21.0,4.619999999999999,50.0,25.0,25.0,1.0,WRAP DAISY CARPET
21503,21.0,4.619999999999999,50.0,25.0,25.0,1.0,TOYBOX  WRAP
23626,74.7,16.434,30.0,5.0,25.0,5.0,SET 10 CARDS DINKY TREE 17076
22260,35.989999999999995,-3.6651999999999996,35.0,10.0,25.0,2.5,FELT EGG COSY BLUE RABBIT
22164,109.15000000000002,24.013000000000005,37.0,12.0,25.0,2.0833333333333335,STRING OF STARS CARD HOLDER
22038,21.0,4.619999999999999,50.0,25.0,25.0,1.0,BOTANICAL LAVENDER GIFT WRAP
23546,283.5,62.36999999999999,675.0,650.0,25.0,0.038461538461538464,WRAP PAISLEY PARK
85183B,166.21,39.9817,128.0,103.0,25.0,0.24271844660194175,CHARLIE & LOLA WASTEPAPER BIN FLORA
22890,532.53,100.8021,60.0,35.0,25.0,0.7142857142857143,NOVELTY BISCUITS CAKE STAND 3 TIER
72800E,199.09,45.30679999999999,77.0,52.0,25.0,0.4807692307692308,4 IVORY DINNER CANDLES SILVER FLOCK
48111,590.38,174.46659999999997,68.0,43.0,25.0,0.5813953488372093,DOORMAT 3 SMILEY CATS
22048,31.5,6.929999999999999,75.0,50.0,25.0,0.5,BIRTHDAY BANQUET GIFT WRAP
22499,310.63,88.65009999999998,46.0,21.0,25.0,1.1904761904761905,WOODEN UNION JACK BUNTING
16156L,10.5,2.3099999999999996,25.0,0.0,25.0,,WRAP CAROUSEL
23146,290.19,56.60369999999999,94.0,69.0,25.0,0.36231884057971014,TRIPLE HOOK ANTIQUE IVORY ROSE
23108,1720.6599999999999,341.1059999999998,288.0,262.0,26.0,0.09923664122137404,SET OF 10 LED DOLLY LIGHTS
72800C,78.91,18.685699999999994,30.0,4.0,26.0,6.5,4 PINK DINNER CANDLE SILVER FLOCK
21249,231.53,63.08059999999998,71.0,45.0,26.0,0.5777777777777777,WOODLAND  HEIGHT CHART STICKERS
22717,38.6,9.393999999999998,88.0,62.0,26.0,0.41935483870967744,CARD DOG AND BALL
84951A,55.050000000000004,-9.652499999999995,57.0,31.0,26.0,0.8387096774193549,SET OF 4 PISTACHIO LOVEBIRD COASTER
84993A,25.14,6.883799999999999,54.0,28.0,26.0,0.9285714285714286,75 GREEN PETIT FOUR CASES
23359,442.35999999999996,91.79719999999996,232.0,206.0,26.0,0.1262135922330097,SET OF 12 T-LIGHTS VINTAGE DOILY
23357,590.72,130.8769,119.0,93.0,26.0,0.27956989247311825,HOT WATER BOTTLE SEX BOMB
21293,83.79,-3.8576999999999995,37.0,11.0,26.0,2.3636363636363638,MIRRORED DOVE WALL DECORATION
23024,89.64000000000001,11.800800000000002,36.0,10.0,26.0,2.6,LARGE BONNE JAM JAR  T-LIGHT HOLDER
21739,184.94,28.828799999999987,70.0,44.0,26.0,0.5909090909090909,COSY SLIPPER SHOES SMALL GREEN
21155,744.02,232.3174,244.0,218.0,26.0,0.11926605504587157,RED RETROSPOT PEG BAG
21715,150.09,37.029300000000006,56.0,30.0,26.0,0.8666666666666667,GIRLS VINTAGE TIN SEASIDE BUCKET
22856,32.5,7.15,26.0,0.0,26.0,,ASSORTED EASTER DECORATIONS  BELLS
21694,94.4,20.768000000000004,32.0,6.0,26.0,4.333333333333333,SMALL REGAL  SILVER CANDLEPOT
22840,579.98,119.36259999999999,76.0,50.0,26.0,0.52,ROUND CAKE TIN VINTAGE RED
22316,36.21,8.6317,28.0,2.0,26.0,13.0,200 BENDY SKULL STRAWS
22723,233.78,80.07559999999998,46.0,20.0,26.0,1.3,SET OF 6 HERB TINS SKETCHBOOK
22670,219.12,62.84739999999999,154.0,127.0,27.0,0.2125984251968504,FRENCH WC SIGN BLUE METAL
22976,123.23,35.7621,86.0,59.0,27.0,0.4576271186440678,CIRCUS PARADE CHILDRENS EGG CUP
22057,99.83,21.9626,67.0,40.0,27.0,0.675,CERAMIC PLATE STRAWBERRY DESIGN
22628,267.48,67.1121,51.0,24.0,27.0,1.125,PICNIC BOXES SET OF 3 RETROSPOT
21056,335.08,120.18159999999999,28.0,1.0,27.0,27.0,DOCTOR'S BAG SOFT TOY
22846,1129.96,232.2407,69.0,42.0,27.0,0.6428571428571429,BREAD BIN DINER STYLE RED
84877B,33.75,-22.869000000000003,27.0,0.0,27.0,,GREEN ROUND COMPACT MIRROR
85231B,117.80999999999999,33.21119999999999,123.0,96.0,27.0,0.28125,CINAMMON SET OF 9 T-LIGHTS
22902,247.46,56.56419999999998,116.0,89.0,27.0,0.30337078651685395,TOTE BAG I LOVE LONDON
23029,311.64,86.36429999999999,171.0,144.0,27.0,0.1875,DRAWER KNOB CRACKLE GLAZE GREEN
85071B,84.65,25.926999999999992,183.0,156.0,27.0,0.17307692307692307,RED CHARLIE+LOLA PERSONAL DOORSIGN
84832,659.6099999999999,215.71219999999994,625.0,598.0,27.0,0.0451505016722408,ZINC WILLIE WINKIE  CANDLE STICK
22563,393.39,92.2478,307.0,280.0,27.0,0.09642857142857143,HAPPY STENCIL CRAFT
23197,532.85,156.153,321.0,294.0,27.0,0.09183673469387756,SKETCHBOOK MAGNETIC SHOPPING LIST
22736,690.3199999999999,208.24540000000002,358.0,331.0,27.0,0.08157099697885196,RIBBON REEL MAKING SNOWMEN
21219,87.1,25.817,60.0,33.0,27.0,0.8181818181818182,SET/4 BADGES BALLOON GIRL
22664,175.07,59.72889999999998,65.0,37.0,28.0,0.7567567567567568,TOY TIDY DOLLY GIRL DESIGN
72130,20.48,5.044599999999999,30.0,2.0,28.0,14.0,COLUMBIAN CANDLE ROUND
21680,107.05,34.275999999999996,103.0,75.0,28.0,0.37333333333333335,WOODLAND  STICKERS
23127,732.72,166.70940000000002,146.0,118.0,28.0,0.23728813559322035,FELTCRAFT GIRL NICOLE KIT
85049a,134.89000000000001,29.675799999999995,41.0,13.0,28.0,2.1538461538461537,TRADITIONAL CHRISTMAS RIBBONS
22685,68.71000000000001,15.7817,54.0,26.0,28.0,1.0769230769230769,FRENCH BLUE METAL DOOR SIGN 0
84926D,23.619999999999997,-8.908350000000002,59.0,31.0,28.0,0.9032258064516129,LA PALMIERA TILE COASTER
22772,415.01,129.8077,276.0,248.0,28.0,0.11290322580645161,PINK DRAWER KNOB ACRYLIC EDWARDIAN
21117,51.25,11.275,41.0,13.0,28.0,2.1538461538461537,BLOND DOLL DOORSTOP
47471,23.720000000000002,6.109399999999999,34.0,5.0,29.0,5.8,RAINBOW PEGS PHOTO CLIP STRING
23460,457.7,89.2515,51.0,22.0,29.0,1.3181818181818181,SWEETHEART WALL TIDY
21167,36.75,-11.308500000000002,211.0,182.0,29.0,0.15934065934065933,WHITE SAGE INCENSE
23415,174.89,39.377799999999986,105.0,76.0,29.0,0.3815789473684211,HOME SWEET HOME HOOK
22995,99.99,30.792299999999997,200.0,171.0,29.0,0.1695906432748538,TRAVEL CARD WALLET SUKI
23042,172.89000000000001,26.392799999999987,35.0,6.0,29.0,4.833333333333333,PAPER LANTERN 7 POINT SNOW STAR
85062,176.48999999999998,40.609799999999986,105.0,76.0,29.0,0.3815789473684211,PEARL CRYSTAL PUMPKIN T-LIGHT HLDR
23010,668.42,81.94989999999994,47.0,18.0,29.0,1.6111111111111112,CIRCUS PARADE BABY GIFT SET
23575,58.73,14.119599999999998,29.0,0.0,29.0,,SNACK TRAY PAISLEY PARK
21878,41.87,13.072399999999998,41.0,12.0,29.0,2.4166666666666665,PACK OF 6 SANDCASTLE FLAGS ASSORTED
22209,78.78,-20.0244,90.0,61.0,29.0,0.47540983606557374,WOOD STAMP SET HAPPY BIRTHDAY
22968,523.36,184.08720000000002,40.0,10.0,30.0,3.0,ROSE COTTAGE KEEPSAKE BOX
21900,160.47,61.7144,173.0,143.0,30.0,0.2097902097902098,"KEY FOB , SHED"
16235,56.07,16.8399,228.0,198.0,30.0,0.15151515151515152,RECYCLED PENCIL WITH RABBIT ERASER
21258,1100.97,244.67189999999997,86.0,56.0,30.0,0.5357142857142857,VICTORIAN SEWING BOX LARGE
22796,620.65,117.61099999999999,67.0,37.0,30.0,0.8108108108108109,PHOTO FRAME 3 CLASSIC HANGING
21306,34.61,3.8686999999999965,109.0,79.0,30.0,0.379746835443038,SET/4 DAISY MIRROR MAGNETS
48173C,775.11,148.45819999999998,111.0,81.0,30.0,0.37037037037037035,DOORMAT BLACK FLOCK
71101E,27.2,5.983999999999998,32.0,2.0,30.0,15.0,STANDING FAIRY POLE SUPPORT
21814,50.769999999999996,11.977899999999998,34.0,4.0,30.0,7.5,HEART T-LIGHT HOLDER
22553,1049.55,252.58199999999994,625.0,595.0,30.0,0.05042016806722689,PLASTERS IN TIN SKULLS
35648,122.11999999999999,-21.7152,148.0,118.0,30.0,0.2542372881355932,VINTAGE BEAD PINK PURSE
22162,107.10000000000001,27.301999999999996,34.0,4.0,30.0,7.5,HEART GARLAND RUSTIC PADDED
20839,134.32,-45.84360000000002,92.0,62.0,30.0,0.4838709677419355,FRENCH PAISLEY CUSHION COVER
15044A,105.98000000000002,26.439600000000002,34.0,3.0,31.0,10.333333333333334,PINK PAPER PARASOL
22891,297.34,112.07679999999996,50.0,19.0,31.0,1.631578947368421,TEA FOR ONE POLKADOT
22438,98.88,28.9476,44.0,13.0,31.0,2.3846153846153846,BALLOON ART MAKE YOUR OWN FLOWERS
23304,76.05,16.730999999999998,39.0,8.0,31.0,3.875,SET 4 PICNIC CUTLERY CHERRY
20677,276.61,69.30220000000001,209.0,178.0,31.0,0.17415730337078653,PINK POLKADOT BOWL
22930,261.1,72.017,92.0,61.0,31.0,0.5081967213114754,BAKING MOULD HEART MILK CHOCOLATE
85071C,44.03,-10.8339,98.0,67.0,31.0,0.4626865671641791,"CHARLIE+LOLA""EXTREMELY BUSY"" SIGN"
23429,269.61,68.64219999999997,31.0,0.0,31.0,,RED RETRO KITCHEN WALL CLOCK
23079,456.45,92.18499999999996,55.0,24.0,31.0,1.2916666666666667,TOADSTOOL BEDSIDE LIGHT
21882,33.480000000000004,7.9045999999999985,50.0,19.0,31.0,1.631578947368421,SKULLS TAPE
20719,1614.71,769.9631999999999,1019.0,988.0,31.0,0.03137651821862348,WOODLAND CHARLOTTE BAG
84212,265.47,2.4243999999999737,565.0,534.0,31.0,0.05805243445692884,"ASSORTED FLOWER COLOUR ""LEIS"""
23442,66.56,14.643199999999995,32.0,0.0,32.0,,12 HANGING EGGS HAND PAINTED
85015,232.93,-303.81890000000004,350.0,318.0,32.0,0.10062893081761007,SET OF 12  VINTAGE POSTCARD SET
37500,464.41,-85.67679999999999,81.0,49.0,32.0,0.6530612244897959,TEA TIME TEAPOT IN GIFT BOX
22278,528.43,216.7616,71.0,39.0,32.0,0.8205128205128205,OVERNIGHT BAG VINTAGE ROSE PAISLEY
20686,211.64,52.13779999999999,62.0,30.0,32.0,1.0666666666666667,DOLLY MIXTURE CHILDREN'S UMBRELLA
84356,226.2,36.564,36.0,4.0,32.0,8.0,POMPOM CURTAIN
23457,306.0,61.38,64.0,32.0,32.0,1.0,LARGE PARLOUR PICTURE FRAME
16168M,17.57,5.443899999999999,35.0,3.0,32.0,10.666666666666666,FUNKY MONKEY GIFT BAG MEDIUM
22974,212.74999999999997,55.06599999999999,121.0,89.0,32.0,0.3595505617977528,CHILDRENS DOLLY GIRL MUG
20768,90.9,11.088000000000003,42.0,10.0,32.0,3.2,GREEN FERN JOURNAL
21220,78.15,27.1755,48.0,16.0,32.0,2.0,SET/4 BADGES DOGS
23492,429.13,99.01759999999997,51.0,18.0,33.0,1.8333333333333333,VINTAGE JINGLE BELLS WREATH
21945,85.16,-6.146799999999997,80.0,47.0,33.0,0.7021276595744681,STRAWBERRIES  DESIGN FLANNEL
21985,214.79999999999998,85.64599999999999,500.0,467.0,33.0,0.07066381156316917,PACK OF 12 HEARTS DESIGN TISSUES
22432,106.72999999999999,16.759599999999985,61.0,28.0,33.0,1.1785714285714286,WATERING CAN PINK BUNNY
23126,1106.0900000000001,266.3518,215.0,182.0,33.0,0.1813186813186813,FELTCRAFT GIRL AMELIE KIT
23216,130.81,36.0987,94.0,61.0,33.0,0.5409836065573771,LAUREL HEART ANTIQUE GOLD
84926F,39.68,-12.071400000000004,62.0,29.0,33.0,1.1379310344827587,PSYCHEDELIC TILE COASTER
23408,199.68,43.92959999999999,96.0,63.0,33.0,0.5238095238095238,PHOTO FRAME LINEN AND LACE SMALL
23291,275.41,74.2782,201.0,168.0,33.0,0.19642857142857142,DOLLY GIRL CHILDRENS CUP
22778,282.37,42.54979999999998,83.0,50.0,33.0,0.66,GLASS CLOCHE SMALL
23562,98.26,21.617199999999997,34.0,0.0,34.0,,SET OF 6 RIBBONS PERFECTLY PRETTY
22905,388.62,52.61739999999998,152.0,118.0,34.0,0.288135593220339,CALENDAR IN SEASON DESIGN
21065,207.69,55.7238,45.0,11.0,34.0,3.090909090909091,BOOM BOX SPEAKER GIRLS
21828,112.34,27.3768,86.0,52.0,34.0,0.6538461538461539,EIGHT PIECE SNAKE  SET
21259,674.12,156.89589999999998,113.0,79.0,34.0,0.43037974683544306,VICTORIAN SEWING BOX SMALL
82616C,147.51,-5.4813000000000045,88.0,54.0,34.0,0.6296296296296297,MIDNIGHT GLAMOUR SCARF KNITTING KIT
22069,204.51,18.872699999999995,75.0,41.0,34.0,0.8292682926829268,BROWN  PIRATE TREASURE CHEST
85094,21.87,-31.092599999999997,105.0,71.0,34.0,0.4788732394366197,CANDY SPOT EGG WARMER RABBIT
21894,112.91,38.8157,70.0,35.0,35.0,1.0,POTTING SHED SEED ENVELOPES
23565,277.83,74.99159999999999,205.0,170.0,35.0,0.20588235294117646,EGG CUP MILKMAID HELGA
46000S,319.0,70.17999999999999,220.0,185.0,35.0,0.1891891891891892,POLYESTER FILLER PAD 40x40cm
22962,271.01,60.480199999999996,317.0,282.0,35.0,0.12411347517730496,JAM JAR WITH PINK LID
22807,272.70000000000005,83.424,78.0,43.0,35.0,0.813953488372093,SET OF 6 T-LIGHTS TOADSTOOLS
22745,706.6,256.48699999999997,249.0,214.0,35.0,0.16355140186915887,POPPY'S PLAYHOUSE BEDROOM
22026,64.57,16.685899999999997,143.0,108.0,35.0,0.32407407407407407,BANQUET BIRTHDAY  CARD
22280,70.85,22.241999999999997,47.0,11.0,36.0,3.272727272727273,POCKET BAG PINK PAISELY BROWN SPOT
22121,532.5500000000001,125.35599999999998,87.0,51.0,36.0,0.7058823529411765,NOEL WOODEN BLOCK LETTERS
48138,1650.36,445.6286999999999,203.0,167.0,36.0,0.2155688622754491,DOORMAT UNION FLAG
22236,377.54999999999995,26.146499999999953,46.0,10.0,36.0,3.6,CAKE STAND 3 TIER MAGIC GARDEN
84199,10.29,2.2638,49.0,13.0,36.0,2.769230769230769,GLOW IN DARK DOLPHINS
21026,85.77,26.8554,57.0,21.0,36.0,1.7142857142857142,SPACE OWL
22441,380.94,103.42079999999997,165.0,129.0,36.0,0.27906976744186046,GROW YOUR OWN BASIL IN ENAMEL MUG
22468,642.5,160.59999999999997,90.0,54.0,36.0,0.6666666666666666,BABUSHKA LIGHTS STRING OF 10
20652,69.68,20.653599999999997,48.0,12.0,36.0,3.0,BLUE POLKADOT LUGGAGE TAG
22780,357.0,78.53999999999996,84.0,48.0,36.0,0.75,LIGHT GARLAND BUTTERFILES PINK
21209,42.12,-65.5776,108.0,72.0,36.0,0.5,MULTICOLOUR HONEYCOMB FAN
21677,106.60999999999999,26.457199999999993,119.0,82.0,37.0,0.45121951219512196,HEARTS  STICKERS
22224,301.87,107.50739999999999,77.0,40.0,37.0,0.925,WHITE LOVEBIRD LANTERN
21544,202.89,56.64779999999999,213.0,176.0,37.0,0.21022727272727273,SKULLS  WATER TRANSFER TATTOOS
44234,7.77,1.7093999999999996,37.0,0.0,37.0,,ASSORTED CIRCULAR MOBILE
21262,244.85000000000002,52.51000000000001,85.0,48.0,37.0,0.7708333333333334,WHITE GOOSE FEATHER CHRISTMAS TREE
22744,244.3,61.556000000000004,78.0,41.0,37.0,0.9024390243902439,MAKE YOUR OWN MONSOON CARD KIT
23045,182.59000000000003,42.4468,43.0,6.0,37.0,6.166666666666667,PAPER LANTERN 5 POINT STAR MOON
23104,549.4200000000001,99.92839999999997,47.0,10.0,37.0,3.7,IVORY CAFE HANGING LAMP
22681,121.32,28.5476,95.0,58.0,37.0,0.6379310344827587,FRENCH BLUE METAL DOOR SIGN 6
23023,92.38999999999999,21.22779999999999,55.0,18.0,37.0,2.0555555555555554,RIDGED BONNE JAM JAR T-LIGHT HOLDER
22457,2596.7300000000005,695.2576,805.0,767.0,38.0,0.04954367666232073,NATURAL SLATE HEART CHALKBOARD
47578A,51.64,12.647799999999997,58.0,20.0,38.0,1.9,ENGLISH ROSE SMALL SCENTED FLOWER
22903,131.82000000000002,20.376399999999993,50.0,12.0,38.0,3.1666666666666665,CALENDAR FAMILY FAVOURITES
21446,72.38,17.920099999999998,55.0,17.0,38.0,2.235294117647059,12 RED ROSE PEG PLACE SETTINGS
84876B,67.42,21.6634,44.0,6.0,38.0,6.333333333333333,GREEN HEART COMPACT MIRROR
15056P,477.28000000000003,86.60610000000001,87.0,49.0,38.0,0.7755102040816326,EDWARDIAN PARASOL PINK
10120,10.29,2.2638000000000003,49.0,10.0,39.0,3.9,DOGGY RUBBER
22337,162.83,34.21659999999999,255.0,216.0,39.0,0.18055555555555555,ANGEL DECORATION PAINTED ZINC
22031,27.57,9.447899999999997,51.0,12.0,39.0,3.25,BOTANICAL LAVENDER BIRTHDAY CARD
22737,891.16,291.43070000000006,435.0,396.0,39.0,0.09848484848484848,RIBBON REEL CHRISTMAS PRESENT
22896,277.63,65.11009999999999,106.0,67.0,39.0,0.582089552238806,PEG BAG APPLES DESIGN
21537,216.75,47.68499999999998,51.0,12.0,39.0,3.25,RED RETROSPOT PUDDING BOWL
23022,100.48,2.9679999999999964,79.0,40.0,39.0,0.975,SMALL BONNE JAM JAR  T-LIGHT HOLDER
22358,254.01000000000002,93.3702,63.0,24.0,39.0,1.625,KINGS CHOICE TEA CADDY
21912,801.02,251.7229,177.0,138.0,39.0,0.2826086956521739,VINTAGE SNAKES & LADDERS
22811,551.73,108.44459999999994,195.0,156.0,39.0,0.25,SET OF 6 T-LIGHTS CACTI
22315,121.38,45.3376,70.0,31.0,39.0,1.2580645161290323,200 RED + WHITE BENDY STRAWS
23092,490.57000000000005,112.69389999999999,61.0,22.0,39.0,1.7727272727272727,LARGE ANTIQUE WHITE PHOTO FRAME
90209A,84.0,18.47999999999999,40.0,0.0,40.0,,PURPLE ENAMEL+GLASS HAIR COMB
84970l,89.44,19.6768,43.0,3.0,40.0,13.333333333333334,SINGLE HEART ZINC T-LIGHT HOLDER
22589,405.3,135.366,126.0,86.0,40.0,0.46511627906976744,CARDHOLDER GINGHAM STAR
84859A,88.21,21.804199999999994,43.0,3.0,40.0,13.333333333333334,SILVER DISCO HANDBAG
21981,116.63,50.09969999999999,252.0,212.0,40.0,0.18867924528301888,PACK OF 12 WOODLAND TISSUES
23122,170.75,41.54699999999999,197.0,157.0,40.0,0.25477707006369427,PARTY CHARMS 50 PIECES
23576,78.0,17.159999999999997,40.0,0.0,40.0,,SNACK TRAY RED VINTAGE DOILY
84510A,178.23,47.8621,130.0,90.0,40.0,0.4444444444444444,SET OF 4 ENGLISH ROSE COASTERS
22024,94.88,26.164599999999993,203.0,163.0,40.0,0.24539877300613497,RAINY LADIES BIRTHDAY CARD
21463,560.75,88.16499999999999,105.0,65.0,40.0,0.6153846153846154,MIRRORED DISCO BALL
23486,1185.99,261.3992999999999,78.0,37.0,41.0,1.1081081081081081,ANTIQUE HEART SHELF UNIT
47518F,9.24,2.0328,77.0,36.0,41.0,1.1388888888888888,ICON PLACEMAT POP ART ELVIS
22863,97.13000000000001,16.350599999999996,43.0,2.0,41.0,20.5,SOAP DISH BROCANTE
72122,64.47999999999999,17.254599999999996,62.0,21.0,41.0,1.9523809523809523,COFFEE SCENT PILLAR CANDLE
22821,72.5,17.929999999999996,106.0,65.0,41.0,0.6307692307692307,GIFT BAG PSYCHEDELIC APPLES
21875,124.68,31.353600000000004,108.0,67.0,41.0,0.6119402985074627,KINGS CHOICE MUG
22371,847.4399999999999,247.54629999999992,175.0,134.0,41.0,0.30597014925373134,AIRLINE BAG VINTAGE TOKYO 78
23428,315.33000000000004,64.23759999999997,41.0,0.0,41.0,,IVORY RETRO KITCHEN WALL CLOCK
22767,711.4499999999999,137.37899999999996,75.0,34.0,41.0,1.2058823529411764,TRIPLE PHOTO FRAME CORNICE
84992,451.21000000000004,73.35569999999997,920.0,878.0,42.0,0.04783599088838269,72 SWEETHEART FAIRY CAKE CASES
22636,734.62,160.46239999999995,89.0,47.0,42.0,0.8936170212765957,CHILDS BREAKFAST SET CIRCUS PARADE
22485,805.65,217.70549999999997,58.0,16.0,42.0,2.625,SET OF 2 WOODEN MARKET CRATES
23179,147.50000000000003,34.1,50.0,8.0,42.0,5.25,CLOCK MAGNET MUM'S KITCHEN
23477,91.01,24.0152,67.0,25.0,42.0,1.68,WOODLAND LARGE BLUE FELT HEART
84997d,621.75,136.78499999999997,75.0,33.0,42.0,1.2727272727272727,CHILDRENS CUTLERY POLKADOT PINK
84875B,74.88,26.720100000000002,45.0,3.0,42.0,14.0,GREEN SQUARE COMPACT MIRROR
23214,521.63,131.6711,236.0,194.0,42.0,0.21649484536082475,JINGLE BELL HEART ANTIQUE GOLD
22505,731.37,150.9189,152.0,110.0,42.0,0.38181818181818183,MEMO BOARD COTTAGE DESIGN
23292,429.64,103.26030000000002,331.0,289.0,42.0,0.1453287197231834,SPACEBOY CHILDRENS CUP
23580,88.21,21.804199999999998,43.0,0.0,43.0,,SNACK TRAY HAPPY FOREST
21972,82.69,19.141799999999996,57.0,14.0,43.0,3.0714285714285716,SET OF 36 DINOSAUR PAPER DOILIES
22185,327.04999999999995,73.05099999999999,197.0,154.0,43.0,0.2792207792207792,SLATE TILE NATURAL HANGING
23228,416.42,109.58089999999999,307.0,264.0,43.0,0.16287878787878787,FILIGREE HEART BIRD WHITE
82567,167.85,25.29449999999998,90.0,47.0,43.0,0.9148936170212766,"AIRLINE LOUNGE,METAL SIGN"
23426,1125.64,176.89979999999994,434.0,391.0,43.0,0.10997442455242967,METAL SIGN DROP YOUR PANTS
22186,648.66,34.53619999999992,288.0,245.0,43.0,0.17551020408163265,RED STAR CARD HOLDER
21905,90.26,-30.929799999999993,110.0,67.0,43.0,0.6417910447761194,MORE BUTTER METAL SIGN
72800B,124.66999999999999,30.078399999999988,47.0,3.0,44.0,14.666666666666666,4 PURPLE FLOCK DINNER CANDLES
21061,39.949999999999996,8.788999999999998,47.0,3.0,44.0,14.666666666666666,PARTY INVITES FOOTBALL
22190,123.78,31.785599999999988,55.0,11.0,44.0,4.0,LOCAL CAFE MUG
23338,199.47,51.77589999999999,89.0,45.0,44.0,0.9777777777777777,EGG FRYING PAN RED
22598,152.56,-61.47680000000002,392.0,348.0,44.0,0.12643678160919541,CHRISTMAS MUSICAL ZINC TREE
84519B,124.41,-42.11680000000002,85.0,41.0,44.0,1.0731707317073171,CARROT CHARLIE+LOLA COASTER SET
23075,257.3,47.06100000000002,72.0,28.0,44.0,1.5714285714285714,PARLOUR CERAMIC WALL HOOK
22844,979.41,309.59569999999997,98.0,53.0,45.0,0.8490566037735849,VINTAGE CREAM DOG FOOD CONTAINER
23247,2405.95,763.1093,686.0,641.0,45.0,0.07020280811232449,BISCUIT TIN 50'S CHRISTMAS
21803,254.89,57.203299999999984,602.0,557.0,45.0,0.0807899461400359,CHRISTMAS TREE STAR DECORATION
23222,242.80999999999997,81.04739999999998,239.0,194.0,45.0,0.23195876288659795,CHRISTMAS TREE HANGING GOLD
21617,227.9,-166.892,166.0,120.0,46.0,0.38333333333333336,4 LILY  BOTANICAL DINNER CANDLES
21675,90.39999999999999,28.467999999999996,88.0,41.0,47.0,1.146341463414634,BUTTERFLIES STICKERS
22547,34.589999999999996,13.698299999999998,56.0,9.0,47.0,5.222222222222222,MINI JIGSAW DINOSAUR
20757,51.0,11.219999999999999,60.0,13.0,47.0,3.6153846153846154,RED DAISY POCKET BOOK
23567,167.06,43.786199999999994,124.0,77.0,47.0,0.6103896103896104,EGG CUP HENRIETTA HEN PINK
71495A,17.28,-8.606399999999999,48.0,1.0,47.0,47.0,CD WALL TIDY BLUE OFFICE
22775,569.12,171.4724,388.0,341.0,47.0,0.1378299120234604,PURPLE DRAWERKNOB ACRYLIC EDWARDIAN
21705,260.53,72.27109999999999,142.0,94.0,48.0,0.5106382978723404,BAG 500g SWIRLY MARBLES
21890,539.72,168.21689999999998,153.0,105.0,48.0,0.45714285714285713,S/6 WOODEN SKITTLES IN COTTON BAG
22326,2704.2200000000003,536.8033999999999,956.0,908.0,48.0,0.05286343612334802,ROUND SNACK BOXES SET OF4 WOODLAND
20615,79.91,-25.09430000000002,75.0,27.0,48.0,1.7777777777777777,BLUE POLKADOT PASSPORT COVER
21742,404.59999999999997,89.01199999999999,68.0,20.0,48.0,2.4,LARGE ROUND WICKER PLATTER
21354,111.71,18.6417,98.0,50.0,48.0,0.96,TOAST ITS - BEST MUM
21933,238.05,4.702500000000004,132.0,84.0,48.0,0.5714285714285714,PINK VINTAGE PAISLEY PICNIC BAG
23266,900.59,248.6293,654.0,606.0,48.0,0.07920792079207921,SET OF 3 WOODEN STOCKING DECORATION
22329,164.89,46.197799999999994,89.0,41.0,48.0,1.170731707317073,ROUND CONTAINER SET OF 5 RETROSPOT
22851,187.37,47.02639999999999,215.0,167.0,48.0,0.2874251497005988,SET 20 NAPKINS FAIRY CAKES DESIGN
21109,388.59000000000003,65.3268,63.0,15.0,48.0,3.2,LARGE CAKE TOWEL CHOCOLATE SPOTS
72225C,27.839999999999996,6.124799999999997,96.0,48.0,48.0,1.0,LAVENDER SCENT CAKE CANDLE
23397,1876.3,482.48650000000004,177.0,128.0,49.0,0.3828125,FOOT STOOL HOME SWEET HOME
21638,125.93,28.82109999999999,59.0,10.0,49.0,4.9,ASSORTED TUTTI FRUTTI NOTEBOOK
22128,143.45,19.019000000000005,133.0,84.0,49.0,0.5833333333333334,PARTY CONES CANDY ASSORTED
21199,71.25,10.394999999999992,49.0,0.0,49.0,,PINK  HEART CONFETTI IN TUBE
23085,1161.96,213.04219999999992,124.0,75.0,49.0,0.6533333333333333,ANTIQUE SILVER BAUBLE LAMP
21064,315.91,17.44819999999998,69.0,20.0,49.0,2.45,BOOM BOX SPEAKER BOYS
85202,21.79,4.997299999999999,51.0,2.0,49.0,24.5,HANGING WOOD AND FELT HEART
22494,165.9,63.117999999999995,94.0,45.0,49.0,1.0888888888888888,EMERGENCY FIRST AID TIN
23103,1865.7899999999997,441.8072999999999,1098.0,1049.0,49.0,0.04671115347950429,JINGLE BELL HEART DECORATION
23560,147.41,35.6202,49.0,0.0,49.0,,SET OF 6 RIBBONS COUNTRY STYLE
84931B,175.81,40.00369999999998,68.0,19.0,49.0,2.5789473684210527,BLUE SCOTTIE DOG W FLOWER PATTERN
21208,46.8,-73.31250000000001,125.0,75.0,50.0,0.6666666666666666,PASTEL COLOUR HONEYCOMB FAN
23479,583.41,112.4607,78.0,28.0,50.0,1.7857142857142858,WIRE EGG BASKET
23027,149.58,39.672599999999996,66.0,16.0,50.0,3.125,DRAWER KNOB VINTAGE GLASS HEXAGON
23231,231.0,50.81999999999999,550.0,500.0,50.0,0.1,WRAP  VINTAGE DOILY
22708,157.5,34.64999999999999,375.0,325.0,50.0,0.15384615384615385,WRAP DOLLY GIRL
23692,21.0,4.619999999999999,50.0,0.0,50.0,,WRAP A PRETTY THANK YOU
22051,52.5,11.549999999999997,125.0,75.0,50.0,0.6666666666666666,BLUE SCANDINAVIAN PAISLEY WRAP
22660,511.48,105.25459999999997,66.0,16.0,50.0,3.125,DOORMAT I LOVE LONDON
21383,44.75,14.794999999999998,55.0,4.0,51.0,12.75,PACK OF 12 STICKY BUNNIES
22055,135.29999999999998,29.766,82.0,31.0,51.0,1.6451612903225807,MINI CAKE STAND  HANGING STRAWBERY
21373,84.0,18.48,112.0,61.0,51.0,0.8360655737704918,MIRRORED WALL ART SNOWFLAKES
23561,147.39,32.425799999999995,51.0,0.0,51.0,,SET OF 6 RIBBONS PARTY
35599B,156.0,-139.92,80.0,28.0,52.0,1.8571428571428572,BLACK CHRISTMAS TREE 120CM
90114,137.34,32.6898,54.0,2.0,52.0,26.0,SUMMER DAISIES BAG CHARM
21668,664.91,211.9177,438.0,386.0,52.0,0.13471502590673576,RED STRIPE CERAMIC DRAWER KNOB
35095B,44.78,13.459599999999998,91.0,39.0,52.0,1.3333333333333333,RED VICTORIAN FABRIC OVAL BOX
85040A,221.26,56.02519999999999,126.0,74.0,52.0,0.7027027027027027,S/4 PINK FLOWER CANDLES IN BOWL
23061,127.34,30.6768,98.0,46.0,52.0,1.1304347826086956,VINTAGE EMBOSSED HEART
22607,741.77,257.93789999999996,67.0,15.0,52.0,3.466666666666667,WOODEN ROUNDERS GARDEN SET
22120,674.2099999999999,104.52519999999998,81.0,28.0,53.0,1.8928571428571428,WELCOME  WOODEN BLOCK LETTERS
20846,114.92,26.6134,90.0,37.0,53.0,1.4324324324324325,ZINC HEART LATTICE T-LIGHT HOLDER
22271,827.7400000000001,197.92780000000002,272.0,219.0,53.0,0.2420091324200913,FELTCRAFT DOLL ROSIE
47421,73.44,12.196799999999993,192.0,139.0,53.0,0.381294964028777,ASSORTED COLOUR LIZARD SUCTION HOOK
20828,359.58,102.96659999999997,124.0,70.0,54.0,0.7714285714285715,GLITTER BUTTERFLY CLIPS
21088,17.42,7.352399999999999,58.0,4.0,54.0,13.5,SET/6 FRUIT SALAD PAPER CUPS
22756,100.85,28.842,71.0,17.0,54.0,3.176470588235294,LARGE YELLOW BABUSHKA NOTEBOOK
22540,56.629999999999995,14.037099999999997,128.0,74.0,54.0,0.7297297297297297,MINI JIGSAW CIRCUS PARADE
20869,33.27,-11.782099999999998,80.0,26.0,54.0,2.076923076923077,GOLD FABRIC MIRROR
22321,72.75,18.149999999999995,81.0,27.0,54.0,2.0,BIRD DECORATION RED RETROSPOT
21524,1226.47,288.5068999999999,150.0,96.0,54.0,0.5625,DOORMAT SPOTTY HOME SWEET HOME
22635,219.22999999999996,-38.01540000000001,86.0,32.0,54.0,1.6875,CHILDS BREAKFAST SET DOLLY GIRL
22895,566.8,143.28599999999997,164.0,110.0,54.0,0.4909090909090909,SET OF 2 TEA TOWELS APPLE AND PEARS
23236,865.28,194.15519999999998,304.0,249.0,55.0,0.22088353413654618,STORAGE TIN VINTAGE DOILY
22650,247.60999999999999,68.64219999999999,153.0,98.0,55.0,0.5612244897959183,CERAMIC PIRATE CHEST MONEY BANK
23289,266.9,68.1255,201.0,146.0,55.0,0.3767123287671233,DOLLY GIRL CHILDRENS BOWL
22357,314.71,63.10419999999997,79.0,24.0,55.0,2.2916666666666665,KINGS CHOICE BISCUIT TIN
21428,758.84,188.67429999999993,171.0,116.0,55.0,0.47413793103448276,SET3 BOOK BOX GREEN GINGHAM FLOWER
22748,797.8100000000001,283.98369999999994,286.0,230.0,56.0,0.24347826086956523,POPPY'S PLAYHOUSE KITCHEN
20755,79.41,20.4732,87.0,31.0,56.0,1.8064516129032258,BLUE PAISLEY POCKET BOOK
48184,1162.13,243.33759999999992,149.0,93.0,56.0,0.6021505376344086,DOORMAT ENGLISH ROSE
47504H,129.54000000000002,-11.134200000000007,126.0,69.0,57.0,0.8260869565217391,ENGLISH ROSE SPIRIT LEVEL
22508,564.55,148.016,139.0,82.0,57.0,0.6951219512195121,DOORSTOP RETROSPOT HEART
20829,335.51000000000005,81.62769999999998,153.0,96.0,57.0,0.59375,GLITTER HANGING BUTTERFLY STRING
22757,134.2,42.833999999999996,88.0,30.0,58.0,1.9333333333333333,LARGE RED BABUSHKA NOTEBOOK
22116,83.55,-19.04099999999999,93.0,35.0,58.0,1.6571428571428573,METAL SIGN HIS DINNER IS SERVED
21942,85.36999999999999,-8.674599999999996,83.0,25.0,58.0,2.32,SKULLS DESIGN FLANNEL
21918,193.18,50.57359999999999,425.0,366.0,59.0,0.16120218579234974,SET 12 KIDS COLOUR  CHALK STICKS
21813,712.0600000000001,28.486700000000003,195.0,136.0,59.0,0.4338235294117647,GARLAND WITH STARS AND BELLS
48185,1157.6100000000001,283.58219999999994,139.0,80.0,59.0,0.7375,DOORMAT FAIRY CAKE
22634,1031.79,197.9758,109.0,49.0,60.0,1.2244897959183674,CHILDS BREAKFAST SET SPACEBOY
84987,539.35,109.65399999999998,385.0,325.0,60.0,0.18461538461538463,SET OF 36 TEATIME PAPER DOILIES
85131B,78.02,17.164399999999993,94.0,34.0,60.0,1.7647058823529411,BEADED CRYSTAL HEART GREEN ON STICK
21106,239.43,39.958599999999976,89.0,28.0,61.0,2.1785714285714284,CREAM SLICE FLANNEL CHOCOLATE SPOT
21197,92.69999999999999,15.11399999999999,62.0,1.0,61.0,61.0,MULTICOLOUR  CONFETTI IN TUBE
21198,92.7,15.11399999999999,62.0,1.0,61.0,61.0,WHITE HEART CONFETTI IN TUBE
84926E,29.279999999999998,8.828599999999998,86.0,25.0,61.0,2.44,FLOWERS TILE COASTER
37413,37.83,8.322599999999996,97.0,35.0,62.0,1.7714285714285714,ICON MUG REVOLUTIONARY
79051A,34.8,7.655999999999996,120.0,58.0,62.0,1.0689655172413792,SMOKEY GREY COLOUR GLASS
85227,247.82999999999998,82.83659999999999,231.0,169.0,62.0,0.3668639053254438,SET OF 6 3D KIT CARDS FOR KIDS
23164,427.20000000000005,67.584,96.0,34.0,62.0,1.8235294117647058,REGENCY CAKE SLICE
71053,830.78,342.70059999999995,144.0,82.0,62.0,0.7560975609756098,WHITE MOROCCAN METAL LANTERN
21903,240.66000000000003,66.34319999999998,103.0,40.0,63.0,1.575,MAN FLU METAL SIGN
21311,20.299999999999997,-65.21900000000001,70.0,7.0,63.0,9.0,SET/4 BIRD MIRROR MAGNETS
21257,1322.48,493.60959999999994,120.0,57.0,63.0,1.105263157894737,VICTORIAN SEWING BOX MEDIUM
21876,507.45,225.995,245.0,182.0,63.0,0.34615384615384615,POTTERING MUG
22217,117.46,26.506700000000002,93.0,30.0,63.0,2.1,T-LIGHT HOLDER HANGING LACE
23226,160.89000000000001,27.5853,168.0,105.0,63.0,0.6,FILIGREE HEART DAISY WHITE
21944,70.56,20.671199999999995,72.0,8.0,64.0,8.0,KITTENS DESIGN FLANNEL
21292,54.4,11.967999999999996,64.0,0.0,64.0,,SMALL STRIPES CHOCOLATE GIFT BAG
22096,66.81,15.298499999999997,172.0,108.0,64.0,0.5925925925925926,PINK PAISLEY SQUARE TISSUE BOX
37448,213.53,45.590599999999995,145.0,80.0,65.0,0.8125,CERAMIC CAKE DESIGN SPOTTED MUG
23491,1097.51,248.77269999999993,132.0,67.0,65.0,0.9701492537313433,VINTAGE JINGLE BELLS HEART
22465,520.18,119.21359999999996,310.0,245.0,65.0,0.2653061224489796,HANGING METAL STAR LANTERN
23372,807.99,186.2773,634.0,569.0,65.0,0.11423550087873462,SET 36 COLOUR PENCILS DOLLY GIRL
22170,781.53,199.88309999999996,110.0,45.0,65.0,1.4444444444444444,PICTURE FRAME WOOD TRIPLE PORTRAIT
23184,832.56,290.31419999999997,130.0,65.0,65.0,1.0,BULL DOG BOTTLE OPENER
22179,1157.9,379.2579999999999,138.0,73.0,65.0,0.8904109589041096,SET 10 NIGHT OWL LIGHTS
23453,340.79999999999995,73.65599999999998,176.0,111.0,65.0,0.5855855855855856,OVAL  MINI PORTRAIT FRAME
23660,311.05999999999995,77.60169999999998,179.0,113.0,66.0,0.584070796460177,HENRIETTA HEN MUG
84951B,66.29,-10.127699999999994,67.0,1.0,66.0,66.0,SET OF 4 BLACK LOVEBIRD COASTERS
23288,153.07999999999998,36.8326,178.0,112.0,66.0,0.5892857142857143,GREEN VINTAGE SPOT BEAKER
21902,116.75,33.769999999999996,157.0,91.0,66.0,0.7252747252747253,"KEY FOB , FRONT  DOOR"
22992,1837.9399999999998,639.0867999999999,902.0,836.0,66.0,0.07894736842105263,REVOLVER WOODEN RULER
22596,1386.54,450.53580000000005,904.0,837.0,67.0,0.08004778972520908,CHRISTMAS STAR WISH LIST CHALKBOARD
22994,130.83,33.5181,291.0,224.0,67.0,0.29910714285714285,TRAVEL CARD WALLET RETROSPOT
21755,1119.06,272.6261999999999,180.0,112.0,68.0,0.6071428571428571,LOVE BUILDING BLOCK WORD
84086C,204.73000000000002,45.6896,69.0,1.0,68.0,68.0,PINK/PURPLE RETRO RADIO
35599D,156.0,-139.92,80.0,12.0,68.0,5.666666666666667,PINK AND WHITE CHRISTMAS TREE 120CM
23227,346.01,78.3902,277.0,209.0,68.0,0.3253588516746411,FILIGREE HEART BUTTERFLY WHITE
22838,1453.35,337.942,95.0,27.0,68.0,2.5185185185185186,3 TIER CAKE TIN RED AND CREAM
85107,197.85999999999999,26.127199999999988,90.0,22.0,68.0,3.090909090909091,CUT GLASS T-LIGHT HOLDER OCTAGON
22306,503.01,147.46089999999998,412.0,343.0,69.0,0.20116618075801748,SILVER MUG BONE CHINA TREE OF LIFE
21012,344.04,51.136800000000015,158.0,89.0,69.0,0.7752808988764045,ANTIQUE ALL GLASS CANDLESTICK
21730,420.66,95.2182,84.0,15.0,69.0,4.6,GLASS STAR FROSTED T-LIGHT HOLDER
23504,1408.1000000000001,545.9245000000001,783.0,714.0,69.0,0.09663865546218488,PLAYING CARDS JUBILEE UNION JACK
23347,130.69,30.0188,119.0,50.0,69.0,1.38,I LOVE LONDON BEAKER
22537,142.8,31.415999999999993,340.0,270.0,70.0,0.25925925925925924,MAGIC DRAWING SLATE DINOSAUR
22296,343.14,80.90279999999997,202.0,132.0,70.0,0.5303030303030303,HEART IVORY TRELLIS LARGE
84032A,574.1800000000001,179.2736,162.0,92.0,70.0,0.7608695652173914,CHARLIE+LOLA PINK HOT WATER BOTTLE
22603,380.96,93.24919999999997,428.0,358.0,70.0,0.19553072625698323,CHRISTMAS RETROSPOT TREE WOOD
22758,143.22,33.9669,111.0,41.0,70.0,1.7073170731707317,LARGE PURPLE BABUSHKA NOTEBOOK
22819,141.54,31.138799999999993,337.0,266.0,71.0,0.2669172932330827,"BIRTHDAY CARD, RETRO SPOT"
79190B,41.019999999999996,12.181399999999998,84.0,13.0,71.0,5.461538461538462,RETRO PLASTIC POLKA TRAY
79190A,40.64,10.905999999999999,90.0,19.0,71.0,3.736842105263158,RETRO PLASTIC 70'S TRAY
23100,853.56,211.7412,648.0,577.0,71.0,0.12305025996533796,SILVER BELLS TABLE DECORATION
48194,1706.78,413.4855999999999,206.0,135.0,71.0,0.5259259259259259,DOORMAT HEARTS
23167,513.05,108.82299999999996,627.0,555.0,72.0,0.12972972972972974,SMALL CERAMIC TOP STORAGE JAR
23481,168.67000000000002,35.0009,138.0,66.0,72.0,1.0909090909090908,PEARLISED IVORY HEART SMALL
22996,266.21,69.5191,587.0,515.0,72.0,0.13980582524271845,TRAVEL CARD WALLET VINTAGE TICKET
82580,285.06,100.77869999999999,407.0,335.0,72.0,0.21492537313432836,BATHROOM METAL SIGN
23033,236.45999999999998,56.06919999999999,158.0,86.0,72.0,0.8372093023255814,DRAWER KNOB CERAMIC RED
22766,817.72,181.83439999999996,276.0,203.0,73.0,0.35960591133004927,PHOTO FRAME CORNICE
21666,56.89,14.132799999999998,83.0,10.0,73.0,7.3,RIDGED GLASS T-LIGHT HOLDER
85179A,176.76,-10.018800000000008,108.0,35.0,73.0,2.085714285714286,GREEN BITTY LIGHT CHAIN
23312,1852.8000000000002,448.7914999999999,429.0,356.0,73.0,0.2050561797752809,VINTAGE CHRISTMAS GIFT SACK
72807B,384.59,83.42179999999995,91.0,17.0,74.0,4.352941176470588,SET/3 OCEAN SCENT CANDLE JEWEL BOX
22255,85.77999999999999,19.300599999999992,100.0,26.0,74.0,2.8461538461538463,FELT TOADSTOOL  SMALL
22834,482.9800000000001,100.02859999999998,254.0,180.0,74.0,0.4111111111111111,HAND WARMER BABUSHKA DESIGN
23496,101.13,24.2451,78.0,4.0,74.0,18.5,PANTRY KITCHEN THERMOMETER
16161G,12.5,2.749999999999999,125.0,50.0,75.0,1.5,WRAP BAD HAIR DAY
15039,303.09,136.21579999999997,209.0,134.0,75.0,0.5597014925373134,SANDALWOOD FAN
16054,26.64,2.879999999999998,330.0,254.0,76.0,0.2992125984251969,POPART RECT PENCIL SHARPENER ASST
21724,79.05,17.390999999999995,93.0,17.0,76.0,4.470588235294118,PANDA AND BUNNIES STICKER SHEET
20932,240.68000000000004,26.511100000000017,77.0,1.0,76.0,76.0,PINK POT PLANT CANDLE
22507,1082.9,333.784,186.0,110.0,76.0,0.6909090909090909,MEMO BOARD RETROSPOT  DESIGN
23454,484.21000000000004,108.4452,117.0,40.0,77.0,1.925,THREE MINI HANGING FRAMES
21584,268.95,59.169,163.0,86.0,77.0,0.8953488372093024,RETROSPOT SMALL TUBE MATCHES
22188,626.6,-21.538000000000068,232.0,155.0,77.0,0.4967741935483871,BLACK HEART CARD HOLDER
72807A,361.27,74.81539999999997,87.0,10.0,77.0,7.7,SET/3 ROSE CANDLE IN JEWELLED BOX
23220,324.71,83.40419999999997,365.0,288.0,77.0,0.2673611111111111,REINDEER HEART DECORATION GOLD
22400,102.03,-80.88465000000002,251.0,173.0,78.0,0.4508670520231214,MAGNETS PACK OF 4 HOME SWEET HOME
82484,2507.37,564.4748999999998,368.0,290.0,78.0,0.2689655172413793,WOOD BLACK BOARD ANT WHITE FINISH
22043,85.68,-34.28040000000001,434.0,356.0,78.0,0.21910112359550563,CHRISTMAS CARD SCREEN PRINT
22156,242.26999999999998,63.595399999999984,263.0,185.0,78.0,0.42162162162162165,HEART DECORATION WITH PEARLS
22544,200.77,42.788899999999984,484.0,406.0,78.0,0.1921182266009852,MINI JIGSAW SPACEBOY
21217,1353.12,385.20239999999995,120.0,42.0,78.0,1.8571428571428572,RED RETROSPOT ROUND CAKE TINS
35961,250.64999999999998,76.39749999999998,250.0,172.0,78.0,0.45348837209302323,FOLKART ZINC HEART CHRISTMAS DEC
22562,289.68,69.0536,224.0,145.0,79.0,0.5448275862068965,MONSTERS STENCIL CRAFT
21786,84.17999999999999,-4.266900000000007,159.0,80.0,79.0,0.9875,POLKADOT RAIN HAT
35971,133.47,29.421899999999997,116.0,37.0,79.0,2.135135135135135,ROSE FOLKART HEART DECORATIONS
22151,295.8,69.06899999999999,687.0,608.0,79.0,0.1299342105263158,PLACE SETTING WHITE HEART
16238,42.0,11.781,178.0,99.0,79.0,0.797979797979798,PARTY TIME PENCIL ERASERS
21754,1467.72,361.5043999999999,236.0,157.0,79.0,0.5031847133757962,HOME BUILDING BLOCK WORD
84849D,155.48,34.20559999999999,92.0,13.0,79.0,6.076923076923077,HOT BATHS SOAP HOLDER
23237,673.83,141.2821,166.0,86.0,80.0,0.9302325581395349,SET OF 4 KNICK KNACK TINS LEAF
17012D,174.91,-89.91730000000001,166.0,86.0,80.0,0.9302325581395349,ORIGAMI ROSE INCENSE/CANDLE SET
22378,257.96999999999997,96.51389999999998,89.0,9.0,80.0,8.88888888888889,WALL TIDY RETROSPOT
23213,693.61,172.44219999999999,533.0,453.0,80.0,0.17660044150110377,STAR WREATH DECORATION WITH BELL
23185,31.029999999999998,6.826599999999998,107.0,27.0,80.0,2.962962962962963,FRENCH STYLE STORAGE JAR JAM
23394,773.56,224.3912,180.0,99.0,81.0,0.8181818181818182,POSTE FRANCE CUSHION COVER
21991,192.59,-22.1837,126.0,44.0,82.0,1.8636363636363635,BOHEMIAN COLLAGE STATIONERY SET
21356,134.92999999999998,-4.0414000000000065,157.0,75.0,82.0,1.0933333333333333,TOAST ITS - FAIRY FLOWER
21932,323.85,0.41250000000000764,184.0,102.0,82.0,0.803921568627451,SCANDINAVIAN PAISLEY PICNIC BAG
22784,730.9,207.72949999999997,131.0,49.0,82.0,1.6734693877551021,LANTERN CREAM GAZEBO
22274,783.2700000000001,192.6254,253.0,171.0,82.0,0.47953216374269003,FELTCRAFT DOLL EMILY
21821,487.63,117.6626,125.0,42.0,83.0,1.9761904761904763,GLITTER STAR GARLAND WITH BELLS
21650,148.22,-23.865600000000025,386.0,303.0,83.0,0.2739273927392739,ASSORTED TUTTI FRUTTI BRACELET
22965,383.95000000000005,90.05149999999998,178.0,95.0,83.0,0.8736842105263158,3 TRADITIONAl BISCUIT CUTTERS  SET
21974,415.52,105.40839999999999,276.0,193.0,83.0,0.43005181347150256,SET OF 36 PAISLEY FLOWER DOILIES
17136A,7.68,1.6895999999999995,96.0,13.0,83.0,6.384615384615385,BLUE STONES ON WIRE FOR CANDLE
21291,84.92999999999999,19.113599999999995,99.0,16.0,83.0,5.1875,SMALL POLKADOT CHOCOLATE GIFT BAG
20772,243.9,40.54049999999998,105.0,21.0,84.0,4.0,GARDEN PATH JOURNAL
22092,62.910000000000004,14.978699999999996,156.0,72.0,84.0,1.1666666666666667,BLUE PAISLEY TISSUE BOX
21716,272.13,67.8876,101.0,17.0,84.0,4.9411764705882355,BOYS VINTAGE TIN SEASIDE BUCKET
37340,203.76,19.450199999999985,294.0,210.0,84.0,0.4,MULTICOLOUR SPRING FLOWER MUG
22622,2050.2999999999997,533.4099999999999,194.0,110.0,84.0,0.7636363636363637,BOX OF VINTAGE ALPHABET BLOCKS
22654,1106.56,276.62669999999997,177.0,93.0,84.0,0.9032258064516129,DELUXE SEWING KIT
10080,35.489999999999995,7.807799999999997,91.0,6.0,85.0,14.166666666666666,GROOVY CACTUS INFLATABLE
21773,174.99,-57.3837,142.0,57.0,85.0,1.4912280701754386,DECORATIVE ROSE BATHROOM BOTTLE
22027,205.23,47.840099999999985,477.0,392.0,85.0,0.21683673469387754,TEA PARTY BIRTHDAY CARD
23219,224.2,62.634,160.0,75.0,85.0,1.1333333333333333,LAUREL STAR ANTIQUE SILVER
23211,845.9499999999999,212.069,639.0,553.0,86.0,0.15551537070524413,RED ROCKING HORSE HAND PAINTED
84032B,497.50000000000006,123.475,160.0,74.0,86.0,1.162162162162162,CHARLIE + LOLA RED HOT WATER BOTTLE
22109,1107.43,347.3867,248.0,162.0,86.0,0.5308641975308642,FULL ENGLISH BREAKFAST PLATE
22210,140.13,-16.509900000000002,156.0,70.0,86.0,1.2285714285714286,WOOD STAMP SET BEST WISHES
22439,137.05,39.391,185.0,99.0,86.0,0.8686868686868687,6 ROCKET BALLOONS
23451,323.2,75.11899999999997,162.0,75.0,87.0,1.16,SQUARE MINI PORTRAIT FRAME
22477,152.02,41.4304,110.0,23.0,87.0,3.782608695652174,WATERING CAN GARDEN MARKER
85114C,197.91,51.658199999999994,111.0,23.0,88.0,3.8260869565217392,RED ENCHANTED FOREST PLACEMAT
22795,1179.07,332.4463999999999,155.0,67.0,88.0,1.3134328358208955,SWEETHEART RECIPE BOOK STAND
22023,57.87,14.760899999999998,129.0,41.0,88.0,2.1463414634146343,EMPIRE BIRTHDAY CARD
21523,1847.73,437.0420999999999,226.0,138.0,88.0,0.6376811594202898,DOORMAT FANCY FONT HOME SWEET HOME
21080,720.79,142.20579999999998,883.0,794.0,89.0,0.11209068010075567,SET/20 RED RETROSPOT PAPER NAPKINS
21107,450.77,82.62539999999994,163.0,74.0,89.0,1.2027027027027026,CREAM SLICE FLANNEL PINK SPOT
21314,855.5100000000001,212.91669999999996,403.0,314.0,89.0,0.28343949044585987,SMALL GLASS HEART TRINKET POT
21804,503.73,101.1846,139.0,50.0,89.0,1.78,WHITE CHRISTMAS GARLAND STARS TREES
23473,297.64,70.32079999999998,348.0,259.0,89.0,0.3436293436293436,WOODLAND SMALL RED FELT HEART
22915,156.6,54.746999999999986,285.0,196.0,89.0,0.45408163265306123,ASSORTED BOTTLE TOP  MAGNETS
21327,312.40999999999997,80.83569999999999,176.0,86.0,90.0,1.0465116279069768,SKULLS WRITING SET
23148,226.55999999999997,49.40339999999998,278.0,188.0,90.0,0.4787234042553192,MINIATURE ANTIQUE ROSE HOOK IVORY
20750,1533.1599999999999,253.56319999999982,212.0,122.0,90.0,0.7377049180327869,RED RETROSPOT MINI CASES
22431,268.29999999999995,67.16599999999997,130.0,40.0,90.0,2.25,WATERING CAN BLUE ELEPHANT
22107,572.75,106.89250000000001,162.0,71.0,91.0,1.2816901408450705,PIZZA PLATE IN BOX
22565,170.08999999999997,47.28679999999999,179.0,88.0,91.0,1.0340909090909092,FELTCRAFT HAIRBANDS PINK AND WHITE
21643,118.82000000000001,18.616400000000006,106.0,14.0,92.0,6.571428571428571,ASSORTED TUTTI FRUTTI MIRROR
22591,647.31,256.9212,175.0,83.0,92.0,1.108433734939759,CARDHOLDER GINGHAM CHRISTMAS TREE
84926A,27.839999999999996,-44.56320000000001,96.0,4.0,92.0,23.0,WAKE UP COCKEREL TILE COASTER
21744,736.9300000000001,155.3211,254.0,162.0,92.0,0.5679012345679012,SNOWFLAKE PORTABLE TABLE LIGHT
22089,335.49000000000007,78.22980000000001,111.0,18.0,93.0,5.166666666666667,PAPER BUNTING VINTAGE PAISLEY
22078,446.14,90.58279999999995,219.0,126.0,93.0,0.7380952380952381,RIBBON REEL LACE DESIGN
22171,885.5500000000001,200.34849999999994,103.0,10.0,93.0,9.3,3 HOOK PHOTO SHELF ANTIQUE WHITE
21216,938.88,265.5576,168.0,75.0,93.0,1.24,"SET 3 RETROSPOT TEA,COFFEE,SUGAR"
21990,555.44,-27.66320000000001,346.0,252.0,94.0,0.373015873015873,MODERN FLORAL STATIONERY SET
35646,190.29,-28.013700000000004,129.0,35.0,94.0,2.6857142857142855,VINTAGE BEAD PINK EVENING BAG
21240,178.14000000000001,48.011599999999994,192.0,98.0,94.0,0.9591836734693877,BLUE POLKADOT CUP
84927F,39.0,-38.44500000000001,100.0,6.0,94.0,15.666666666666666,PSYCHEDELIC TILE HOOK
23391,656.38,149.34259999999998,156.0,61.0,95.0,1.5573770491803278,I LOVE LONDON MINI BACKPACK
22090,950.9200000000001,200.0284,328.0,233.0,95.0,0.40772532188841204,PAPER BUNTING RETROSPOT
22059,202.79,42.2378,139.0,44.0,95.0,2.159090909090909,CERAMIC STRAWBERRY DESIGN MUG
21191,321.3,104.18099999999998,124.0,28.0,96.0,3.4285714285714284,LARGE WHITE HONEYCOMB PAPER BELL
21832,337.92999999999995,103.2086,173.0,77.0,96.0,1.2467532467532467,CHOCOLATE CALCULATOR
22906,380.15999999999997,78.5532,236.0,139.0,97.0,0.697841726618705,12 MESSAGE CARDS WITH ENVELOPES
22948,247.23,93.59459999999999,207.0,110.0,97.0,0.8818181818181818,METAL DECORATION NAUGHTY CHILDREN
84519A,128.75,-67.98000000000002,103.0,5.0,98.0,19.6,TOMATO CHARLIE+LOLA COASTER SET
22667,957.95,184.349,341.0,243.0,98.0,0.40329218106995884,RECIPE BOX RETROSPOT
23002,140.14,33.98779999999999,320.0,222.0,98.0,0.44144144144144143,TRAVEL CARD WALLET SKULLS
22433,201.98999999999998,32.19479999999997,115.0,17.0,98.0,5.764705882352941,WATERING CAN GREEN DINOSAUR
22211,176.66,-47.286800000000014,202.0,104.0,98.0,0.9423076923076923,WOOD STAMP SET FLOWERS
23350,1101.67,256.34839999999997,861.0,763.0,98.0,0.12844036697247707,ROLL WRAP VINTAGE SPOT
21189,294.61,131.56220000000002,105.0,6.0,99.0,16.5,WHITE HONEYCOMB PAPER GARLAND
22227,161.65,41.172999999999995,233.0,134.0,99.0,0.7388059701492538,HANGING HEART MIRROR DECORATION
20728,1774.8899999999999,507.18030000000005,950.0,851.0,99.0,0.11633372502937721,LUNCH BAG CARS BLUE
16016,119.0,26.179999999999993,140.0,40.0,100.0,2.5,LARGE CHINESE STYLE SCISSOR
22911,306.92,54.60839999999999,112.0,12.0,100.0,8.333333333333334,PAPER CHAIN KIT LONDON
22707,84.0,18.479999999999997,200.0,100.0,100.0,1.0,WRAP MONSTER FUN
23548,73.5,16.169999999999998,175.0,75.0,100.0,1.3333333333333333,WRAP MAGIC FOREST
22046,115.5,25.409999999999997,275.0,175.0,100.0,0.5714285714285714,TEA PARTY  WRAPPING PAPER
21820,484.03999999999996,93.1858,146.0,46.0,100.0,2.1739130434782608,GLITTER HEART GARLAND WITH BELLS
21264,220.35,45.78599999999999,119.0,18.0,101.0,5.611111111111111,WHITE GOOSE FEATHER TREE 60CM
35818P,48.64,10.700799999999997,128.0,26.0,102.0,3.923076923076923,"ACRYLIC JEWEL ICICLE, PINK"
23182,385.21999999999997,145.51789999999997,331.0,229.0,102.0,0.44541484716157204,TOILET SIGN OCCUPIED OR VACANT
51014L,180.38,-57.40240000000001,430.0,328.0,102.0,0.31097560975609756,"FEATHER PEN,LIGHT PINK"
23280,193.89,52.517299999999985,212.0,109.0,103.0,0.944954128440367,FOLDING BUTTERFLY MIRROR HOT PINK
23244,279.76,47.656699999999965,157.0,53.0,104.0,1.9622641509433962,ROUND STORAGE TIN VINTAGE LEAF
47599B,331.56,40.47119999999993,186.0,82.0,104.0,1.2682926829268293,BLUE PARTY BAGS
22181,116.45,25.618999999999996,137.0,32.0,105.0,3.28125,SNOWSTORM PHOTO FRAME FRIDGE MAGNET
22037,144.26,36.69819999999999,322.0,217.0,105.0,0.4838709677419355,ROBOT BIRTHDAY CARD
22464,569.9899999999999,123.98979999999996,347.0,241.0,106.0,0.43983402489626555,HANGING METAL HEART LANTERN
23256,1403.13,292.9476,345.0,238.0,107.0,0.4495798319327731,CHILDRENS CUTLERY SPACEBOY
23358,573.5,109.4413,185.0,78.0,107.0,1.3717948717948718,HOT STUFF HOT WATER BOTTLE
90058A,68.4,15.047999999999995,180.0,72.0,108.0,1.5,CRYSTAL STUD EARRINGS CLEAR DISPLAY
35598B,87.75000000000001,-151.47000000000003,135.0,27.0,108.0,4.0,BLACK CHRISTMAS TREE 60CM
20717,322.75,87.6425,234.0,125.0,109.0,0.872,STRAWBERRY SHOPPER BAG
20931,323.62000000000006,37.536400000000036,110.0,1.0,109.0,109.0,BLUE POT PLANT CANDLE
23452,552.84,123.24179999999997,282.0,173.0,109.0,0.630057803468208,HEART MINI PORTRAIT FRAME
23597,299.32000000000005,57.6654,110.0,0.0,110.0,,PAPER BUNTING PAISLEY PARK
22572,438.54999999999995,107.20599999999997,493.0,383.0,110.0,0.28720626631853785,ROCKING HORSE GREEN CHRISTMAS
22558,1051.9399999999998,291.43179999999995,636.0,526.0,110.0,0.20912547528517111,CLOTHES PEGS RETROSPOT PACK 24
22555,1079.4199999999998,246.47589999999994,653.0,542.0,111.0,0.2047970479704797,PLASTERS IN TIN STRONGMAN
82486,2299.44,571.2407999999999,288.0,177.0,111.0,0.6271186440677966,3 DRAWER ANTIQUE WHITE WOOD CABINET
10135,225.01999999999998,48.8279,181.0,70.0,111.0,1.5857142857142856,COLOURING PENCILS BROWN TUBE
23192,1604.61,595.7622,705.0,594.0,111.0,0.18686868686868688,BUNDLE OF 3 ALPHABET EXERCISE BOOKS
23238,1283.53,370.3001,276.0,165.0,111.0,0.6727272727272727,SET OF 4 KNICK KNACK TINS LONDON
23218,188.43,46.7786,143.0,31.0,112.0,3.6129032258064515,LAUREL STAR ANTIQUE GOLD
21174,1359.5,394.73499999999984,570.0,458.0,112.0,0.2445414847161572,POTTERING IN THE SHED METAL SIGN
22964,614.11,153.60169999999997,277.0,164.0,113.0,0.6890243902439024,3 PIECE SPACEBOY COOKIE CUTTER SET
21669,618.63,178.03159999999997,437.0,324.0,113.0,0.3487654320987654,BLUE STRIPE CERAMIC DRAWER KNOB
23483,775.89,177.31259999999997,615.0,502.0,113.0,0.2250996015936255,HANGING  BUTTERFLY T-LIGHT HOLDER
23505,868.53,293.3931,546.0,433.0,113.0,0.26096997690531176,PLAYING CARDS I LOVE LONDON
17012F,166.68,-90.84240000000001,162.0,48.0,114.0,2.375,ORIGAMI SANDLEWOOD INCENSE/CAND SET
85150,857.3199999999999,162.24889999999994,355.0,241.0,114.0,0.4730290456431535,LADIES & GENTLEMEN METAL SIGN
48187,1892.42,390.27339999999987,244.0,129.0,115.0,0.8914728682170543,DOORMAT NEW ENGLAND
21563,359.17,70.50339999999997,127.0,12.0,115.0,9.583333333333334,RED HEART SHAPE LOVE BUCKET
22100,84.33,-69.1284,195.0,80.0,115.0,1.4375,SKULLS SQUARE TISSUE BOX
21116,1058.2,-78.848,196.0,80.0,116.0,1.45,OWL DOORSTOP
23332,1067.77,287.6654,589.0,473.0,116.0,0.2452431289640592,IVORY WICKER HEART LARGE
22150,861.27,211.65539999999996,421.0,305.0,116.0,0.380327868852459,3 STRIPEY MICE FELTCRAFT
22771,830.4399999999999,237.2513,585.0,468.0,117.0,0.25,CLEAR DRAWER KNOB ACRYLIC EDWARDIAN
21328,418.78999999999996,120.0958,223.0,106.0,117.0,1.1037735849056605,BALLOONS  WRITING SET
84949,1157.6,203.6484999999999,777.0,660.0,117.0,0.17727272727272728,SILVER HANGING T-LIGHT HOLDER
23349,1640.17,470.9309,1152.0,1035.0,117.0,0.11304347826086956,ROLL WRAP VINTAGE CHRISTMAS
23290,556.84,100.14180000000003,478.0,361.0,117.0,0.32409972299168976,SPACEBOY CHILDRENS BOWL
20956,321.62,84.5349,239.0,122.0,117.0,0.9590163934426229,PORCELAIN T-LIGHT HOLDERS ASSORTED
23311,2386.56,625.3046999999998,865.0,748.0,117.0,0.15641711229946523,VINTAGE CHRISTMAS STOCKING
85178,369.68,19.966099999999983,385.0,267.0,118.0,0.4419475655430712,VICTORIAN SEWING KIT
22422,206.15,13.673000000000002,211.0,93.0,118.0,1.2688172043010753,TOOTHPASTE TUBE PEN
22365,1057.55,224.02599999999993,135.0,16.0,119.0,7.4375,DOORMAT RESPECTABLE HOUSE
16236,59.85,16.0545,260.0,141.0,119.0,0.8439716312056738,KITTY PENCIL ERASERS
22944,775.08,-178.90679999999995,1464.0,1343.0,121.0,0.09009679821295608,CHRISTMAS METAL POSTCARD WITH BELLS
20979,608.64,147.3278,486.0,365.0,121.0,0.3315068493150685,36 PENCILS TUBE RED RETROSPOT
22645,620.02,272.4579,257.0,135.0,122.0,0.9037037037037037,CERAMIC HEART FAIRY CAKE MONEY BANK
47593B,113.27,-15.494600000000005,225.0,103.0,122.0,1.1844660194174756,SCOTTIE DOGS BABY BIB
22312,472.83000000000004,102.8566,161.0,38.0,123.0,3.236842105263158,OFFICE MUG WARMER POLKADOT
22653,546.3299999999999,72.11159999999998,325.0,202.0,123.0,0.6089108910891089,BUTTON BOX
85174,722.1899999999999,193.99379999999996,133.0,10.0,123.0,12.3,S/4 CACTI CANDLES
23208,1234.92,300.21090000000004,717.0,593.0,124.0,0.209106239460371,LUNCH BAG VINTAGE LEAF DESIGN
84596F,232.57,-31.367600000000014,461.0,337.0,124.0,0.36795252225519287,SMALL MARSHMALLOWS PINK BOWL
84997B,1565.46,388.6542,396.0,272.0,124.0,0.45588235294117646,CHILDRENS CUTLERY RETROSPOT RED
22187,1361.98,-270.07390000000026,565.0,441.0,124.0,0.2811791383219955,GREEN CHRISTMAS TREE CARD HOLDER
23494,2612.14,786.3023,379.0,254.0,125.0,0.4921259842519685,VINTAGE DOILY DELUXE SEWING KIT
22986,156.0,27.719999999999995,400.0,275.0,125.0,0.45454545454545453,WRAP GINGHAM ROSE
22163,389.84,-301.4457000000001,393.0,267.0,126.0,0.47191011235955055,HEART STRING MEMO HOLDER HANGING
20711,855.73,211.60809999999998,391.0,264.0,127.0,0.4810606060606061,JUMBO BAG TOYS
23200,1512.3600000000001,343.79079999999993,718.0,591.0,127.0,0.21489001692047377,JUMBO BAG PEARS
22279,227.35,73.3095,148.0,20.0,128.0,6.4,POCKET BAG BLUE PAISLEY RED SPOT
82483,1911.6000000000001,490.6064999999999,319.0,191.0,128.0,0.6701570680628273,WOOD 2 DRAWER CABINET WHITE FINISH
21200,437.05999999999995,73.36119999999997,290.0,162.0,128.0,0.7901234567901234,MULTICOLOUR HONEYCOMB PAPER GARLAND
22815,121.8,26.795999999999996,290.0,162.0,128.0,0.7901234567901234,CARD PSYCHEDELIC APPLES
23476,214.8,50.5835,167.0,38.0,129.0,3.3947368421052633,WOODLAND LARGE RED FELT HEART
22113,2890.18,818.8136,682.0,551.0,131.0,0.23774954627949182,GREY HEART HOT WATER BOTTLE
82581,195.89000000000001,57.362799999999986,309.0,177.0,132.0,0.7457627118644068,TOILET METAL SIGN
23120,81.67,20.6129,183.0,50.0,133.0,2.66,PACK OF 6 SMALL FRUIT STRAWS
21888,1290.44,358.3888,308.0,175.0,133.0,0.76,BINGO SET
21429,658.88,216.04059999999998,322.0,188.0,134.0,0.7127659574468085,RED GINGHAM ROSE JEWELLERY BOX
21868,253.92999999999998,101.33859999999999,137.0,2.0,135.0,67.5,POTTING SHED TEA MUG
22082,712.51,182.91020000000003,403.0,268.0,135.0,0.503731343283582,RIBBON REEL STRIPES DESIGN
21329,428.61999999999995,128.5724,222.0,85.0,137.0,1.611764705882353,DINOSAURS  WRITING SET
22754,224.44,69.96879999999999,220.0,83.0,137.0,1.6506024096385543,SMALL RED BABUSHKA NOTEBOOK
21034,340.09999999999997,72.637,368.0,231.0,137.0,0.5930735930735931,REX CASH+CARRY JUMBO SHOPPER
23329,977.9599999999999,272.73069999999996,531.0,392.0,139.0,0.35459183673469385,DECORATIVE WICKER HEART LARGE
22175,829.47,163.29939999999993,293.0,154.0,139.0,0.9025974025974026,PINK OWL SOFT TOY
21201,651.34,89.1968,294.0,154.0,140.0,0.9090909090909091,TROPICAL  HONEYCOMB PAPER GARLAND
20685,2493.0699999999997,582.9397999999998,339.0,199.0,140.0,0.7035175879396985,DOORMAT RED RETROSPOT
22592,1400.48,519.4321,271.0,130.0,141.0,1.0846153846153845,CARDHOLDER HOLLY WREATH METAL
21402,28.86,-26.980800000000002,213.0,70.0,143.0,2.0428571428571427,RED  EGG  SPOON
22110,837.62,256.4749,277.0,134.0,143.0,1.0671641791044777,BIRD HOUSE HOT WATER BOTTLE
47469,78.65,13.714999999999996,145.0,2.0,143.0,71.5,ASSORTED SHAPES PHOTO CLIP SILVER
22173,859.83,207.85159999999993,319.0,176.0,143.0,0.8125,METAL 4 HOOK HANGER FRENCH CHATEAU
22557,1024.9399999999998,242.88879999999995,602.0,459.0,143.0,0.3115468409586057,PLASTERS IN TIN VINTAGE PAISLEY
72598,200.57,39.90139999999999,245.0,101.0,144.0,1.4257425742574257,SET/12 TAPER CANDLES
85230B,78.96,11.035199999999993,312.0,168.0,144.0,0.8571428571428571,CINNAMON SCENTED VOTIVE CANDLE
22663,621.38,145.55859999999998,291.0,147.0,144.0,0.9795918367346939,JUMBO BAG DOLLY GIRL DESIGN
20961,351.3,97.25099999999999,252.0,108.0,144.0,1.3333333333333333,STRAWBERRY BATH SPONGE
22299,347.99,89.2023,260.0,115.0,145.0,1.2608695652173914,PIG KEYRING WITH LIGHT & SOUND
21671,643.04,221.6388,404.0,259.0,145.0,0.5598455598455598,RED SPOT CERAMIC DRAWER KNOB
47559B,400.76,80.3352,332.0,186.0,146.0,0.7849462365591398,TEA TIME OVEN GLOVE
23369,819.4100000000001,300.94570000000004,480.0,334.0,146.0,0.437125748502994,SET 36 COLOUR PENCILS LOVE LONDON
22333,637.76,128.07519999999997,400.0,254.0,146.0,0.5748031496062992,RETROSPOT PARTY BAG + STICKER SET
82001S,985.7,189.73899999999998,276.0,128.0,148.0,1.15625,SILVER RECORD COVER FRAME
23302,414.60999999999996,93.28219999999997,249.0,101.0,148.0,1.4653465346534653,KNEELING MAT HOUSEWORK  DESIGN
21877,587.8499999999999,198.45399999999998,379.0,230.0,149.0,0.6478260869565218,HOME SWEET HOME MUG
84997A,1075.28,279.3406,266.0,117.0,149.0,1.2735042735042734,CHILDRENS CUTLERY POLKADOT GREEN
79191C,116.22,3.452399999999991,198.0,48.0,150.0,3.125,RETRO PLASTIC ELEPHANT TRAY
23210,1182.6,273.727,938.0,788.0,150.0,0.19035532994923857,WHITE ROCKING HORSE HAND PAINTED
82582,1155.45,228.4484999999999,576.0,426.0,150.0,0.352112676056338,AREA PATROLLED METAL SIGN
22295,527.61,100.43220000000001,337.0,187.0,150.0,0.8021390374331551,HEART FILIGREE DOVE LARGE
22348,429.35999999999996,114.62219999999998,462.0,311.0,151.0,0.4855305466237942,TEA BAG PLATE RED RETROSPOT
22307,341.62,-6.371699999999999,302.0,151.0,151.0,1.0,GOLD MUG BONE CHINA TREE OF LIFE
22587,226.47,57.97439999999999,249.0,96.0,153.0,1.59375,FELTCRAFT HAIRBAND RED AND BLUE
72807C,397.96999999999997,-31.321600000000068,223.0,70.0,153.0,2.1857142857142855,SET/3 VANILLA SCENTED CANDLE IN BOX
20749,1925.06,259.4271999999998,282.0,128.0,154.0,1.203125,ASSORTED COLOUR MINI CASES
22753,174.13,49.46259999999999,181.0,27.0,154.0,5.703703703703703,SMALL YELLOW BABUSHKA NOTEBOOK
22556,1164.2699999999998,241.7678999999999,736.0,582.0,154.0,0.2646048109965636,PLASTERS IN TIN CIRCUS PARADE
22619,1831.91,542.2582,421.0,267.0,154.0,0.5767790262172284,SET OF 6 SOLDIER SKITTLES
23121,113.35,27.219499999999996,260.0,106.0,154.0,1.4528301886792452,PACK OF 6 COCKTAIL PARASOL STRAWS
22435,322.34000000000003,73.5768,254.0,99.0,155.0,1.5656565656565657,SET OF 9 HEART SHAPED BALLOONS
22755,176.51999999999998,40.55039999999999,204.0,49.0,155.0,3.163265306122449,SMALL PURPLE BABUSHKA NOTEBOOK
21238,256.28,58.95559999999999,296.0,140.0,156.0,1.1142857142857143,RED RETROSPOT CUP
21623,1549.9099999999999,241.2157,174.0,18.0,156.0,8.666666666666666,VINTAGE UNION JACK MEMOBOARD
23206,2335.63,646.8836,1273.0,1117.0,156.0,0.1396598030438675,LUNCH BAG APPLE DESIGN
22566,217.46999999999997,53.84939999999999,243.0,87.0,156.0,1.793103448275862,FELTCRAFT HAIRBAND PINK AND PURPLE
21439,233.71,52.0817,186.0,29.0,157.0,5.413793103448276,BASKET OF TOADSTOOLS
22141,2428.07,750.6078999999999,970.0,812.0,158.0,0.19458128078817735,CHRISTMAS CRAFT TREE TOP ANGEL
22900,1461.71,425.62919999999997,409.0,251.0,158.0,0.6294820717131474,SET 2 TEA TOWELS I LOVE LONDON
23243,2373.5,575.3935,471.0,312.0,159.0,0.5096153846153846,SET OF TEA COFFEE SUGAR TINS PANTRY
22328,1577.76,319.2551999999999,552.0,392.0,160.0,0.40816326530612246,ROUND SNACK BOXES SET OF 4 FRUITS
22810,1188.3200000000002,330.90639999999996,360.0,199.0,161.0,0.8090452261306532,SET OF 6 T-LIGHTS SNOWMEN
23294,655.24,169.00729999999996,735.0,574.0,161.0,0.2804878048780488,SET OF 6 SNACK LOAF BAKING CASES
23334,343.0,87.395,510.0,348.0,162.0,0.46551724137931033,IVORY WICKER HEART SMALL
22997,161.58,38.157,374.0,211.0,163.0,0.7725118483412322,TRAVEL CARD WALLET UNION JACK
84692,465.72999999999996,179.35609999999997,776.0,612.0,164.0,0.2679738562091503,BOX OF 24 COCKTAIL PARASOLS
22436,215.7,48.11399999999999,330.0,166.0,164.0,0.9879518072289156,12 COLOURED PARTY BALLOONS
21481,2076.96,725.4916999999998,539.0,375.0,164.0,0.43733333333333335,FAWN BLUE HOT WATER BOTTLE
71477,3663.21,987.1718999999999,1044.0,880.0,164.0,0.18636363636363637,COLOURED GLASS STAR T-LIGHT HOLDER
22064,390.88999999999993,95.49429999999998,234.0,69.0,165.0,2.391304347826087,PINK DOUGHNUT TRINKET POT
21231,958.58,232.7816,742.0,577.0,165.0,0.28596187175043325,SWEETHEART CERAMIC TRINKET BOX
51014A,420.19,-116.06320000000002,963.0,796.0,167.0,0.20979899497487436,"FEATHER PEN,HOT PINK"
35095A,97.16,-18.3128,204.0,36.0,168.0,4.666666666666667,BLUE VICTORIAN FABRIC OVAL BOX
16012,35.28,7.761599999999999,168.0,0.0,168.0,,FOOD/DRINK SPONGE STICKERS
22593,650.88,175.79759999999996,696.0,528.0,168.0,0.3181818181818182,CHRISTMAS GINGHAM STAR
22752,2197.87,495.5598999999999,256.0,87.0,169.0,1.9425287356321839,SET 7 BABUSHKA NESTING BOXES
23495,235.65,61.8255,174.0,5.0,169.0,33.8,SET OF 3 PANTRY WOODEN SPOONS
84536A,246.1,64.064,543.0,372.0,171.0,0.4596774193548387,ENGLISH ROSE NOTEBOOK A7 SIZE
22971,580.0799999999999,122.68409999999994,231.0,59.0,172.0,2.9152542372881354,QUEENS GUARD COFFEE MUG
21035,1036.06,215.04119999999998,326.0,153.0,173.0,1.130718954248366,SET/2 RED RETROSPOT TEA TOWELS
22581,357.75,31.899999999999967,521.0,348.0,173.0,0.49712643678160917,WOOD STOCKING CHRISTMAS SCANDISPOT
21519,145.27,30.768499999999992,365.0,192.0,173.0,0.9010416666666666,GIN & TONIC DIET GREETING CARD
23474,187.27999999999997,45.60159999999998,216.0,42.0,174.0,4.142857142857143,WOODLAND SMALL BLUE FELT HEART
21704,628.5,136.12499999999994,744.0,569.0,175.0,0.30755711775043937,BAG 250g SWIRLY MARBLES
21507,199.54,42.30379999999999,482.0,307.0,175.0,0.5700325732899023,ELEPHANT BIRTHDAY CARD
22440,127.24000000000001,28.443799999999996,301.0,126.0,175.0,1.3888888888888888,BALLOON WATER BOMB PACK OF 35
22047,198.0,36.959999999999994,500.0,325.0,175.0,0.5384615384615384,EMPIRE GIFT WRAP
22998,820.1999999999999,243.24299999999997,1681.0,1505.0,176.0,0.11694352159468438,TRAVEL CARD WALLET KEEP CALM
84596B,285.19,-53.39070000000001,598.0,420.0,178.0,0.4238095238095238,SMALL DOLLY MIX DESIGN ORANGE BOWL
22945,675.6999999999999,165.90699999999995,772.0,592.0,180.0,0.30405405405405406,CHRISTMAS METAL TAGS ASSORTED
23265,896.96,244.5717,657.0,476.0,181.0,0.3802521008403361,SET OF 3 WOODEN TREE DECORATIONS
21988,250.02999999999997,34.975599999999986,337.0,156.0,181.0,1.1602564102564104,PACK OF 6 SKULL PAPER PLATES
21928,1433.29,350.4390000000001,765.0,583.0,182.0,0.31217838765008576,JUMBO BAG SCANDINAVIAN BLUE PAISLEY
72232,62.32,13.7104,328.0,146.0,182.0,1.2465753424657535,FENG SHUI PILLAR CANDLE
22095,384.54,14.908299999999999,409.0,227.0,182.0,0.801762114537445,LADS ONLY TISSUE BOX
23254,1253.77,246.2079,318.0,136.0,182.0,1.338235294117647,CHILDRENS CUTLERY DOLLY GIRL
21172,654.14,154.04929999999996,439.0,257.0,182.0,0.708171206225681,PARTY METAL SIGN
20963,381.26,104.5077,275.0,92.0,183.0,1.9891304347826086,APPLE BATH SPONGE
22979,616.9599999999999,173.8652,380.0,197.0,183.0,0.9289340101522843,PANTRY WASHING UP BRUSH
22988,1131.48,227.73960000000002,936.0,753.0,183.0,0.24302788844621515,SOLDIERS EGG CUP
85066,3281.2799999999997,613.3205999999998,274.0,90.0,184.0,2.0444444444444443,CREAM SWEETHEART MINI CHEST
23490,1267.93,268.3436,345.0,159.0,186.0,1.169811320754717,T-LIGHT HOLDER HANGING LOVE BIRD
22809,1403.71,331.2322,469.0,283.0,186.0,0.657243816254417,SET OF 6 T-LIGHTS SANTA
23082,1995.52,433.1129,535.0,348.0,187.0,0.5373563218390804,SET 6 PAPER TABLE LANTERN HEARTS
84030E,1646.61,311.85219999999987,409.0,221.0,188.0,0.8506787330316742,ENGLISH ROSE HOT WATER BOTTLE
85036C,280.0,-349.68750000000006,405.0,217.0,188.0,0.8663594470046083,ROSE 1 WICK MORRIS BOXED CANDLE
22644,389.53999999999996,122.90079999999999,222.0,31.0,191.0,6.161290322580645,CERAMIC CHERRY CAKE MONEY BANK
20726,1381.51,425.7902,703.0,512.0,191.0,0.373046875,LUNCH BAG WOODLAND
20727,2278.46,652.8577000000001,1215.0,1023.0,192.0,0.187683284457478,LUNCH BAG  BLACK SKULL.
23035,696.05,167.31049999999996,464.0,272.0,192.0,0.7058823529411765,DRAWER KNOB CERAMIC IVORY
21015,224.73999999999998,-112.7192,626.0,434.0,192.0,0.4423963133640553,DARK BIRD HOUSE TREE DECORATION
21218,1192.29,354.13829999999996,274.0,79.0,195.0,2.4683544303797467,RED SPOTTY BISCUIT TIN
22310,397.1,-117.65600000000003,234.0,39.0,195.0,5.0,IVORY KNITTED MUG COSY
22599,292.96,-149.79080000000002,836.0,640.0,196.0,0.30625,CHRISTMAS MUSICAL ZINC STAR
22420,149.4,39.038999999999994,329.0,133.0,196.0,1.4736842105263157,LIPSTICK PEN BABY PINK
84755,686.72,202.73439999999997,912.0,716.0,196.0,0.2737430167597765,COLOUR GLASS T-LIGHT HOLDER HANGING
22467,2314.31,373.9627,1014.0,817.0,197.0,0.24112607099143207,GUMBALL COAT RACK
22460,467.53000000000003,100.8106,377.0,179.0,198.0,1.106145251396648,EMBOSSED GLASS TEALIGHT HOLDER
23475,189.08999999999997,43.79979999999999,223.0,25.0,198.0,7.92,WOODLAND SMALL PINK FELT HEART
22620,1067.19,283.55429999999996,676.0,478.0,198.0,0.41422594142259417,4 TRADITIONAL SPINNING TOPS
79066K,190.39,42.347799999999985,223.0,24.0,199.0,8.291666666666666,RETRO MOD TRAY
16218,35.699999999999996,-22.231000000000005,565.0,366.0,199.0,0.5437158469945356,CARTOON  PENCIL SHARPENERS
16216,24.72,-15.637600000000003,394.0,195.0,199.0,1.0205128205128204,LETTER SHAPE PENCIL SHARPENER
23323,1126.77,249.20489999999992,536.0,336.0,200.0,0.5952380952380952,WHITE WICKER STAR
21500,264.0,53.129999999999995,650.0,450.0,200.0,0.4444444444444444,PINK POLKADOT WRAP
22941,3844.94,951.8837999999997,432.0,231.0,201.0,0.8701298701298701,CHRISTMAS LIGHTS 10 REINDEER
21892,830.89,217.3728,615.0,413.0,202.0,0.4891041162227603,TRADITIONAL WOODEN CATCH CUP GAME
23331,275.56,73.5812,400.0,198.0,202.0,1.02020202020202,DECORATIVE WICKER HEART SMALL
22899,702.86,154.27719999999994,335.0,132.0,203.0,1.5378787878787878,CHILDREN'S APRON DOLLY GIRL
21403,33.72,-36.63660000000001,271.0,67.0,204.0,3.044776119402985,BLUE EGG  SPOON
20718,723.0600000000001,209.5687,505.0,298.0,207.0,0.6946308724832215,RED RETROSPOT SHOPPER BAG
23144,630.56,134.93919999999994,768.0,559.0,209.0,0.3738819320214669,ZINC T-LIGHT HOLDER STARS SMALL
22580,2844.7400000000002,357.8497999999999,560.0,351.0,209.0,0.5954415954415955,ADVENT CALENDAR GINGHAM SACK
22531,188.58,41.48759999999999,449.0,239.0,210.0,0.8786610878661087,MAGIC DRAWING SLATE CIRCUS PARADE
23229,1759.43,405.14860000000004,461.0,250.0,211.0,0.844,VINTAGE DONKEY TAIL GAME
22129,288.78,84.44809999999997,295.0,81.0,214.0,2.6419753086419755,PARTY CONES CANDY DECORATION
23080,2698.81,691.8361999999998,309.0,94.0,215.0,2.2872340425531914,RED METAL BOX TOP SECRET
23598,660.0300000000001,156.1406,217.0,0.0,217.0,,PAPER BUNTING VINTAGE PARTY
22955,541.4000000000001,103.87299999999996,271.0,54.0,217.0,4.018518518518518,36 FOIL STAR CAKE CASES
22610,317.9,53.28399999999998,1658.0,1440.0,218.0,0.15138888888888888,PENS ASSORTED FUNNY FACE
23320,2266.16,474.23909999999995,807.0,588.0,219.0,0.37244897959183676,GIANT 50'S CHRISTMAS CRACKER
21169,904.62,203.9224,530.0,310.0,220.0,0.7096774193548387,YOU'RE CONFUSING ME METAL SIGN
21086,354.15000000000003,79.28799999999998,541.0,321.0,220.0,0.6853582554517134,SET/6 RED SPOTTY PAPER CUPS
23267,502.91,124.61569999999999,382.0,161.0,221.0,1.3726708074534162,SET OF 4 SANTA PLACE SETTINGS
21987,222.71,35.27919999999999,381.0,160.0,221.0,1.38125,PACK OF 6 SKULL PAPER CUPS
21484,2067.22,732.1919,453.0,232.0,221.0,0.9525862068965517,CHICK GREY HOT WATER BOTTLE
21165,699.1899999999999,152.63379999999998,415.0,192.0,223.0,1.1614583333333333,BEWARE OF THE CAT METAL SIGN
22466,865.1099999999999,191.01719999999992,443.0,218.0,225.0,1.0321100917431192,FAIRY TALE COTTAGE NIGHT LIGHT
23263,1562.83,431.29159999999996,1137.0,911.0,226.0,0.24807903402854006,SET OF 3 WOODEN HEART DECORATIONS
22066,174.4,-192.7767,411.0,184.0,227.0,1.233695652173913,LOVE HEART TRINKET POT
23318,3196.77,709.9213000000001,1303.0,1076.0,227.0,0.21096654275092938,BOX OF 6 MINI VINTAGE CRACKERS
20676,559.13,118.40510000000002,454.0,226.0,228.0,1.008849557522124,RED RETROSPOT BOWL
21620,440.07,-119.81310000000002,339.0,110.0,229.0,2.081818181818182,SET OF 4 ROSE BOTANICAL CANDLES
22693,1453.22,340.0419,1133.0,904.0,229.0,0.25331858407079644,GROW A FLYTRAP OR SUNFLOWER IN TIN
23322,2200.55,399.0415,828.0,598.0,230.0,0.38461538461538464,LARGE WHITE HEART OF WICKER
23296,1226.92,287.4784,956.0,725.0,231.0,0.31862068965517243,SET OF 6 TEA TIME BAKING CASES
22608,160.38,-42.134400000000014,717.0,486.0,231.0,0.47530864197530864,PENS ASSORTED FUNKY JEWELED
22174,805.5699999999999,238.23139999999995,421.0,190.0,231.0,1.2157894736842105,PHOTO CUBE
21156,1150.91,275.9482,569.0,337.0,232.0,0.6884272997032641,RETROSPOT CHILDRENS APRON
22573,679.8499999999999,181.74199999999996,731.0,498.0,233.0,0.4678714859437751,STAR WOODEN CHRISTMAS DECORATION
23090,500.67999999999995,131.70959999999997,556.0,323.0,233.0,0.7213622291021672,VINTAGE GLASS T-LIGHT HOLDER
22028,180.14,44.92179999999999,406.0,172.0,234.0,1.3604651162790697,PENNY FARTHING BIRTHDAY CARD
22571,595.67,131.88079999999997,761.0,526.0,235.0,0.4467680608365019,ROCKING HORSE RED CHRISTMAS
85175,230.24,47.92479999999999,560.0,324.0,236.0,0.7283950617283951,CACTI T-LIGHT CANDLES
22662,894.14,192.82780000000002,552.0,316.0,236.0,0.7468354430379747,LUNCH BAG DOLLY GIRL DESIGN
23351,2034.25,617.6225,1380.0,1143.0,237.0,0.2073490813648294,ROLL WRAP 50'S CHRISTMAS
22041,1541.44,283.69879999999995,644.0,405.0,239.0,0.5901234567901235,"RECORD FRAME 7"" SINGLE SIZE"
16011,75.39,16.585799999999995,359.0,119.0,240.0,2.0168067226890756,ANIMAL STICKERS
21670,724.52,199.46189999999999,527.0,284.0,243.0,0.8556338028169014,BLUE SPOT CERAMIC DRAWER KNOB
22576,506.01,135.77519999999998,543.0,300.0,243.0,0.81,SWALLOW WOODEN CHRISTMAS DECORATION
21993,653.5,-76.63300000000001,438.0,195.0,243.0,1.2461538461538462,FLORAL FOLK STATIONERY SET
21935,1011.88,283.6526,546.0,302.0,244.0,0.8079470198675497,SUKI  SHOULDER BAG
72741,1233.77,234.44239999999996,899.0,654.0,245.0,0.3746177370030581,GRAND CHOCOLATECANDLE
22646,872.71,206.3772,585.0,340.0,245.0,0.7205882352941176,CERAMIC STRAWBERRY CAKE MONEY BANK
23086,302.18,51.178599999999996,264.0,19.0,245.0,12.894736842105264,ZINC  STAR T-LIGHT HOLDER
22075,617.65,162.50299999999996,345.0,99.0,246.0,2.484848484848485,6 RIBBONS ELEGANT CHRISTMAS
84012,328.09999999999997,-96.59650000000005,386.0,140.0,246.0,1.7571428571428571,MAGIC SHEEP WOOL GROWING FROM PAPER
84997D,2751.81,664.8312000000001,705.0,456.0,249.0,0.5460526315789473,CHILDRENS CUTLERY POLKADOT PINK
22383,1574.4099999999999,401.74620000000004,957.0,707.0,250.0,0.3536067892503536,LUNCH BAG SUKI DESIGN
22938,687.2399999999999,109.80779999999992,398.0,148.0,250.0,1.6891891891891893,CUPCAKE LACE PAPER SET 6
23230,366.0,73.91999999999999,900.0,650.0,250.0,0.38461538461538464,WRAP ALPHABET DESIGN
84375,1359.96,345.6011999999999,608.0,358.0,250.0,0.6983240223463687,SET OF 20 KIDS COOKIE CUTTERS
22817,155.28,31.78559999999999,380.0,129.0,251.0,1.945736434108527,CARD SUKI BIRTHDAY
20868,112.95000000000002,-43.461,279.0,27.0,252.0,9.333333333333334,SILVER FABRIC MIRROR
84988,764.5699999999999,151.6744,555.0,302.0,253.0,0.8377483443708609,SET OF 72 PINK HEART PAPER DOILIES
22139,4211.63,994.8511000000001,830.0,576.0,254.0,0.4409722222222222,RETROSPOT TEA SET CERAMIC 11 PC
22491,360.93,58.182599999999965,477.0,223.0,254.0,1.1390134529147982,PACK OF 12 COLOURED PENCILS
85038,679.1500000000001,118.69549999999997,350.0,96.0,254.0,2.6458333333333335,6 CHOCOLATE LOVE HEART T-LIGHTS
22208,338.22999999999996,-73.52290000000002,368.0,112.0,256.0,2.2857142857142856,WOOD STAMP SET THANK YOU
23168,875.28,245.17469999999997,625.0,368.0,257.0,0.6983695652173914,CLASSIC CAFE SUGAR DISPENSER
20981,334.04999999999995,73.29549999999998,394.0,133.0,261.0,1.962406015037594,12 PENCILS TALL TUBE WOODLAND
23058,254.78000000000003,60.182100000000005,313.0,52.0,261.0,5.019230769230769,CHRISTMAS HANGING SNOWFLAKE
20723,1465.5,690.855,936.0,675.0,261.0,0.38666666666666666,STRAWBERRY CHARLOTTE BAG
22898,966.27,291.43289999999996,422.0,160.0,262.0,1.6375,CHILDRENS APRON APPLES DESIGN
23371,1244.66,375.38820000000004,848.0,584.0,264.0,0.4520547945205479,SET 36 COLOUR PENCILS SPACEBOY
22561,1685.7499999999998,529.3749999999999,847.0,582.0,265.0,0.45532646048109965,WOODEN SCHOOL COLOURING SET
85034B,664.48,-327.95840000000004,464.0,198.0,266.0,1.3434343434343434,3 WHITE CHOC MORRIS BOXED CANDLES
22530,295.92,55.99439999999999,744.0,475.0,269.0,0.5663157894736842,MAGIC DRAWING SLATE DOLLY GIRL
23694,119.78,28.93659999999999,274.0,0.0,274.0,,PAISLEY PARK CARD
22419,362.46,130.56119999999999,643.0,367.0,276.0,0.7520435967302452,LIPSTICK PEN RED
22966,1494.72,361.68440000000004,1148.0,868.0,280.0,0.3225806451612903,GINGERBREAD MAN COOKIE CUTTER
23221,491.35999999999996,115.83479999999996,596.0,313.0,283.0,0.9041533546325878,REINDEER HEART DECORATION SILVER
21070,499.73,3.9171000000000173,554.0,270.0,284.0,1.0518518518518518,VINTAGE BILLBOARD MUG
23510,620.32,173.6504,1316.0,1032.0,284.0,0.2751937984496124,MINI PLAYING CARDS GYMKHANA
21975,440.25000000000006,108.78999999999998,761.0,474.0,287.0,0.6054852320675106,PACK OF 60 DINOSAUR CAKE CASES
23109,1990.5900000000001,450.30479999999994,681.0,394.0,287.0,0.7284263959390863,PACK OF SIX LED TEA LIGHTS
23367,1250.95,439.49399999999997,1465.0,1177.0,288.0,0.24468988954970264,SET 12 COLOUR PENCILS SPACEBOY
22659,1809.07,365.06089999999995,966.0,678.0,288.0,0.4247787610619469,LUNCH BOX I LOVE LONDON
21586,604.8000000000001,61.77600000000001,288.0,0.0,288.0,,KINGS CHOICE GIANT TUBE MATCHES
23186,138.91,30.560199999999988,479.0,188.0,291.0,1.547872340425532,FRENCH STYLE STORAGE JAR CAFE
21934,829.06,191.8862,492.0,200.0,292.0,1.46,SKULL SHOULDER BAG
47566,4711.06,1143.2102,916.0,620.0,296.0,0.4774193548387097,PARTY BUNTING
22421,220.87,50.64289999999999,517.0,218.0,299.0,1.371559633027523,LIPSTICK PEN FUSCHIA
23434,737.61,182.55819999999994,887.0,586.0,301.0,0.5136518771331058,3 RAFFIA RIBBONS 50'S CHRISTMAS
84006,291.34,65.38179999999998,340.0,37.0,303.0,8.18918918918919,MAGIC TREE -PAPER FLOWERS
85034C,744.41,178.9707,574.0,271.0,303.0,1.118081180811808,3 ROSE MORRIS BOXED CANDLES
23489,1572.34,374.62479999999994,526.0,221.0,305.0,1.3800904977375565,VINTAGE BELLS GARLAND
22385,1399.65,312.62300000000005,775.0,470.0,305.0,0.648936170212766,JUMBO BAG SPACEBOY DESIGN
23154,1289.45,471.19169999999997,463.0,157.0,306.0,1.9490445859872612,SET OF 4 JAM JAR MAGNETS
82482,2809.56,669.5457,1107.0,794.0,313.0,0.39420654911838793,WOODEN PICTURE FRAME WHITE FINISH
20972,1291.77,304.4129,1004.0,691.0,313.0,0.45296671490593343,PINK CREAM FELT CRAFT TRINKET BOX
21616,607.97,-150.18410000000003,457.0,143.0,314.0,2.195804195804196,4 PEAR BOTANICAL DINNER CANDLES
21619,686.92,-163.8076,512.0,193.0,319.0,1.6528497409326426,4 VANILLA BOTANICAL CANDLES
21915,5159.56,1472.8111999999999,3644.0,3320.0,324.0,0.09759036144578313,RED  HARMONICA IN BOX
21498,498.0,106.25999999999999,1200.0,875.0,325.0,0.37142857142857144,RED RETROSPOT WRAP
21592,557.64,107.63280000000002,468.0,142.0,326.0,2.295774647887324,RETROSPOT CIGAR BOX MATCHES
22153,324.39,64.56869999999998,814.0,487.0,327.0,0.6714579055441479,ANGEL DECORATION STARS ON DRESS
84997C,2371.34,559.5568000000001,614.0,280.0,334.0,1.1928571428571428,CHILDRENS CUTLERY POLKADOT BLUE
21843,2141.67,-14.855100000000014,438.0,103.0,335.0,3.2524271844660193,RED RETROSPOT CAKE STAND
21872,448.04,3.990800000000017,496.0,161.0,335.0,2.080745341614907,GLAMOROUS  MUG
90057,510.0,112.19999999999999,408.0,72.0,336.0,4.666666666666667,DIAMANTE RING ASSORTED IN BOX.
22311,1137.68,210.7885999999999,410.0,71.0,339.0,4.774647887323944,OFFICE MUG WARMER BLACK+SILVER
22144,3690.5800000000004,1184.5105999999996,1436.0,1094.0,342.0,0.3126142595978062,CHRISTMAS CRAFT LITTLE FRIENDS
21930,1403.22,405.87690000000003,629.0,286.0,343.0,1.1993006993006994,JUMBO STORAGE BAG SKULLS
21615,619.81,-162.7153,473.0,126.0,347.0,2.753968253968254,4 LAVENDER BOTANICAL DINNER CANDLES
22367,1286.6299999999999,268.6396,675.0,327.0,348.0,1.0642201834862386,CHILDRENS APRON SPACEBOY DESIGN
22155,377.81,101.70789999999998,847.0,498.0,349.0,0.7008032128514057,STAR DECORATION RUSTIC
22083,1939.5100000000002,433.9302,653.0,304.0,349.0,1.1480263157894737,PAPER CHAIN KIT RETROSPOT
23330,849.6,191.84199999999998,676.0,327.0,349.0,1.0672782874617737,DECORATIVE WICKER HEART MEDIUM
20983,526.4599999999999,129.54919999999996,590.0,239.0,351.0,1.4686192468619246,12 PENCILS TALL TUBE RED RETROSPOT
22094,222.27,-166.057,527.0,175.0,352.0,2.0114285714285716,RED RETROSPOT TISSUE BOX
85172,194.88,42.87359999999999,464.0,112.0,352.0,3.142857142857143,HYACINTH BULB T-LIGHT CANDLES
22947,5587.29,-333.54079999999976,511.0,158.0,353.0,2.2341772151898733,WOODEN ADVENT CALENDAR RED
23298,4453.99,1006.9928,891.0,536.0,355.0,0.6623134328358209,SPOTTY BUNTING
23697,152.6,34.80399999999999,358.0,0.0,358.0,,A PRETTY THANK YOU CARD
23083,2708.36,602.4997000000001,719.0,361.0,358.0,0.9916897506925207,SET 6 PAPER TABLE LANTERN STARS
23207,1981.54,719.0183000000001,889.0,531.0,358.0,0.6741996233521658,LUNCH BAG ALPHABET DESIGN
22960,4538.71,1112.5966999999996,1036.0,675.0,361.0,0.5348148148148149,JAM MAKING SET WITH JARS
23188,2362.93,869.3036,1047.0,684.0,363.0,0.5307017543859649,VINTAGE  2 METRE FOLDING RULER
20914,2180.6800000000003,447.08559999999994,764.0,394.0,370.0,0.9390862944162437,SET/5 RED RETROSPOT LID GLASS BOWLS
23209,2712.2,618.244,1620.0,1249.0,371.0,0.29703763010408324,LUNCH BAG VINTAGE DOILY
22694,1267.0300000000002,289.0600999999999,595.0,220.0,375.0,1.7045454545454546,WICKER STAR
21495,415.5,71.60999999999999,1075.0,700.0,375.0,0.5357142857142857,SKULLS AND CROSSBONES WRAP
21822,403.61,-102.50679999999994,461.0,80.0,381.0,4.7625,GLITTER CHRISTMAS TREE WITH BELLS
84598,57.120000000000005,-1.3440000000000025,424.0,42.0,382.0,9.095238095238095,BOYS ALPHABET IRON ON PATCHES
22554,2485.41,861.1811999999999,1175.0,792.0,383.0,0.48358585858585856,PLASTERS IN TIN WOODLAND ANIMALS
16169E,670.5,140.90999999999997,1625.0,1237.0,388.0,0.31366208569118836,WRAP 50'S  CHRISTMAS
23328,5087.44,2014.8413,923.0,532.0,391.0,0.7349624060150376,SET 6 SCHOOL MILK BOTTLES IN CRATE
22734,4107.2,1246.3584,1216.0,817.0,399.0,0.4883720930232558,SET OF 6 RIBBONS VINTAGE CHRISTMAS
21499,258.0,37.724999999999994,825.0,425.0,400.0,0.9411764705882353,BLUE POLKADOT WRAP
47591D,1312.34,259.75179999999995,700.0,299.0,401.0,1.3411371237458194,PINK FAIRY CAKE CHILDRENS APRON
22714,255.39000000000001,44.421299999999995,659.0,256.0,403.0,1.57421875,CARD BIRTHDAY COWBOY
23176,1177.9499999999998,204.12149999999997,568.0,165.0,403.0,2.4424242424242424,ABC TREASURE BOOK BOX
82551,728.56,173.40619999999998,486.0,81.0,405.0,5.0,LAUNDRY 15C METAL SIGN
23078,1406.8700000000001,306.4149,1130.0,724.0,406.0,0.5607734806629834,ICE CREAM PEN LIP GLOSS
20982,598.64,145.85779999999997,674.0,265.0,409.0,1.5433962264150944,12 PENCILS TALL TUBE SKULLS
23166,774.57,143.3564,659.0,250.0,409.0,1.636,MEDIUM CERAMIC TOP STORAGE JAR
82552,770.67,218.59089999999998,470.0,59.0,411.0,6.966101694915254,WASHROOM METAL SIGN
22549,1147.1299999999999,279.58259999999996,757.0,343.0,414.0,1.206997084548105,PICTURE DOMINOES
23365,841.58,313.7541,935.0,516.0,419.0,0.812015503875969,SET 12 COLOUR PENCILS LOVE LONDON
23319,3717.55,959.2322000000001,1395.0,976.0,419.0,0.4293032786885246,BOX OF 6 MINI 50'S CRACKERS
71459,735.37,150.04089999999994,892.0,473.0,419.0,0.8858350951374208,HANGING JAM JAR T-LIGHT HOLDERS
22300,740.13,-165.0099,524.0,102.0,422.0,4.137254901960785,COFFEE MUG DOG + BALL DESIGN
22302,867.29,-154.1792,589.0,167.0,422.0,2.5269461077844313,COFFEE MUG PEARS  DESIGN
23569,2835.35,653.62,563.0,139.0,424.0,3.050359712230216,TRADTIONAL ALPHABET STAMP SET
22301,735.3100000000001,-170.4808,527.0,100.0,427.0,4.27,COFFEE MUG CAT + BIRD DESIGN
23201,5289.6900000000005,1838.8292999999999,1953.0,1524.0,429.0,0.281496062992126,JUMBO BAG ALPHABET
21166,2874.27,779.8339,1342.0,909.0,433.0,0.47634763476347636,COOK WITH WINE METAL SIGN
51014C,346.66999999999996,-115.2443,838.0,405.0,433.0,1.0691358024691358,"FEATHER PEN,COAL BLACK"
22303,931.38,-140.32290000000006,635.0,199.0,436.0,2.190954773869347,COFFEE MUG APPLES DESIGN
21588,1249.5,173.9099999999999,562.0,124.0,438.0,3.532258064516129,RETROSPOT GIANT TUBE MATCHES
21210,1260.1899999999998,278.9137999999999,867.0,427.0,440.0,1.0304449648711944,SET OF 72 RETROSPOT PAPER  DOILIES
22340,376.40999999999997,-45.691800000000015,735.0,294.0,441.0,1.5,NOEL GARLAND PAINTED ZINC
21232,2028.5700000000002,533.3114,1505.0,1060.0,445.0,0.419811320754717,STRAWBERRY CERAMIC TRINKET POT
21287,214.32,47.1504,564.0,114.0,450.0,3.9473684210526314,SCENTED VELVET LOUNGE CANDLE
35970,3317.58,862.7104,1830.0,1377.0,453.0,0.3289760348583878,ZINC FOLKART SLEIGH BELLS
21066,410.00000000000006,-19.112499999999983,487.0,34.0,453.0,13.323529411764707,VINTAGE RED MUG
85099C,2972.17,666.0575000000001,1575.0,1117.0,458.0,0.41002685765443153,JUMBO  BAG BAROQUE BLACK WHITE
22071,381.25,-209.42750000000004,508.0,46.0,462.0,10.043478260869565,SMALL WHITE RETROSPOT MUG IN BOX
84029G,3043.27,891.4254,705.0,242.0,463.0,1.9132231404958677,KNITTED UNION FLAG HOT WATER BOTTLE
23333,1119.05,282.7935,842.0,378.0,464.0,1.2275132275132274,IVORY WICKER HEART MEDIUM
22564,631.11,103.01720000000002,557.0,93.0,464.0,4.989247311827957,ALPHABET STENCIL CRAFT
82494L,2609.3700000000003,440.1713999999999,1059.0,593.0,466.0,0.7858347386172007,WOODEN FRAME ANTIQUE WHITE
22304,575.36,-210.5378,466.0,0.0,466.0,,COFFEE MUG BLUE PAISLEY DESIGN
22384,1506.01,330.46970000000005,916.0,448.0,468.0,1.0446428571428572,LUNCH BAG PINK POLKADOT
22338,486.13000000000005,-319.1575,2004.0,1535.0,469.0,0.3055374592833876,STAR DECORATION PAINTED ZINC
22070,556.86,-160.3845,529.0,59.0,470.0,7.966101694915254,SMALL RED RETROSPOT MUG IN BOX
22594,717.04,191.01529999999994,773.0,301.0,472.0,1.5681063122923589,CHRISTMAS GINGHAM TREE
85048,5125.18,1124.6155999999999,650.0,178.0,472.0,2.651685393258427,15CM CHRISTMAS GLASS BALL 20 LIGHTS
22629,2611.31,441.1926999999999,1464.0,991.0,473.0,0.4772956609485368,SPACEBOY LUNCH BOX
23177,1263.8500000000001,229.427,601.0,127.0,474.0,3.732283464566929,TREASURE ISLAND BOOK BOX
21326,750.07,166.60439999999997,1153.0,679.0,474.0,0.6980854197349042,AGED GLASS SILVER T-LIGHT HOLDER
23194,1155.61,201.7697,556.0,81.0,475.0,5.864197530864198,GYMKHANA TREASURE BOOK BOX
23376,651.8,256.06899999999996,1146.0,667.0,479.0,0.7181409295352323,PACK OF 12 VINTAGE CHRISTMAS TISSUE
22617,3243.58,650.5631,679.0,197.0,482.0,2.446700507614213,BAKING SET SPACEBOY DESIGN
23193,1088.11,186.91969999999998,526.0,42.0,484.0,11.523809523809524,BUFFALO BILL TREASURE BOOK BOX
21485,3763.52,790.6954000000001,774.0,282.0,492.0,1.7446808510638299,RETROSPOT HEART HOT WATER BOTTLE
22219,594.52,138.55439999999996,684.0,188.0,496.0,2.6382978723404253,LOVEBIRD HANGING DECORATION WHITE
85099B,11458.210000000001,2552.6874000000003,5909.0,5412.0,497.0,0.09183296378418329,JUMBO BAG RED RETROSPOT
22993,2567.36,816.0797,1689.0,1185.0,504.0,0.4253164556962025,SET OF 4 PANTRY JELLY MOULDS
21889,2455.7000000000003,878.8890000000001,1472.0,961.0,511.0,0.5317377731529657,WOODEN BOX OF DOMINOES
22355,3918.6600000000003,2040.7607,2089.0,1578.0,511.0,0.3238276299112801,CHARLOTTE BAG SUKI DESIGN
23480,3904.78,871.8056000000001,1038.0,523.0,515.0,0.9847036328871893,MINI LIGHTS WOODLAND MUSHROOMS
22138,5651.21,1240.2577,1148.0,631.0,517.0,0.8193343898573693,BAKING SET 9 PIECE RETROSPOT
23498,726.3,146.146,518.0,0.0,518.0,,CLASSIC BICYCLE CLIPS
23695,221.85999999999999,50.94319999999999,519.0,0.0,519.0,,DOILY THANK YOU CARD
35471D,311.76,-254.9448,720.0,193.0,527.0,2.7305699481865284,SET OF 3 BIRD LIGHT PINK FEATHER
21479,4454.63,1551.1276,911.0,382.0,529.0,1.3848167539267016,WHITE SKULL HOT WATER BOTTLE
21871,872.83,160.98059999999998,747.0,217.0,530.0,2.442396313364055,SAVE THE PLANET MUG
85199S,451.61,134.75769999999997,922.0,381.0,541.0,1.4199475065616798,SMALL HANGING IVORY/RED WOOD BIRD
23202,2992.34,577.8197999999999,1573.0,1030.0,543.0,0.5271844660194175,JUMBO BAG VINTAGE LEAF
21212,1696.8,512.4735,2625.0,2079.0,546.0,0.26262626262626265,PACK OF 72 RETROSPOT CAKE CASES
22111,5503.6,1542.497,990.0,442.0,548.0,1.239819004524887,SCOTTIE DOG HOT WATER BOTTLE
22154,474.99,114.64529999999998,1087.0,539.0,548.0,1.0166975881261595,ANGEL DECORATION 3 BUTTONS
22952,3186.25,1135.7224999999999,4356.0,3802.0,554.0,0.1457127827459232,60 CAKE CASES VINTAGE CHRISTMAS
22574,861.42,234.12839999999994,918.0,361.0,557.0,1.5429362880886426,HEART WOODEN CHRISTMAS DECORATION
22560,1566.32,307.50390000000004,1307.0,745.0,562.0,0.7543624161073825,TRADITIONAL MODELLING CLAY
22818,553.4399999999999,112.42559999999997,1400.0,829.0,571.0,0.6887816646562123,CARD CHRISTMAS VILLAGE
22835,4630.59,1127.4902999999997,1000.0,427.0,573.0,1.3419203747072599,HOT WATER BOTTLE I AM SO POORLY
22152,373.57,72.58789999999998,931.0,356.0,575.0,1.6151685393258426,PLACE SETTING WHITE STAR
23356,6069.150000000001,1096.403,1093.0,511.0,582.0,1.1389432485322897,LOVE HOT WATER BOTTLE
22551,2647.87,911.3489,1250.0,668.0,582.0,0.8712574850299402,PLASTERS IN TIN SPACEBOY
22087,1593.93,281.4086,583.0,0.0,583.0,,PAPER BUNTING WHITE LACE
21175,3868.43,1206.9210999999996,1534.0,950.0,584.0,0.6147368421052631,GIN AND TONIC DIET METAL SIGN
21068,607.22,21.084400000000024,650.0,66.0,584.0,8.848484848484848,VINTAGE BILLBOARD LOVE/HATE MUG
20724,3142.73,1387.4666,2209.0,1617.0,592.0,0.3661100803957947,RED RETROSPOT CHARLOTTE BAG
21982,365.76,134.1675,925.0,330.0,595.0,1.803030303030303,PACK OF 12 SUKI TISSUES
22792,681.27,144.95939999999993,819.0,223.0,596.0,2.672645739910314,FLUTED ANTIQUE CANDLE HOLDER
84947,1420.94,246.08630000000008,1237.0,641.0,596.0,0.9297971918876755,ANTIQUE SILVER TEA GLASS ENGRAVED
21874,817.13,174.75259999999997,661.0,65.0,596.0,9.169230769230769,GIN AND TONIC MUG
16008,112.92,24.842399999999994,941.0,342.0,599.0,1.7514619883040936,SMALL FOLDING SCISSOR(POINTED EDGE)
22130,1387.08,619.2515999999998,960.0,360.0,600.0,1.6666666666666667,PARTY CONE CHRISTMAS DECORATION
21891,1944.68,520.8475,1425.0,820.0,605.0,0.7378048780487805,TRADITIONAL WOODEN SKIPPING ROPE
22816,618.84,131.39279999999997,1494.0,885.0,609.0,0.688135593220339,CARD MOTORBIKE SANTA
21818,491.54,-207.75920000000005,1254.0,644.0,610.0,0.9472049689440993,GLITTER HEART DECORATION
22356,1595.81,584.5502,1385.0,770.0,615.0,0.7987012987012987,CHARLOTTE BAG PINK POLKADOT
22804,938.77,-384.51860000000005,787.0,171.0,616.0,3.6023391812865495,PINK HANGING HEART T-LIGHT HOLDER
22158,5807.06,2330.9457,1321.0,703.0,618.0,0.8790896159317212,3 HEARTS HANGING DECORATION RUSTIC
23366,939.15,295.21799999999996,1197.0,577.0,620.0,1.074523396880416,SET 12 COLOURING PENCILS DOILY
22632,2695.5800000000004,515.2755999999998,1355.0,733.0,622.0,0.8485675306957708,HAND WARMER RED RETROSPOT
22597,423.53999999999996,-263.87620000000004,1276.0,653.0,623.0,0.9540581929555896,MUSICAL ZINC HEART DECORATION
23552,1288.2,278.05799999999994,624.0,0.0,624.0,,BICYCLE PUNCTURE REPAIR KIT
20725,3841.11,1206.4072,1993.0,1365.0,628.0,0.46007326007326005,LUNCH BAG RED RETROSPOT
16237,191.37,40.17089999999999,928.0,293.0,635.0,2.167235494880546,SLEEPING CAT ERASERS
23378,885.53,372.1201,1444.0,808.0,636.0,0.7871287128712872,PACK OF 12 50'S CHRISTMAS TISSUES
23321,2922.66,979.0242000000001,1408.0,770.0,638.0,0.8285714285714286,SMALL WHITE HEART OF WICKER
22621,2462.81,602.7966999999999,1426.0,779.0,647.0,0.8305519897304237,TRADITIONAL KNITTING NANCY
23005,675.9599999999999,225.27119999999996,1278.0,618.0,660.0,1.0679611650485437,TRAVEL CARD WALLET I LOVE LONDON
22867,4007.9000000000005,1178.6739999999998,1659.0,965.0,694.0,0.7191709844559585,HAND WARMER BIRD DESIGN
23313,7303.3,2209.526,1254.0,543.0,711.0,1.3093922651933703,VINTAGE CHRISTMAS BUNTING
22609,239.07999999999998,42.25759999999998,1228.0,516.0,712.0,1.37984496124031,PENS ASSORTED SPACEBALL
84029E,5614.01,1672.3252000000002,1313.0,595.0,718.0,1.2067226890756302,RED WOOLLY HOTTIE WHITE HEART.
20992,461.08,-117.08840000000005,1160.0,441.0,719.0,1.6303854875283448,JAZZ HEARTS PURSE NOTEBOOK
21787,1355.97,276.92939999999993,1641.0,919.0,722.0,0.7856365614798694,RAIN PONCHO RETROSPOT
23293,1493.4099999999999,385.8857999999999,1683.0,946.0,737.0,0.7790697674418605,SET OF 12 FAIRY CAKE BAKING CASES
22411,3001.11,785.1821,1486.0,746.0,740.0,0.9919571045576407,JUMBO SHOPPER VINTAGE RED PAISLEY
22382,2406.82,507.27690000000007,1547.0,800.0,747.0,0.93375,LUNCH BAG SPACEBOY DESIGN
22791,1615.8500000000001,325.41700000000003,1337.0,590.0,747.0,1.2661016949152541,T-LIGHT GLASS FLUTED ANTIQUE
22909,2524.3799999999997,822.8605999999999,2400.0,1649.0,751.0,0.45542753183747725,SET OF 20 VINTAGE CHRISTMAS NAPKINS
84378,1930.3899999999999,530.7753,1390.0,635.0,755.0,1.188976377952756,SET OF 3 HEART COOKIE CUTTERS
23493,4613.61,1401.2892000000002,2007.0,1250.0,757.0,0.6056,VINTAGE DOILY TRAVEL SEWING KIT
22112,7676.5,1715.4167000000002,1603.0,839.0,764.0,0.9106078665077473,CHOCOLATE HOT WATER BOTTLE
23439,4033.8300000000004,1241.8790999999999,1614.0,850.0,764.0,0.8988235294117647,HAND WARMER RED LOVE HEART
84978,2207.6,851.3270000000001,1254.0,472.0,782.0,1.6567796610169492,HANGING HEART JAR T-LIGHT HOLDER
21914,2554.4500000000003,822.9265,1664.0,868.0,796.0,0.9170506912442397,BLUE HARMONICA IN BOX
75049L,777.52,17.115899999999968,875.0,78.0,797.0,10.217948717948717,LARGE CIRCULAR MIRROR MOBILE
22579,854.8999999999999,-513.2820000000002,2506.0,1707.0,799.0,0.46807264206209725,WOODEN TREE CHRISTMAS SCANDINAVIAN
22666,3857.52,1009.0418999999998,1221.0,419.0,802.0,1.9140811455847255,RECIPE BOX PANTRY YELLOW DESIGN
82600,1767.19,404.3962999999998,828.0,4.0,824.0,206.0,N0 SINGING METAL SIGN
21791,2755.35,1084.182,1509.0,680.0,829.0,1.2191176470588236,VINTAGE HEADS AND TAILS CARD GAME
23300,3234.87,1106.2524,1549.0,712.0,837.0,1.175561797752809,GARDENERS KNEELING PAD CUP OF TEA
23691,355.5,71.60999999999999,875.0,0.0,875.0,,WRAP KEEP CALM BIRTHDAY
84945,1536.41,336.00219999999996,1813.0,931.0,882.0,0.9473684210526315,MULTI COLOUR SILVER T-LIGHT HOLDER
22865,5756.59,1510.4242999999997,2530.0,1639.0,891.0,0.5436241610738255,HAND WARMER OWL DESIGN
22959,714.0,132.92999999999998,1950.0,1050.0,900.0,0.8571428571428571,WRAP CHRISTMAS VILLAGE
23499,452.34,116.83979999999998,1002.0,95.0,907.0,9.547368421052632,SET 12 VINTAGE DOILY CHALK
21731,3404.2099999999996,913.8546999999998,1882.0,970.0,912.0,0.9402061855670103,RED TOADSTOOL LED NIGHT LIGHT
22114,10012.64,3852.4927999999995,1820.0,905.0,915.0,1.011049723756906,HOT WATER BOTTLE TEA AND SYMPATHY
23275,1811.06,346.4719,1541.0,589.0,952.0,1.6162988115449914,SET OF 3 HANGING OWLS OLLIE BEAK
23077,4082.1,1409.342,2522.0,1561.0,961.0,0.6156310057655349,DOUGHNUT LIP GLOSS
21819,576.38,-239.67240000000004,1462.0,486.0,976.0,2.0082304526748973,GLITTER CHRISTMAS STAR
23215,3024.2000000000003,556.5779999999999,1549.0,559.0,990.0,1.7710196779964222,JINGLE BELL HEART ANTIQUE SILVER
22030,389.74,64.0178,1022.0,0.0,1022.0,,SWALLOWS GREETING CARD
84568,270.47999999999996,-40.28640000000003,1076.0,53.0,1023.0,19.30188679245283,GIRLS ALPHABET IRON ON PATCHES
23355,11500.87,2560.3409,2362.0,1329.0,1033.0,0.7772761474793077,HOT WATER BOTTLE KEEP CALM
84347,9633.54,3117.7607999999996,3066.0,2011.0,1055.0,0.5246146195922426,ROTATING SILVER ANGELS T-LIGHT HLDR
21733,4527.6,974.6219999999997,1548.0,481.0,1067.0,2.2182952182952183,RED HANGING HEART T-LIGHT HOLDER
35953,799.53,-33.554400000000015,1935.0,857.0,1078.0,1.2578763127187864,FOLKART STAR CHRISTMAS DECORATIONS
22470,5323.4800000000005,1315.8876,1722.0,623.0,1099.0,1.7640449438202248,HEART OF WICKER LARGE
23343,5756.72,1982.2403999999997,2206.0,1100.0,1106.0,1.0054545454545454,JUMBO BAG VINTAGE CHRISTMAS
20973,1288.95,402.31749999999994,1652.0,537.0,1115.0,2.0763500931098697,12 PENCIL SMALL TUBE WOODLAND
21790,2910.0,960.4894999999999,2739.0,1590.0,1149.0,0.7226415094339622,VINTAGE SNAP CARDS
23497,1899.11,400.0301999999999,1339.0,180.0,1159.0,6.438888888888889,CLASSIC CHROME BICYCLE BELL
21135,517.7,-588.9700000000001,1322.0,123.0,1199.0,9.747967479674797,VICTORIAN  METAL POSTCARD SPRING
21703,603.76,69.6542,1711.0,466.0,1245.0,2.671673819742489,BAG 125g SWIRLY MARBLES
79321,11475.07,3143.3179000000005,2092.0,828.0,1264.0,1.5265700483091786,CHILLI LIGHTS
22866,5437.89,1519.3742999999997,2371.0,1100.0,1271.0,1.1554545454545455,HAND WARMER SCOTTY DOG DESIGN
23681,2033.52,411.47040000000004,1272.0,0.0,1272.0,,LUNCH BAG RED VINTAGE DOILY
22616,1257.79,493.7069,2982.0,1553.0,1429.0,0.9201545396007726,PACK OF 12 LONDON TISSUES
22469,4978.469999999999,1484.7543999999998,2625.0,1137.0,1488.0,1.3087071240105541,HEART OF WICKER SMALL
23582,5034.93,1534.6636999999998,2112.0,602.0,1510.0,2.5083056478405314,VINTAGE DOILY JUMBO BAG RED
21137,7891.16,1477.4932000000001,2232.0,632.0,1600.0,2.5316455696202533,BLACK RECORD COVER FRAME
23583,3758.73,784.2846000000001,2325.0,682.0,1643.0,2.409090909090909,LUNCH BAG PAISLEY PARK
23344,10913.1,3818.6146000000003,4072.0,2423.0,1649.0,0.6805612876599257,JUMBO BAG 50'S CHRISTMAS
21108,1977.5,-1769.4581000000003,2363.0,710.0,1653.0,2.328169014084507,FAIRY CAKE FLANNEL ASSORTED COLOUR
23301,5863.75,2005.7674999999997,2768.0,1081.0,1687.0,1.5605920444033303,GARDENERS KNEELING PAD KEEP CALM
23203,9533.75,2835.9294999999997,4002.0,2314.0,1688.0,0.7294727744165946,JUMBO BAG VINTAGE DOILY
21810,1366.3,-402.35800000000006,3186.0,1488.0,1698.0,1.1411290322580645,CHRISTMAS HANGING STAR WITH BELL
84946,4704.16,1347.2081,3413.0,1701.0,1712.0,1.006466784244562,ANTIQUE SILVER T-LIGHT GLASS
23570,3981.65,1644.808,2067.0,306.0,1761.0,5.754901960784314,TRADITIONAL PICK UP STICKS GAME
23571,5420.429999999999,2118.2436,2265.0,364.0,1901.0,5.222527472527473,TRADITIONAL NAUGHTS & CROSSES
22577,1658.2899999999997,-1006.9862,5003.0,3028.0,1975.0,0.6522457067371202,WOODEN HEART CHRISTMAS SCANDINAVIAN
23581,7830.34,2472.8669999999993,3174.0,1172.0,2002.0,1.7081911262798635,JUMBO BAG PAISLEY PARK
20668,485.04,83.01479999999998,4401.0,2365.0,2036.0,0.8608879492600423,DISCO BALL CHRISTMAS DECORATION
22910,12831.54,3711.5222999999996,3827.0,1719.0,2108.0,1.2262943571844096,PAPER CHAIN KIT VINTAGE CHRISTMAS
84879,8440.94,1615.9307999999999,5254.0,2760.0,2494.0,0.9036231884057971,ASSORTED COLOUR BIRD ORNAMENT
22578,1787.2099999999998,-1073.0375000000001,5366.0,2354.0,3012.0,1.2795242141036534,WOODEN STAR CHRISTMAS SCANDINAVIAN
85123A,14119.800000000001,2911.6189999999992,4910.0,1689.0,3221.0,1.9070455891059799,CREAM HANGING HEART T-LIGHT HOLDER
16014,1164.52,63.6944,3606.0,40.0,3566.0,89.15,SMALL CHINESE STYLE SCISSOR
22086,28883.04,9450.650799999998,7908.0,3429.0,4479.0,1.3062117235345583,PAPER CHAIN KIT 50'S CHRISTMAS
22197,13968.74,5019.4195,12460.0,5907.0,6553.0,1.1093617741662434,POPCORN HOLDER
23084,34422.090000000004,9447.892399999999,14954.0,6323.0,8631.0,1.365016606041436,RABBIT NIGHT LIGHT
