product_id,gross_revenue,refunds,net_revenue,assumed_cogs,assumed_marketplace_fees,assumed_advertising,modeled_contribution_profit,sold_units,returned_units,modeled_contribution_margin,return_unit_rate,description,reference_price,assumed_unit_cost,recommendation
22423,331084.26999999996,16570.8,314513.47,175782.3375,49662.640499999994,26486.7416,62581.75039999998,26519,1452,0.1989795553112558,0.05475319582186357,REGENCY CAKESTAND 3 TIER,12.75,7.0125,Monitor
85123A,258065.91,9387.1,248678.81,147138.03500000003,38709.8865,20645.2728,42185.61569999998,94323,3637,0.16963896401144907,0.0385589940947595,CREAM HANGING HEART T-LIGHT HOLDER,2.95,1.6225000000000003,Monitor
47566,148395.98,1238.5500000000002,147157.43,76042.1475,22259.397,11871.6784,36984.2071,28216,285,0.2513240894462482,0.010100652112276723,PARTY BUNTING,4.95,2.7225,Promotion candidate
85099B,180888.03,2168.82,178719.21,102657.555,27133.2045,14471.0424,34457.4081,96931,1213,0.19280192711236807,0.012514056390628385,JUMBO BAG RED RETROSPOT,1.95,1.0725,Monitor
22502,60924.5,436.42,60488.08,12068.980000000001,9138.675,4873.96,34406.465000000004,3774,86,0.5688139712816146,0.02278749337572867,PICNIC BASKET WICKER SMALL,5.95,3.2725000000000004,Promotion candidate
22086,117884.19,1461.7,116422.49,56034.66000000001,17682.6285,9430.735200000001,33274.46629999999,35126,590,0.28580789072626767,0.01679667482776291,PAPER CHAIN KIT 50'S CHRISTMAS,2.95,1.6225000000000003,Promotion candidate
84879,129681.08,774.0699999999999,128907.01,74157.369,19452.162,10374.4864,24922.992599999998,80293,511,0.19334086330914044,0.006364191149913442,ASSORTED COLOUR BIRD ORNAMENT,1.69,0.9295,Monitor
84347,71361.6,330.45000000000005,71031.15,30927.93,10704.24,5708.928,23690.051999999996,31433,9381,0.3335163797854884,0.29844431011993766,ROTATING SILVER ANGELS T-LIGHT HLDR,2.55,1.4025,Promotion candidate
22355,45426.01,142.69,45283.32,14879.59,6813.901499999999,3634.0808,19955.747699999996,32013,185,0.44068649780978947,0.005778902320932121,CHARLOTTE BAG SUKI DESIGN,0.85,0.4675,Promotion candidate
22114,59336.64,795.2,58541.44,24977.232500000002,8900.496000000001,4746.9312,19916.7803,11717,220,0.34021678147992257,0.018776137236493982,HOT WATER BOTTLE TEA AND SYMPATHY,3.95,2.1725000000000003,Promotion candidate
22197,79552.5,616.58,78935.92,41015.1775,11932.875,6364.2,19623.6675,88537,804,0.2486025056780234,0.009080949207675887,POPCORN HOLDER,0.85,0.4675,Promotion candidate
79321,80873.23,635.75,80237.48,42941.9925,12130.9845,6469.8584,18694.6446,15918,145,0.2329914224624203,0.009109184570925995,CHILLI LIGHTS,4.95,2.7225,Promotion candidate
20725,71396.14,1383.75,70012.39,35914.3125,10709.421,5711.6912,17676.9653,40506,931,0.2524833861549363,0.02298424924702513,LUNCH BAG RED RETROSPOT,1.65,0.9075,Promotion candidate
23084,66964.99,208.4,66756.59,35097.920000000006,10044.7485,5357.1992,16256.722299999998,30788,108,0.24352235936556973,0.003507860205274782,RABBIT NIGHT LIGHT,2.08,1.1440000000000001,Promotion candidate
22386,76385.2,866.98,75518.22,41811.4125,11457.779999999999,6110.816000000001,16138.211500000001,39467,482,0.21369957475162948,0.012212734689740797,JUMBO BAG PINK POLKADOT,1.95,1.0725,Promotion candidate
21931,61565.11,710.63,60854.48,30894.435,9234.7665,4925.2088,15800.0697,29196,390,0.25963691908960523,0.013357994245787094,JUMBO STORAGE BAG SUKI,1.95,1.0725,Promotion candidate
22411,57442.86,791.52,56651.340000000004,28852.395,8616.429,4595.428800000001,14587.0872,27343,441,0.25748882903740666,0.016128442380133855,JUMBO SHOPPER VINTAGE RED PAISLEY,1.95,1.0725,Promotion candidate
22910,58699.9,1185.6,57514.3,29532.745000000003,8804.985,4695.992,14480.578,18650,448,0.25177352414964627,0.024021447721179624,PAPER CHAIN KIT VINTAGE CHRISTMAS,2.95,1.6225000000000003,Promotion candidate
22112,58095.79,687.48,57408.310000000005,29762.370000000003,8714.3685,4647.6632,14283.908300000001,11088,156,0.24881255518582587,0.01406926406926407,CHOCOLATE HOT WATER BOTTLE,4.95,2.7225,Promotion candidate
21621,60405.04,544.0,59861.04,32023.750000000004,9060.756,4832.4032,13944.130799999995,6914,64,0.23294167291446982,0.009256580850448365,VINTAGE UNION JACK BUNTING,8.5,4.675000000000001,Promotion candidate
85099F,68091.85,512.24,67579.61,39284.6025,10213.7775,5447.348,12633.882000000001,36912,283,0.1869481342079364,0.007666883398352839,JUMBO BAG STRAWBERRY,1.95,1.0725,Monitor
84946,49391.65,503.03000000000003,48888.62,25018.8125,7408.7475,3951.332,12509.728000000001,36841,450,0.25588220735214046,0.01221465215385033,ANTIQUE SILVER T-LIGHT GLASS,1.25,0.6875,Promotion candidate
85099C,59226.87,570.88,58655.99,32617.9425,8884.030499999999,4738.149600000001,12415.867400000001,30726,313,0.2116726254215469,0.01018681247152249,JUMBO  BAG BAROQUE BLACK WHITE,1.95,1.0725,Promotion candidate
22178,52607.72,1262.94,51344.78,26983.6875,7891.157999999999,4208.6176,12261.3169,40257,1008,0.2388035726319209,0.025039123630672927,VICTORIAN GLASS HANGING T-LIGHT,1.25,0.6875,Promotion candidate
22469,48974.71,424.65,48550.06,25093.2825,7346.206499999999,3917.9768,12192.5942,27932,281,0.2511344826350369,0.010060146069024774,HEART OF WICKER SMALL,1.65,0.9075,Promotion candidate
22470,53632.98,1028.7,52604.280000000006,28263.950000000004,8044.947,4290.6384,12004.744599999998,17816,396,0.2282085145923487,0.022227211495285136,HEART OF WICKER LARGE,2.95,1.6225000000000003,Promotion candidate
20724,35227.61,252.82999999999998,34974.78,14922.6,5284.1415,2818.2088,11949.829699999998,32241,321,0.34166990328459534,0.009956266865171676,RED RETROSPOT CHARLOTTE BAG,0.85,0.4675,Promotion candidate
21137,65223.04,82.29,65140.75,38620.3125,9783.456,5217.8432,11519.1383,18748,23,0.17683459739103405,0.0012267975250693408,BLACK RECORD COVER FRAME,3.75,2.0625,Monitor
21232,49400.57,952.59,48447.98,25623.8125,7410.0855,3952.0456,11462.0364,38077,806,0.2365844024869561,0.02116763400477979,STRAWBERRY CERAMIC TRINKET POT,1.25,0.6875,Promotion candidate
22111,50017.490000000005,936.65,49080.840000000004,26168.670000000002,7502.6235,4001.3992000000003,11408.1473,9829,217,0.2324358609184358,0.022077525689286805,SCOTTIE DOG HOT WATER BOTTLE,4.95,2.7225,Promotion candidate
21843,65189.95,5270.25,59919.7,33533.28,9778.492499999998,5215.196,11392.731499999998,6155,587,0.19013332009339162,0.09536961819658814,RED RETROSPOT CAKE STAND,10.95,6.0225,Monitor
22457,47536.030000000006,315.95000000000005,47220.08,24902.130000000005,7130.404500000001,3802.8824000000004,11384.6631,15457,109,0.24109792063037588,0.007051821181341787,NATURAL SLATE HEART CHALKBOARD,2.95,1.6225000000000003,Promotion candidate
22090,50461.4,1290.1499999999999,49171.25,26302.347500000003,7569.21,4036.9120000000003,11262.780499999999,16708,497,0.22905214937590562,0.029746229351209002,PAPER BUNTING RETROSPOT,2.95,1.6225000000000003,Promotion candidate
84029E,43251.79,327.7,42924.090000000004,21893.4375,6487.7685,3460.1432,11082.740800000001,10701,86,0.258193960547562,0.008036632090458835,RED WOOLLY HOTTIE WHITE HEART.,3.75,2.0625,Promotion candidate
22139,52971.71,2014.5,50957.21,27701.4375,7945.7564999999995,4237.736800000001,11072.2792,10635,460,0.217285820789639,0.043253408556652564,RETROSPOT TEA SET CERAMIC 11 PC,4.95,2.7225,Promotion candidate
21212,51873.55,549.66,51323.89,28393.255000000005,7781.032499999999,4149.884,10999.718499999997,94972,1110,0.21431965698624944,0.011687655308933158,PACK OF 72 RETROSPOT CAKE CASES,0.55,0.30250000000000005,Promotion candidate
21754,46821.94,231.65,46590.29,24893.9075,7023.291,3745.7552000000005,10927.336299999999,7646,39,0.23454106638958458,0.005100706251634841,HOME BUILDING BLOCK WORD,5.95,3.2725000000000004,Promotion candidate
21479,31137.05,677.1800000000001,30459.87,12453.375,4670.5575,2490.964,10844.9735,6234,196,0.3560413586794691,0.03144048764837985,WHITE SKULL HOT WATER BOTTLE,3.75,2.0625,Promotion candidate
20685,66464.71,632.53,65832.18,39950.91100000001,9969.7065,5317.1768,10594.385699999995,9789,91,0.16093019705560405,0.009296148738379814,DOORMAT RED RETROSPOT,7.49,4.1195,Monitor
21929,49685.27,483.96999999999997,49201.3,27191.0925,7452.7905,3974.8216,10582.5954,25625,272,0.21508771922693098,0.010614634146341463,JUMBO BAG PINK VINTAGE PAISLEY,1.95,1.0725,Promotion candidate
22383,43348.4,285.8,43062.6,22621.2525,6502.26,3467.872,10471.2155,25115,188,0.2431626399706474,0.00748556639458491,LUNCH BAG SUKI DESIGN,1.65,0.9075,Promotion candidate
21731,48347.189999999995,1457.8999999999999,46889.28999999999,25354.6425,7252.078499999999,3867.7752,10414.793799999998,28929,990,0.2221145553707467,0.034221715233848385,RED TOADSTOOL LED NIGHT LIGHT,1.65,0.9075,Promotion candidate
20727,45792.22,1778.95,44013.27,23186.625,6868.833,3663.3776000000003,10294.434400000002,26761,1211,0.2338938779145472,0.04525241956578603,LUNCH BAG  BLACK SKULL.,1.65,0.9075,Promotion candidate
23298,43182.83,482.81,42700.020000000004,22768.2675,6477.4245,3454.6264,9999.701600000002,8473,110,0.23418493949183164,0.01298241472913962,SPOTTY BUNTING,4.95,2.7225,Promotion candidate
21181,50301.94,225.90000000000003,50076.04000000001,28535.430000000008,7545.291,4024.1552000000006,9971.163799999997,24820,114,0.19912045361414352,0.004593070104754231,PLEASE ONE PERSON METAL SIGN,2.1,1.1550000000000002,Monitor
48138,67138.19,359.40999999999997,66778.78,41376.25800000001,10070.7285,5371.0552,9960.738299999995,10095,51,0.14916023173828566,0.005052005943536404,DOORMAT UNION FLAG,7.49,4.1195,Monitor
21733,50461.54,1105.2,49356.340000000004,27890.775000000005,7569.231,4036.9232,9859.410799999998,17614,424,0.19975976338602086,0.024071761099125694,RED HANGING HEART T-LIGHT HOLDER,2.95,1.6225000000000003,Monitor
20719,27634.97,106.82,27528.149999999998,11400.9225,4145.2455,2210.7976,9771.184399999998,24522,135,0.3549524541242328,0.005505260582334231,WOODLAND CHARLOTTE BAG,0.85,0.4675,Promotion candidate
20914,52588.21,1068.8,51519.41,29686.882500000003,7888.2315,4207.0568,9737.239199999998,18697,400,0.18900137249242563,0.021393806493020272,SET/5 RED RETROSPOT LID GLASS BOWLS,2.95,1.6225000000000003,Monitor
20728,42354.45,1678.0,40676.45,21332.6025,6353.1675,3388.356,9602.324,24647,1140,0.23606593004060092,0.04625309368280115,LUNCH BAG CARS BLUE,1.65,0.9075,Promotion candidate
21928,46275.06,536.58,45738.48,25750.725,6941.259,3702.0048,9344.4912,24305,295,0.20430261783950843,0.012137420283892203,JUMBO BAG SCANDINAVIAN BLUE PAISLEY,1.95,1.0725,Promotion candidate
22726,32680.57,247.5,32433.07,15724.5,4902.0855,2614.4456,9192.0389,7690,66,0.2834156279377808,0.008582574772431729,ALARM CLOCK BAKELIKE GREEN,3.75,2.0625,Promotion candidate
20726,38572.74,1497.95,37074.79,19187.2725,5785.911,3085.8192,9015.7873,22158,1015,0.24317837808386777,0.045807383337846376,LUNCH BAG WOODLAND,1.65,0.9075,Promotion candidate
22727,36637.52,326.25,36311.27,18917.25,5495.628,2931.0016,8967.3904,9259,87,0.24695887530235106,0.00939626309536667,ALARM CLOCK BAKELIKE RED,3.75,2.0625,Promotion candidate
22326,44360.990000000005,171.10000000000002,44189.89,25023.817500000005,6654.1485,3548.8792000000003,8963.044799999998,15481,58,0.20283021297405351,0.00374652800206705,ROUND SNACK BOXES SET OF4 WOODLAND,2.95,1.6225000000000003,Promotion candidate
20713,40724.25,448.98,40275.27,22083.8475,6108.6375,3257.94,8824.845000000001,20843,252,0.21911324244381233,0.012090390059012619,JUMBO BAG OWLS,1.95,1.0725,Promotion candidate
22720,38158.39,744.95,37413.44,19972.260000000002,5723.7585,3052.6712,8664.7503,7493,157,0.23159459007244454,0.020952889363405846,SET OF 3 CAKE TINS PANTRY DESIGN,4.95,2.7225,Promotion candidate
84997D,39932.19,206.25,39725.94,21889.3125,5989.8285000000005,3194.5752,8652.223800000002,10668,55,0.2177978368793791,0.005155605549306337,CHILDRENS CUTLERY POLKADOT PINK,3.75,2.0625,Promotion candidate
22501,30399.059999999998,1158.45,29240.61,13610.1075,4559.8589999999995,2431.9248,8638.7187,2618,131,0.29543565267619243,0.05003819709702063,PICNIC BASKET WICKER LARGE,9.95,5.4725,Promotion candidate
84029G,29661.23,219.7,29441.53,14037.375,4449.1845,2372.8984,8582.0721,6866,60,0.2914954521724924,0.00873871249635887,KNITTED UNION FLAG HOT WATER BOTTLE,3.75,2.0625,Promotion candidate
22077,31584.659999999996,194.7,31389.959999999995,15575.4225,4737.699,2526.7727999999997,8550.065699999997,17281,118,0.2723821788877717,0.006828308546959088,6 RIBBONS RUSTIC CHARM,1.65,0.9075,Promotion candidate
23203,42067.78,1076.4,40991.38,22780.472,6310.167,3365.4224000000004,8535.318599999999,20503,590,0.20822227990372608,0.028776276642442568,JUMBO BAG VINTAGE DOILY,2.08,1.1440000000000001,Promotion candidate
21175,43956.48,3785.58,40170.9,21584.640000000003,6593.472,3516.5184000000004,8476.269599999996,20723,2035,0.21100522019670945,0.09820006755778604,GIN AND TONIC DIET METAL SIGN,2.1,1.1550000000000002,Promotion candidate
20712,37540.32,447.61,37092.71,19997.120000000003,5631.048,3003.2256,8461.316399999998,17731,251,0.22811265070683695,0.014155997969657661,JUMBO BAG WOODLAND ANIMALS,2.08,1.1440000000000001,Promotion candidate
82494L,43923.26,1325.85,42597.41,24058.430000000004,6588.4890000000005,3513.8608000000004,8436.630199999998,15339,511,0.19805500381361207,0.033313775343894646,WOODEN FRAME ANTIQUE WHITE,2.95,1.6225000000000003,Monitor
22379,34684.94,128.95000000000002,34555.99,18155.445000000003,5202.741,2774.7952,8423.008799999996,15786,67,0.24374960173330287,0.004244267072089193,RECYCLING BAG RETROSPOT,2.1,1.1550000000000002,Promotion candidate
22083,40535.47,1397.6,39137.87,21473.787500000002,6080.3205,3242.8376000000003,8340.9244,13763,528,0.2131164623930735,0.03836372883818935,PAPER CHAIN KIT RETROSPOT,2.95,1.6225000000000003,Promotion candidate
82486,38430.03,855.15,37574.88,20415.202500000003,5764.5045,3074.4024,8320.770599999998,4774,105,0.22144503455500053,0.021994134897360705,3 DRAWER ANTIQUE WHITE WOOD CABINET,7.95,4.3725000000000005,Promotion candidate
22666,33747.520000000004,655.5500000000001,33091.97,17021.647500000003,5062.128,2699.8016000000002,8308.392899999999,10728,237,0.25106975801078024,0.0220917225950783,RECIPE BOX PANTRY YELLOW DESIGN,2.95,1.6225000000000003,Promotion candidate
21755,35121.62,285.6,34836.020000000004,18466.717500000002,5268.243,2809.7296,8291.329899999999,5691,48,0.23801025203223553,0.008434370057986295,LOVE BUILDING BLOCK WORD,5.95,3.2725000000000004,Promotion candidate
22138,45966.16,4052.9500000000003,41913.21,23206.59,6894.924,3677.2928,8134.403200000001,9383,859,0.194077313572499,0.09154854524139401,BAKING SET 9 PIECE RETROSPOT,4.95,2.7225,Monitor
82482,41972.85,1068.15,40904.7,23148.2625,6295.9275,3357.828,8102.681999999999,16965,460,0.19808682131882155,0.027114647804302977,WOODEN PICTURE FRAME WHITE FINISH,2.55,1.4025,Monitor
22960,38431.11,1012.79,37418.32,20532.600000000002,5764.666499999999,3074.4888,8046.564699999997,9031,247,0.21504345197753394,0.027350238068873878,JAM MAKING SET WITH JARS,4.25,2.3375000000000004,Promotion candidate
21485,37334.12,178.20000000000002,37155.92,20723.670000000002,5600.1179999999995,2986.7296,7845.4024,7648,36,0.21114811314051704,0.004707112970711297,RETROSPOT HEART HOT WATER BOTTLE,4.95,2.7225,Promotion candidate
22158,29475.58,287.1,29188.48,14571.672500000002,4421.3369999999995,2358.0464,7837.424099999999,9079,98,0.268510867986274,0.01079414032382421,3 HEARTS HANGING DECORATION RUSTIC,2.95,1.6225000000000003,Promotion candidate
22699,38323.25,1295.25,37028.0,20449.99,5748.4875,3065.86,7763.662499999998,13095,491,0.20967004699146585,0.03749522718594884,ROSES REGENCY TEACUP AND SAUCER,2.95,1.6225000000000003,Promotion candidate
22382,34189.12,387.25,33801.87,18209.895,5128.368,2735.1296,7728.477400000001,20319,253,0.22864052787612046,0.012451400167331069,LUNCH BAG SPACEBOY DESIGN,1.65,0.9075,Promotion candidate
21166,38270.81,967.2299999999999,37303.58,20848.3275,5740.6215,3061.6648,7652.9662,19997,558,0.20515366621648645,0.027904185627844177,COOK WITH WINE METAL SIGN,1.95,1.0725,Promotion candidate
85066,38854.979999999996,1248.15,37606.83,21065.55,5828.246999999999,3108.3984,7604.634599999999,3111,107,0.20221418822059714,0.03439408550305368,CREAM SWEETHEART MINI CHEST,12.75,7.0125,Promotion candidate
21915,42787.04,991.0,41796.04,24408.3125,6418.056,3422.9632,7546.7083,36387,884,0.18056036648448034,0.024294390853876385,RED  HARMONICA IN BOX,1.25,0.6875,Monitor
15056N,57999.25,840.55,57158.700000000004,36439.287500000006,8699.8875,4639.9400000000005,7379.584999999997,11290,155,0.12910694260016406,0.013728963684676704,EDWARDIAN PARASOL NATURAL,5.95,3.2725000000000004,Monitor
22697,30528.300000000003,506.8,30021.5,15650.635000000002,4579.245,2442.264,7349.355999999999,9830,184,0.24480309111803203,0.018718209562563582,GREEN REGENCY TEACUP AND SAUCER,2.95,1.6225000000000003,Promotion candidate
22865,31594.540000000005,264.35,31330.190000000002,16742.880000000005,4739.1810000000005,2527.5632000000005,7320.5657999999985,14622,126,0.23365851914718672,0.008617152236356175,HAND WARMER OWL DESIGN,2.1,1.1550000000000002,Promotion candidate
84997B,34525.57,382.83000000000004,34142.74,18888.375,5178.8355,2762.0456000000004,7313.4839,9267,109,0.2142031922452621,0.011762166828531347,CHILDRENS CUTLERY RETROSPOT RED,3.75,2.0625,Promotion candidate
22384,34167.99,434.85,33733.14,18645.495,5125.1985,2733.4392000000003,7229.007300000001,20831,285,0.21429986357629327,0.013681532331621142,LUNCH BAG PINK POLKADOT,1.65,0.9075,Promotion candidate
20723,20438.45,157.78,20280.67,8486.5275,3065.7675,1635.076,7093.298999999999,18340,187,0.3497566401898951,0.01019629225736096,STRAWBERRY CHARLOTTE BAG,0.85,0.4675,Promotion candidate
82484,56809.03,325.0,56484.03,36345.375,8521.3545,4544.7224,7072.578099999997,9839,49,0.12521376573165896,0.004980180912694379,WOOD BLACK BOARD ANT WHITE FINISH,6.75,3.7125000000000004,Monitor
84078A,43844.96000000001,5187.650000000001,38657.310000000005,21555.022500000003,6576.744000000001,3507.5968000000003,7017.946699999998,1128,147,0.18154255171919612,0.13031914893617022,SET/4 WHITE RETRO STORAGE CUBES,39.95,21.972500000000004,Monitor
84997C,32789.51,319.48,32470.030000000002,17982.9375,4918.4265000000005,2623.1608,6945.5052000000005,8811,92,0.21390510572364732,0.010441493587561003,CHILDRENS CUTLERY POLKADOT BLUE,3.75,2.0625,Promotion candidate
22866,28357.170000000002,259.50000000000006,28097.670000000002,14652.330000000004,4253.5755,2268.5736,6923.190899999999,12821,135,0.24639733116660556,0.010529599875204743,HAND WARMER SCOTTY DOG DESIGN,2.1,1.1550000000000002,Promotion candidate
22629,38014.0,125.85000000000001,37888.15,22271.535,5702.099999999999,3041.12,6873.394999999998,20837,71,0.18141279001481986,0.0034074002975476316,SPACEBOY LUNCH BOX,1.95,1.0725,Monitor
84978,28580.96,417.72,28163.24,14720.75,4287.144,2286.4768,6868.8692,21773,361,0.2438948501663871,0.016580168098103157,HANGING HEART JAR T-LIGHT HOLDER,1.25,0.6875,Promotion candidate
21217,29858.789999999997,484.49999999999994,29374.289999999997,15667.7675,4478.818499999999,2388.7032,6839.000799999999,2913,50,0.23282267588425115,0.017164435290078956,RED RETROSPOT ROUND CAKE TINS,9.95,5.4725,Promotion candidate
22961,26911.629999999997,444.59999999999997,26467.03,13496.89,4036.7445,2152.9303999999997,6780.465099999999,17268,344,0.25618534078058625,0.01992124160296502,JAM MAKING SET PRINTED,1.45,0.7975,Promotion candidate
21930,27402.79,11.49,27391.3,14372.5725,4110.4185,2192.2232,6716.085800000001,13407,6,0.2451904728873767,0.00044752741105392703,JUMBO STORAGE BAG SKULLS,1.95,1.0725,Promotion candidate
22835,27282.190000000002,1744.8,25537.39,12621.262500000003,4092.3285,2182.5752,6641.223799999999,5343,408,0.2600588313840999,0.0763615946097698,HOT WATER BOTTLE I AM SO POORLY,4.65,2.5575000000000006,Promotion candidate
82583,28128.99,204.09,27924.9,14830.200000000004,4219.3485,2250.3192000000004,6625.032299999997,12947,107,0.23724462039255276,0.008264462809917356,HOT BATHS METAL SIGN,2.1,1.1550000000000002,Promotion candidate
22356,20881.25,430.74,20450.51,9090.070000000002,3132.1874999999995,1670.5,6557.752499999999,20026,582,0.320664496875628,0.029062219115150306,CHARLOTTE BAG PINK POLKADOT,0.85,0.4675,Promotion candidate
23245,31177.95,421.5,30756.45,17061.9075,4676.6925,2494.2360000000003,6523.614,6357,90,0.21210555834629807,0.014157621519584709,SET OF 3 REGENCY CAKE TINS,4.95,2.7225,Promotion candidate
22385,32447.67,725.44,31722.23,17844.255,4867.1505,2595.8136,6415.0109,17064,426,0.2022244621516205,0.024964838255977496,JUMBO BAG SPACEBOY DESIGN,1.95,1.0725,Promotion candidate
23344,23815.75,486.96000000000004,23328.79,11490.336000000001,3572.3625,1905.26,6360.831499999999,10306,262,0.27266015511305985,0.025422084222782845,JUMBO BAG 50'S CHRISTMAS,2.08,1.1440000000000001,Promotion candidate
22622,29470.01,559.35,28910.66,15793.635,4420.501499999999,2357.6007999999997,6338.922699999999,2947,61,0.21925901034428127,0.020699015948422123,BOX OF VINTAGE ALPHABET BLOCKS,9.95,5.4725,Promotion candidate
22867,26168.030000000002,172.20000000000002,25995.83,13645.170000000004,3925.2045000000003,2093.4424000000004,6332.013099999999,11896,82,0.2435780315535222,0.006893073301950235,HAND WARMER BIRD DESIGN,2.1,1.1550000000000002,Promotion candidate
22624,27500.33,244.8,27255.530000000002,14716.900000000001,4125.0495,2200.0264,6213.5540999999985,3178,30,0.22797406984931123,0.009439899307740718,IVORY KITCHEN SCALES,8.5,4.675000000000001,Promotion candidate
22328,36270.61,1812.4499999999998,34458.16,19947.015000000003,5440.5915,2901.6488,6168.904699999998,12993,699,0.17902594624901613,0.05379819903024705,ROUND SNACK BOXES SET OF 4 FRUITS,2.95,1.6225000000000003,Monitor
23355,28842.550000000003,417.6,28424.95,15640.7625,4326.3825,2307.404,6150.401,5841,96,0.21637332695396122,0.016435541859270673,HOT WATER BOTTLE KEEP CALM,4.95,2.7225,Promotion candidate
22630,33437.38,530.9999999999999,32906.38,19074.412500000002,5015.607,2674.9904,6141.370099999998,18087,302,0.18663159241460162,0.01669707524741527,DOLLY GIRL LUNCH BOX,1.95,1.0725,Monitor
23199,30475.65,1309.25,29166.4,16241.368000000002,4571.3475,2438.052,5915.632499999999,14920,723,0.202823540100938,0.04845844504021448,JUMBO BAG APPLES,2.08,1.1440000000000001,Promotion candidate
22722,24507.36,141.70000000000002,24365.66,12922.030000000002,3676.104,1960.5888000000002,5806.9371999999985,5984,36,0.23832464213979832,0.006016042780748663,SET OF 6 SPICE TINS PANTRY DESIGN,3.95,2.1725000000000003,Promotion candidate
22492,27864.390000000003,182.65,27681.74,15492.9775,4179.6585000000005,2229.1512000000002,5779.952800000001,43618,281,0.20880019825343352,0.006442294465587602,MINI PAINT SET VINTAGE,0.65,0.35750000000000004,Promotion candidate
22551,25973.92,435.15,25538.769999999997,13785.8325,3896.0879999999993,2077.9136,5778.935899999998,15478,287,0.2262809015469421,0.018542447344618167,PLASTERS IN TIN SPACEBOY,1.65,0.9075,Promotion candidate
23201,27890.170000000002,1076.02,26814.15,14626.04,4183.5255,2231.2136,5773.370899999999,13379,594,0.2153106065267778,0.04439793706555049,JUMBO BAG ALPHABET,2.08,1.1440000000000001,Promotion candidate
22607,23015.79,133.55,22882.24,11823.075000000003,3452.3685,1841.2632,5765.533299999998,2545,16,0.251965423839624,0.006286836935166994,WOODEN ROUNDERS GARDEN SET,8.5,4.675000000000001,Promotion candidate
22728,24306.06,243.75,24062.31,12711.1875,3645.909,1944.4848,5760.7287,6228,65,0.23940879740972498,0.010436737315350032,ALARM CLOCK BAKELIKE PINK,3.75,2.0625,Promotion candidate
21481,25677.25,2065.9,23611.350000000002,11993.520000000002,3851.5875,2054.1800000000003,5712.062499999999,8194,802,0.2419201993956296,0.09787649499633878,FAWN BLUE HOT WATER BOTTLE,2.95,1.6225000000000003,Promotion candidate
82483,29202.82,1698.7,27504.120000000003,15128.767500000002,4380.423,2336.2256,5658.703899999999,4909,286,0.20574022728231253,0.058260338154410264,WOOD 2 DRAWER CABINET WHITE FINISH,5.95,3.2725000000000004,Promotion candidate
22087,25445.15,465.40000000000003,24979.75,13523.537500000002,3816.7725,2035.612,5603.8279999999995,8494,159,0.22433483121328274,0.018719095832352248,PAPER BUNTING WHITE LACE,2.95,1.6225000000000003,Promotion candidate
22659,29610.609999999997,574.9499999999999,29035.66,16762.1025,4441.5914999999995,2368.8488,5463.117199999999,15966,337,0.1881519896568564,0.021107353125391456,LUNCH BOX I LOVE LONDON,1.95,1.0725,Monitor
21258,21450.309999999998,1360.1499999999999,20090.16,9740.362500000001,3217.5465,1716.0248000000001,5416.226199999999,1510,121,0.2695959713611041,0.08013245033112583,VICTORIAN SEWING BOX LARGE,12.75,7.0125,Promotion candidate
20711,25723.03,70.31,25652.72,14422.408000000001,3858.4545,2057.8424,5314.015099999999,12645,38,0.20715211096523092,0.0030051403716884143,JUMBO BAG TOYS,2.08,1.1440000000000001,Promotion candidate
21790,23538.469999999998,162.67,23375.8,12659.4325,3530.7704999999996,1883.0775999999998,5302.519399999998,27282,203,0.22683798629351717,0.00744080346015688,VINTAGE SNAP CARDS,0.85,0.4675,Promotion candidate
47590B,29418.36,293.05,29125.31,17058.772500000003,4412.754,2353.4688,5300.314699999999,5748,57,0.18198311708956913,0.009916492693110648,PINK HAPPY BIRTHDAY BUNTING,5.45,2.9975000000000005,Monitor
85152,31571.9,191.51000000000002,31380.390000000003,18842.670000000006,4735.785,2525.7520000000004,5276.182999999997,16415,101,0.16813631060671957,0.006152908924763935,HAND OVER THE CHOCOLATE   SIGN,2.1,1.1550000000000002,Monitor
22625,23105.350000000002,299.2,22806.15,12220.450000000003,3465.8025,1848.428,5271.469499999998,2651,37,0.23114245499569186,0.013956997359486986,RED KITCHEN SCALES,8.5,4.675000000000001,Promotion candidate
20971,28642.22,4113.08,24529.14,12678.875,4296.333,2291.3776000000003,5262.554400000001,22309,3867,0.21454296400118394,0.17333811466224394,PINK BLUE FELT CRAFT TRINKET BOX,1.25,0.6875,Promotion candidate
21484,18327.79,157.95,18169.84,8694.345000000001,2749.1684999999998,1466.2232000000001,5260.1033,4633,51,0.28949640172945934,0.011007986186056551,CHICK GREY HOT WATER BOTTLE,3.45,1.8975000000000002,Promotion candidate
22698,24486.72,607.95,23878.77,12996.225000000002,3673.008,1958.9376000000002,5250.599399999999,8231,221,0.2198856725032319,0.02684971449398615,PINK REGENCY TEACUP AND SAUCER,2.95,1.6225000000000003,Promotion candidate
72741,27333.71,89.3,27244.41,15722.7125,4100.0565,2186.6968,5234.944199999999,19777,62,0.19214746070845354,0.0031349547454113365,GRAND CHOCOLATECANDLE,1.45,0.7975,Monitor
21523,46114.59,47.54,46067.05,30231.465000000004,6917.1885,3689.1672000000003,5229.229299999995,6920,6,0.11351343964938053,0.0008670520231213873,DOORMAT FANCY FONT HOME SWEET HOME,7.95,4.3725000000000005,Monitor
21622,20021.09,212.85000000000002,19808.24,9999.7425,3003.1635,1601.6872,5203.6467999999995,3716,43,0.26270111832247584,0.011571582346609257,VINTAGE UNION JACK CUSHION COVER,4.95,2.7225,Promotion candidate
22554,22903.219999999998,243.14999999999998,22660.069999999996,12214.042500000001,3435.4829999999993,1832.2576,5178.286899999998,13618,159,0.22852033996364526,0.011675723307387281,PLASTERS IN TIN WOODLAND ANIMALS,1.65,0.9075,Promotion candidate
22605,23439.57,170.29999999999998,23269.27,12720.675000000001,3515.9354999999996,1875.1656,5157.4938999999995,1828,14,0.22164399226963283,0.007658643326039387,WOODEN CROQUET GARDEN SET,12.75,7.0125,Promotion candidate
82600,25780.29,83.80000000000001,25696.49,14614.215000000004,3867.0435,2062.4232,5152.808299999998,12696,43,0.2005257644137389,0.0033868935097668557,N0 SINGING METAL SIGN,2.1,1.1550000000000002,Promotion candidate
22424,20925.14,570.45,20354.69,10413.5625,3138.7709999999997,1674.0112000000001,5128.3453,1532,47,0.2519490741445829,0.030678851174934726,ENAMEL BREAD BIN CREAM,12.75,7.0125,Promotion candidate
21791,22924.85,1156.25,21768.6,11398.75,3438.7275,1833.988,5097.1345,17657,1077,0.23415077221318784,0.06099563912329388,VINTAGE HEADS AND TAILS CARD GAME,1.25,0.6875,Promotion candidate
22149,26286.170000000002,1244.4,25041.77,13908.510000000002,3942.9255000000003,2102.8936000000003,5087.440899999998,12706,664,0.2031581992806418,0.05225877538170943,FELTCRAFT 6 FLOWER FRIENDS,2.1,1.1550000000000002,Promotion candidate
71459,26840.79,257.28,26583.51,15325.585000000001,4026.1184999999996,2147.2632,5084.543299999998,33109,327,0.19126681540549004,0.009876468633906189,HANGING JAM JAR T-LIGHT HOLDERS,0.85,0.4675,Monitor
21231,24247.61,388.93,23858.68,13200.0,3637.1415,1939.8088,5081.729700000001,19523,323,0.21299291075616927,0.016544588434154586,SWEETHEART CERAMIC TRINKET BOX,1.25,0.6875,Promotion candidate
21218,20822.81,277.25,20545.56,10689.9375,3123.4215,1665.8248,5066.3762,5262,79,0.24659226616358956,0.015013302926643862,RED SPOTTY BISCUIT TIN,3.75,2.0625,Promotion candidate
22499,21838.420000000002,41.650000000000006,21796.77,11712.277500000002,3275.763,1747.0736000000002,5061.6559,3586,7,0.23222045743474834,0.0019520356943669827,WOODEN UNION JACK BUNTING,5.95,3.2725000000000004,Promotion candidate
22113,22163.73,121.8,22041.93,11890.3125,3324.5595,1773.0984,5053.9596,5797,32,0.2292884334538763,0.005520096601690529,GREY HEART HOT WATER BOTTLE,3.75,2.0625,Promotion candidate
84836,24531.83,127.5,24404.33,13708.0625,3679.7745,1962.5464,5053.9466,20041,102,0.20709220863674602,0.00508956638890275,ZINC METAL HEART DECORATION,1.25,0.6875,Promotion candidate
22734,26785.51,86.7,26698.81,15497.625000000002,4017.8265,2142.8408,5040.5176999999985,9780,30,0.18879184877528243,0.003067484662576687,SET OF 6 RIBBONS VINTAGE CHRISTMAS,2.89,1.5895000000000001,Monitor
23206,20911.98,97.15,20814.829999999998,11002.529999999999,3136.797,1672.9584,5002.5446,12183,59,0.2403355972640661,0.004842813756874333,LUNCH BAG APPLE DESIGN,1.65,0.9075,Promotion candidate
15056BL,47541.15,1071.3500000000001,46469.8,30555.332500000004,7131.1725,3803.2920000000004,4980.002999999998,9550,213,0.10716643927884341,0.022303664921465967,EDWARDIAN PARASOL BLACK,5.95,3.2725000000000004,Monitor
22084,25190.11,299.45,24890.66,14117.372500000001,3778.5165,2015.2088,4979.562199999999,8812,111,0.200057459304012,0.012596459373581479,PAPER CHAIN KIT EMPIRE,2.95,1.6225000000000003,Promotion candidate
15036,32967.03,644.03,32323.0,19786.0795,4945.0545,2637.3624,4954.503599999998,44272,929,0.15328105683259594,0.02098391760028912,ASSORTED COLOURS SILK FAN,0.83,0.4565,Monitor
22969,21519.39,185.79999999999998,21333.59,11430.567500000001,3227.9085,1721.5511999999999,4953.5628,14473,140,0.23219546264833998,0.009673184550542389,HOMEMADE JAM SCENTED CANDLES,1.45,0.7975,Promotion candidate
21080,25435.629999999997,433.66999999999996,25001.96,14233.0375,3815.3444999999997,2034.8504,4918.727599999998,31098,653,0.19673368007948172,0.02099813492829121,SET/20 RED RETROSPOT PAPER NAPKINS,0.85,0.4675,Monitor
21216,20213.55,111.75,20101.8,10536.075,3032.0325,1617.084,4916.608499999999,3893,23,0.24458548488195084,0.005908040071923966,"SET 3 RETROSPOT TEA,COFFEE,SUGAR",4.95,2.7225,Promotion candidate
21314,24664.49,2296.8,22367.690000000002,11791.395000000002,3699.6735,1973.1592,4903.462299999998,11437,1228,0.21922077335656914,0.10737081402465681,SMALL GLASS HEART TRINKET POT,2.1,1.1550000000000002,Promotion candidate
71477,44708.15,7164.12,37544.03,22384.862500000003,6706.2225,3576.652,4876.292999999998,15097,2574,0.12988198123643088,0.17049744982446843,COLOURED GLASS STAR T-LIGHT HOLDER,3.25,1.7875,Monitor
84755,25293.530000000002,415.35,24878.18,14244.945000000002,3794.0295,2023.4824,4815.723099999999,40575,729,0.193572162433104,0.017966728280961183,COLOUR GLASS T-LIGHT HOLDER HANGING,0.65,0.35750000000000004,Monitor
22507,25603.46,118.10000000000001,25485.36,14785.897500000001,3840.519,2048.2768,4810.6667,5455,24,0.18876196765515574,0.004399633363886343,MEMO BOARD RETROSPOT  DESIGN,4.95,2.7225,Monitor
37503,25471.329999999998,515.45,24955.88,14296.425000000001,3820.6994999999997,2037.7064,4801.049099999999,2469,51,0.19238147883384593,0.020656136087484813,TEA TIME CAKE STAND IN GIFT BOX,10.75,5.9125000000000005,Monitor
22556,22376.98,176.54999999999998,22200.429999999997,12254.880000000001,3356.5469999999996,1790.1583999999998,4798.8445999999985,13611,107,0.21615998428859257,0.007861288663580927,PLASTERS IN TIN CIRCUS PARADE,1.65,0.9075,Promotion candidate
22752,28207.45,1761.2000000000003,26446.25,15161.025000000001,4231.1175,2256.596,4797.511499999999,3467,224,0.18140611617904234,0.06460917219498125,SET 7 BABUSHKA NESTING BOXES,8.5,4.675000000000001,Monitor
23243,23514.170000000002,545.5500000000001,22968.62,12763.08,3527.1255,1881.1336000000001,4797.2809,4805,117,0.20886239138441925,0.024349635796045786,SET OF TEA COFFEE SUGAR TINS PANTRY,4.95,2.7225,Promotion candidate
22952,19275.8,241.2,19034.600000000002,9831.552500000002,2891.37,1542.064,4769.613499999999,33053,552,0.2505759774305737,0.016700450791153603,60 CAKE CASES VINTAGE CHRISTMAS,0.55,0.30250000000000005,Promotion candidate
23284,38166.64,1601.25,36565.39,23025.585000000003,5724.996,3053.3312,4761.477799999996,5491,225,0.13021815985006577,0.04097614277909306,DOORMAT KEEP CALM AND COME IN,7.95,4.3725000000000005,Monitor
22467,28278.78,665.55,27613.23,16353.150000000001,4241.817,2262.3024,4755.960599999999,11954,294,0.17223485264128824,0.024594278065919357,GUMBALL COAT RACK,2.55,1.4025,Monitor
84406B,23084.28,663.1,22421.18,12358.775000000001,3462.642,1846.7424,4753.020599999999,7132,218,0.21198797743918915,0.030566461020751542,CREAM CUPID HEARTS COAT HANGER,3.25,1.7875,Promotion candidate
47566B,25836.940000000002,4490.5,21346.440000000002,10672.447500000002,3875.541,2066.9552,4731.496299999999,5808,1635,0.2216527111780699,0.2815082644628099,TEA TIME PARTY BUNTING,4.65,2.5575000000000006,Promotion candidate
21524,36057.55,56.39,36001.16,23003.722500000003,5408.6325,2884.6040000000003,4704.200999999996,5268,7,0.13066803958539103,0.0013287775246772968,DOORMAT SPOTTY HOME SWEET HOME,7.95,4.3725000000000005,Monitor
21936,22770.809999999998,391.75,22379.059999999998,12447.820000000002,3415.6214999999997,1821.6648,4693.953699999998,7815,143,0.20974758099759322,0.018298144593730005,RED RETROSPOT PICNIC BAG,2.95,1.6225000000000003,Promotion candidate
22585,22022.3,442.91,21579.39,11824.3125,3303.345,1761.784,4689.9485,17593,394,0.21733461881916036,0.02239527084635935,PACK OF 6 BIRDY GIFT TAGS,1.25,0.6875,Promotion candidate
21914,17729.11,150.0,17579.11,8827.5,2659.3665,1418.3288,4673.9147,12960,120,0.2658789153717111,0.009259259259259259,BLUE HARMONICA IN BOX,1.25,0.6875,Promotion candidate
22654,17006.97,306.40000000000003,16700.57,8141.9800000000005,2551.0455,1360.5576,4646.9869,2540,52,0.27825319135813925,0.02047244094488189,DELUXE SEWING KIT,5.95,3.2725000000000004,Promotion candidate
71053,18970.52,248.52,18722.0,9730.875,2845.578,1517.6416,4627.9054,4786,68,0.24719075953423778,0.014208106978687839,WHITE MOROCCAN METAL LANTERN,3.75,2.0625,Promotion candidate
21977,28159.08,117.30000000000001,28041.780000000002,16943.327500000003,4223.862,2252.7264,4621.864099999998,56230,219,0.16482063906071576,0.003894718121998933,PACK OF 60 PINK PAISLEY CAKE CASES,0.55,0.30250000000000005,Monitor
21210,21735.89,197.54999999999998,21538.34,11940.9675,3260.3835,1738.8711999999998,4598.117799999999,15124,151,0.21348524538102745,0.009984131182226925,SET OF 72 RETROSPOT PAPER  DOILIES,1.45,0.7975,Promotion candidate
23301,16357.05,168.89999999999998,16188.15,7905.2325,2453.5575,1308.564,4520.795999999999,8825,114,0.2792657592127574,0.012917847025495751,GARDENERS KNEELING PAD KEEP CALM,1.65,0.9075,Promotion candidate
23209,21450.17,65.80000000000001,21384.37,11932.717499999999,3217.5255,1716.0136,4518.1134,13189,40,0.2112811085853827,0.0030328303889604973,LUNCH BAG VINTAGE DOILY,1.65,0.9075,Promotion candidate
20750,26906.379999999997,144.6,26761.78,16060.192500000001,4035.9569999999994,2152.5104,4513.120099999997,3693,20,0.16864050522797802,0.005415651232060655,RED RETROSPOT MINI CASES,7.95,4.3725000000000005,Monitor
20972,24856.56,1553.39,23303.170000000002,13101.0,3728.484,1988.5248,4485.1612000000005,20553,1497,0.19247000300817443,0.07283608232374836,PINK CREAM FELT CRAFT TRINKET BOX,1.25,0.6875,Monitor
22294,20883.13,133.75,20749.38,11527.3125,3132.4695,1670.6504,4418.9476,16874,107,0.21296769349252845,0.006341116510608036,HEART FILIGREE DOVE  SMALL,1.25,0.6875,Promotion candidate
84991,27123.510000000002,187.95000000000002,26935.56,16291.440000000002,4068.5265,2169.8808,4405.712699999998,54206,350,0.16356491938537748,0.006456849795225621,60 TEATIME FAIRY CAKE CASES,0.55,0.30250000000000005,Monitor
84970S,21869.059999999998,105.19999999999999,21763.86,12345.272500000001,3280.359,1749.5248,4388.703699999998,26532,125,0.20165098011106478,0.004711292024724861,HANGING HEART ZINC T-LIGHT HOLDER,0.85,0.4675,Promotion candidate
22456,21607.95,501.5,21106.45,11753.032500000001,3241.1925,1728.6360000000002,4383.589,4421,104,0.20768954513904517,0.02352408957249491,NATURAL SLATE CHALKBOARD LARGE,4.95,2.7225,Promotion candidate
22381,19634.24,62.75,19571.49,10674.510000000002,2945.136,1570.7392,4381.104799999997,9272,30,0.22385136747380996,0.0032355478861087143,TOY TIDY PINK POLKADOT,2.1,1.1550000000000002,Promotion candidate
23328,13284.49,29.64,13254.85,5851.3125,1992.6734999999999,1062.7592,4348.1048,2845,8,0.32803877825852423,0.00281195079086116,SET 6 SCHOOL MILK BOTTLES IN CRATE,3.75,2.0625,Promotion candidate
85048,21248.83,695.35,20553.48,11359.755000000001,3187.3244999999997,1699.9064,4306.4941,2691,93,0.2095262748692679,0.03455964325529543,15CM CHRISTMAS GLASS BALL 20 LIGHTS,7.95,4.3725000000000005,Promotion candidate
21889,17119.41,193.75,16925.66,8709.9375,2567.9115,1369.5528,4278.2582,12824,155,0.2527675848386415,0.01208671241422333,WOODEN BOX OF DOMINOES,1.25,0.6875,Promotion candidate
21430,18082.47,222.78,17859.69,9423.5625,2712.3705,1446.5976,4277.1594,4631,62,0.23948676600769667,0.013388037141006262,SET/3 RED GINGHAM ROSE STORAGE BOX,3.75,2.0625,Promotion candidate
21213,21463.86,48.95,21414.91,12204.060000000001,3219.5789999999997,1717.1088,4274.162199999999,40433,89,0.19958814676316636,0.002201172309746989,PACK OF 72 SKULL CAKE CASES,0.55,0.30250000000000005,Monitor
21098,13298.93,246.39000000000001,13052.54,5737.875,1994.8395,1063.9144000000001,4255.9111,8565,219,0.3260599929209181,0.025569176882661998,CHRISTMAS TOILET ROLL,1.25,0.6875,Promotion candidate
22941,21753.08,610.3000000000001,21142.78,11893.200000000003,3262.962,1740.2464000000002,4246.371599999999,2618,74,0.20084263280420073,0.02826585179526356,CHRISTMAS LIGHTS 10 REINDEER,8.5,4.675000000000001,Promotion candidate
20718,17467.35,71.74,17395.61,9145.8125,2620.1025,1397.388,4232.307,13361,58,0.24329741814170355,0.0043409924406855776,RED RETROSPOT SHOPPER BAG,1.25,0.6875,Promotion candidate
22561,19534.17,631.5,18902.67,10187.595000000001,2930.1254999999996,1562.7336,4222.215899999998,11648,422,0.22336611177151158,0.03622939560439561,WOODEN SCHOOL COLOURING SET,1.65,0.9075,Promotion candidate
22427,19326.83,291.5,19035.33,10370.552500000002,2899.0245,1546.1464,4219.6066,3219,50,0.22167236396742265,0.015532774153463809,ENAMEL FLOWER JUG CREAM,5.95,3.2725000000000004,Promotion candidate
84997A,19411.95,98.7,19313.25,10646.625,2911.7925,1552.9560000000001,4201.8765,5188,26,0.2175644440992583,0.0050115651503469544,CHILDRENS CUTLERY POLKADOT GREEN,3.75,2.0625,Promotion candidate
84970L,17249.539999999997,34.199999999999996,17215.34,9112.4,2587.4309999999996,1379.9632,4135.5458,17476,36,0.2402244626013776,0.002059967956054017,SINGLE HEART ZINC T-LIGHT HOLDER,0.95,0.5225,Promotion candidate
23202,21852.81,442.46000000000004,21410.350000000002,12263.68,3277.9215,1748.2248000000002,4120.523699999999,10962,242,0.19245475669477605,0.0220762634555738,JUMBO BAG VINTAGE LEAF,2.08,1.1440000000000001,Monitor
22900,19906.94,552.5999999999999,19354.34,10660.65,2986.0409999999997,1592.5552,4115.0938,6180,216,0.21261865814075806,0.03495145631067961,SET 2 TEA TOWELS I LOVE LONDON,3.25,1.7875,Promotion candidate
21559,20416.93,86.25,20330.68,11529.952500000001,3062.5395,1633.3544,4104.833599999998,8255,34,0.20190340903501497,0.004118715929739552,STRAWBERRY LUNCH BOX WITH CUTLERY,2.55,1.4025,Promotion candidate
22749,15429.35,3.75,15425.6,7792.125,2314.4025,1234.348,4084.7245,3779,1,0.26480166087542784,0.0002646202699126753,FELTCRAFT PRINCESS CHARLOTTE DOLL,3.75,2.0625,Promotion candidate
22169,19533.1,741.2,18791.9,10214.875000000002,2929.9649999999997,1562.6480000000001,4084.4119999999984,2278,93,0.21734960275437812,0.040825285338015806,FAMILY ALBUM WHITE PICTURE FRAME,8.5,4.675000000000001,Promotion candidate
22297,17840.12,343.75,17496.37,9315.625,2676.018,1427.2096,4077.5173999999997,13825,275,0.2330493353764238,0.019891500904159132,HEART IVORY TRELLIS SMALL,1.25,0.6875,Promotion candidate
47590A,24190.36,887.8000000000001,23302.56,13689.582500000002,3628.554,1935.2288,4049.194699999999,4755,188,0.17376608836110705,0.03953732912723449,BLUE HAPPY BIRTHDAY BUNTING,5.45,2.9975000000000005,Monitor
21527,25087.72,1333.48,23754.24,13943.902500000002,3763.158,2007.0176000000001,4040.161899999999,3360,171,0.17008171593787041,0.05089285714285714,RED RETROSPOT TRADITIONAL TEAPOT,7.95,4.3725000000000005,Monitor
23313,15833.310000000001,64.35,15768.960000000001,8123.9400000000005,2374.9965,1266.6648,4003.3586999999998,2997,13,0.2538758865518081,0.004337671004337671,VINTAGE CHRISTMAS BUNTING,4.95,2.7225,Promotion candidate
21174,19619.42,7.8,19611.62,11102.52,2942.913,1569.5536,3996.6333999999983,9709,4,0.20378904955327498,0.00041198887630033987,POTTERING IN THE SHED METAL SIGN,2.08,1.1440000000000001,Promotion candidate
22993,16507.23,85.0,16422.23,8665.25,2476.0845,1320.5784,3960.3171,12672,68,0.24115586616433946,0.005366161616161616,SET OF 4 PANTRY JELLY MOULDS,1.25,0.6875,Promotion candidate
22557,17437.6,112.19999999999999,17325.399999999998,9368.1225,2615.64,1395.008,3946.6294999999986,10391,68,0.22779442321677995,0.006544124723318256,PLASTERS IN TIN VINTAGE PAISLEY,1.65,0.9075,Promotion candidate
22570,20934.85,1464.33,19470.52,10743.5625,3140.2275,1674.788,3911.942,5640,431,0.2009161542680935,0.07641843971631206,FELTCRAFT CUSHION RABBIT,3.75,2.0625,Promotion candidate
21257,14040.03,205.3,13834.73,6694.297500000001,2106.0045,1123.2024000000001,3911.2255999999998,1558,27,0.2827106564421568,0.017329910141206675,VICTORIAN SEWING BOX MEDIUM,7.95,4.3725000000000005,Promotion candidate
22632,20586.530000000002,71.5,20515.030000000002,11869.935000000003,3087.9795000000004,1646.9224000000002,3910.193099999999,10312,35,0.19060138347348254,0.0033941039565554693,HAND WARMER RED RETROSPOT,2.1,1.1550000000000002,Monitor
22652,16822.1,92.39999999999999,16729.7,8957.932499999999,2523.315,1345.768,3902.6845000000003,9927,56,0.23327880954231098,0.005641180618515161,TRAVEL SEWING KIT,1.65,0.9075,Promotion candidate
22555,18718.269999999997,65.99999999999999,18652.269999999997,10465.29,2807.7404999999994,1497.4615999999999,3881.7778999999987,11572,40,0.20811289456993703,0.0034566194262011752,PLASTERS IN TIN STRONGMAN,1.65,0.9075,Promotion candidate
23173,24918.93,436.40000000000003,24482.530000000002,14874.255000000001,3737.8395,1993.5144,3876.9211000000005,2770,52,0.15835459407177283,0.018772563176895306,REGENCY TEAPOT ROSES,9.95,5.4725,Monitor
22130,11037.109999999999,136.7,10900.41,4491.740000000001,1655.5665,882.9688,3870.1346999999996,9791,183,0.3550448744588506,0.018690634255949343,PARTY CONE CHRISTMAS DECORATION,0.85,0.4675,Promotion candidate
85150,20255.57,64.94999999999999,20190.62,11699.655,3038.3355,1620.4456,3832.1838999999986,8368,26,0.189800209206057,0.003107074569789675,LADIES & GENTLEMEN METAL SIGN,2.55,1.4025,Monitor
22568,20274.97,1213.3200000000002,19061.65,10582.6875,3041.2455,1621.9976,3815.7194,5487,356,0.20017781251885328,0.06488062693639511,FELTCRAFT CUSHION OWL,3.75,2.0625,Promotion candidate
84378,15417.19,116.06,15301.13,7952.3125,2312.5785,1233.3752,3802.8638,11660,93,0.24853483370182466,0.007975986277873071,SET OF 3 HEART COOKIE CUTTERS,1.25,0.6875,Promotion candidate
35970,15152.01,122.85999999999999,15029.15,7759.466,2272.8015,1212.1608,3784.7217000000005,8422,74,0.2518253993073461,0.008786511517454286,ZINC FOLKART SLEIGH BELLS,1.69,0.9295,Promotion candidate
48187,46643.66,76.46000000000001,46567.2,32067.915000000005,6996.549,3731.4928,3771.2431999999953,7344,10,0.08098496796028096,0.0013616557734204794,DOORMAT NEW ENGLAND,7.95,4.3725000000000005,Review margin
22617,20571.74,1147.55,19424.190000000002,10925.3925,3085.761,1645.7392000000002,3767.2973,4256,243,0.19394874638273205,0.05709586466165414,BAKING SET SPACEBOY DESIGN,4.95,2.7225,Monitor
22619,15668.84,37.5,15631.34,8272.6875,2350.326,1253.5072,3754.8192999999997,4021,10,0.24021096719794974,0.002486943546381497,SET OF 6 SOLDIER SKITTLES,3.75,2.0625,Promotion candidate
22413,19757.74,340.54999999999995,19417.190000000002,11125.482500000002,2963.661,1580.6192,3747.4273,6986,129,0.19299534587651454,0.018465502433438304,METAL SIGN TAKE IT OR LEAVE IT,2.95,1.6225000000000003,Monitor
22041,18650.870000000003,103.94999999999999,18546.920000000002,10515.945000000002,2797.6305,1492.0696,3741.2749,7540,42,0.20171947148097902,0.005570291777188329,"RECORD FRAME 7"" SINGLE SIZE",2.55,1.4025,Promotion candidate
48185,45777.19,4678.68,41098.51,26834.032500000005,6866.5785,3662.1752,3735.7237999999966,6829,692,0.09089681840047234,0.1013325523502709,DOORMAT FAIRY CAKE,7.95,4.3725000000000005,Review margin
22352,17879.16,165.29999999999998,17713.86,9879.210000000001,2681.874,1430.3328,3722.443199999999,7109,65,0.21014297279079763,0.009143339428892953,LUNCH BOX WITH CUTLERY RETROSPOT,2.55,1.4025,Promotion candidate
22730,14893.52,225.0,14668.52,7526.0625,2234.028,1191.4816,3716.9478999999997,3709,60,0.2533962458380259,0.016176867080075492,ALARM CLOCK BAKELIKE IVORY,3.75,2.0625,Promotion candidate
48194,48817.38,172.17,48645.21,33725.092500000006,7322.607,3905.3904,3692.120099999995,7738,25,0.07589894462373573,0.003230808994572241,DOORMAT HEARTS,7.95,4.3725000000000005,Review margin
22759,15894.609999999999,42.89999999999999,15851.71,8504.1825,2384.1914999999995,1271.5688,3691.767199999999,9397,26,0.2328939401490438,0.002766840481004576,SET OF 3 NOTEBOOKS IN PARCEL,1.65,0.9075,Promotion candidate
22558,19539.59,130.70999999999998,19408.879999999997,11256.652,2930.9384999999997,1563.1671999999999,3658.1223,13827,91,0.18847673333031068,0.006581326390395603,CLOTHES PEGS RETROSPOT PACK 24,1.49,0.8195,Monitor
22776,17540.41,1230.35,16310.06,8619.1875,2631.0615,1403.2328,3656.5782,1709,134,0.22419158482556165,0.07840842598010532,SWEETHEART 3 TIER CAKE STAND,9.95,5.4725,Promotion candidate
22633,17664.870000000003,81.9,17582.97,9868.320000000002,2649.7305,1413.1896000000002,3651.729899999999,8583,39,0.2076856128401515,0.004543865781195386,HAND WARMER UNION JACK,2.1,1.1550000000000002,Promotion candidate
22569,20145.68,1170.63,18975.05,10698.1875,3021.852,1611.6544,3643.3561,5532,345,0.19200772066476768,0.06236442516268981,FELTCRAFT CUSHION BUTTERFLY,3.75,2.0625,Monitor
21121,18490.2,242.5,18247.7,10353.0625,2773.53,1479.216,3641.8915,15253,194,0.19958085128536748,0.012718809414541402,SET/10 RED POLKADOT PARTY CANDLES,1.25,0.6875,Monitor
22444,13860.35,142.5,13717.85,6889.4375,2079.0525,1108.828,3640.5319999999997,10135,114,0.2653864854915311,0.011248149975333004,GROW YOUR OWN PLANT IN A CAN,1.25,0.6875,Promotion candidate
22909,15294.519999999999,334.22,14960.3,7805.38,2294.178,1223.5616,3637.180399999999,17166,470,0.24312215664124376,0.02737970406617733,SET OF 20 VINTAGE CHRISTMAS NAPKINS,0.85,0.4675,Promotion candidate
23343,13978.95,505.68,13473.27,6646.64,2096.8424999999997,1118.316,3611.471499999999,6081,271,0.2680471407460846,0.04456503864495971,JUMBO BAG VINTAGE CHRISTMAS,2.08,1.1440000000000001,Promotion candidate
20749,22200.96,101.75,22099.21,13388.595000000001,3330.144,1776.0767999999998,3604.394199999998,3075,13,0.163100590473596,0.004227642276422764,ASSORTED COLOUR MINI CASES,7.95,4.3725000000000005,Monitor
22109,13768.86,271.26,13497.6,6734.0625,2065.3289999999997,1101.5088,3596.6997,3343,78,0.26646957236842106,0.023332336224947653,FULL ENGLISH BREAKFAST PLATE,3.75,2.0625,Promotion candidate
22940,15363.56,120.75,15242.81,8113.4625000000015,2304.534,1229.0848,3595.7286999999988,3510,39,0.23589670802168358,0.011111111111111112,FELTCRAFT CHRISTMAS FAIRY,4.25,2.3375000000000004,Promotion candidate
84380,14085.49,251.39000000000001,13834.1,7007.6875,2112.8235,1126.8392,3586.7498,10412,219,0.25926874896090096,0.021033422973492123,SET OF 3 BUTTERFLY COOKIE CUTTERS,1.25,0.6875,Promotion candidate
84947,18911.670000000002,44.54,18867.13,10936.0625,2836.7505,1512.9336,3581.3834000000006,15944,37,0.18982131357551468,0.0023206221776216757,ANTIQUE SILVER TEA GLASS ENGRAVED,1.25,0.6875,Monitor
22505,18074.23,94.05000000000001,17980.18,10242.045,2711.1345,1445.9384,3581.0620999999996,3781,19,0.19916719966096,0.005025125628140704,MEMO BOARD COTTAGE DESIGN,4.95,2.7225,Monitor
21891,15588.9,118.07,15470.83,8305.0,2338.335,1247.112,3580.383,12173,93,0.2314279841482325,0.0076398587036884905,TRADITIONAL WOODEN SKIPPING ROPE,1.25,0.6875,Promotion candidate
22837,16487.73,157.65,16330.08,8961.480000000001,2473.1595,1319.0184000000002,3576.4220999999984,3541,37,0.21900824123335577,0.010449025698955098,HOT WATER BOTTLE BABUSHKA,4.65,2.5575000000000006,Promotion candidate
21136,17515.67,329.36999999999995,17186.3,9582.2155,2627.3505,1401.2536,3575.4803999999995,10534,225,0.20804247569284834,0.02135940763242833,PAINTED METAL PEARS ASSORTED,1.69,0.9295,Promotion candidate
21533,16793.07,375.0,16418.07,8981.5275,2518.9605,1343.4456,3574.1364000000003,3379,80,0.21769528330674678,0.02367564368156259,RETROSPOT LARGE MILK JUG,4.95,2.7225,Promotion candidate
21668,14004.92,106.42,13898.5,7109.4375,2100.738,1120.3935999999999,3567.9309,10428,87,0.256713379141634,0.008342922899884924,RED STRIPE CERAMIC DRAWER KNOB,1.25,0.6875,Promotion candidate
22144,12411.87,98.7,12313.17,5891.655000000002,1861.7805,992.9496,3566.784899999999,5148,47,0.28967235082436116,0.00912975912975913,CHRISTMAS CRAFT LITTLE FRIENDS,2.1,1.1550000000000002,Promotion candidate
22296,16222.259999999998,13.2,16209.059999999998,8919.817500000001,2433.3389999999995,1297.7808,3558.122699999999,9837,8,0.21951443822158714,0.0008132560740063028,HEART IVORY TRELLIS LARGE,1.65,0.9075,Promotion candidate
22173,15426.65,399.71999999999997,15026.93,7925.912500000001,2313.9975,1234.132,3552.8879999999995,5031,146,0.23643472086447462,0.029020075531703438,METAL 4 HOOK HANGER FRENCH CHATEAU,2.95,1.6225000000000003,Promotion candidate
21935,13103.21,196.15,12907.06,6348.87,1965.4814999999999,1048.2568,3544.4517,7127,131,0.27461340537659235,0.018380805387961274,SUKI  SHOULDER BAG,1.65,0.9075,Promotion candidate
21908,19180.58,67.2,19113.38,11171.160000000002,2877.087,1534.4464000000003,3530.6865999999986,9704,32,0.18472329854792813,0.0032976092333058533,CHOCOLATE THIS WAY METAL SIGN,2.1,1.1550000000000002,Monitor
85014B,30812.280000000002,105.10000000000001,30707.18,20102.967500000002,4621.842,2464.9824000000003,3517.388099999999,6161,18,0.11454611266811213,0.0029216036357734136,RED RETROSPOT UMBRELLA,5.95,3.2725000000000004,Monitor
22485,14677.84,165.75,14512.09,7629.6,2201.676,1174.2272,3506.5867999999996,1101,13,0.24163210123421228,0.011807447774750226,SET OF 2 WOODEN MARKET CRATES,12.75,7.0125,Promotion candidate
22179,14425.36,224.6,14200.76,7380.450000000001,2163.804,1154.0288,3502.4771999999994,2024,36,0.24664012348634856,0.017786561264822136,SET 10 NIGHT OWL LIGHTS,6.75,3.7125000000000004,Promotion candidate
84945,17767.96,141.73,17626.23,10039.095000000001,2665.194,1421.4368,3500.5041999999994,21630,156,0.19859630788886787,0.007212205270457697,MULTI COLOUR SILVER T-LIGHT HOLDER,0.85,0.4675,Monitor
84949,19104.899999999998,793.8,18311.1,10424.452500000001,2865.7349999999997,1528.3919999999998,3492.5204999999987,11999,512,0.1907324245949178,0.04267022251854321,SILVER HANGING T-LIGHT HOLDER,1.65,0.9075,Monitor
22560,17904.21,191.20000000000002,17713.010000000002,10102.8125,2685.6315,1432.3368,3492.2292,14870,175,0.19715616939187636,0.011768661735036988,TRADITIONAL MODELLING CLAY,1.25,0.6875,Monitor
23240,17037.52,206.70000000000002,16830.82,9440.42,2555.628,1363.0016,3471.7704000000003,4186,50,0.2062745843636852,0.011944577161968466,SET OF 4 KNICK KNACK TINS DOILY,4.15,2.2825,Promotion candidate
22367,15811.82,101.39999999999999,15710.42,8605.74,2371.7729999999997,1264.9456,3467.9613999999997,8076,52,0.2207427554451122,0.0064388311045071814,CHILDRENS APRON SPACEBOY DESIGN,1.95,1.0725,Promotion candidate
21912,14685.08,285.0,14400.08,7563.1875,2202.762,1174.8064,3459.3241000000003,3743,76,0.24022950566941298,0.02030456852791878,VINTAGE SNAKES & LADDERS,3.75,2.0625,Promotion candidate
21035,18681.38,570.65,18110.73,10365.712500000001,2802.207,1494.5104000000001,3448.3001,6006,207,0.1904009446333748,0.034465534465534464,SET/2 RED RETROSPOT TEA TOWELS,3.25,1.7875,Monitor
22693,20469.08,90.0,20379.08,12239.5625,3070.362,1637.5264,3431.6291000000006,17875,72,0.16838979482881467,0.004027972027972028,GROW A FLYTRAP OR SUNFLOWER IN TIN,1.25,0.6875,Monitor
21672,14461.03,81.3,14379.73,7628.5,2169.1545,1156.8824,3425.1931,11158,62,0.23819592579276525,0.00555655135328912,WHITE SPOT RED CERAMIC DRAWER KNOB,1.25,0.6875,Promotion candidate
22487,16393.6,645.55,15748.05,8553.5175,2459.04,1311.488,3424.0044999999996,1634,71,0.2174240302767644,0.043451652386780906,WHITE WOOD GARDEN PLANT LADDER,9.95,5.4725,Promotion candidate
22662,16266.41,112.2,16154.21,8997.8625,2439.9615,1301.3128,3415.0732000000003,9983,68,0.21140453169792892,0.006811579685465291,LUNCH BAG DOLLY GIRL DESIGN,1.65,0.9075,Promotion candidate
37370,10854.59,57.42,10797.17,4897.75,1628.1885,868.3672,3402.8643,7171,47,0.3151626120548255,0.0065541765444150045,RETRO COFFEE MUGS ASSORTED,1.25,0.6875,Promotion candidate
35400,14070.699999999999,779.4499999999999,13291.25,6655.22,2110.605,1125.656,3399.7689999999993,1443,91,0.25579001222608855,0.06306306306306306,WOODEN BOX ADVENT CALENDAR,8.95,4.9225,Promotion candidate
21535,16921.149999999998,223.04999999999998,16698.1,9426.202500000001,2538.1725,1353.692,3380.0329999999985,6809,88,0.2024202154736167,0.012924071082390954,RED RETROSPOT SMALL MILK JUG,2.55,1.4025,Promotion candidate
23077,13720.77,75.0,13645.77,7119.0625,2058.1155,1097.6616000000001,3370.9304,10415,60,0.24703116057210403,0.005760921747479597,DOUGHNUT LIP GLOSS,1.25,0.6875,Promotion candidate
22193,16177.480000000001,319.6,15857.880000000001,8779.650000000001,2426.622,1294.1984000000002,3357.409599999999,1917,39,0.21171869127525236,0.02034428794992175,RED DINER WALL CLOCK,8.5,4.675000000000001,Promotion candidate
21154,11701.2,240.75,11460.45,5415.4375,1755.18,936.096,3353.7365,8100,223,0.29263567311929284,0.027530864197530865,RED RETROSPOT OVEN GLOVE,1.25,0.6875,Promotion candidate
47591D,17455.94,23.4,17432.54,10065.4125,2618.391,1396.4752,3352.2612999999997,9397,12,0.1922990740305199,0.001277003298925189,PINK FAIRY CAKE CHILDRENS APRON,1.95,1.0725,Monitor
22616,12476.99,22.08,12454.91,6241.554,1871.5484999999999,998.1592,3343.6482999999994,39204,72,0.2684602538276069,0.0018365472910927456,PACK OF 12 LONDON TISSUES,0.29,0.1595,Promotion candidate
84375,15794.28,120.89999999999999,15673.380000000001,8701.770000000002,2369.142,1263.5424,3338.9255999999987,7595,61,0.21303162432098235,0.008031599736668862,SET OF 20 KIDS COOKIE CUTTERS,2.1,1.1550000000000002,Promotion candidate
21669,13960.28,147.32,13812.96,7264.125,2094.042,1116.8224,3337.9706,10672,106,0.2416549819879302,0.009932533733133433,BLUE STRIPE CERAMIC DRAWER KNOB,1.25,0.6875,Promotion candidate
48184,31194.96,86.07,31108.89,20598.847500000003,4679.244,2495.5968000000003,3335.2016999999973,4722,11,0.10721056585432645,0.002329521389241847,DOORMAT ENGLISH ROSE,7.95,4.3725000000000005,Monitor
37449,22363.149999999998,2234.15,20129.0,11656.425000000001,3354.4725,1789.052,3329.0505,2385,255,0.16538578667594017,0.1069182389937107,CERAMIC CAKE STAND + HANGING CAKES,9.95,5.4725,Monitor
72760B,16634.41,170.34,16464.07,9325.14,2495.1614999999997,1330.7528,3313.0156999999995,1724,20,0.20122701737784154,0.01160092807424594,VINTAGE CREAM 3 BASKET CAKE STAND,9.95,5.4725,Promotion candidate
22174,10410.63,79.19999999999999,10331.43,4624.62,1561.5945,832.8504,3312.3650999999995,5144,48,0.3206105156788556,0.00933125972006221,PHOTO CUBE,1.65,0.9075,Promotion candidate
84988,12929.189999999999,91.27,12837.92,6580.97,1939.3785,1034.3352,3283.2362999999996,8316,64,0.25574519080972613,0.007696007696007696,SET OF 72 PINK HEART PAPER DOILIES,1.45,0.7975,Promotion candidate
22627,14076.300000000001,125.71000000000001,13950.59,7437.925000000001,2111.445,1126.104,3275.115999999999,1607,16,0.23476541135536197,0.009956440572495333,MINT KITCHEN SCALES,8.5,4.675000000000001,Promotion candidate
21888,13880.92,363.75,13517.17,7070.25,2082.138,1110.4736,3254.3084,3525,97,0.24075367846967966,0.0275177304964539,BINGO SET,3.75,2.0625,Promotion candidate
21673,13332.94,143.95,13188.99,6870.875,1999.941,1066.6352,3251.5388,10097,103,0.24653432901230496,0.01020104981677726,WHITE SPOT BLUE CERAMIC DRAWER KNOB,1.25,0.6875,Promotion candidate
21156,17017.88,142.35,16875.53,9729.72,2552.682,1361.4304,3231.6976,9145,73,0.19150199134486445,0.007982504100601421,RETROSPOT CHILDRENS APRON,1.95,1.0725,Monitor
21670,12170.45,100.0,12070.45,6081.625,1825.5674999999999,973.636,3189.6214999999997,8918,72,0.26425042148387173,0.008073559093967257,BLUE SPOT CERAMIC DRAWER KNOB,1.25,0.6875,Promotion candidate
21770,14832.050000000001,212.4,14619.650000000001,8025.93,2224.8075,1186.564,3182.3485000000005,2996,48,0.2176761071571481,0.01602136181575434,OPEN CLOSED METAL SIGN,4.95,2.7225,Promotion candidate
21906,12919.960000000001,263.25,12656.710000000001,6508.012500000001,1937.994,1033.5968,3177.1066999999994,1792,39,0.2510215292915773,0.021763392857142856,PHARMACIE FIRST AID TIN,6.75,3.7125000000000004,Promotion candidate
22655,12845.0,2320.5,10524.5,4400.0,1926.75,1027.6000000000001,3170.15,76,12,0.30121620979618985,0.15789473684210525,VINTAGE RED KITCHEN CABINET,125.0,68.75,Promotion candidate
22645,10006.72,125.94999999999999,9880.77,4410.175,1501.008,800.5376,3169.0494,5617,87,0.3207289917688601,0.01548869503293573,CERAMIC HEART FAIRY CAKE MONEY BANK,1.45,0.7975,Promotion candidate
22623,12454.08,355.05,12099.03,6090.2325,1868.112,996.3264,3144.3591,2316,79,0.2598852222037634,0.034110535405872194,BOX OF VINTAGE JIGSAW BLOCKS,4.95,2.7225,Promotion candidate
22147,17955.93,1142.8000000000002,16813.129999999997,9543.6825,2693.3894999999998,1436.4743999999998,3139.5835999999995,12871,904,0.18673403465030008,0.07023541294382721,FELTCRAFT BUTTERFLY HEARTS,1.45,0.7975,Monitor
21259,13951.02,155.65,13795.37,7474.390000000001,2092.653,1116.0816,3112.2454,2311,27,0.22560071966174156,0.011683254002596278,VICTORIAN SEWING BOX SMALL,5.95,3.2725000000000004,Promotion candidate
22171,23877.760000000002,1229.1,22648.66,14053.050000000003,3581.6639999999998,1910.2208,3103.725199999998,3162,156,0.13703791747502933,0.04933586337760911,3 HOOK PHOTO SHELF ANTIQUE WHITE,8.5,4.675000000000001,Monitor
22844,11627.28,236.3,11390.98,5619.350000000001,1744.0919999999999,930.1824,3097.3555999999994,1231,29,0.2719130048512068,0.023558082859463852,VINTAGE CREAM DOG FOOD CONTAINER,8.5,4.675000000000001,Promotion candidate
23581,11613.03,224.76,11388.27,5620.472000000001,1741.9545,929.0424,3096.801099999999,5035,122,0.27192901994771806,0.02423038728897716,JUMBO BAG PAISLEY PARK,2.08,1.1440000000000001,Promotion candidate
22295,14190.339999999998,79.19999999999999,14111.139999999998,7763.6625,2128.5509999999995,1135.2272,3083.6992999999993,8603,48,0.21852942427046998,0.005579449029408346,HEART FILIGREE DOVE LARGE,1.65,0.9075,Promotion candidate
21164,16679.510000000002,64.9,16614.61,9697.6825,2501.9265,1334.3608000000002,3080.6401999999994,5999,22,0.18541754516055442,0.0036672778796466078,HOME SWEET HOME METAL SIGN,2.95,1.6225000000000003,Monitor
21155,16360.79,562.69,15798.1,8990.025,2454.1185,1308.8632,3045.0932999999995,6673,263,0.19275060292060434,0.03941255806983366,RED RETROSPOT PEG BAG,2.55,1.4025,Monitor
21122,15018.53,91.25,14927.28,8439.0625,2252.7795,1201.4824,3033.9556000000002,12348,73,0.2032490581003371,0.00591188856494979,SET/10 PINK POLKADOT PARTY CANDLES,1.25,0.6875,Promotion candidate
22748,10197.1,35.7,10161.4,4784.010000000001,1529.565,815.7680000000001,3032.0569999999993,4159,17,0.2983896903969925,0.004087521038711229,POPPY'S PLAYHOUSE KITCHEN,2.1,1.1550000000000002,Promotion candidate
21844,15367.79,141.20000000000002,15226.59,8662.527500000002,2305.1685,1229.4232000000002,3029.470799999999,5387,48,0.19895924169495594,0.008910339706701319,RED RETROSPOT MUG,2.95,1.6225000000000003,Monitor
22198,12782.71,347.29999999999995,12435.41,6471.3825,1917.4064999999998,1022.6168,3024.0041999999994,7345,214,0.24317687957212503,0.029135466303607898,LARGE POPCORN HOLDER,1.65,0.9075,Promotion candidate
22847,18352.739999999998,794.55,17558.19,10329.33,2752.9109999999996,1468.2192,3007.7297999999996,1157,49,0.1713006750695829,0.04235090751944685,BREAD BIN DINER STYLE IVORY,16.95,9.3225,Monitor
22812,10750.029999999999,91.64999999999999,10658.38,5190.900000000001,1612.5044999999998,860.0024,2994.9730999999992,4887,47,0.2809970276908873,0.009617352158788622,PACK 3 BOXES CHRISTMAS PANETTONE,1.95,1.0725,Promotion candidate
22170,15753.27,581.9,15171.37,8579.587500000001,2362.9905,1260.2616,2968.530399999999,2401,90,0.1956666009727532,0.037484381507705125,PICTURE FRAME WOOD TRIPLE PORTRAIT,6.75,3.7125000000000004,Monitor
35004C,15896.18,426.8,15469.380000000001,8845.622500000001,2384.427,1271.6944,2967.6360999999993,3039,88,0.19183936912791585,0.028956893715037842,SET OF 3 COLOURED  FLYING DUCKS,5.45,2.9975000000000005,Monitor
20679,30038.82,107.1,29931.72,20073.515000000003,4505.823,2403.1056000000003,2949.276399999999,6152,18,0.09853347552362506,0.002925877763328999,EDWARDIAN PARASOL RED,5.95,3.2725000000000004,Review margin
21165,15175.83,82.59,15093.24,8657.363,2276.3745,1214.0664,2945.4361,9365,51,0.19514935825574892,0.005445808862786973,BEWARE OF THE CAT METAL SIGN,1.69,0.9295,Monitor
22110,8620.76,10.2,8610.56,3684.3675000000003,1293.114,689.6608,2943.4177,2631,4,0.34183812667236513,0.0015203344735841885,BIRD HOUSE HOT WATER BOTTLE,2.55,1.4025,Promotion candidate
22508,11599.45,97.5,11501.95,5907.0,1739.9175,927.956,2927.0765,2890,26,0.254485239459396,0.008996539792387544,DOORSTOP RETROSPOT HEART,3.75,2.0625,Promotion candidate
22745,9804.54,27.300000000000004,9777.24,4599.210000000001,1470.681,784.3632000000001,2922.9857999999995,3995,13,0.298958172244928,0.003254067584480601,POPPY'S PLAYHOUSE BEDROOM,2.1,1.1550000000000002,Promotion candidate
22692,15982.45,665.0500000000001,15317.4,8718.765000000001,2397.3675,1278.596,2922.6714999999986,2137,143,0.1908072845260944,0.0669162377164249,DOORMAT WELCOME TO OUR HOME,7.95,4.3725000000000005,Monitor
21429,11384.699999999999,120.3,11264.4,5729.955,1707.705,910.776,2915.9639999999995,6384,70,0.25886545222115687,0.010964912280701754,RED GINGHAM ROSE JEWELLERY BOX,1.65,0.9075,Promotion candidate
82582,15146.68,241.38,14905.300000000001,8508.885000000002,2272.002,1211.7344000000003,2912.678599999999,7496,129,0.19541227617022125,0.017209178228388473,AREA PATROLLED METAL SIGN,2.1,1.1550000000000002,Monitor
23207,13360.2,659.6,12700.6,6718.2225,2004.03,1068.816,2909.5315000000005,7851,448,0.2290861455364314,0.05706279454846516,LUNCH BAG ALPHABET DESIGN,1.65,0.9075,Promotion candidate
22553,13131.949999999999,158.39999999999998,12973.55,7051.275000000001,1969.7924999999996,1050.556,2901.926499999999,7866,96,0.2236802185986102,0.012204424103737605,PLASTERS IN TIN SKULLS,1.65,0.9075,Promotion candidate
21539,13635.79,334.31,13301.480000000001,7269.075000000001,2045.3685,1090.8632,2896.1733,2740,70,0.2177331620240755,0.025547445255474453,RED RETROSPOT BUTTER DISH,4.95,2.7225,Promotion candidate
22729,11882.75,130.89,11751.86,6123.5625,1782.4125,950.62,2895.265,3004,35,0.24636653261696445,0.011651131824234355,ALARM CLOCK BAKELIKE ORANGE,3.75,2.0625,Promotion candidate
21390,13625.47,93.75,13531.72,7507.5,2043.8205,1090.0376,2890.3619,10995,75,0.2135990029353253,0.0068212824010914054,FILIGRIS HEART WITH BUTTERFLY,1.25,0.6875,Promotion candidate
21982,10489.05,10.83,10478.22,5184.388,1573.3574999999998,839.124,2881.3504999999996,32541,37,0.274984730230898,0.0011370271349989245,PACK OF 12 SUKI TISSUES,0.29,0.1595,Promotion candidate
21671,12386.82,237.31,12149.51,6432.25,1858.023,990.9456,2868.2914,9526,170,0.23608288729339702,0.01784589544404787,RED SPOT CERAMIC DRAWER KNOB,1.25,0.6875,Promotion candidate
22207,13307.07,324.75,12982.32,7059.250000000001,1996.0605,1064.5656000000001,2862.443899999999,3105,85,0.22048785579156877,0.027375201288244767,FRYING PAN UNION FLAG,4.25,2.3375000000000004,Promotion candidate
22088,13082.78,198.04999999999998,12884.730000000001,7018.935000000001,1962.417,1046.6224,2856.7556,4401,75,0.22171637279166886,0.017041581458759374,PAPER BUNTING COLOURED LACE,2.95,1.6225000000000003,Promotion candidate
20676,13173.2,156.81,13016.390000000001,7144.5,1975.98,1053.856,2842.054,10529,137,0.2183442567409243,0.013011682021084624,RED RETROSPOT BOWL,1.25,0.6875,Promotion candidate
21985,8989.51,31.319999999999997,8958.189999999999,4063.2625000000003,1348.4264999999998,719.1608,2827.3401999999996,25583,108,0.3156151186791082,0.004221553375288277,PACK OF 12 HEARTS DESIGN TISSUES,0.29,0.1595,Promotion candidate
23300,11815.689999999999,231.59999999999997,11584.09,6057.5625,1772.3535,945.2552,2808.9187999999995,6827,152,0.24248074730082375,0.022264537864362093,GARDENERS KNEELING PAD CUP OF TEA,1.65,0.9075,Promotion candidate
22082,12353.75,51.15,12302.6,6655.605,1853.0625,988.3000000000001,2805.6325000000006,7365,31,0.22805199713881624,0.004209097080787509,RIBBON REEL STRIPES DESIGN,1.65,0.9075,Promotion candidate
85232B,15357.28,1502.75,13854.53,7516.8225,2303.592,1228.5824,2805.5331,3066,305,0.20249933415280055,0.0994781474233529,SET OF 3 BABUSHKA STACKING TINS,4.95,2.7225,Promotion candidate
22488,11793.009999999998,80.85,11712.159999999998,6224.5425000000005,1768.9514999999997,943.4408,2775.225199999999,6908,49,0.2369524664963593,0.007093225246091488,NATURAL SLATE RECTANGLE CHALKBOARD,1.65,0.9075,Promotion candidate
22584,13331.13,425.85,12905.28,7071.405000000001,1999.6695,1066.4904000000001,2767.715099999999,5239,197,0.21446377761660335,0.037602595915251,PACK OF 6 PANETTONE GIFT BOXES,2.55,1.4025,Promotion candidate
22349,10562.92,132.12,10430.8,5234.625,1584.4379999999999,845.0336,2766.7034,2574,36,0.2652436438240595,0.013986013986013986,DOG BOWL CHASING BALL DESIGN,3.75,2.0625,Promotion candidate
22766,12979.300000000001,185.85000000000002,12793.45,7046.517500000001,1946.895,1038.344,2761.6934999999994,4406,63,0.2158677682720454,0.014298683613254653,PHOTO FRAME CORNICE,2.95,1.6225000000000003,Promotion candidate
22464,13132.949999999999,378.9,12754.05,6975.9525,1969.9424999999997,1050.636,2757.518999999999,7937,250,0.21620732237994983,0.031498047121078496,HANGING METAL HEART LANTERN,1.65,0.9075,Promotion candidate
23200,14197.28,243.63000000000002,13953.65,7935.928000000001,2129.592,1135.7824,2752.3475999999996,7071,134,0.19724929319568713,0.01895064347334182,JUMBO BAG PEARS,2.08,1.1440000000000001,Monitor
84692,9352.22,86.94,9265.28,4369.365,1402.8329999999999,748.1776,2744.9043999999994,19122,207,0.2962570370242453,0.010825227486664575,BOX OF 24 COCKTAIL PARASOLS,0.42,0.231,Promotion candidate
21169,14291.34,54.57,14236.77,8216.78,2143.701,1143.3072,2732.9818,8873,33,0.19196642215895882,0.0037191479770089034,YOU'RE CONFUSING ME METAL SIGN,1.69,0.9295,Monitor
22189,49348.340000000004,168.73000000000002,49179.61,35096.7375,7402.251,3947.8672,2732.754299999997,16198,43,0.055566815190279,0.0026546487220644524,CREAM HEART CARD HOLDER,3.95,2.1725000000000003,Review margin
84992,17404.8,175.33,17229.47,10501.590000000002,2610.72,1392.384,2724.775999999999,35126,410,0.1581462459379191,0.011672265558275921,72 SWEETHEART FAIRY CAKE CASES,0.55,0.30250000000000005,Monitor
22771,10267.08,37.5,10229.58,5194.0625,1540.062,821.3664,2674.0891,7585,30,0.26140751624211356,0.003955174686882004,CLEAR DRAWER KNOB ACRYLIC EDWARDIAN,1.25,0.6875,Promotion candidate
22631,12255.5,70.19999999999999,12185.3,6695.6175,1838.3249999999998,980.4399999999999,2670.917499999999,6279,36,0.2191917720532116,0.005733397037744864,CIRCUS PARADE LUNCH BOX,1.95,1.0725,Promotion candidate
22634,16036.1,906.3,15129.8,8772.4175,2405.415,1282.888,2669.0795,1697,94,0.17641208079419424,0.0553918680023571,CHILDS BREAKFAST SET SPACEBOY,9.95,5.4725,Monitor
22725,10366.17,221.25,10144.92,5094.375,1554.9255,829.2936,2666.3259,2529,59,0.2628237482404987,0.02332937920126532,ALARM CLOCK BAKELIKE CHOCOLATE,3.75,2.0625,Promotion candidate
22327,9981.9,64.5,9917.4,4958.360000000001,1497.285,798.552,2663.2029999999995,3078,22,0.26853842741040995,0.007147498375568551,ROUND SNACK BOXES SET OF 4 SKULLS,2.95,1.6225000000000003,Promotion candidate
22621,13800.669999999998,114.05,13686.619999999999,7851.6900000000005,2070.1004999999996,1104.0536,2660.775899999999,8737,85,0.19440708516785002,0.009728739842051047,TRADITIONAL KNITTING NANCY,1.65,0.9075,Monitor
22694,11000.6,348.0,10652.6,5466.615000000002,1650.0900000000001,880.0480000000001,2655.8469999999993,4913,180,0.2493144396673112,0.03663749236718909,WICKER STAR,2.1,1.1550000000000002,Promotion candidate
22635,15834.81,1113.4499999999998,14721.359999999999,8427.65,2375.2214999999997,1266.7848,2651.7036999999996,1664,124,0.1801262723009287,0.07451923076923077,CHILDS BREAKFAST SET DOLLY GIRL,9.95,5.4725,Monitor
84016,3791.67,50.3,3741.3700000000003,218.064,568.7505,303.3336,2651.2219,1004,60,0.708623285053336,0.05976095617529881,FLAG OF ST GEORGE CAR FLAG,0.42,0.231,Promotion candidate
22795,11209.56,118.95,11090.61,5862.0375,1681.434,896.7648,2650.373699999999,1602,23,0.23897456496982575,0.01435705368289638,SWEETHEART RECIPE BOOK STAND,6.75,3.7125000000000004,Promotion candidate
21041,9072.890000000001,38.35,9034.54,4317.472500000001,1360.9335,725.8312000000001,2630.3027999999995,2674,13,0.291138541641301,0.0048616305160807775,RED RETROSPOT OVEN GLOVE DOUBLE,2.95,1.6225000000000003,Promotion candidate
22636,13496.53,375.7,13120.83,7386.500000000001,2024.4795,1079.7224,2630.128099999999,1625,45,0.20045439960734185,0.027692307692307693,CHILDS BREAKFAST SET CIRCUS PARADE,8.5,4.675000000000001,Promotion candidate
22141,8909.91,33.6,8876.310000000001,4220.370000000001,1336.4865,712.7928,2606.6606999999995,3670,16,0.2936649012934428,0.004359673024523161,CHRISTMAS CRAFT TREE TOP ANGEL,2.1,1.1550000000000002,Promotion candidate
84987,11868.5,97.69999999999999,11770.8,6436.6225,1780.2749999999999,949.48,2604.4224999999997,8141,70,0.22126129914704182,0.008598452278589854,SET OF 36 TEATIME PAPER DOILIES,1.45,0.7975,Promotion candidate
21172,11411.16,110.85,11300.31,6083.33,1711.674,912.8928,2592.4131999999995,7705,77,0.2294108037744097,0.009993510707332901,PARTY METAL SIGN,1.45,0.7975,Promotion candidate
22646,12735.91,155.0,12580.91,7065.85,1910.3864999999998,1018.8728,2585.8007,8969,109,0.20553367761155591,0.01215297134574646,CERAMIC STRAWBERRY CAKE MONEY BANK,1.45,0.7975,Promotion candidate
22371,8970.8,76.88,8893.92,4249.575000000001,1345.62,717.664,2581.0609999999992,1836,18,0.290205106409772,0.00980392156862745,AIRLINE BAG VINTAGE TOKYO 78,4.25,2.3375000000000004,Promotion candidate
21326,11679.66,66.3,11613.36,6363.500000000001,1751.949,934.3728000000001,2563.5381999999995,17902,102,0.22074044032045845,0.005697687409228019,AGED GLASS SILVER T-LIGHT HOLDER,0.65,0.35750000000000004,Promotion candidate
22750,11780.1,37.5,11742.6,6470.0625,1767.0149999999999,942.408,2563.1144999999997,3147,10,0.21827487098257622,0.0031776294884016524,FELTCRAFT PRINCESS LOLA DOLL,3.75,2.0625,Promotion candidate
21242,11922.8,70.98,11851.82,6549.257,1788.42,953.824,2560.3189999999995,7088,42,0.216027496198896,0.005925507900677201,RED RETROSPOT PLATE,1.69,0.9295,Promotion candidate
23356,13494.970000000001,53.55,13441.42,7778.732500000001,2024.2455,1079.5976,2558.8444,2386,9,0.19037009482629066,0.0037720033528918693,LOVE HOT WATER BOTTLE,5.95,3.2725000000000004,Monitor
22192,12121.800000000001,252.45000000000002,11869.35,6530.975000000001,1818.27,969.744,2550.360999999999,1428,31,0.2148694747395602,0.021708683473389355,BLUE DINER WALL CLOCK,8.5,4.675000000000001,Promotion candidate
21260,11609.93,197.25,11412.68,6193.687500000001,1741.4895,928.7944,2548.7085999999995,3526,61,0.22332253248141537,0.017300056721497446,FIRST AID TIN,3.25,1.7875,Promotion candidate
21937,12065.369999999999,169.1,11896.27,6572.7475,1809.8055,965.2296,2548.487399999999,4109,58,0.21422575311421135,0.014115356534436603,STRAWBERRY   PICNIC BAG,2.95,1.6225000000000003,Promotion candidate
22740,11436.109999999999,0.0,11436.109999999999,6261.227500000001,1715.4164999999998,914.8888,2544.5771999999993,13393,0,0.22250373597315867,0.0,POLKADOT PEN,0.85,0.4675,Promotion candidate
22219,9294.279999999999,93.89,9200.39,4523.530000000001,1394.1419999999998,743.5423999999999,2539.175599999999,9799,123,0.27598564843446843,0.012552301255230125,LOVEBIRD HANGING DECORATION WHITE,0.85,0.4675,Promotion candidate
22665,9598.69,129.95000000000002,9468.74,4726.342500000001,1439.8035,767.8952,2534.6987999999997,2958,45,0.2676912450864634,0.015212981744421906,RECIPE BOX BLUE SKETCHBOOK DESIGN,2.95,1.6225000000000003,Promotion candidate
23108,13303.019999999999,317.6,12985.42,7414.687500000001,1995.4529999999997,1064.2416,2511.037899999999,2221,64,0.19337363751037695,0.028815848716794237,SET OF 10 LED DOLLY LIGHTS,6.25,3.4375000000000004,Monitor
22668,10930.5,177.64999999999998,10752.85,5729.047500000001,1639.5749999999998,874.4399999999999,2509.787499999999,3598,67,0.23340672472879273,0.018621456364647026,PINK BABY BUNTING,2.95,1.6225000000000003,Promotion candidate
22637,11523.42,171.9,11351.52,6200.4525,1728.513,921.8736,2500.6808999999994,4490,69,0.22029480633430581,0.015367483296213808,PIGGY BANK RETROSPOT,2.55,1.4025,Promotion candidate
22271,13983.68,839.2,13144.480000000001,7435.917500000001,2097.552,1118.6944,2492.3161,4887,304,0.18960933410831007,0.06220585226110088,FELTCRAFT DOLL ROSIE,2.95,1.6225000000000003,Monitor
21094,15334.88,495.24,14839.64,8822.66,2300.232,1226.7903999999999,2489.957599999999,19634,762,0.16779097067044746,0.0388102271569726,SET/6 RED SPOTTY PAPER PLATES,0.85,0.4675,Monitor
22649,11616.03,352.90000000000003,11263.130000000001,6112.012500000001,1742.4045,929.2824,2479.4306,2317,72,0.2201369068811245,0.03107466551575313,STRAWBERRY FAIRY CAKE TEAPOT,4.95,2.7225,Promotion candidate
22791,11838.69,209.0,11629.69,6432.25,1775.8035,947.0952000000001,2474.5413000000003,9546,190,0.21277792443306745,0.019903624554787346,T-LIGHT GLASS FLUTED ANTIQUE,1.25,0.6875,Promotion candidate
48111,26030.42,102.4,25928.02,17466.68,3904.563,2082.4336,2474.343399999998,4256,16,0.09543125159576388,0.0037593984962406013,DOORMAT 3 SMILEY CATS,7.49,4.1195,Review margin
21974,10622.15,201.45,10420.699999999999,5507.535,1593.3225,849.7719999999999,2470.0705,7046,140,0.23703498805262602,0.019869429463525403,SET OF 36 PAISLEY FLOWER DOILIES,1.45,0.7975,Promotion candidate
22151,11671.35,332.46,11338.89,6189.645,1750.7024999999999,933.708,2464.8344999999995,27710,915,0.21737881750330054,0.03302057019126669,PLACE SETTING WHITE HEART,0.42,0.231,Promotion candidate
21124,12184.04,61.25,12122.79,6867.4375,1827.606,974.7232,2453.0233000000003,10038,49,0.20234808158847922,0.0048814504881450485,SET/10 BLUE POLKADOT PARTY CANDLES,1.25,0.6875,Promotion candidate
22943,11726.34,190.25,11536.09,6392.43,1758.951,938.1072,2446.6018,2387,39,0.2120824126718845,0.016338500209467952,CHRISTMAS LIGHTS 10 VINTAGE BAUBLES,4.95,2.7225,Promotion candidate
22610,5114.38,30.599999999999998,5083.78,1464.5400000000002,767.1569999999999,409.1504,2442.9325999999996,12716,36,0.4805346808870564,0.0028310789556464295,PENS ASSORTED FUNNY FACE,0.21,0.1155,Promotion candidate
22667,13654.2,428.90000000000003,13225.300000000001,7654.955000000001,2048.13,1092.336,2429.8789999999995,4868,150,0.183729594035674,0.030813475760065736,RECIPE BOX RETROSPOT,2.95,1.6225000000000003,Monitor
22580,13283.880000000001,331.8,12952.08,7467.845,1992.582,1062.7104000000002,2428.9426,2346,64,0.18753301400238417,0.027280477408354646,ADVENT CALENDAR GINGHAM SACK,5.95,3.2725000000000004,Monitor
21380,14622.820000000002,1601.7,13021.12,7234.727500000001,2193.4230000000002,1169.8256000000001,2423.1438999999996,5041,582,0.18609335448870754,0.11545328307875422,WOODEN HAPPY BIRTHDAY GARLAND,2.95,1.6225000000000003,Monitor
22061,19161.17,1060.35,18100.82,11278.8225,2874.1755,1532.8935999999999,2414.9284,2175,114,0.13341541432929557,0.05241379310344828,LARGE CAKE STAND  HANGING STRAWBERY,9.95,5.4725,Monitor
21700,7070.16,102.85,6967.3099999999995,2927.9525000000003,1060.524,565.6128,2413.2207,6384,121,0.34636333104167893,0.01895363408521303,BIG DOUGHNUT FRIDGE MAGNETS,0.85,0.4675,Promotion candidate
21892,10173.78,67.5,10106.28,5355.625,1526.067,813.9024,2410.6856,7844,54,0.23853342674060085,0.006884242733299337,TRADITIONAL WOODEN CATCH CUP GAME,1.25,0.6875,Promotion candidate
22273,20192.29,3562.7999999999997,16629.49,9580.862500000001,3028.8435,1615.3832,2404.400799999999,7369,1464,0.1445865627869525,0.19867010449178993,FELTCRAFT DOLL MOLLY,2.95,1.6225000000000003,Monitor
22236,13978.269999999999,1121.25,12857.019999999999,7243.9125,2096.7405,1118.2616,2398.105399999999,1128,95,0.1865210912015381,0.08421985815602837,CAKE STAND 3 TIER MAGIC GARDEN,12.75,7.0125,Monitor
21907,10910.320000000002,44.10000000000001,10866.220000000001,5963.265000000001,1636.548,872.8256000000001,2393.5813999999996,5184,21,0.22027728133610394,0.004050925925925926,I'M ON HOLIDAY METAL SIGN,2.1,1.1550000000000002,Promotion candidate
23174,12350.73,345.2,12005.53,6776.7425,1852.6095,988.0584,2388.1196,3057,88,0.1989182984841152,0.028786391887471376,REGENCY SUGAR BOWL GREEN,4.15,2.2825,Monitor
21756,10039.85,35.7,10004.15,5307.995000000001,1505.9775,803.1880000000001,2386.9894999999997,1628,6,0.2385999310286231,0.0036855036855036856,BATH BUILDING BLOCK WORD,5.95,3.2725000000000004,Promotion candidate
22195,9160.74,28.349999999999998,9132.39,4644.585,1374.1109999999999,732.8592,2380.8347999999996,5137,19,0.26070226961397835,0.003698656803581857,LARGE HEART MEASURING SPOONS,1.65,0.9075,Promotion candidate
21890,10484.65,30.200000000000003,10454.45,5662.525000000001,1572.6975,838.772,2380.4554999999996,3500,10,0.2276978224583789,0.002857142857142857,S/6 WOODEN SKITTLES IN COTTON BAG,2.95,1.6225000000000003,Promotion candidate
23571,6436.61,0.0,6436.61,2594.5425,965.4914999999999,514.9288,2361.6472,2859,0,0.3669085434724179,0.0,TRADITIONAL NAUGHTS & CROSSES,1.65,0.9075,Promotion candidate
21488,9804.33,0.0,9804.33,5190.102500000001,1470.6495,784.3464000000001,2359.2315999999996,2389,0,0.24063159848760696,0.0,RED WHITE SCARF  HOT WATER BOTTLE,3.95,2.1725000000000003,Promotion candidate
22946,15094.47,390.3,14704.17,8875.02,2264.1704999999997,1207.5575999999999,2357.4218999999994,978,26,0.16032335725171834,0.026584867075664622,WOODEN ADVENT CALENDAR CREAM,16.95,9.3225,Monitor
21624,10664.95,128.75,10536.2,5726.875000000001,1599.7425,853.196,2356.3864999999996,1775,25,0.22364671323627108,0.014084507042253521,VINTAGE UNION JACK DOORSTOP,5.95,3.2725000000000004,Promotion candidate
21558,10854.01,232.95,10621.06,5771.2875,1628.1015,868.3208,2353.3501999999994,4224,109,0.22157394836296937,0.025804924242424244,SKULL LUNCH BOX WITH CUTLERY,2.55,1.4025,Promotion candidate
22968,11234.57,248.54999999999998,10986.02,6052.585,1685.1854999999998,898.7656,2349.4838999999997,1132,26,0.21386124365329753,0.022968197879858657,ROSE COTTAGE KEEPSAKE BOX,9.95,5.4725,Promotion candidate
22846,13281.769999999999,450.59999999999997,12831.17,7439.355,1992.2655,1062.5416,2337.0079,826,28,0.18213521448161002,0.03389830508474576,BREAD BIN DINER STYLE RED,16.95,9.3225,Monitor
22150,14527.5,1264.8,13262.699999999999,7584.72,2179.125,1162.2,2336.6549999999997,7836,764,0.17618245153701734,0.09749872383869321,3 STRIPEY MICE FELTCRAFT,1.95,1.0725,Monitor
20975,11859.76,858.35,11001.410000000002,5946.2975000000015,1778.9640000000002,948.7808000000001,2327.3677,18116,1483,0.2115517647283393,0.08186133804371826,12 PENCILS SMALL TUBE RED RETROSPOT,0.65,0.35750000000000004,Promotion candidate
22468,11549.35,352.3,11197.05,6233.2875,1732.4025,923.9480000000001,2307.4119999999994,1737,58,0.20607320678214347,0.0333909038572251,BABUSHKA LIGHTS STRING OF 10,6.75,3.7125000000000004,Promotion candidate
21833,10691.81,297.5,10394.31,5628.1225,1603.7715,855.3448,2307.0712000000003,6245,190,0.22195520433775792,0.03042433947157726,CAMOUFLAGE LED TORCH,1.69,0.9295,Promotion candidate
22904,10802.25,885.9,9916.35,5128.722500000001,1620.3375,864.1800000000001,2303.11,3483,322,0.2322538030626188,0.09244903818547229,CALENDAR PAPER CUT DESIGN,2.95,1.6225000000000003,Promotion candidate
22120,10353.99,187.6,10166.39,5488.9175000000005,1553.0984999999998,828.3192,2296.0548,1022,19,0.2258476017544084,0.018590998043052837,WELCOME  WOODEN BLOCK LETTERS,9.95,5.4725,Promotion candidate
22348,10589.92,85.0,10504.92,5778.767500000001,1588.4879999999998,847.1936,2290.470899999999,12461,100,0.21803791937492137,0.008025038118931065,TEA BAG PLATE RED RETROSPOT,0.85,0.4675,Promotion candidate
23493,8509.68,11.399999999999999,8498.28,4251.39,1276.452,680.7744,2289.6636000000003,3970,6,0.2694267075219927,0.0015113350125944584,VINTAGE DOILY TRAVEL SEWING KIT,1.95,1.0725,Promotion candidate
21871,13710.29,892.19,12818.1,7376.875,2056.5434999999998,1096.8232,2287.8583000000003,11536,806,0.17848653856655824,0.06986823855755894,SAVE THE PLANET MUG,1.25,0.6875,Monitor
23582,10233.45,222.68,10010.77,5369.936000000001,1535.0175,818.676,2287.1404999999995,4815,121,0.2284679899747971,0.025129802699896158,VINTAGE DOILY JUMBO BAG RED,2.08,1.1440000000000001,Promotion candidate
23208,10498.01,109.85,10388.16,5689.117499999999,1574.7015,839.8408000000001,2284.5002000000004,6342,73,0.21991384422265353,0.01151056449069694,LUNCH BAG VINTAGE LEAF DESIGN,1.65,0.9075,Promotion candidate
22549,9728.56,1.45,9727.109999999999,5205.2825,1459.2839999999999,778.2848,2284.2586999999994,6528,1,0.23483426218064765,0.00015318627450980392,PICTURE DOMINOES,1.45,0.7975,Promotion candidate
20682,10197.31,178.75,10018.56,5396.462500000001,1529.5964999999999,815.7848,2276.7162,3076,57,0.2272498442889996,0.018530559167750326,RED RETROSPOT CHILDRENS UMBRELLA,3.25,1.7875,Promotion candidate
22357,9360.91,198.0,9162.91,4738.112500000001,1404.1364999999998,748.8728,2271.788199999999,2075,48,0.247933047470727,0.02313253012048193,KINGS CHOICE BISCUIT TIN,4.25,2.3375000000000004,Promotion candidate
21868,11188.64,250.39000000000001,10938.25,6110.5,1678.296,895.0912,2254.3628,9095,207,0.20609903778026648,0.022759758108851016,POTTING SHED TEA MUG,1.25,0.6875,Promotion candidate
21428,11779.93,166.0,11613.93,6650.187500000001,1766.9895,942.3944,2254.3585999999987,2887,42,0.19410816149227683,0.014547973675095255,SET3 BOOK BOX GREEN GINGHAM FLOWER,4.25,2.3375000000000004,Monitor
22301,12231.88,192.0,12039.88,6977.437500000001,1834.782,978.5504,2249.1100999999994,5051,76,0.18680502629594312,0.01504652544050683,COFFEE MUG CAT + BIRD DESIGN,2.55,1.4025,Monitor
21922,11223.03,190.64999999999998,11032.380000000001,6204.5775,1683.4545,897.8424,2246.5055999999995,1446,27,0.20362837393200736,0.01867219917012448,UNION STRIPE WITH FRINGE  HAMMOCK,7.95,4.3725000000000005,Promotion candidate
21975,15288.32,49.260000000000005,15239.060000000001,9477.627500000002,2293.248,1223.0656000000001,2245.118899999999,31426,95,0.14732660019712493,0.003022974607013301,PACK OF 60 DINOSAUR CAKE CASES,0.55,0.30250000000000005,Monitor
22191,16284.050000000001,2703.8500000000004,13580.2,7596.875000000001,2442.6075,1302.7240000000002,2237.9934999999987,1975,350,0.1647982724849412,0.17721518987341772,IVORY DINER WALL CLOCK,8.5,4.675000000000001,Monitor
22180,10143.18,483.2,9659.98,5089.425,1521.4769999999999,811.4544,2237.6236,979,49,0.23163853341311266,0.05005107252298264,RETROSPOT LAMP,9.95,5.4725,Promotion candidate
21340,19337.48,670.0999999999999,18667.38,11984.362500000001,2900.622,1546.9984,2235.397099999999,1771,62,0.11974883995504453,0.03500846979107849,CLASSIC METAL BIRDCAGE PLANT HOLDER,12.75,7.0125,Monitor
20969,12081.52,980.07,11101.45,6088.5,1812.228,966.5216,2234.2004,3241,289,0.2012530255056772,0.08917000925640234,RED FLORAL FELTCRAFT SHOULDER BAG,3.75,2.0625,Promotion candidate
23439,8941.61,0.0,8941.61,4651.185000000001,1341.2415,715.3288000000001,2233.8546999999994,4027,0,0.2498268991825856,0.0,HAND WARMER RED LOVE HEART,2.1,1.1550000000000002,Promotion candidate
22595,10557.92,103.67999999999999,10454.24,5800.2725,1583.6879999999999,844.6336,2225.645899999999,12551,144,0.21289408890555403,0.011473189387299817,GINGHAM HEART DECORATION,0.85,0.4675,Promotion candidate
21086,10792.210000000001,422.64000000000004,10369.57,5677.8150000000005,1618.8315,863.3768000000001,2209.5466999999994,16674,792,0.21307987698622022,0.04749910039582584,SET/6 RED SPOTTY PAPER CUPS,0.65,0.35750000000000004,Promotion candidate
22663,11469.32,66.3,11403.02,6557.408,1720.398,917.5456,2207.6683999999996,5766,34,0.19360383477359502,0.005896635449184877,JUMBO BAG DOLLY GIRL DESIGN,2.08,1.1440000000000001,Monitor
21781,10275.22,600.6,9674.619999999999,5106.1725,1541.283,822.0176,2205.1468999999997,665,44,0.22793111253982068,0.06616541353383458,MA CAMPAGNE CUTLERY BOX,14.95,8.2225,Promotion candidate
22121,9221.16,47.6,9173.560000000001,4849.845,1383.174,737.6928,2202.8482,1490,8,0.24013013486585355,0.005369127516778523,NOEL WOODEN BLOCK LETTERS,5.95,3.2725000000000004,Promotion candidate
21877,15996.8,1176.82,14819.98,8938.1875,2399.52,1279.7440000000001,2202.5285,14087,1086,0.14861885778523318,0.07709235465322638,HOME SWEET HOME MUG,1.25,0.6875,Monitor
84050,14549.75,107.3,14442.449999999999,8895.315,2182.4624999999996,1163.98,2200.692499999999,9868,66,0.15237667431772306,0.006688285366842318,PINK HEART SHAPE EGG FRYING PAN,1.65,0.9075,Monitor
22333,15651.199999999999,1947.8999999999999,13703.3,7905.2325,2347.68,1252.096,2198.2914999999994,10037,1326,0.1604205921201462,0.13211118860217197,RETROSPOT PARTY BAG + STICKER SET,1.65,0.9075,Monitor
20677,9821.81,17.310000000000002,9804.5,5348.0625,1473.2715,785.7448,2197.4212,7793,14,0.22412373909939315,0.001796484024124214,PINK POLKADOT BOWL,1.25,0.6875,Promotion candidate
23321,8473.269999999999,64.35,8408.92,4263.435,1270.9904999999999,677.8616,2196.6328999999996,4737,39,0.2612265189822236,0.008233058898036731,SMALL WHITE HEART OF WICKER,1.65,0.9075,Promotion candidate
20828,10973.63,76.5,10897.13,6179.415000000001,1646.0445,877.8904,2193.7800999999995,4436,30,0.20131723674031599,0.006762849413886384,GLITTER BUTTERFLY CLIPS,2.55,1.4025,Promotion candidate
22418,10419.429999999998,176.79999999999998,10242.63,5660.490000000001,1562.9144999999999,833.5544,2185.671099999999,12316,208,0.2133896372318437,0.016888600194868465,10 COLOUR SPACEBOY PEN,0.85,0.4675,Promotion candidate
22429,9912.039999999999,178.5,9733.539999999999,5268.725,1486.8059999999998,792.9632,2185.045799999999,2296,42,0.2244862403606498,0.018292682926829267,ENAMEL MEASURING JUG CREAM,4.25,2.3375000000000004,Promotion candidate
23204,7741.94,138.34,7603.599999999999,3641.8250000000003,1161.291,619.3552,2181.1287999999995,7976,186,0.28685475301173124,0.02331995987963892,CHARLOTTE BAG APPLES DESIGN,0.85,0.4675,Promotion candidate
22988,11318.45,132.78,11185.67,6404.0625,1697.7675,905.476,2178.3640000000005,9427,112,0.19474595621004379,0.01188076800678901,SOLDIERS EGG CUP,1.25,0.6875,Monitor
22089,10309.25,173.89999999999998,10135.35,5592.757500000001,1546.3875,824.74,2171.4649999999997,3508,61,0.21424667130390165,0.017388825541619156,PAPER BUNTING VINTAGE PAISLEY,2.95,1.6225000000000003,Promotion candidate
23535,8469.99,5.95,8464.04,4345.88,1270.4985,677.5992,2170.0622999999996,1329,1,0.2563861111242385,0.0007524454477050414,WALL ART BICYCLE SAFETY,5.95,3.2725000000000004,Promotion candidate
21498,10872.92,42.0,10830.92,6162.156,1630.9379999999999,869.8336,2167.9923999999996,26776,100,0.20016696642575144,0.0037346877801015836,RED RETROSPOT WRAP,0.42,0.231,Promotion candidate
22978,9568.73,272.61,9296.119999999999,4929.375,1435.3094999999998,765.4984,2165.9370999999996,2465,75,0.23299366832614035,0.030425963488843813,PANTRY ROLLING PIN,3.75,2.0625,Promotion candidate
21934,8283.47,100.64999999999999,8182.82,4120.9574999999995,1242.5205,662.6776,2156.6644,4602,61,0.26356004409237893,0.013255106475445458,SKULL SHOULDER BAG,1.65,0.9075,Promotion candidate
21385,9426.939999999999,5.1,9421.84,5098.555,1414.041,754.1551999999999,2155.088799999999,10912,6,0.22873332597454415,0.0005498533724340176,IVORY HANGING DECORATION  HEART,0.85,0.4675,Promotion candidate
21658,9295.59,351.44,8944.15,4651.3225,1394.3385,743.6472,2154.8417999999997,2231,90,0.24092192103218302,0.04034065441506051,GLASS  BEURRE DISH,3.95,2.1725000000000003,Promotion candidate
85049E,8469.72,35.0,8434.72,4331.9375,1270.458,677.5776,2154.7469,6329,28,0.25546158023028626,0.004424079633433402,SCANDINAVIAN REDS RIBBONS,1.25,0.6875,Promotion candidate
22966,10156.26,6.25,10150.01,5660.875,1523.439,812.5008,2153.1952,8239,5,0.21213724912586293,0.0006068697657482705,GINGERBREAD MAN COOKIE CUTTER,1.25,0.6875,Promotion candidate
20754,10449.02,66.30000000000001,10382.720000000001,5847.765000000001,1567.353,835.9216,2131.680399999999,5096,33,0.20531040035751696,0.006475667189952904,RETROSPOT RED WASHING UP GLOVES,2.1,1.1550000000000002,Promotion candidate
15044A,13228.550000000001,8.05,13220.5,8058.957500000001,1984.2825,1058.2839999999999,2118.9759999999987,4970,3,0.16027956582580075,0.0006036217303822937,PINK PAPER PARASOL,2.95,1.6225000000000003,Monitor
23080,9158.87,90.75,9068.12,4846.05,1373.8305,732.7096,2115.5298999999995,1079,11,0.2332931081635443,0.010194624652455977,RED METAL BOX TOP SECRET,8.25,4.5375000000000005,Promotion candidate
21955,23809.22,183.28,23625.94,16037.213500000002,3571.383,1904.7376000000002,2112.605899999998,3921,28,0.08941891412574476,0.00714103545014027,DOORMAT UNION JACK GUNS AND ROSES,7.49,4.1195,Review margin
20979,10279.31,463.18,9816.13,5343.25,1541.8965,822.3448000000001,2108.6387,8162,390,0.21481364855599916,0.04778240627297231,36 PENCILS TUBE RED RETROSPOT,1.25,0.6875,Promotion candidate
22243,11871.8,141.89999999999998,11729.9,6896.0925,1780.7699999999998,949.7439999999999,2103.2934999999993,7685,86,0.17931043742913405,0.011190631099544567,5 HOOK HANGER RED MAGIC TOADSTOOL,1.65,0.9075,Monitor
22274,10814.320000000002,199.1,10615.220000000001,6025.965000000001,1622.1480000000001,865.1456000000001,2101.9613999999997,3788,74,0.19801392717249378,0.019535374868004225,FELTCRAFT DOLL EMILY,2.95,1.6225000000000003,Monitor
22380,10242.86,94.5,10148.36,5695.305000000001,1536.429,819.4288,2097.1971999999987,4976,45,0.20665380416146042,0.009043408360128617,TOY TIDY SPACEBOY,2.1,1.1550000000000002,Promotion candidate
22358,8414.26,170.35,8243.91,4213.632500000001,1262.1390000000001,673.1408,2094.9977,2658,61,0.25412670686603805,0.02294958615500376,KINGS CHOICE TEA CADDY,2.95,1.6225000000000003,Promotion candidate
22366,17264.77,209.97000000000003,17054.8,10992.465000000002,2589.7155,1381.1816000000001,2091.4378999999985,2543,29,0.12263045594202211,0.011403853716083366,DOORMAT AIRMAIL,7.95,4.3725000000000005,Monitor
20970,9402.29,11.25,9391.04,5137.6875,1410.3435,752.1832,2090.8258,2494,3,0.2226404956213582,0.0012028869286287089,PINK FLORAL FELTCRAFT SHOULDER BAG,3.75,2.0625,Promotion candidate
23076,9965.76,35.0,9930.76,5549.5,1494.864,797.2608,2089.1352,8100,28,0.210370122729781,0.0034567901234567903,ICE CREAM SUNDAE LIP GLOSS,1.25,0.6875,Promotion candidate
21531,10204.72,92.55,10112.17,5677.320000000001,1530.7079999999999,816.3776,2087.764399999999,4085,37,0.20646057176649513,0.009057527539779682,RED RETROSPOT SUGAR JAM BOWL,2.55,1.4025,Promotion candidate
22350,7885.99,5.1,7880.889999999999,3981.6975,1182.8984999999998,630.8792,2085.414799999999,2841,2,0.26461666131617106,0.0007039774727208729,ILLUSTRATED CAT BOWL,2.55,1.4025,Promotion candidate
22417,11168.7,62.7,11106.0,6459.282500000001,1675.305,893.496,2077.9164999999994,21467,114,0.1870985503331532,0.005310476545395258,PACK OF 60 SPACEBOY CAKE CASES,0.55,0.30250000000000005,Monitor
22064,10647.109999999999,222.7,10424.41,5899.6575,1597.0665,851.7687999999999,2075.9171999999994,6639,138,0.19914001847586574,0.02078626299141437,PINK DOUGHNUT TRINKET POT,1.65,0.9075,Monitor
22072,9284.76,183.75,9101.01,4890.1875,1392.714,742.7808,2075.3277,2420,49,0.2280326798893749,0.02024793388429752,RED RETROSPOT TEA CUP AND SAUCER,3.75,2.0625,Promotion candidate
23534,8614.85,41.650000000000006,8573.2,4519.3225,1292.2275,689.188,2072.4619999999995,1388,7,0.2417372742966453,0.005043227665706052,WALL ART STOP FOR TEA,5.95,3.2725000000000004,Promotion candidate
22073,8517.89,164.28,8353.61,4323.0,1277.6834999999999,681.4312,2071.4953,2140,44,0.24797606064922828,0.020560747663551402,RED RETROSPOT STORAGE JAR,3.75,2.0625,Promotion candidate
22741,9173.029999999999,43.349999999999994,9129.679999999998,4955.967500000001,1375.9544999999998,733.8424,2063.9155999999994,10652,51,0.2260665872188291,0.004787833270747278,FUNKY DIVA PEN,0.85,0.4675,Promotion candidate
22738,8047.22,207.0,7840.22,3927.66,1207.083,643.7776,2061.6994000000004,4468,140,0.26296448313950377,0.03133393017009848,RIBBON REEL SNOWY VILLAGE,1.65,0.9075,Promotion candidate
82001S,10531.4,40.53,10490.87,6012.1875,1579.7099999999998,842.5120000000001,2056.4604999999997,2926,11,0.1960238283383551,0.0037593984962406013,SILVER RECORD COVER FRAME,3.75,2.0625,Monitor
22839,9001.07,222.04999999999998,8779.02,4653.935,1350.1605,720.0856,2054.8389,581,15,0.2340624466056576,0.025817555938037865,3 TIER CAKE TIN GREEN AND CREAM,14.95,8.2225,Promotion candidate
22592,7964.34,7.5,7956.84,4083.75,1194.651,637.1472,2041.2918,1982,2,0.25654553817847287,0.0010090817356205853,CARDHOLDER HOLLY WREATH METAL,3.75,2.0625,Promotion candidate
21716,9437.869999999999,25.5,9412.369999999999,5210.2875,1415.6805,755.0296,2031.3723999999997,3725,10,0.21581943761241854,0.0026845637583892616,BOYS VINTAGE TIN SEASIDE BUCKET,2.55,1.4025,Promotion candidate
21777,9147.06,119.25,9027.81,4897.200000000001,1372.059,731.7648,2026.7861999999998,1135,15,0.22450474699844147,0.013215859030837005,RECIPE BOX WITH METAL HEART,7.95,4.3725000000000005,Promotion candidate
15060B,6448.7300000000005,42.22,6406.51,2897.8125,967.3095,515.8984,2025.4896,1415,10,0.31616115482532614,0.007067137809187279,FAIRY CAKE DESIGN UMBRELLA,3.75,2.0625,Promotion candidate
22768,11084.619999999999,375.2,10709.42,6140.145,1662.693,886.7696,2019.8123999999996,1160,38,0.18860147421615733,0.032758620689655175,FAMILY PHOTO FRAME CORNICE,9.95,5.4725,Monitor
22945,7386.099999999999,210.77999999999997,7175.32,3457.1625000000004,1107.915,590.8879999999999,2019.3544999999995,7665,270,0.2814305842805616,0.03522504892367906,CHRISTMAS METAL TAGS ASSORTED,0.85,0.4675,Promotion candidate
22303,12734.78,336.45,12398.33,7451.4825,1910.217,1018.7824,2017.848099999999,5452,139,0.16275160444995407,0.02549523110785033,COFFEE MUG APPLES DESIGN,2.55,1.4025,Monitor
23171,10051.99,146.25,9905.74,5581.125,1507.7984999999999,804.1591999999999,2012.6572999999992,6247,97,0.2031809132886588,0.015527453177525212,REGENCY TEA PLATE GREEN,1.65,0.9075,Promotion candidate
22283,8596.69,143.1,8453.59,4468.695000000001,1289.5034999999998,687.7352,2007.6562999999996,1040,18,0.2374915627561781,0.01730769230769231,6 EGG HOUSE PAINTED WOOD,7.95,4.3725000000000005,Promotion candidate
22131,9940.24,29.099999999999998,9911.14,5619.9,1491.0359999999998,795.2192,2004.9847999999997,5256,16,0.20229608299348004,0.0030441400304414,FOOD CONTAINER SET 3 LOVE HEART,1.95,1.0725,Promotion candidate
22620,11091.949999999999,20.4,11071.55,6522.7525000000005,1663.7925,887.356,1997.649,8195,16,0.18043083398440146,0.0019524100061012813,4 TRADITIONAL SPINNING TOPS,1.45,0.7975,Monitor
85049A,8123.53,63.75,8059.78,4198.5625,1218.5295,649.8824,1992.8056000000001,6158,51,0.2472531012012735,0.008281909710945112,TRADITIONAL CHRISTMAS RIBBONS,1.25,0.6875,Promotion candidate
84030E,9101.65,55.25,9046.4,4962.512500000001,1365.2475,728.1320000000001,1990.5079999999994,2136,13,0.22003316236292883,0.006086142322097378,ENGLISH ROSE HOT WATER BOTTLE,4.25,2.3375000000000004,Promotion candidate
35961,9550.48,0.85,9549.63,5362.6925,1432.572,764.0384,1990.327099999999,11472,1,0.208419289543155,8.716875871687587e-05,FOLKART ZINC HEART CHRISTMAS DEC,0.85,0.4675,Promotion candidate
21704,13239.41,512.07,12727.339999999998,7703.465,1985.9114999999997,1059.1527999999998,1978.8106999999989,17180,702,0.15547716176357346,0.04086146682188591,BAG 250g SWIRLY MARBLES,0.85,0.4675,Monitor
22212,8671.7,84.0,8587.7,4617.690000000001,1300.755,693.7360000000001,1975.5189999999993,4038,40,0.23004052307369832,0.009905894006934125,FOUR HOOK  WHITE LOVEBIRDS,2.1,1.1550000000000002,Promotion candidate
22606,14977.64,430.7,14546.94,9132.1725,2246.6459999999997,1198.2112,1969.9102999999989,1075,34,0.1354175036124435,0.03162790697674418,WOODEN SKITTLES GARDEN SET,15.95,8.7725,Monitor
84467,17477.66,79.9,17397.76,11411.873000000001,2621.649,1398.2128,1966.025199999999,816,2,0.11300450172895816,0.0024509803921568627,ENGLISH ROSE DESIGN QUILTED THROW,25.49,14.0195,Monitor
22739,7415.19,190.5,7224.69,3562.845,1112.2785,593.2152,1956.3513000000003,4056,130,0.27078688497361136,0.03205128205128205,RIBBON REEL CHRISTMAS SOCK BAUBLE,1.65,0.9075,Promotion candidate
21874,8229.17,36.46,8192.71,4344.3125,1234.3754999999999,658.3336,1955.6884,6348,29,0.23871080509379683,0.004568367989918084,GIN AND TONIC MUG,1.25,0.6875,Promotion candidate
47556B,13693.970000000001,402.59999999999997,13291.37,8187.135000000002,2054.0955,1095.5176000000001,1954.6218999999987,5202,156,0.14705947543405973,0.029988465974625143,TEA TIME TEA TOWELS,2.95,1.6225000000000003,Monitor
22992,10379.84,1193.4,9186.44,4847.7,1556.9759999999999,830.3872,1951.3767999999995,5236,716,0.21241926143315576,0.13674560733384264,REVOLVER WOODEN RULER,1.95,1.0725,Promotion candidate
22669,7628.69,142.25,7486.44,3790.1600000000003,1144.3035,610.2952,1941.6812999999995,2391,55,0.25935976245051046,0.02300292764533668,RED BABY BUNTING,2.95,1.6225000000000003,Promotion candidate
21787,11932.88,420.0,11512.88,6832.512500000001,1789.932,954.6304,1935.8050999999994,15143,528,0.16814255859524285,0.03486759558872086,RAIN PONCHO RETROSPOT,0.85,0.4675,Monitor
84880,9927.84,78.9,9848.94,5631.972500000001,1489.176,794.2272,1933.5643,1734,13,0.19632207120766296,0.007497116493656286,WHITE WIRE EGG HOLDER,5.95,3.2725000000000004,Monitor
23170,11117.05,1046.3,10070.749999999998,5582.0325,1667.5575,889.3639999999999,1931.7959999999994,6869,718,0.19182245612293025,0.10452758771291308,REGENCY TEA PLATE ROSES,1.65,0.9075,Monitor
22838,13280.66,1816.6999999999998,11463.96,6479.33,1992.099,1062.4528,1930.0782,926,138,0.16836051416787917,0.1490280777537797,3 TIER CAKE TIN RED AND CREAM,14.95,8.2225,Monitor
23319,9266.84,244.97000000000003,9021.87,4961.6985,1390.026,741.3472,1928.7983000000004,3739,116,0.21379140909811384,0.03102433805830436,BOX OF 6 MINI 50'S CRACKERS,2.49,1.3695000000000002,Promotion candidate
22224,7530.89,64.9,7465.990000000001,3816.1200000000003,1129.6335000000001,602.4712000000001,1917.7653,2374,22,0.25686684552216116,0.009267059814658803,WHITE LOVEBIRD LANTERN,2.95,1.6225000000000003,Promotion candidate
22079,8500.74,100.65,8400.09,4531.1475,1275.111,680.0592,1913.7723000000003,5054,61,0.2278275947043425,0.012069647803719826,RIBBON REEL HEARTS DESIGN,1.65,0.9075,Promotion candidate
21715,8987.24,69.75,8917.49,4936.8,1348.0859999999998,718.9792,1913.6247999999996,3553,33,0.21459231241077922,0.009287925696594427,GIRLS VINTAGE TIN SEASIDE BUCKET,2.55,1.4025,Promotion candidate
21243,9292.77,27.04,9265.73,5226.5785,1393.9155,743.4215999999999,1901.8143999999995,5639,16,0.20525251653134718,0.0028373825146302536,PINK POLKADOT PLATE,1.69,0.9295,Promotion candidate
23570,4944.37,0.0,4944.37,1912.625,741.6555,395.5496,1894.5399,2782,0,0.38317114212730846,0.0,TRADITIONAL PICK UP STICKS GAME,1.25,0.6875,Promotion candidate
47567B,11748.720000000001,76.05000000000001,11672.67,7081.6900000000005,1762.308,939.8976000000001,1888.7743999999998,2177,13,0.1618116849015692,0.0059715204409738175,TEA TIME KITCHEN APRON,5.95,3.2725000000000004,Monitor
22950,11454.09,773.65,10680.439999999999,6157.4975,1718.1135,916.3272,1888.5017999999995,8334,613,0.17681872656931735,0.07355411567074634,36 DOILIES VINTAGE CHRISTMAS,1.45,0.7975,Monitor
22354,8458.31,70.89,8387.42,4558.125,1268.7465,676.6648,1883.8837,2229,19,0.2246082466360335,0.008524001794526694,RETROSPOT PADDED SEAT CUSHION,3.75,2.0625,Promotion candidate
22078,8510.84,79.8,8431.04,4591.125000000001,1276.626,680.8672,1882.4217999999992,4013,38,0.2232727872243518,0.00946922501868926,RIBBON REEL LACE DESIGN,2.1,1.1550000000000002,Promotion candidate
79000,9831.31,171.9,9659.41,5525.382500000001,1474.6965,786.5048,1872.8261999999995,12057,238,0.19388618973622607,0.019739570374056565,MOROCCAN TEA GLASS,0.85,0.4675,Monitor
22989,9012.27,78.0,8934.27,4988.9125,1351.8405,720.9816,1872.5353999999998,2815,24,0.2095901959533347,0.00852575488454707,SET 2 PANTRY DESIGN TEA TOWELS,3.25,1.7875,Promotion candidate
21591,6053.08,67.5,5985.58,2725.25,907.962,484.2464,1868.1216000000002,4018,54,0.31210368919971,0.013439522150323544,COSY HOUR CIGAR BOX MATCHES,1.25,0.6875,Promotion candidate
22466,9863.029999999999,70.94999999999999,9792.08,5658.51,1479.4544999999998,789.0423999999999,1865.0730999999994,5315,39,0.1904675104778555,0.007337723424270932,FAIRY TALE COTTAGE NIGHT LIGHT,1.95,1.0725,Monitor
23078,8553.34,60.0,8493.34,4663.3125,1283.001,684.2672,1862.7593,6831,48,0.21931999660910784,0.007026789635485288,ICE CREAM PEN LIP GLOSS,1.25,0.6875,Promotion candidate
22588,7805.23,411.87000000000006,7393.36,3737.6625000000004,1170.7845,624.4184,1860.4945999999995,2860,195,0.25164398866009496,0.06818181818181818,CARD HOLDER GINGHAM HEART,2.55,1.4025,Promotion candidate
72351B,11195.39,221.60000000000002,10973.79,6540.765000000001,1679.3085,895.6312,1858.0852999999986,5790,127,0.16932028952622552,0.021934369602763387,SET/6 PINK  BUTTERFLY T-LIGHTS,2.1,1.1550000000000002,Monitor
22244,9133.16,117.0,9016.16,5057.91,1369.974,730.6528,1857.623199999999,4776,60,0.20603263473585198,0.01256281407035176,3 HOOK HANGER MAGIC GARDEN,1.95,1.0725,Promotion candidate
21042,8741.11,105.80000000000001,8635.310000000001,4774.5775,1311.1665,699.2888,1850.2772,1477,18,0.21426876394709624,0.012186865267433988,RED RETROSPOT APRON,5.95,3.2725000000000004,Promotion candidate
22528,7630.91,56.25,7574.66,3977.1875,1144.6365,610.4728,1842.3632,5830,45,0.2432271811540056,0.007718696397941681,GARDENERS KNEELING PAD,1.25,0.6875,Promotion candidate
22840,10071.35,229.55,9841.800000000001,5684.250000000001,1510.7024999999999,805.7080000000001,1841.1394999999998,1329,29,0.187073452010811,0.0218209179834462,ROUND CAKE TIN VINTAGE RED,7.95,4.3725000000000005,Monitor
22804,14123.0,1294.8,12828.2,7744.192500000001,2118.45,1129.8400000000001,1835.7174999999995,5277,504,0.14310016214277915,0.09550881182490051,PINK HANGING HEART T-LIGHT HOLDER,2.95,1.6225000000000003,Monitor
22751,8472.22,22.5,8449.72,4671.5625,1270.8329999999999,677.7776,1829.5469,2271,6,0.21652160071576337,0.002642007926023778,FELTCRAFT PRINCESS OLIVIA DOLL,3.75,2.0625,Promotion candidate
84792,10128.810000000001,270.45,9858.36,5703.225000000001,1519.3215,810.3048000000001,1825.5086999999992,2299,69,0.18517366985989547,0.03001304915180513,ENCHANTED BIRD COATHANGER 5 HOOK,4.65,2.5575000000000006,Monitor
22353,7933.19,50.99999999999999,7882.19,4242.5625,1189.9785,634.6552,1814.9937999999995,3045,20,0.2302651674217444,0.006568144499178982,LUNCH BOX WITH CUTLERY FAIRY CAKES,2.55,1.4025,Promotion candidate
84077,24507.53,361.68,24145.85,16695.662500000002,3676.1294999999996,1960.6024,1813.4555999999984,106379,1704,0.07510423530337505,0.016018199080645616,WORLD WAR 2 GLIDERS ASSTD DESIGNS,0.29,0.1595,Review margin
85042,12239.51,757.4,11482.11,6855.255,1835.9265,979.1608,1811.7676999999999,2686,168,0.15779048450154196,0.06254653760238273,ANTIQUE LILY FAIRY LIGHTS,4.95,2.7225,Monitor
23188,6451.07,23.099999999999994,6427.969999999999,3139.0425,967.6604999999998,516.0856,1805.1813999999997,3473,14,0.28083226897449737,0.004031097034264325,VINTAGE  2 METRE FOLDING RULER,1.65,0.9075,Promotion candidate
21714,6229.89,70.1,6159.79,2922.5625,934.4834999999999,498.3912,1804.3528,4321,70,0.2929244016435625,0.01619995371441796,CITRONELLA CANDLE GARDEN POT,1.25,0.6875,Promotion candidate
21238,8181.849999999999,126.39,8055.46,4370.6575,1227.2775,654.548,1802.9769999999996,9498,149,0.2238204894568404,0.015687513160665405,RED RETROSPOT CUP,0.85,0.4675,Promotion candidate
23322,8925.410000000002,169.85000000000002,8755.560000000001,4903.195000000001,1338.8115,714.0328000000001,1799.5207,3085,63,0.2055289096299951,0.020421393841166938,LARGE WHITE HEART OF WICKER,2.95,1.6225000000000003,Promotion candidate
22055,8212.189999999999,82.94999999999999,8129.24,4441.305,1231.8284999999998,656.9752,1799.1312999999998,4945,51,0.22131605168502835,0.01031344792719919,MINI CAKE STAND  HANGING STRAWBERY,1.65,0.9075,Promotion candidate
22300,9988.3,160.64999999999998,9827.65,5737.6275000000005,1498.245,799.064,1792.7134999999992,4154,63,0.18241527730434023,0.01516610495907559,COFFEE MUG DOG + BALL DESIGN,2.55,1.4025,Monitor
22329,8445.3,47.849999999999994,8397.449999999999,4663.6425,1266.7949999999998,675.6239999999999,1791.3884999999993,5168,29,0.21332529517889354,0.005611455108359133,ROUND CONTAINER SET OF 5 RETROSPOT,1.65,0.9075,Promotion candidate
22746,6722.35,25.200000000000003,6697.150000000001,3359.895000000001,1008.3525000000001,537.788,1791.1144999999997,2921,12,0.2674442860022546,0.004108182129407737,POPPY'S PLAYHOUSE LIVINGROOM,2.1,1.1550000000000002,Promotion candidate
82552,9541.06,8.75,9532.31,5549.005,1431.1589999999999,763.2848,1788.8611999999998,6965,7,0.18766292745410085,0.0010050251256281408,WASHROOM METAL SIGN,1.45,0.7975,Monitor
20974,8697.59,397.8,8299.79,4513.080000000001,1304.6385,695.8072000000001,1786.2642999999996,13236,612,0.21521801154005094,0.04623753399818677,12 PENCILS SMALL TUBE SKULL,0.65,0.35750000000000004,Promotion candidate
21186,8540.42,14.5,8525.92,4779.8025,1281.0629999999999,683.2335999999999,1781.8208999999995,5277,10,0.20898869564809422,0.0018950161076369148,WHITE DOVE HONEYCOMB PAPER GARLAND,1.65,0.9075,Promotion candidate
22575,6760.16,160.5,6599.66,3271.125,1014.024,540.8128,1773.6982,3144,94,0.26875599652103294,0.02989821882951654,METAL MERRY CHRISTMAS WREATH,1.95,1.0725,Promotion candidate
23382,7356.18,63.75,7292.43,3832.125,1103.427,588.4944,1768.3836,1875,17,0.24249579358320886,0.009066666666666667,BOX OF 6 CHRISTMAS CAKE DECORATIONS,3.75,2.0625,Promotion candidate
22278,5969.43,117.32000000000001,5852.110000000001,2714.3325,895.4145,477.55440000000004,1764.8086,1018,21,0.3015679131116811,0.0206286836935167,OVERNIGHT BAG VINTAGE ROSE PAISLEY,4.95,2.7225,Promotion candidate
22311,6782.11,33.50000000000001,6748.61,3431.5875000000005,1017.3165,542.5688,1757.1371999999994,2125,10,0.26037023920481395,0.004705882352941176,OFFICE MUG WARMER BLACK+SILVER,2.95,1.6225000000000003,Promotion candidate
20675,8079.08,49.81,8029.27,4423.375,1211.862,646.3264,1747.7066000000002,6474,40,0.21766693609755308,0.006178560395427865,BLUE POLKADOT BOWL,1.25,0.6875,Promotion candidate
23082,8577.51,103.16,8474.35,4754.0625,1286.6265,686.2008000000001,1747.4602000000002,2333,28,0.2062058092951082,0.012001714530647235,SET 6 PAPER TABLE LANTERN HEARTS,3.75,2.0625,Promotion candidate
23238,7825.56,65.60000000000001,7759.96,4213.495,1173.834,626.0448,1746.5862000000002,1862,16,0.22507670142629604,0.008592910848549946,SET OF 4 KNICK KNACK TINS LONDON,4.15,2.2825,Promotion candidate
22798,7350.84,153.4,7197.4400000000005,3764.2000000000007,1102.626,588.0672000000001,1742.5467999999996,2372,52,0.24210647118975628,0.021922428330522766,ANTIQUE GLASS DRESSING TABLE POT,2.95,1.6225000000000003,Promotion candidate
22826,6210.0,517.5,5692.5,2524.5000000000005,931.5,496.8,1739.6999999999996,58,4,0.3056126482213438,0.06896551724137931,LOVE SEAT ANTIQUE WHITE METAL,85.0,46.75000000000001,Promotion candidate
22970,10224.75,33.6,10191.15,6102.2775,1533.7125,817.98,1737.1799999999996,4367,16,0.17045966353159356,0.0036638424547744447,LONDON BUS COFFEE MUG,2.55,1.4025,Monitor
82551,8082.59,7.7,8074.889999999999,4494.71,1212.3885,646.6071999999999,1721.1842999999997,5642,6,0.2131526621415276,0.0010634526763559022,LAUNDRY 15C METAL SIGN,1.45,0.7975,Promotion candidate
48116,20728.07,24.15,20703.920000000002,14216.394500000002,3109.2104999999997,1658.2456,1720.0693999999983,3454,3,0.08307940718472628,0.0008685581933989577,DOORMAT MULTICOLOUR STRIPE,7.49,4.1195,Review margin
21876,7364.15,112.39999999999999,7251.75,3841.75,1104.6225,589.132,1716.2455,5673,85,0.23666639087116903,0.014983254010223868,POTTERING MUG,1.25,0.6875,Promotion candidate
23256,8675.37,338.0,8337.37,4626.6275000000005,1301.3055000000002,694.0296000000001,1715.4074,2115,88,0.2057492230763418,0.04160756501182033,CHILDRENS CUTLERY SPACEBOY,4.15,2.2825,Promotion candidate
21114,7368.64,75.0,7293.64,3888.5,1105.296,589.4912,1710.3528000000001,5716,60,0.23449920752875109,0.010496850944716585,LAVENDER SCENTED FABRIC HEART,1.25,0.6875,Promotion candidate
47570B,9643.57,21.3,9622.27,5699.347500000001,1446.5355,771.4856000000001,1704.901399999999,975,2,0.17718286849153048,0.0020512820512820513,TEA TIME TABLE CLOTH,10.65,5.857500000000001,Monitor
22906,6256.08,88.65,6167.429999999999,3025.605,938.4119999999999,500.4864,1702.9266,3395,61,0.2761160807662187,0.01796759941089838,12 MESSAGE CARDS WITH ENVELOPES,1.65,0.9075,Promotion candidate
23318,9167.390000000001,368.71000000000004,8798.68,4989.088500000001,1375.1085,733.3912,1701.0918000000001,3811,168,0.19333488659662587,0.04408291786932564,BOX OF 6 MINI VINTAGE CRACKERS,2.49,1.3695000000000002,Monitor
22809,7753.22,132.0,7621.22,4137.375000000001,1162.983,620.2576,1700.6044,2598,48,0.22314070450662754,0.018475750577367205,SET OF 6 T-LIGHTS SANTA,2.95,1.6225000000000003,Promotion candidate
21361,7450.99,202.2,7248.79,3835.8375,1117.6485,596.0792,1699.2248,563,16,0.23441495753084307,0.028419182948490232,LOVE LARGE WOOD LETTERS,12.75,7.0125,Promotion candidate
82580,7471.72,129.49,7342.2300000000005,3925.8450000000007,1120.758,597.7376,1697.8893999999996,13273,295,0.23124982464455615,0.022225570707451216,BATHROOM METAL SIGN,0.55,0.30250000000000005,Promotion candidate
22898,6627.5599999999995,1.65,6625.91,3409.4775,994.1339999999999,530.2048,1692.0937,3180,1,0.2553752918467048,0.00031446540880503143,CHILDRENS APRON APPLES DESIGN,1.95,1.0725,Promotion candidate
20973,6786.3,4.55,6781.750000000001,3530.312500000001,1017.945,542.9040000000001,1690.5884999999998,9882,7,0.24928499281158986,0.0007083586318558996,12 PENCIL SMALL TUBE WOODLAND,0.65,0.35750000000000004,Promotion candidate
22845,6777.3,88.1,6689.2,3447.0975000000003,1016.5949999999999,542.184,1683.3234999999997,1001,14,0.25164795491239605,0.013986013986013986,VINTAGE CREAM CAT FOOD CONTAINER,6.35,3.4925,Promotion candidate
22282,7304.69,25.5,7279.19,3919.9875,1095.7034999999998,584.3752000000001,1679.1238,561,2,0.23067453933748125,0.0035650623885918,12 EGG HOUSE PAINTED WOOD,12.75,7.0125,Promotion candidate
72807C,8493.42,566.38,7927.04,4296.325000000001,1274.013,679.4736,1677.2283999999993,1984,146,0.21158318868076853,0.07358870967741936,SET/3 VANILLA SCENTED CANDLE IN BOX,4.25,2.3375000000000004,Promotion candidate
22813,7679.429999999999,1.95,7677.48,4238.52,1151.9144999999999,614.3543999999999,1672.6910999999993,3953,1,0.21786980884352672,0.00025297242600556537,PACK 3 BOXES BIRD PANETTONE,1.95,1.0725,Promotion candidate
21244,8282.449999999999,38.87,8243.58,4669.808,1242.3675,662.596,1668.8084999999996,5047,23,0.20243735124788012,0.0045571626708936,BLUE POLKADOT PLATE,1.69,0.9295,Promotion candidate
21625,7086.27,0.0,7086.27,3788.0975000000003,1062.9405,566.9016,1668.3304,991,0,0.23543139056231274,0.0,VINTAGE UNION JACK APRON,6.95,3.8225000000000002,Promotion candidate
47599A,11186.87,247.35999999999999,10939.51,6710.550000000002,1678.0305,894.9496,1655.9798999999987,5970,160,0.15137605797700251,0.02680067001675042,PINK PARTY BAGS,2.1,1.1550000000000002,Monitor
23175,9600.15,225.5,9374.65,5512.650000000001,1440.0225,768.0120000000001,1653.9654999999993,3164,80,0.1764295733707391,0.025284450063211124,REGENCY MILK JUG PINK,3.25,1.7875,Monitor
21870,7651.24,121.25,7529.99,4128.4375,1147.686,612.0992,1641.7673,6102,97,0.218030475472079,0.01589642740085218,I CAN ONLY PLEASE ONE PERSON MUG,1.25,0.6875,Promotion candidate
85014A,21827.33,47.6,21779.73,15118.950000000003,3274.0995000000003,1746.1864000000003,1640.4940999999992,4628,8,0.07532205862974423,0.001728608470181504,BLACK/BLUE POLKADOT UMBRELLA,5.95,3.2725000000000004,Review margin
22628,8387.6,133.65,8253.95,4685.422500000001,1258.14,671.008,1639.3794999999998,1748,27,0.19861757098116656,0.015446224256292907,PICNIC BOXES SET OF 3 RETROSPOT,4.95,2.7225,Monitor
22196,6159.04,36.04,6123.0,3067.735,923.8559999999999,492.72319999999996,1638.6857999999995,6607,45,0.26762792748652614,0.0068109580747691845,SMALL HEART MEASURING SPOONS,0.85,0.4675,Promotion candidate
22781,7068.2300000000005,366.75,6701.4800000000005,3437.5275000000006,1060.2345,565.4584,1638.2595999999999,868,51,0.24446235756877582,0.0587557603686636,GUMBALL MAGAZINE RACK,7.65,4.2075000000000005,Promotion candidate
21980,8651.59,55.67999999999999,8595.91,4968.425,1297.7385,692.1272,1637.6192999999996,31342,192,0.190511452539638,0.00612596515857316,PACK OF 12 RED RETROSPOT TISSUES,0.29,0.1595,Monitor
22498,6963.490000000001,0.0,6963.490000000001,3730.6500000000005,1044.5235,557.0792,1631.2373,1140,0,0.23425571085763028,0.0,WOODEN REGATTA BUNTING,5.95,3.2725000000000004,Promotion candidate
22784,7776.64,249.0,7527.64,4108.2525000000005,1166.496,622.1312,1630.7603000000001,1561,52,0.21663632958005433,0.033311979500320305,LANTERN CREAM GAZEBO,4.95,2.7225,Promotion candidate
22275,7909.33,42.5,7866.83,4417.875000000001,1186.3995,632.7464,1629.8090999999995,950,5,0.20717482137023419,0.005263157894736842,WEEKEND BAG VINTAGE ROSE PAISLEY,8.5,4.675000000000001,Promotion candidate
22489,7559.59,128.88,7430.71,4064.2140000000004,1133.9385,604.7672,1627.7902999999997,17942,348,0.21906255256900076,0.01939583101103556,PACK OF 12 TRADITIONAL CRAYONS,0.42,0.231,Promotion candidate
23311,6488.2,38.25,6449.95,3330.9375000000005,973.23,519.056,1626.7264999999993,2390,15,0.2522076140125116,0.006276150627615063,VINTAGE CHRISTMAS STOCKING,2.55,1.4025,Promotion candidate
22767,9478.23,398.0,9080.23,5275.49,1421.7344999999998,758.2583999999999,1624.7470999999996,1004,40,0.17893237285839672,0.0398406374501992,TRIPLE PHOTO FRAME CORNICE,9.95,5.4725,Monitor
23205,5728.08,140.25,5587.83,2649.7900000000004,859.212,458.2464,1620.5815999999998,5859,191,0.2900198467025661,0.03259941969619389,CHARLOTTE BAG VINTAGE ALPHABET,0.85,0.4675,Promotion candidate
23247,6715.93,118.54000000000002,6597.39,3433.32,1007.3895,537.2744,1619.4061,2206,46,0.2454616295231902,0.02085222121486854,BISCUIT TIN 50'S CHRISTMAS,2.89,1.5895000000000001,Promotion candidate
21746,7469.59,72.5,7397.09,4061.75,1120.4385,597.5672,1617.3343,5966,58,0.21864466972823096,0.009721756620851492,SMALL RED RETROSPOT WINDMILL,1.25,0.6875,Promotion candidate
22979,6401.969999999999,117.55000000000001,6284.42,3194.785,960.2955,512.1576,1617.1818999999998,4097,91,0.25733192561922974,0.022211374176226508,PANTRY WASHING UP BRUSH,1.45,0.7975,Promotion candidate
21735,11112.85,2535.6,8577.25,4410.8625,1666.9274999999998,889.028,1610.4319999999998,853,224,0.1877562155702585,0.26260257913247365,TWO DOOR CURIO CABINET,12.75,7.0125,Monitor
23052,5949.34,8.25,5941.09,2962.9875,892.401,475.9472,1609.7542999999996,654,1,0.2709526871331691,0.0015290519877675841,RECYCLED ACAPULCO MAT TURQUOISE,8.25,4.5375000000000005,Promotion candidate
20717,7773.73,137.25,7636.48,4246.0,1166.0595,621.8984,1602.5221,6301,125,0.20985088679601072,0.01983812093318521,STRAWBERRY SHOPPER BAG,1.25,0.6875,Promotion candidate
22431,6777.37,35.099999999999994,6742.2699999999995,3592.8750000000005,1016.6054999999999,542.1895999999999,1590.5998999999995,3368,18,0.23591459552939878,0.005344418052256532,WATERING CAN BLUE ELEPHANT,1.95,1.0725,Promotion candidate
21976,7832.52,30.25,7802.27,4412.870000000001,1174.878,626.6016000000001,1587.9203999999995,14643,55,0.20352030883319847,0.0037560609164788636,PACK OF 60 MUSHROOM CAKE CASES,0.55,0.30250000000000005,Promotion candidate
22365,15304.79,22.65,15282.14,10179.180000000002,2295.7185,1224.3832,1582.8582999999985,2331,3,0.10357569685920942,0.001287001287001287,DOORMAT RESPECTABLE HOUSE,7.95,4.3725000000000005,Monitor
22895,8681.84,17.700000000000003,8664.14,5097.950000000001,1302.276,694.5472,1569.3667999999998,2858,6,0.18113359202413626,0.002099370188943317,SET OF 2 TEA TOWELS APPLE AND PEARS,3.25,1.7875,Monitor
22626,7209.9800000000005,110.5,7099.4800000000005,3875.5750000000007,1081.497,576.7984,1565.6095999999995,842,13,0.2205245454596674,0.015439429928741092,BLACK KITCHEN SCALES,8.5,4.675000000000001,Promotion candidate
23103,6859.359999999999,46.199999999999996,6813.159999999999,3677.19,1028.9039999999998,548.7488,1558.3171999999995,4080,28,0.2287216504529469,0.006862745098039216,JINGLE BELL HEART DECORATION,1.65,0.9075,Promotion candidate
22772,6009.92,18.75,5991.17,3051.125,901.4879999999999,480.79359999999997,1557.7634,4453,15,0.2600098812085119,0.0033685156074556477,PINK DRAWER KNOB ACRYLIC EDWARDIAN,1.25,0.6875,Promotion candidate
79067,6383.95,62.7,6321.25,3295.875,957.5925,510.716,1557.0665000000001,1616,18,0.24632256278425946,0.011138613861386138,CORONA MEXICAN TRAY,3.75,2.0625,Promotion candidate
22361,6051.01,232.85000000000002,5818.16,2870.2025000000003,907.6515,484.0808,1556.2251999999996,1850,81,0.2674772092895348,0.04378378378378378,GLASS JAR DAISY FRESH COTTON WOOL,2.95,1.6225000000000003,Promotion candidate
22810,6761.580000000001,169.6,6591.9800000000005,3481.8850000000007,1014.2370000000001,540.9264000000001,1554.9316,2210,64,0.23588232974007806,0.02895927601809955,SET OF 6 T-LIGHTS SNOWMEN,2.95,1.6225000000000003,Promotion candidate
22460,6300.12,32.120000000000005,6268.0,3271.125,945.018,504.0096,1547.8473999999999,4784,26,0.24694438417358008,0.005434782608695652,EMBOSSED GLASS TEALIGHT HOLDER,1.25,0.6875,Promotion candidate
22364,6516.31,309.85,6206.46,3162.2525000000005,977.4464999999999,521.3048,1545.4561999999996,2060,111,0.24900767909565188,0.053883495145631066,GLASS JAR DIGESTIVE BISCUITS,2.95,1.6225000000000003,Promotion candidate
84832,6138.95,10.2,6128.75,3172.9225,920.8424999999999,491.116,1543.8689999999997,6799,12,0.25190601672445434,0.001764965436093543,ZINC WILLIE WINKIE  CANDLE STICK,0.85,0.4675,Promotion candidate
22689,8366.72,354.0,8012.72,4547.400000000001,1255.008,669.3376,1540.9743999999994,1092,52,0.19231601753212385,0.047619047619047616,DOORMAT MERRY CHRISTMAS RED,7.95,4.3725000000000005,Monitor
22029,7321.08,25.2,7295.88,4074.378,1098.162,585.6864,1537.6535999999994,17698,60,0.21075642691491628,0.0033902135834557577,SPACEBOY BIRTHDAY CARD,0.42,0.231,Promotion candidate
21986,4788.45,6.959999999999999,4781.49,2146.8700000000003,718.2674999999999,383.076,1533.2764999999997,13484,24,0.32066918471020533,0.0017798872738059924,PACK OF 12 PINK POLKADOT TISSUES,0.29,0.1595,Promotion candidate
22796,8060.249999999999,563.8499999999999,7496.4,4109.8475,1209.0375,644.8199999999999,1532.6949999999997,810,59,0.20445747292033506,0.0728395061728395,PHOTO FRAME 3 CLASSIC HANGING,9.95,5.4725,Promotion candidate
21411,8394.39,34.0,8360.39,4897.062500000001,1259.1585,671.5512,1532.6177999999993,2103,8,0.18331893607834077,0.0038040893961008085,GINGHAM HEART  DOORSTOP RED,4.25,2.3375000000000004,Monitor
22374,5116.84,23.35,5093.49,2388.925,767.526,409.3472,1527.6917999999996,1027,5,0.2999302639251279,0.004868549172346641,AIRLINE BAG VINTAGE JET SET RED,4.25,2.3375000000000004,Promotion candidate
22142,6464.24,26.1,6438.139999999999,3425.2625,969.636,517.1392,1526.1022999999998,4313,18,0.2370408689466212,0.004173429167632739,CHRISTMAS CRAFT WHITE FAIRY,1.45,0.7975,Promotion candidate
22360,7567.95,527.4,7040.55,3773.9350000000004,1135.1925,605.436,1525.9864999999995,2514,188,0.216742513013898,0.07478122513922036,GLASS JAR ENGLISH CONFECTIONERY,2.95,1.6225000000000003,Promotion candidate
22241,5897.42,22.31,5875.11,2996.8125,884.613,471.7936,1521.8909,4377,18,0.2590404094561634,0.00411240575736806,GARLAND WOODEN HAPPY EASTER,1.25,0.6875,Promotion candidate
23192,6142.289999999999,4.949999999999999,6137.339999999999,3203.475,921.3434999999998,491.3832,1521.1382999999996,3533,3,0.24784976879234324,0.0008491367110104727,BUNDLE OF 3 ALPHABET EXERCISE BOOKS,1.65,0.9075,Promotion candidate
22550,7692.14,330.0,7362.14,4075.5,1153.821,615.3712,1517.4478000000001,2064,88,0.20611504263705935,0.04263565891472868,HOLIDAY FUN LUDO,3.75,2.0625,Promotion candidate
22737,5894.88,66.0,5828.88,2957.5425,884.232,471.5904,1515.5151000000003,3299,40,0.26000108082513285,0.012124886329190664,RIBBON REEL CHRISTMAS PRESENT,1.65,0.9075,Promotion candidate
23083,7254.650000000001,214.17000000000002,7040.4800000000005,3856.875,1088.1975,580.3720000000001,1515.0355000000002,1933,63,0.21518923425675524,0.032591826176927054,SET 6 PAPER TABLE LANTERN STARS,3.75,2.0625,Promotion candidate
22567,6991.53,61.45,6930.08,3807.375,1048.7295,559.3224,1514.6531,5587,49,0.21856213781081893,0.008770359763737247,20 DOLLY PEGS RETROSPOT,1.25,0.6875,Promotion candidate
23293,7001.99,26.56,6975.429999999999,3859.251,1050.2984999999999,560.1591999999999,1505.7212999999995,8486,32,0.21586071396315348,0.0037709168041480086,SET OF 12 FAIRY CAKE BAKING CASES,0.83,0.4565,Promotion candidate
21407,5896.08,8.5,5887.58,3027.0625000000005,884.4119999999999,471.6864,1504.4190999999996,1297,2,0.25552418820635975,0.0015420200462606013,BROWN CHECK CAT DOORSTOP,4.25,2.3375000000000004,Promotion candidate
22215,8860.93,510.0,8350.93,4810.575000000001,1329.1395,708.8744,1502.3410999999994,1091,62,0.17990105293661895,0.05682859761686526,CAKE STAND WHITE TWO TIER LACE,8.5,4.675000000000001,Monitor
22775,5372.53,87.5,5285.03,2549.9375,805.8795,429.8024,1499.4106,3779,70,0.2837090044900407,0.018523418893887273,PURPLE DRAWERKNOB ACRYLIC EDWARDIAN,1.25,0.6875,Promotion candidate
21239,6449.44,44.07,6405.37,3426.775,967.4159999999999,515.9552,1495.2237999999998,7382,52,0.233432853995944,0.007044161473855324,PINK  POLKADOT CUP,0.85,0.4675,Promotion candidate
22907,7294.33,167.07999999999998,7127.25,3955.05,1094.1495,583.5464,1494.5040999999997,8704,244,0.20968874390543332,0.02803308823529412,PACK OF 20 NAPKINS PANTRY DESIGN,0.85,0.4675,Promotion candidate
37448,6858.5,97.86,6760.639999999999,3691.028,1028.775,548.68,1492.157,4570,66,0.22071238817626734,0.014442013129102845,CERAMIC CAKE DESIGN SPOTTED MUG,1.49,0.8195,Promotion candidate
21745,9220.24,71.25,9148.99,5537.8125,1383.036,737.6192,1490.5222999999999,2704,19,0.16291659516514936,0.0070266272189349116,GAOLERS KEYS DECORATIVE GARDEN,3.75,2.0625,Monitor
21115,7975.1900000000005,6.75,7968.4400000000005,4644.337500000001,1196.2785,638.0152,1489.8087999999993,1252,1,0.18696367168479644,0.0007987220447284345,ROSE CARAVAN DOORSTOP,6.75,3.7125000000000004,Monitor
22148,6499.79,101.39999999999999,6398.39,3426.6375,974.9685,519.9832,1476.8007999999998,3247,52,0.2308081876847144,0.016014782876501387,EASTER CRAFT 4 CHICKS,1.95,1.0725,Promotion candidate
21240,6543.39,37.99,6505.4,3527.2875000000004,981.5085,523.4712000000001,1473.1327999999996,7590,45,0.22644768961170716,0.005928853754940711,BLUE POLKADOT CUP,0.85,0.4675,Promotion candidate
22080,6570.19,67.65,6502.54,3522.0074999999997,985.5285,525.6152000000001,1469.3888000000002,3922,41,0.22597151267043342,0.010453850076491586,RIBBON REEL POLKADOTS,1.65,0.9075,Promotion candidate
22242,7595.459999999999,94.04999999999998,7501.409999999999,4285.215,1139.3189999999997,607.6368,1469.2391999999993,4779,57,0.1958617379932572,0.011927181418706842,5 HOOK HANGER MAGIC TOADSTOOL,1.65,0.9075,Monitor
20747,9239.87,55.4,9184.47,5591.3,1385.9805,739.1896,1467.9999,684,4,0.15983501497636773,0.005847953216374269,PICCADILLY TEA SET,14.95,8.2225,Monitor
21381,8583.21,949.7099999999999,7633.5,4192.045,1287.4815,686.6568,1467.3167,5113,603,0.19222069823802976,0.1179346763152748,MINI WOODEN HAPPY BIRTHDAY GARLAND,1.69,0.9295,Monitor
21494,6456.5,5.0,6451.5,3501.355,968.4749999999999,516.52,1465.1499999999999,3839,4,0.22710222428892504,0.001041938004688721,ROTATING LEAVES T-LIGHT HOLDER,1.66,0.913,Promotion candidate
20829,9841.82,1801.96,8039.860000000001,4312.770000000001,1476.273,787.3456000000001,1463.4713999999992,4828,1094,0.18202697559410227,0.22659486329743164,GLITTER HANGING BUTTERFLY STRING,2.1,1.1550000000000002,Monitor
21561,7331.96,7.6499999999999995,7324.3099999999995,4175.2425,1099.7939999999999,586.5568,1462.7166999999995,2980,3,0.19970709868915973,0.0010067114093959733,DINOSAUR LUNCH BOX WITH CUTLERY,2.55,1.4025,Monitor
22890,7881.66,481.34999999999997,7400.3099999999995,4131.7375,1182.249,630.5328,1455.7906999999998,806,51,0.19672023199028146,0.06327543424317618,NOVELTY BISCUITS CAKE STAND 3 TIER,9.95,5.4725,Monitor
22465,7366.739999999999,217.64999999999998,7149.089999999999,4012.965,1105.0109999999997,589.3392,1441.7747999999995,4567,145,0.20167249258297204,0.031749507335231006,HANGING METAL STAR LANTERN,1.65,0.9075,Promotion candidate
23236,7106.21,95.37,7010.84,3935.6020000000003,1065.9315,568.4968,1440.8096999999998,2509,33,0.20551170758425522,0.01315265045834994,STORAGE TIN VINTAGE DOILY,2.89,1.5895000000000001,Promotion candidate
23480,6726.64,68.1,6658.54,3671.25,1008.996,538.1312,1440.1628,1800,20,0.21628807516362447,0.011111111111111112,MINI LIGHTS WOODLAND MUSHROOMS,3.75,2.0625,Promotion candidate
21832,5849.959999999999,69.3,5780.66,2998.38,877.4939999999999,467.99679999999995,1436.7891999999997,3346,42,0.24855106510329267,0.012552301255230125,CHOCOLATE CALCULATOR,1.65,0.9075,Promotion candidate
23169,6671.14,379.15000000000003,6291.990000000001,3343.8625,1000.671,533.6912,1413.7653,1558,93,0.2246928714127009,0.05969191270860077,CLASSIC GLASS COOKIE JAR,4.15,2.2825,Promotion candidate
22493,7627.919999999999,398.1,7229.82,4061.9700000000003,1144.1879999999999,610.2335999999999,1413.4283999999996,4750,274,0.19549980497439765,0.05768421052631579,PAINT YOUR OWN CANVAS SET,1.65,0.9075,Monitor
22644,7120.63,254.45,6866.179999999999,3816.0375,1068.0945,569.6504,1412.3975999999998,4892,107,0.2057035498632427,0.02187244480784955,CERAMIC CHERRY CAKE MONEY BANK,1.45,0.7975,Promotion candidate
84520B,6332.67,10.2,6322.469999999999,3455.2925000000005,949.9005,506.61359999999996,1410.6633999999995,7403,12,0.22311903417493473,0.0016209644738619479,PACK 20 ENGLISH ROSE PAPER NAPKINS,0.85,0.4675,Promotion candidate
22200,5784.92,44.25,5740.67,3003.6875000000005,867.7379999999999,462.7936,1406.4508999999996,1296,11,0.24499769190704213,0.008487654320987654,FRYING PAN PINK POLKADOT,4.25,2.3375000000000004,Promotion candidate
21933,9117.83,58.050000000000004,9059.78,5556.771,1367.6744999999999,729.4264000000001,1405.9080999999999,4128,21,0.1551812626796677,0.005087209302325582,PINK VINTAGE PAISLEY PICNIC BAG,2.46,1.353,Monitor
21749,10980.980000000001,1381.8999999999999,9599.080000000002,5674.515000000001,1647.1470000000002,878.4784000000001,1398.9395999999995,5657,744,0.14573684144730528,0.13151847268870426,LARGE RED RETROSPOT WINDMILL,2.1,1.1550000000000002,Monitor
23254,6932.16,83.0,6849.160000000001,3857.425,1039.824,554.5728,1397.3382,1710,20,0.20401599612215218,0.011695906432748537,CHILDRENS CUTLERY DOLLY GIRL,4.15,2.2825,Promotion candidate
85062,6491.98,14.27,6477.709999999999,3589.1625000000004,973.7969999999998,519.3584,1395.3920999999993,3964,9,0.21541441342696718,0.002270433905146317,PEARL CRYSTAL PUMPKIN T-LIGHT HLDR,1.65,0.9075,Promotion candidate
23109,6878.37,239.04000000000002,6639.33,3663.7975,1031.7555,550.2696,1393.5073999999997,2401,96,0.20988675062092105,0.03998334027488547,PACK OF SIX LED TEA LIGHTS,2.89,1.5895000000000001,Promotion candidate
85175,6626.42,248.82,6377.599999999999,3461.5350000000003,993.963,530.1136,1391.9883999999997,15614,629,0.2182621048670346,0.04028436018957346,CACTI T-LIGHT CANDLES,0.42,0.231,Promotion candidate
21078,6194.0,1.7,6192.299999999999,3377.2200000000003,929.0999999999999,495.52,1390.4599999999996,7226,2,0.22454661434362025,0.0002767783005812344,SET/20 STRAWBERRY PAPER NAPKINS,0.85,0.4675,Promotion candidate
20751,6157.660000000001,6.300000000000001,6151.360000000001,3349.500000000001,923.649,492.6128000000001,1385.5981999999995,2903,3,0.22525070878634956,0.0010334137099552187,FUNKY WASHING UP GLOVES ASSORTED,2.1,1.1550000000000002,Promotion candidate
84968C,7629.25,51.0,7578.25,4438.9125,1144.3874999999998,610.34,1384.6099999999997,637,4,0.18270840893346085,0.006279434850863423,SET OF 16 VINTAGE PISTACHIO CUTLERY,12.75,7.0125,Monitor
22432,6738.219999999999,35.1,6703.12,3773.0550000000003,1010.733,539.0576,1380.2743999999993,3536,18,0.20591521560109313,0.005090497737556561,WATERING CAN PINK BUNNY,1.95,1.0725,Promotion candidate
84509A,5901.54,48.75,5852.79,3116.4375,885.231,472.1232,1378.9983,1524,13,0.23561383545283532,0.00853018372703412,SET OF 4 ENGLISH ROSE PLACEMATS,3.75,2.0625,Promotion candidate
84968B,5732.41,12.75,5719.66,3022.3875000000003,859.8615,458.5928,1378.8181999999997,432,1,0.241066461992496,0.0023148148148148147,SET OF 16 VINTAGE IVORY CUTLERY,12.75,7.0125,Promotion candidate
48129,19646.08,159.15,19486.93,13594.102500000003,2946.912,1571.6864,1374.229099999998,3132,23,0.07052055403288245,0.007343550446998723,DOORMAT TOPIARY,7.95,4.3725000000000005,Review margin
21107,6654.27,0.0,6654.27,3751.2200000000007,998.1405,532.3416,1372.5678999999996,2312,0,0.206268741725238,0.0,CREAM SLICE FLANNEL PINK SPOT,2.95,1.6225000000000003,Promotion candidate
37450,7046.740000000001,193.2,6853.54,3861.5500000000006,1057.011,563.7392,1371.2397999999996,2452,72,0.20007759493633942,0.02936378466557912,CERAMIC CAKE BOWL + HANGING CAKES,2.95,1.6225000000000003,Promotion candidate
21363,5345.9800000000005,92.65,5253.33,2654.4375,801.897,427.6784,1369.3171000000002,994,19,0.2606569737671154,0.019114688128772636,HOME SMALL WOOD LETTERS,4.95,2.7225,Promotion candidate
23154,5907.360000000001,126.88,5780.4800000000005,3055.6240000000003,886.1039999999999,472.58880000000005,1366.1631999999997,2732,61,0.23634078830823732,0.02232796486090776,SET OF 4 JAM JAR MAGNETS,2.08,1.1440000000000001,Promotion candidate
85174,7252.86,607.65,6645.21,3620.925,1087.9289999999999,580.2288,1356.1272,1471,141,0.2040758982786097,0.09585316111488783,S/4 CACTI CANDLES,4.95,2.7225,Promotion candidate
22441,5744.27,21.0,5723.27,3050.3550000000005,861.6405,459.5416,1351.7328999999995,2651,10,0.23618192047553224,0.003772161448509996,GROW YOUR OWN BASIL IN ENAMEL MUG,2.1,1.1550000000000002,Promotion candidate
21875,7889.58,81.53,7808.05,4642.6875,1183.437,631.1664000000001,1350.7591,6824,71,0.17299570315251567,0.010404454865181711,KINGS CHOICE MUG,1.25,0.6875,Monitor
20978,5453.57,22.5,5431.07,2826.3125,818.0355,436.2856,1350.4364,4129,18,0.24865015549422123,0.004359409057883265,36 PENCILS TUBE SKULLS,1.25,0.6875,Promotion candidate
21984,7030.33,41.279999999999994,6989.05,4024.0255,1054.5494999999999,562.4264,1348.0485999999999,25373,144,0.19288009099949205,0.005675324163480866,PACK OF 12 PINK PAISLEY TISSUES,0.29,0.1595,Monitor
72351A,7402.280000000001,67.03,7335.25,4285.050000000001,1110.342,592.1824,1347.6755999999991,3744,34,0.18372592617838507,0.009081196581196582,SET/6 TURQUOISE BUTTERFLY T-LIGHTS,2.1,1.1550000000000002,Monitor
84032A,8644.75,112.10000000000001,8532.65,5196.867500000001,1296.7125,691.58,1347.4899999999993,3241,38,0.15792163044306276,0.011724776303609998,CHARLIE+LOLA PINK HOT WATER BOTTLE,2.95,1.6225000000000003,Monitor
23312,5968.3,4.15,5964.150000000001,3247.9975000000004,895.245,477.464,1343.4435,1424,1,0.22525313749654183,0.0007022471910112359,VINTAGE CHRISTMAS GIFT SACK,4.15,2.2825,Promotion candidate
21328,4629.13,0.0,4629.13,2224.2825000000003,694.3694999999999,370.3304,1340.1475999999998,2451,0,0.2895031247772259,0.0,BALLOONS  WRITING SET,1.65,0.9075,Promotion candidate
21903,6923.570000000001,33.1,6890.47,3958.185000000001,1038.5355,553.8856000000001,1339.8638999999994,3443,16,0.19445174276936106,0.004647110078419983,MAN FLU METAL SIGN,2.1,1.1550000000000002,Monitor
22430,6786.13,171.95000000000002,6614.18,3716.2125,1017.9195000000001,542.8904,1337.1576,1402,37,0.20216528730696776,0.026390870185449358,ENAMEL WATERING CAN CREAM,4.95,2.7225,Promotion candidate
21497,6999.0,0.0,6999.0,4054.05,1049.85,559.92,1335.1799999999998,17550,0,0.19076725246463777,0.0,FANCY FONTS BIRTHDAY WRAP,0.42,0.231,Monitor
85065,7575.44,377.8,7197.64,4123.35,1136.316,606.0352,1331.9388,624,36,0.18505215598446156,0.057692307692307696,CREAM SWEETHEART TRAYS,12.75,7.0125,Monitor
22942,9483.41,612.85,8870.560000000001,5357.550000000001,1422.5115,758.6728,1331.8256999999994,1223,77,0.15013997988853006,0.06295993458708095,CHRISTMAS LIGHTS 10 SANTAS,8.5,4.675000000000001,Monitor
22435,6218.97,154.75,6064.22,3302.0625,932.8455,497.5176,1331.7944,4942,139,0.21961511950423962,0.02812626467017402,SET OF 9 HEART SHAPED BALLOONS,1.25,0.6875,Promotion candidate
82599,5508.84,6.76,5502.080000000001,2904.8250000000007,826.326,440.70720000000006,1330.2217999999996,2519,4,0.24176707717808527,0.0015879317189360857,FANNY'S REST STOPMETAL SIGN,2.1,1.1550000000000002,Promotion candidate
22801,5296.7,138.39,5158.31,2615.25,794.505,423.736,1324.819,1305,37,0.25683198566972515,0.028352490421455937,ANTIQUE GLASS PEDESTAL BOWL,3.75,2.0625,Promotion candidate
23172,6360.909999999999,154.29999999999998,6206.61,3420.3675000000003,954.1364999999998,508.8728,1323.2331999999994,3871,102,0.21319741372504467,0.02634978041849651,REGENCY TEA PLATE PINK,1.65,0.9075,Promotion candidate
22156,5613.219999999999,183.41,5429.8099999999995,2818.09,841.983,449.0576,1320.6793999999995,6245,217,0.2432275530819678,0.03474779823859087,HEART DECORATION WITH PEARLS,0.85,0.4675,Promotion candidate
21452,5754.93,127.0,5627.93,2983.7775000000006,863.2395,460.3944,1320.5186,1883,44,0.23463664260216457,0.02336696760488582,TOADSTOOL MONEY BOX,2.95,1.6225000000000003,Promotion candidate
23229,6739.71,40.89,6698.82,3832.125,1010.9565,539.1768000000001,1316.5617000000002,1869,11,0.19653636013506862,0.005885500267522739,VINTAGE DONKEY TAIL GAME,3.75,2.0625,Monitor
47559B,6325.44,67.5,6257.94,3487.6875,948.816,506.03520000000003,1315.4013,5127,54,0.21019717351077194,0.010532475131655939,TEA TIME OVEN GLOVE,1.25,0.6875,Promotion candidate
21737,7402.5599999999995,0.0,7402.5599999999995,4389.0,1110.384,592.2048,1310.9711999999997,400,0,0.17709700427960054,0.0,SET 3 WICKER LOG BASKETS,19.95,10.9725,Monitor
21981,7142.799999999999,9.69,7133.11,4181.9304999999995,1071.42,571.424,1308.3355,26250,31,0.18341726119462617,0.001180952380952381,PACK OF 12 WOODLAND TISSUES,0.29,0.1595,Monitor
23494,5377.81,386.75,4991.06,2447.8300000000004,806.6715,430.2248,1306.3337000000001,813,65,0.26173472168236805,0.07995079950799508,VINTAGE DOILY DELUXE SEWING KIT,5.95,3.2725000000000004,Promotion candidate
23297,6792.23,42.9,6749.33,3881.3775,1018.8344999999999,543.3783999999999,1305.7396,4303,26,0.1934621066091005,0.006042296072507553,SET 40 HEART SHAPE PETIT FOUR CASES,1.65,0.9075,Monitor
22855,5995.49,15.0,5980.49,3297.25,899.3235,479.6392,1304.2773,4808,12,0.21808870176189576,0.0024958402662229617,FINE WICKER HEART,1.25,0.6875,Promotion candidate
22938,6891.249999999999,117.0,6774.249999999999,3889.9575000000004,1033.6874999999998,551.3,1299.3049999999994,3687,60,0.1918005683285972,0.01627339300244101,CUPCAKE LACE PAPER SET 6,1.95,1.0725,Monitor
22203,5473.26,56.25,5417.01,2862.75,820.989,437.8608,1295.4102,1403,15,0.23913749466956863,0.010691375623663579,MILK PAN RED RETROSPOT,3.75,2.0625,Promotion candidate
21932,8508.16,58.3,8449.86,5198.226,1276.224,680.6528,1294.7572,3876,34,0.15322824283479253,0.008771929824561403,SCANDINAVIAN PAISLEY PICNIC BAG,2.46,1.353,Monitor
23541,6823.91,16.5,6807.41,3947.6250000000005,1023.5865,545.9128000000001,1290.2856999999995,872,2,0.18954135273180248,0.0022935779816513763,WALL ART CLASSIC PUDDINGS,8.25,4.5375000000000005,Monitor
23263,5184.69,58.75,5125.94,2644.125,777.7035,414.7752,1289.3363,3893,47,0.251531680043075,0.012072951451322887,SET OF 3 WOODEN HEART DECORATIONS,1.25,0.6875,Promotion candidate
35832,5347.750000000001,13.55,5334.200000000001,2816.6600000000003,802.1625,427.82000000000005,1287.5575000000001,1739,3,0.2413778073563046,0.0017251293847038527,WOOLLY HAT SOCK GLOVE ADVENT STRING,2.95,1.6225000000000003,Promotion candidate
22331,6011.57,46.199999999999996,5965.37,3296.04,901.7354999999999,480.9256,1286.6688999999997,3660,28,0.21568970575169683,0.007650273224043716,WOODLAND PARTY BAG + STICKER SET,1.65,0.9075,Promotion candidate
23351,4880.65,104.88,4775.77,2367.0625,732.0975,390.452,1286.158,3539,96,0.26930903288893726,0.027126306866346424,ROLL WRAP 50'S CHRISTMAS,1.25,0.6875,Promotion candidate
21900,5538.240000000001,3.25,5534.990000000001,2978.6900000000005,830.7360000000001,443.05920000000003,1282.5047999999997,8337,5,0.23170860290623824,0.0005997361161089121,"KEY FOB , SHED",0.65,0.35750000000000004,Promotion candidate
23526,6021.4,95.2,5926.2,3259.4100000000003,903.2099999999999,481.712,1281.8679999999995,1012,16,0.21630522088353404,0.015810276679841896,WALL ART DOG LICENCE,5.95,3.2725000000000004,Promotion candidate
21500,6453.5,0.0,6453.5,3690.2250000000004,968.025,516.28,1278.9699999999998,15975,0,0.19818238165336635,0.0,PINK POLKADOT WRAP,0.42,0.231,Monitor
23286,4747.62,41.65,4705.97,2337.0325000000003,712.143,379.80960000000005,1276.9849,5048,49,0.27135423727733066,0.009706814580031696,BLUE VINTAGE SPOT BEAKER,0.85,0.4675,Promotion candidate
23007,7758.699999999999,101.69999999999999,7656.999999999999,4595.9925,1163.8049999999998,620.6959999999999,1276.5064999999993,499,6,0.16671104871359532,0.012024048096192385,SPACEBOY BABY GIFT SET,16.95,9.3225,Monitor
21313,5794.0599999999995,110.14999999999999,5683.91,3076.15,869.1089999999999,463.52479999999997,1275.1261999999997,6738,158,0.224339618326117,0.023449094686850698,GLASS HEART T-LIGHT HOLDER,0.85,0.4675,Promotion candidate
85047,6683.379999999999,450.7,6232.679999999999,3422.65,1002.5069999999998,534.6704,1272.8525999999993,1054,74,0.2042223569957064,0.07020872865275142,WHITE BEADED GARLAND STRING 20LIGHT,6.35,3.4925,Promotion candidate
23285,4572.41,1.7,4570.71,2246.3375,685.8615,365.7928,1272.7181999999998,4807,2,0.27845087524695283,0.00041605991262741833,PINK VINTAGE SPOT BEAKER,0.85,0.4675,Promotion candidate
22526,6702.42,153.0,6549.42,3737.6625,1005.3629999999999,536.1936,1270.2008999999996,545,12,0.1939409749260239,0.022018348623853212,WHEELBARROW FOR CHILDREN,12.75,7.0125,Monitor
22991,7608.79,1185.8999999999999,6422.889999999999,3405.1875,1141.3184999999999,608.7032,1267.6807999999996,3889,714,0.19736922164321663,0.18359475443558756,GIRAFFE WOODEN RULER,1.95,1.0725,Monitor
20983,5481.83,26.349999999999998,5455.48,2928.42,822.2744999999999,438.5464,1266.2390999999996,6295,31,0.2321040678363773,0.004924543288324067,12 PENCILS TALL TUBE RED RETROSPOT,0.85,0.4675,Promotion candidate
23215,7044.64,214.8,6829.84,3943.3680000000004,1056.696,563.5712,1266.2047999999998,3567,120,0.1853930399540838,0.0336417157275021,JINGLE BELL HEART ANTIQUE SILVER,2.08,1.1440000000000001,Monitor
22185,6293.419999999999,6.6,6286.82,3573.735,944.0129999999998,503.4736,1265.5983999999996,3942,4,0.20130978777824077,0.0010147133434804667,SLATE TILE NATURAL HANGING,1.65,0.9075,Promotion candidate
21866,3612.75,31.25,3581.5,1485.0,541.9125,289.02,1265.5674999999999,2185,25,0.3533624179812927,0.011441647597254004,UNION JACK FLAG LUGGAGE TAG,1.25,0.6875,Promotion candidate
22661,6647.65,13.34,6634.3099999999995,3840.5125000000003,997.1474999999999,531.812,1264.8379999999997,8231,16,0.1906510247486174,0.0019438707325962824,CHARLOTTE BAG DOLLY GIRL DESIGN,0.85,0.4675,Monitor
23118,6102.18,180.0,5922.18,3254.625,915.327,488.1744,1264.0536000000002,813,24,0.2134439682684417,0.02952029520295203,PARISIENNE JEWELLERY DRAWER,7.5,4.125,Promotion candidate
85038,5820.38,0.0,5820.38,3217.830000000001,873.057,465.63040000000007,1263.8625999999995,2786,0,0.21714434452733317,0.0,6 CHOCOLATE LOVE HEART T-LIGHTS,2.1,1.1550000000000002,Promotion candidate
22582,6334.97,183.6,6151.37,3433.32,950.2455,506.7976,1261.0068999999996,2526,78,0.20499610655837638,0.030878859857482184,PACK OF 6 SWEETIE GIFT BOXES,2.55,1.4025,Promotion candidate
15056P,12246.77,1091.05,11155.720000000001,7078.4175000000005,1837.0155,979.7416000000001,1260.5453999999997,2476,313,0.11299543193984786,0.1264135702746365,EDWARDIAN PARASOL PINK,5.95,3.2725000000000004,Monitor
23184,4764.5,64.35,4700.150000000001,2344.0725,714.675,381.16,1260.2424999999998,874,13,0.268128144846441,0.014874141876430207,BULL DOG BOTTLE OPENER,4.95,2.7225,Promotion candidate
22732,5004.34,0.0,5004.34,2595.3125,750.651,400.3472,1258.0293,3775,0,0.25138765551501296,0.0,3D VINTAGE CHRISTMAS STICKERS,1.25,0.6875,Promotion candidate
20977,5081.24,95.0,4986.24,2560.9375,762.186,406.49920000000003,1256.6173000000001,3801,76,0.2520170108137595,0.019994738226782424,36 PENCILS TUBE WOODLAND,1.25,0.6875,Promotion candidate
21667,6126.25,393.74999999999994,5732.5,3067.1025,918.9374999999999,490.09999999999997,1256.3599999999997,354,25,0.21916441343218485,0.07062146892655367,GLASS CAKE COVER AND PLATE,16.95,9.3225,Promotion candidate
21864,4442.04,42.0,4400.04,2122.8900000000003,666.306,355.3632,1255.4807999999996,1858,20,0.2853339515095316,0.010764262648008612,UNION JACK FLAG PASSPORT COVER,2.1,1.1550000000000002,Promotion candidate
23288,4444.2300000000005,15.17,4429.0599999999995,2153.7725,666.6345,355.5384,1253.1145999999999,4625,18,0.28293014770628533,0.0038918918918918917,GREEN VINTAGE SPOT BEAKER,0.85,0.4675,Promotion candidate
22563,6956.35,3.75,6952.6,4100.9375,1043.4525,556.508,1251.7020000000002,5968,3,0.18003365647383715,0.0005026809651474531,HAPPY STENCIL CRAFT,1.25,0.6875,Monitor
21918,6020.28,18.06,6002.22,3366.132,903.0419999999999,481.6224,1251.4235999999996,14615,43,0.20849345742075426,0.0029421826890181323,SET 12 KIDS COLOUR  CHALK STICKS,0.42,0.231,Promotion candidate
85061W,5502.49,21.25,5481.24,2964.4175,825.3734999999999,440.19919999999996,1251.2497999999996,6366,25,0.22827860119243085,0.003927112786679233,WHITE JEWELLED HEART DECORATION,0.85,0.4675,Promotion candidate
21584,6129.45,44.55,6084.9,3428.535,919.4175,490.356,1246.5915000000002,3805,27,0.20486639057338663,0.00709592641261498,RETROSPOT SMALL TUBE MATCHES,1.65,0.9075,Promotion candidate
22318,5001.68,59.00000000000001,4942.68,2545.7025000000003,750.2520000000001,400.1344,1246.5911,1589,20,0.25220955028446107,0.012586532410320957,FIVE HEART HANGING DECORATION,2.95,1.6225000000000003,Promotion candidate
21718,5254.05,65.0,5189.05,2736.9375,788.1075,420.324,1243.6809999999998,4033,52,0.23967412146732056,0.012893627572526656,RED METAL BEACH SPADE,1.25,0.6875,Promotion candidate
22534,5516.05,58.38,5457.67,2946.405,827.4075,441.284,1242.5734999999997,12894,139,0.22767472199674949,0.010780207848611757,MAGIC DRAWING SLATE SPACEBOY,0.42,0.231,Promotion candidate
22312,4277.650000000001,81.65000000000002,4196.0,1969.7150000000001,641.6475,342.21200000000005,1242.4255,1241,27,0.29609759294566257,0.021756647864625302,OFFICE MUG WARMER POLKADOT,2.95,1.6225000000000003,Promotion candidate
21588,7766.4,63.74999999999999,7702.65,4674.5325,1164.96,621.312,1241.8454999999994,3358,25,0.1612231504741874,0.007444907683144729,RETROSPOT GIANT TUBE MATCHES,2.55,1.4025,Monitor
22964,5777.2300000000005,29.400000000000002,5747.830000000001,3177.4050000000007,866.5845,462.17840000000007,1241.6620999999996,2765,14,0.2160227598937337,0.005063291139240506,3 PIECE SPACEBOY COOKIE CUTTER SET,2.1,1.1550000000000002,Promotion candidate
23307,6379.59,48.400000000000006,6331.1900000000005,3622.437500000001,956.9385,510.3672,1241.4467999999997,12063,88,0.19608427483616817,0.007295034402719058,SET OF 60 PANTRY DESIGN CAKE CASES,0.55,0.30250000000000005,Monitor
23503,4864.3,2.5,4861.8,2505.25,729.645,389.144,1237.761,3646,2,0.25458904109589037,0.0005485463521667581,PLAYING CARDS KEEP CALM & CARRY ON,1.25,0.6875,Promotion candidate
22899,5771.860000000001,14.450000000000001,5757.410000000001,3195.8850000000007,865.779,461.7488000000001,1233.9971999999996,2774,7,0.2143319999791572,0.0025234318673395817,CHILDREN'S APRON DOLLY GIRL,2.1,1.1550000000000002,Promotion candidate
22045,5992.14,44.1,5948.04,3340.722,898.8209999999999,479.3712,1229.1257999999998,14567,105,0.20664383561643831,0.007208073041806823,SPACEBOY GIFT WRAP,0.42,0.231,Promotion candidate
22571,5144.59,80.17,5064.42,2656.335,771.6885,411.5672,1224.8292999999996,5791,109,0.24184986632230338,0.018822310481782074,ROCKING HORSE RED CHRISTMAS,0.85,0.4675,Promotion candidate
21577,5718.7699999999995,36.0,5682.7699999999995,3144.4875,857.8154999999999,457.5016,1222.9653999999998,2557,16,0.21520585911448112,0.006257332811888932,SAVE THE PLANET COTTON TOTE BAG,2.25,1.2375,Promotion candidate
23397,5097.65,59.699999999999996,5037.95,2643.2175,764.6475,407.812,1222.273,489,6,0.24261316606953223,0.012269938650306749,FOOT STOOL HOME SWEET HOME,9.95,5.4725,Promotion candidate
20966,4282.74,1.25,4281.49,2076.25,642.411,342.6192,1220.2097999999999,3021,1,0.2849965315812953,0.00033101621979476995,SANDWICH BATH SPONGE,1.25,0.6875,Promotion candidate
23168,4559.92,65.61,4494.3099999999995,2226.125,683.9879999999999,364.7936,1219.4034,3292,54,0.271321604428711,0.016403402187120292,CLASSIC CAFE SUGAR DISPENSER,1.25,0.6875,Promotion candidate
20963,4681.15,12.5,4668.65,2373.9375,702.1725,374.492,1218.048,3463,10,0.26089940346781193,0.0028876696505919725,APPLE BATH SPONGE,1.25,0.6875,Promotion candidate
23126,5556.79,79.2,5477.59,2989.3050000000003,833.5185,444.5432,1210.2233,1114,16,0.22094083346873353,0.01436265709156194,FELTCRAFT GIRL AMELIE KIT,4.95,2.7225,Promotion candidate
84971S,5534.96,1.7,5533.259999999999,3055.5800000000004,830.2439999999999,442.79679999999996,1204.6391999999996,6538,2,0.21770876481495532,0.0003059039461609055,SMALL HEART FLOWERS HOOK,0.85,0.4675,Promotion candidate
84937,5396.64,37.800000000000004,5358.84,2916.3750000000005,809.496,431.73120000000006,1201.2377999999994,2543,18,0.22416004209866303,0.007078254030672434,KASHMIR FOLKART TUMBLERS,2.1,1.1550000000000002,Promotion candidate
21463,7520.51,397.35,7123.160000000001,4195.345,1128.0765000000001,601.6408,1198.0976999999998,1355,73,0.16819749942441273,0.05387453874538745,MIRRORED DISCO BALL,5.95,3.2725000000000004,Monitor
23198,5068.4,92.8,4975.599999999999,2617.395,760.26,405.472,1192.4729999999997,3346,64,0.23966416110619823,0.019127316198445904,PANTRY MAGNETIC  SHOPPING LIST,1.45,0.7975,Promotion candidate
22736,4563.03,37.95,4525.08,2285.9925,684.4545,365.0424,1189.5906000000002,2542,23,0.2628883025272482,0.00904799370574351,RIBBON REEL MAKING SNOWMEN,1.65,0.9075,Promotion candidate
23320,7072.16,37.57,7034.59,4220.1225,1060.824,565.7728,1187.8706999999997,2668,13,0.16886139775025974,0.004872563718140929,GIANT 50'S CHRISTMAS CRACKER,2.89,1.5895000000000001,Monitor
22412,5159.72,4.2,5155.52,2781.2400000000007,773.958,412.77760000000006,1187.5443999999998,2410,2,0.23034425237415423,0.0008298755186721991,METAL SIGN NEIGHBOURHOOD WITCH,2.1,1.1550000000000002,Promotion candidate
22227,4353.92,21.450000000000003,4332.47,2146.0725,653.0880000000001,348.31360000000006,1184.9959,6036,33,0.2735150849284588,0.0054671968190854875,HANGING HEART MIRROR DECORATION,0.65,0.35750000000000004,Promotion candidate
22800,4605.15,60.0,4545.15,2301.75,690.7725,368.412,1184.2155,1132,16,0.2605448665060559,0.014134275618374558,ANTIQUE TALL SWIRLGLASS TRINKET POT,3.75,2.0625,Promotion candidate
22841,6010.47,151.05,5859.42,3296.8650000000002,901.5704999999999,480.8376,1180.1468999999997,773,19,0.20141019076973485,0.02457956015523933,ROUND CAKE TIN VINTAGE GREEN,7.95,4.3725000000000005,Promotion candidate
22602,5521.82,44.199999999999996,5477.62,3028.465,828.2729999999999,441.74559999999997,1179.1363999999996,6530,52,0.21526436664098636,0.007963246554364471,RETROSPOT WOODEN HEART DECORATION,0.85,0.4675,Promotion candidate
23158,5517.99,124.8,5393.1900000000005,2945.8000000000006,827.6985,441.4392,1178.2522999999997,2635,60,0.2184703858013531,0.022770398481973434,SET OF 5 LUCKY CAT MAGNETS,2.08,1.1440000000000001,Promotion candidate
16156S,6558.62,61.32,6497.3,3814.965,983.793,524.6896,1173.8524,16661,146,0.180667723515922,0.008762979413000421,WRAP PINK FAIRY CAKES,0.42,0.231,Monitor
22998,5314.9,74.34,5240.5599999999995,2844.3030000000003,797.235,425.192,1173.8299999999997,12490,177,0.22398942097791072,0.014171337069655725,TRAVEL CARD WALLET KEEP CALM,0.42,0.231,Promotion candidate
84968A,6538.08,390.29999999999995,6147.78,3471.1875,980.712,523.0464,1172.8340999999998,529,34,0.19077359632257496,0.06427221172022685,SET OF 16 VINTAGE ROSE CUTLERY,12.75,7.0125,Monitor
21135,8638.22,182.8,8455.42,5297.2205,1295.733,691.0576,1171.4088999999997,6027,328,0.1385394102244477,0.05442176870748299,VICTORIAN  METAL POSTCARD SPRING,1.69,0.9295,Monitor
23296,5988.05,33.75,5954.3,3405.875,898.2075,479.04400000000004,1171.1735,4981,27,0.1966937339401777,0.005420598273439069,SET OF 6 TEA TIME BAKING CASES,1.25,0.6875,Monitor
21578,5080.86,22.5,5058.36,2726.2125,762.1289999999999,406.4688,1163.5496999999998,2213,10,0.2300250871824069,0.004518752824220515,WOODLAND DESIGN  COTTON TOTE BAG,2.25,1.2375,Promotion candidate
22443,5449.08,39.75,5409.33,2995.1625000000004,817.362,435.9264,1160.8790999999997,690,5,0.21460681821963157,0.007246376811594203,GROW YOUR OWN HERBS SET OF 3,7.95,4.3725000000000005,Promotion candidate
21499,6070.34,82.5,5987.84,3430.8120000000004,910.5509999999999,485.6272,1160.8497999999997,15077,225,0.19386787222103458,0.014923393247993633,BLUE POLKADOT WRAP,0.42,0.231,Monitor
21201,6522.26,33.15,6489.110000000001,3828.8250000000003,978.339,521.7808,1160.1651999999997,2743,13,0.1787864899809064,0.004739336492890996,TROPICAL  HONEYCOMB PAPER GARLAND,2.55,1.4025,Monitor
22854,5624.5,29.700000000000003,5594.8,3141.7650000000003,843.6750000000001,449.96000000000004,1159.3999999999999,1160,6,0.20722814041610063,0.005172413793103448,CREAM SWEETHEART EGG HOLDER,4.95,2.7225,Promotion candidate
21730,5578.72,172.55,5406.17,2964.8025000000002,836.808,446.29760000000005,1158.2619,1124,35,0.2142481460997342,0.03113879003558719,GLASS STAR FROSTED T-LIGHT HOLDER,4.95,2.7225,Promotion candidate
23583,5513.83,16.5,5497.33,3071.8875,827.0745000000001,441.1064,1157.2616,3395,10,0.2105133946843286,0.0029455081001472753,LUNCH BAG PAISLEY PARK,1.65,0.9075,Promotion candidate
22218,5378.41,250.75,5127.66,2734.8750000000005,806.7615,430.2728,1155.7506999999996,1235,65,0.2253953460252824,0.05263157894736842,CAKE STAND LACE WHITE,4.25,2.3375000000000004,Promotion candidate
23234,5088.45,46.24,5042.21,2716.4555000000005,763.2675,407.076,1155.4109999999998,1725,16,0.22914773482262735,0.00927536231884058,BISCUIT TIN VINTAGE CHRISTMAS,2.89,1.5895000000000001,Promotion candidate
22593,4870.65,103.67999999999999,4766.969999999999,2492.2425000000003,730.5975,389.652,1154.4779999999996,5475,144,0.24218277018735165,0.0263013698630137,CHRISTMAS GINGHAM STAR,0.85,0.4675,Promotion candidate
22426,5137.05,129.7,5007.35,2673.0,770.5575,410.964,1152.8285,1334,38,0.23022726591909892,0.02848575712143928,ENAMEL WASH BOWL CREAM,3.75,2.0625,Promotion candidate
22437,5461.37,13.6,5447.7699999999995,3039.6850000000004,819.2054999999999,436.9096,1151.9698999999996,6518,16,0.21145714668570803,0.00245474071801166,SET OF 9 BLACK SKULL BALLOONS,0.85,0.4675,Promotion candidate
20961,4702.65,88.75,4613.9,2386.3125,705.3975,376.212,1145.978,3542,71,0.24837512733262537,0.020045172219085264,STRAWBERRY BATH SPONGE,1.25,0.6875,Promotion candidate
22117,5207.7300000000005,2.95,5204.78,2862.0900000000006,781.1595,416.6184,1144.9120999999998,1765,1,0.21997319771440865,0.0005665722379603399,METAL SIGN HER DINNER IS SERVED,2.95,1.6225000000000003,Promotion candidate
22063,6391.46,46.8,6344.66,3730.1275000000005,958.719,511.31680000000006,1144.4966999999997,2315,16,0.18038739664536788,0.006911447084233261,CERAMIC BOWL WITH STRAWBERRY DESIGN,2.95,1.6225000000000003,Monitor
16161P,5466.9,10.5,5456.4,3060.288,820.035,437.352,1138.725,13273,25,0.20869529360017594,0.001883522941309425,WRAP ENGLISH ROSE,0.42,0.231,Promotion candidate
22335,5655.17,292.95000000000005,5362.22,2926.8525000000004,848.2755000000001,452.41360000000003,1134.6783999999998,8682,495,0.21160608852303706,0.057014512785072566,HEART DECORATION PAINTED ZINC,0.65,0.35750000000000004,Promotion candidate
23182,3718.0899999999997,11.62,3706.47,1717.8095,557.7135,297.4472,1133.4997999999998,3777,14,0.30581653163252365,0.003706645485835319,TOILET SIGN OCCUPIED OR VACANT,0.83,0.4565,Promotion candidate
22302,10510.3,94.35,10415.95,6866.64,1576.545,840.824,1131.9409999999993,4933,37,0.10867381275831771,0.0075005067909993915,COFFEE MUG PEARS  DESIGN,2.55,1.4025,Monitor
22594,4379.88,0.85,4379.03,2240.7275,656.982,350.3904,1130.9300999999996,4794,1,0.2582604138359408,0.00020859407592824363,CHRISTMAS GINGHAM TREE,0.85,0.4675,Promotion candidate
85132B,2767.53,19.9,2747.63,983.4825000000001,415.1295,221.4024,1127.6155999999999,919,2,0.4103957228593369,0.002176278563656148,CHARLIE AND LOLA TABLE TINS,1.95,1.0725,Monitor
21768,6924.04,27.7,6896.34,4177.03,1038.606,553.9232,1126.7807999999998,510,2,0.16338823201872293,0.00392156862745098,WALL MOUNTED VINTAGE ORGANISER,14.95,8.2225,Monitor
22483,5458.21,50.150000000000006,5408.06,3027.5850000000005,818.7315,436.65680000000003,1125.0866999999998,1883,17,0.20803887161015222,0.009028146574614976,RED GINGHAM TEDDY BEAR,2.95,1.6225000000000003,Promotion candidate
23241,4709.070000000001,14.56,4694.51,2490.4880000000003,706.3605,376.72560000000004,1120.9359,2184,7,0.23877591058491726,0.003205128205128205,TREASURE TIN GYMKHANA DESIGN,2.08,1.1440000000000001,Promotion candidate
37446,5351.1,121.69999999999999,5229.4,2878.975,802.665,428.088,1119.672,3704,94,0.21411098787623822,0.025377969762419007,MINI CAKE STAND WITH HANGING CAKES,1.45,0.7975,Promotion candidate
51008,8378.8,1054.05,7324.75,4278.8625,1256.82,670.304,1118.7634999999996,2604,349,0.1527374313116488,0.13402457757296468,AFGHAN SLIPPER SOCK PAIR,3.45,1.8975000000000002,Monitor
23349,4355.1,30.0,4325.1,2204.8125,653.265,348.408,1118.6145,3231,24,0.258633210792814,0.007428040854224698,ROLL WRAP VINTAGE CHRISTMAS,1.25,0.6875,Promotion candidate
23389,4780.54,8.3,4772.24,2556.4,717.081,382.4432,1116.3157999999999,1122,2,0.23391862102492747,0.0017825311942959,SPACEBOY MINI BACKPACK,4.15,2.2825,Promotion candidate
23112,4514.58,239.85000000000002,4274.7300000000005,2120.25,677.187,361.1664,1116.1266000000003,547,33,0.26109873606052314,0.0603290676416819,PARISIENNE CURIO CABINET,7.5,4.125,Promotion candidate
21989,6801.75,409.44,6392.3099999999995,3712.4175,1020.2624999999999,544.14,1115.4899999999996,8565,624,0.17450499115343274,0.07285464098073555,PACK OF 20 SKULL PAPER NAPKINS,0.85,0.4675,Monitor
21784,3578.08,69.64999999999999,3508.43,1570.6075,536.712,286.2464,1114.8641,294,7,0.3177672349170427,0.023809523809523808,SHOE SHINE BOX,9.95,5.4725,Promotion candidate
22690,15859.74,48.3,15811.44,11049.3075,2378.961,1268.7792,1114.3922999999984,2533,6,0.07048012704725176,0.002368732727990525,DOORMAT HOME SWEET HOME BLUE,7.95,4.3725000000000005,Review margin
84796B,4999.79,0.0,4999.79,2735.7,749.9685,399.9832,1114.1383,600,0,0.22283701915480453,0.0,BLUE SAVANNAH PICNIC HAMPER FOR 2,8.29,4.5595,Promotion candidate
22827,7150.0,580.0,6570.0,3811.5000000000005,1072.5,572.0,1113.9999999999993,46,4,0.1695585996955859,0.08695652173913043,RUSTIC  SEVENTEEN DRAWER SIDEBOARD,165.0,90.75000000000001,Monitor
20681,4779.9,99.75,4680.15,2468.5375000000004,716.985,382.392,1112.2354999999998,1412,31,0.23764954114718542,0.021954674220963172,PINK POLKADOT CHILDRENS UMBRELLA,3.25,1.7875,Promotion candidate
22574,4632.57,219.84,4412.73,2239.3250000000003,694.8855,370.6056,1107.9138999999998,5078,288,0.25107221606579144,0.05671524222134699,HEART WOODEN CHRISTMAS DECORATION,0.85,0.4675,Promotion candidate
22377,6924.31,116.8,6807.51,4111.800000000001,1038.6465,553.9448,1103.118699999999,3620,60,0.16204437452166784,0.016574585635359115,BOTTLE BAG RETROSPOT,2.1,1.1550000000000002,Monitor
23295,5078.429999999999,10.79,5067.639999999999,2796.9755,761.7644999999999,406.2744,1102.6255999999996,6140,13,0.2175816750992572,0.0021172638436482085,SET OF 12 MINI LOAF BAKING CASES,0.83,0.4565,Promotion candidate
22747,4499.8,12.600000000000001,4487.2,2350.4250000000006,674.97,359.98400000000004,1101.8209999999997,2041,6,0.24554755749687995,0.002939735423811857,POPPY'S PLAYHOUSE BATHROOM,2.1,1.1550000000000002,Promotion candidate
22896,5253.5,45.9,5207.599999999999,2898.9675,788.025,420.28,1100.3274999999996,2085,18,0.21129263000230428,0.008633093525179856,PEG BAG APPLES DESIGN,2.55,1.4025,Promotion candidate
23177,5528.04,45.0,5483.04,3112.3125,829.2059999999999,442.2432,1099.2783,2535,20,0.20048701085529194,0.007889546351084813,TREASURE ISLAND BOOK BOX,2.25,1.2375,Promotion candidate
84884A,6248.28,3.95,6244.33,3708.4575000000004,937.242,499.86240000000004,1098.7680999999995,1708,1,0.17596252920649608,0.000585480093676815,ANT WHITE WIRE HEART SPIRAL,3.95,2.1725000000000003,Monitor
22573,4408.08,0.0,4408.08,2296.36,661.2119999999999,352.64639999999997,1097.8615999999997,4912,0,0.24905664144026418,0.0,STAR WOODEN CHRISTMAS DECORATION,0.85,0.4675,Promotion candidate
22175,5293.06,23.6,5269.46,2954.5725,793.9590000000001,423.44480000000004,1097.4836999999998,1829,8,0.20827251748756034,0.004373974849644614,PINK OWL SOFT TOY,2.95,1.6225000000000003,Promotion candidate
22276,4900.16,42.9,4857.26,2633.8950000000004,735.024,392.0128,1096.3281999999997,1895,17,0.22570918583728267,0.008970976253298154,WASH BAG VINTAGE ROSE PAISLEY,2.55,1.4025,Promotion candidate
23008,6753.509999999999,118.65,6634.86,3990.03,1013.0264999999999,540.2808,1091.5226999999993,435,7,0.16451329794449307,0.016091954022988506,DOLLY GIRL BABY GIFT SET,16.95,9.3225,Monitor
22951,5807.42,116.4,5691.02,3264.5800000000004,871.1129999999999,464.59360000000004,1090.7333999999996,11032,240,0.19165868332917466,0.021754894851341553,60 CAKE CASES DOLLY GIRL DESIGN,0.55,0.30250000000000005,Monitor
22497,4243.32,21.25,4222.07,2162.1875000000005,636.4979999999999,339.4656,1083.9188999999997,930,5,0.2567268898905039,0.005376344086021506,SET OF 2 TINS VINTAGE BATHROOM,4.25,2.3375000000000004,Promotion candidate
22848,6145.55,208.35,5937.2,3440.0025,921.8325,491.64399999999995,1083.721,382,13,0.18253065418042175,0.034031413612565446,BREAD BIN DINER STYLE PINK,16.95,9.3225,Monitor
22199,7485.85,1066.75,6419.1,3613.7750000000005,1122.8775,598.868,1083.5794999999994,1829,283,0.1688055179074947,0.15472936030617823,FRYING PAN RED RETROSPOT,4.25,2.3375000000000004,Monitor
37447,4546.8099999999995,109.16,4437.65,2310.1704999999997,682.0215,363.7448,1081.7132,2895,76,0.2437581152186405,0.026252158894645942,CERAMIC CAKE DESIGN SPOTTED PLATE,1.49,0.8195,Promotion candidate
22583,4996.549999999999,272.85,4723.7,2493.6450000000004,749.4825,399.724,1080.8484999999996,1889,111,0.22881395939623592,0.058761249338274216,PACK OF 6 HANDBAG GIFT BOXES,2.55,1.4025,Promotion candidate
22971,5849.29,37.65,5811.64,3387.0375000000004,877.3935,467.9432,1079.2657999999997,2431,16,0.1857076143739116,0.00658165364047717,QUEENS GUARD COFFEE MUG,2.55,1.4025,Monitor
21587,5198.549999999999,15.299999999999999,5183.25,2910.1875000000005,779.7825,415.884,1077.3959999999995,2081,6,0.2078610910143249,0.0028832292167227293,COSY HOUR GIANT TUBE MATCHES,2.55,1.4025,Promotion candidate
21916,4763.24,94.5,4668.74,2498.2650000000003,714.486,381.0592,1074.9297999999997,11040,225,0.23023980774256003,0.020380434782608696,SET 12 RETRO WHITE CHALK STICKS,0.42,0.231,Promotion candidate
22202,4351.25,116.25,4235.0,2159.4375,652.6875,348.1,1074.775,1078,31,0.2537839433293979,0.0287569573283859,MILK PAN PINK POLKADOT,3.75,2.0625,Promotion candidate
23165,5147.66,154.5,4993.16,2737.02,772.1489999999999,411.8128,1072.1781999999996,3118,102,0.21472938980525352,0.0327132777421424,LARGE CERAMIC TOP STORAGE JAR,1.65,0.9075,Promotion candidate
21534,4852.79,143.55,4709.24,2521.0350000000003,727.9185,388.2232,1072.0633,955,29,0.22765102224562775,0.030366492146596858,DAIRY MAID LARGE MILK JUG,4.95,2.7225,Promotion candidate
20665,4262.240000000001,94.40000000000002,4167.84,2117.3625,639.336,340.97920000000005,1070.1623000000002,1337,32,0.25676664651234216,0.02393418100224383,RED RETROSPOT PURSE,2.95,1.6225000000000003,Promotion candidate
84839,8848.3,78.6,8769.7,5665.275000000001,1327.245,707.864,1069.3159999999996,1538,12,0.12193301937352469,0.007802340702210663,SWEETHEART KEY CABINET,6.75,3.7125000000000004,Monitor
85067,8239.89,202.45,8037.44,5075.757500000001,1235.9834999999998,659.1912,1066.5077999999994,498,11,0.1326924742206473,0.02208835341365462,CREAM SWEETHEART WALL CABINET,18.95,10.422500000000001,Monitor
47568,4993.52,44.970000000000006,4948.55,2733.8850000000007,749.028,399.48160000000007,1066.1553999999996,2389,22,0.21544804033504755,0.009208874005860193,ENGLISH ROSE DESIGN PEG BAG,2.1,1.1550000000000002,Promotion candidate
23310,4997.28,0.0,4997.28,2783.55,749.5919999999999,399.7824,1064.3555999999996,12050,0,0.2129869849197963,0.0,BUBBLEGUM RING ASSORTED,0.42,0.231,Promotion candidate
22027,4836.73,87.12,4749.61,2573.5710000000004,725.5095,386.9384,1063.5910999999996,11369,228,0.22393230181004328,0.020054534259829362,TEA PARTY BIRTHDAY CARD,0.42,0.231,Promotion candidate
22491,5961.049999999999,134.28,5826.7699999999995,3392.1800000000003,894.1574999999999,476.88399999999996,1063.5484999999994,7436,180,0.18252797004172114,0.02420656266810113,PACK OF 12 COLOURED PENCILS,0.85,0.4675,Monitor
46000S,5032.95,101.5,4931.45,2712.2975,754.9425,402.63599999999997,1061.5739999999998,3471,70,0.21526609820640985,0.020167098818784212,POLYESTER FILLER PAD 40x40cm,1.45,0.7975,Promotion candidate
23553,6457.15,0.0,6457.15,3911.875000000001,968.5725,516.572,1060.1304999999993,569,0,0.1641793205980966,0.0,LANDMARK FRAME CAMDEN TOWN,12.5,6.875000000000001,Monitor
22478,3855.91,2.5,3853.41,1908.5,578.3865,308.4728,1058.0507,2778,2,0.2745751684871322,0.0007199424046076314,BIRDHOUSE GARDEN MARKER,1.25,0.6875,Promotion candidate
21495,5119.3,10.5,5108.8,2873.6400000000003,767.895,409.544,1057.7209999999998,12465,25,0.207039030692139,0.0020056157240272766,SKULLS AND CROSSBONES WRAP,0.42,0.231,Promotion candidate
22743,4563.150000000001,17.700000000000003,4545.450000000001,2438.6175000000003,684.4725000000001,365.052,1057.308,1509,6,0.23260799260799256,0.003976143141153081,MAKE YOUR OWN FLOWERPOWER CARD KIT,2.95,1.6225000000000003,Promotion candidate
22030,5278.48,50.4,5228.08,2958.4170000000004,791.7719999999999,422.2784,1055.6125999999997,12927,120,0.201912097749078,0.009282896263634254,SWALLOWS GREETING CARD,0.42,0.231,Promotion candidate
48189,8477.03,67.5,8409.53,5404.784000000001,1271.5545,678.1624,1055.0290999999993,1322,10,0.12545636914310304,0.007564296520423601,DOORMAT FRIENDSHIP,7.49,4.1195,Monitor
72807A,4217.79,72.25,4145.54,2122.4500000000003,632.6685,337.4232,1052.9982999999997,925,17,0.25400751168725905,0.018378378378378378,SET/3 ROSE CANDLE IN JEWELLED BOX,4.25,2.3375000000000004,Promotion candidate
44230,3381.6200000000003,77.91,3303.71,1473.5325000000003,507.243,270.5296,1052.4049,347,10,0.31855244558390416,0.02881844380403458,SQUARE MIRROR CURTAIN,7.95,4.3725000000000005,Monitor
72807B,4658.62,119.0,4539.62,2416.9750000000004,698.793,372.6896,1051.1623999999995,1062,28,0.23155294936580584,0.026365348399246705,SET/3 OCEAN SCENT CANDLE JEWEL BOX,4.25,2.3375000000000004,Promotion candidate
21447,3846.38,1.25,3845.13,1909.875,576.957,307.7104,1050.5875999999998,2779,1,0.27322550863039735,0.0003598416696653472,12 IVORY ROSE PEG PLACE SETTINGS,1.25,0.6875,Promotion candidate
21432,5441.860000000001,129.35,5312.51,3010.7000000000003,816.279,435.34880000000004,1050.1822,943,23,0.1976809831887375,0.024390243902439025,SET OF 3 CASES WOODLAND DESIGN,5.95,3.2725000000000004,Monitor
23162,5143.6900000000005,0.0,5143.6900000000005,2912.25,771.5535,411.4952,1048.3913000000002,1412,0,0.20382085623355997,0.0,REGENCY TEA STRAINER,3.75,2.0625,Promotion candidate
22672,4737.759999999999,28.049999999999997,4709.709999999999,2571.855,710.6639999999999,379.02079999999995,1048.1701999999996,2851,17,0.2225551467075467,0.005962820063135742,FRENCH BATHROOM SIGN BLUE METAL,1.65,0.9075,Promotion candidate
21544,5054.759999999999,20.4,5034.36,2825.1025,758.2139999999999,404.38079999999997,1046.6626999999996,6067,24,0.2079038249151828,0.003955826602933905,SKULLS  WATER TRANSFER TATTOOS,0.85,0.4675,Promotion candidate
22601,4549.74,3.4,4546.34,2453.9075000000003,682.4609999999999,363.9792,1045.9922999999997,5253,4,0.23007348768459895,0.0007614696363982486,CHRISTMAS RETROSPOT ANGEL WOOD,0.85,0.4675,Promotion candidate
21896,4979.740000000001,28.650000000000002,4951.09,2760.4500000000007,746.961,398.3792,1045.2997999999995,2404,14,0.2111251865750773,0.005823627287853577,POTTING SHED TWINE,2.1,1.1550000000000002,Promotion candidate
79029,5501.12,49.349999999999994,5451.7699999999995,3143.4975,825.168,440.08959999999996,1043.0149,2958,27,0.19131674667126455,0.009127789046653144,GLASS HONEYPOT WASP CATCHER,1.95,1.0725,Monitor
23050,4286.55,8.25,4278.3,2250.6000000000004,642.9825,342.92400000000004,1041.7934999999998,497,1,0.24350641609985268,0.002012072434607646,RECYCLED ACAPULCO MAT GREEN,8.25,4.5375000000000005,Promotion candidate
23314,5037.96,62.5,4975.46,2777.5000000000005,755.694,403.0368,1039.2291999999995,409,5,0.2088709787637725,0.012224938875305624,VINTAGE CHRISTMAS TABLECLOTH,12.5,6.875000000000001,Promotion candidate
23569,4752.31,9.9,4742.41,2610.8775,712.8465,380.1848,1038.5012000000002,961,2,0.21898174135091655,0.002081165452653486,TRADTIONAL ALPHABET STAMP SET,4.95,2.7225,Promotion candidate
21623,45441.979999999996,499.20000000000005,44942.78,33453.3925,6816.297,3635.3584,1037.7320999999993,6169,56,0.023090073644754492,0.00907764629599611,VINTAGE UNION JACK MEMOBOARD,9.95,5.4725,Review margin
22653,5622.11,85.8,5536.3099999999995,3205.7025,843.3164999999999,449.7688,1037.5221999999999,3033,44,0.18740319815906262,0.014507088691064951,BUTTON BOX,1.95,1.0725,Monitor
22107,4849.34,330.71000000000004,4518.63,2367.75,727.401,387.9472,1035.5318,1243,95,0.229169416393907,0.07642799678197908,PIZZA PLATE IN BOX,3.75,2.0625,Promotion candidate
21055,3865.9399999999996,62.65,3803.29,1880.3950000000002,579.891,309.2752,1033.7287999999999,389,7,0.271798574392171,0.017994858611825194,TOOL BOX SOFT TOY,8.95,4.9225,Promotion candidate
85034C,2609.15,85.75,2523.4,890.3125,391.3725,208.732,1032.983,1318,23,0.4093615756518982,0.017450682852807285,3 ROSE MORRIS BOXED CANDLES,1.25,0.6875,Monitor
22733,4429.24,25.0,4404.24,2354.0,664.386,354.3392,1031.5148,3444,20,0.23420948903783625,0.005807200929152149,3D TRADITIONAL CHRISTMAS STICKERS,1.25,0.6875,Promotion candidate
22059,6687.49,96.85,6590.639999999999,4022.9255,1003.1234999999999,534.9992,1029.5918,4974,65,0.1562203063738878,0.013067953357458785,CERAMIC STRAWBERRY DESIGN MUG,1.49,0.8195,Monitor
82581,4673.200000000001,38.660000000000004,4634.54,2532.5300000000007,700.98,373.856,1027.1739999999998,8443,71,0.22163450957376563,0.008409333175411584,TOILET METAL SIGN,0.55,0.30250000000000005,Promotion candidate
84969,4288.43,21.25,4267.18,2258.0250000000005,643.2645,343.0744,1022.8160999999997,971,5,0.23969368529098833,0.005149330587023687,BOX OF 6 ASSORTED COLOUR TEASPOONS,4.25,2.3375000000000004,Promotion candidate
21471,5114.38,15.0,5099.38,2901.9375,767.157,409.1504,1021.1351000000002,1411,4,0.2002469123697391,0.002834868887313962,STRAWBERRY RAFFIA FOOD COVER,3.75,2.0625,Promotion candidate
22220,6895.389999999999,485.7,6409.69,3803.3875000000003,1034.3084999999999,551.6311999999999,1020.3627999999999,746,51,0.15919066288697267,0.06836461126005362,CAKE STAND LOVEBIRD 2 TIER WHITE,9.95,5.4725,Monitor
23283,7003.38,57.45,6945.93,4315.6575,1050.507,560.2704,1019.4950999999994,994,7,0.14677589610030614,0.007042253521126761,DOORMAT VINTAGE LEAF,7.95,4.3725000000000005,Monitor
84279P,4491.67,163.56,4328.11,2279.0625,673.7505,359.3336,1015.9634,1149,44,0.23473603951840413,0.038294168842471714,CHERRY BLOSSOM  DECORATIVE FLASK,3.75,2.0625,Promotion candidate
21349,4024.23,54.0,3970.23,2030.7375000000002,603.6345,321.9384,1013.9195999999997,555,8,0.2553805698914168,0.014414414414414415,IVY HEART WREATH,6.75,3.7125000000000004,Promotion candidate
21556,4249.51,10.2,4239.3099999999995,2251.0125000000003,637.4264999999999,339.9608,1010.9101999999998,1609,4,0.23846102313819936,0.002486016159105034,CERAMIC STRAWBERRY MONEY BOX,2.55,1.4025,Promotion candidate
21491,5404.0599999999995,99.44999999999999,5304.61,3052.335,810.6089999999999,432.3248,1009.3411999999995,2897,51,0.19027623142888914,0.017604418363824648,SET OF THREE VINTAGE GIFT WRAPS,1.95,1.0725,Monitor
22433,5215.53,29.25,5186.28,2979.405,782.3294999999999,417.2424,1007.3030999999995,2793,15,0.1942245887225525,0.0053705692803437165,WATERING CAN GREEN DINOSAUR,1.95,1.0725,Monitor
22779,6648.35,110.5,6537.85,4004.1375000000007,997.2524999999999,531.868,1004.5919999999993,1739,26,0.15365785388162764,0.014951121334100058,WOODEN OWLS LIGHT GARLAND,4.25,2.3375000000000004,Monitor
22731,3974.37,42.5,3931.87,2015.0625,596.1555,317.94960000000003,1002.7024,2965,34,0.2550192147756665,0.011467116357504217,3D CHRISTMAS STAMPS STICKERS,1.25,0.6875,Promotion candidate
20674,4379.77,18.560000000000002,4361.21,2352.625,656.9655,350.3816,1001.2379000000001,3437,15,0.22957800702098732,0.0043642711667151585,GREEN POLKADOT BOWL,1.25,0.6875,Promotion candidate
21192,3888.9399999999996,69.6,3819.3399999999997,1924.8075000000001,583.3409999999999,311.11519999999996,1000.0762999999997,2169,48,0.26184531882471834,0.022130013831258646,WHITE BELL HONEYCOMB PAPER,1.65,0.9075,Promotion candidate
48173C,23172.35,55.93,23116.420000000002,16786.9625,3475.8525,1853.788,999.8169999999982,4082,7,0.043251377159612005,0.0017148456638902498,DOORMAT BLACK FLOCK,7.49,4.1195,Review margin
22359,4072.83,115.05000000000001,3957.7799999999997,2021.6350000000002,610.9245,325.8264,999.3940999999996,1285,39,0.25251380824603686,0.030350194552529183,GLASS JAR KINGS CHOICE,2.95,1.6225000000000003,Promotion candidate
22612,3984.99,15.0,3969.99,2056.3125,597.7484999999999,318.7992,997.1297999999999,1001,4,0.25116682913558974,0.003996003996003996,TEA COSY VINTAGE UNION JACK,3.75,2.0625,Promotion candidate
37495,5736.35,493.2,5243.15,2926.6875,860.4525,458.908,997.102,1561,142,0.19017232007476423,0.09096732863549008,FAIRY CAKE BIRTHDAY CANDLE SET,3.75,2.0625,Monitor
21592,6576.6,30.0,6546.6,4037.0,986.49,526.128,996.9820000000001,5896,24,0.15229004368679927,0.004070556309362279,RETROSPOT CIGAR BOX MATCHES,1.25,0.6875,Monitor
23159,4771.76,52.0,4719.76,2626.6240000000003,715.764,381.74080000000004,995.6311999999997,2321,25,0.21094953980710876,0.010771219302024989,SET OF 5 PANCAKE DAY MAGNETS,2.08,1.1440000000000001,Promotion candidate
21153,4294.6900000000005,21.3,4273.39,2290.2825000000003,644.2035,343.57520000000005,995.3287999999997,393,2,0.23291316729809344,0.005089058524173028,RED SPOTTY TABLECLOTH,10.65,5.857500000000001,Promotion candidate
22332,6522.2,669.3,5852.9,3358.6575,978.3299999999999,521.7760000000001,994.1364999999998,4159,458,0.16985366228707136,0.11012262563116133,SKULLS PARTY BAG + STICKER SET,1.65,0.9075,Monitor
21329,3770.5599999999995,33.0,3737.5599999999995,1876.71,565.584,301.6448,993.6211999999998,2088,20,0.2658475583000674,0.009578544061302681,DINOSAURS  WRITING SET,1.65,0.9075,Promotion candidate
22842,5315.33,134.2,5181.13,2966.2875000000004,797.2995,425.2264,992.3165999999998,819,20,0.19152513061822415,0.02442002442002442,BISCUIT TIN VINTAGE RED,6.75,3.7125000000000004,Monitor
47599B,6664.64,343.96,6320.68,3796.485000000001,999.696,533.1712,991.3277999999992,3493,206,0.15683878949733243,0.058975093043229315,BLUE PARTY BAGS,2.1,1.1550000000000002,Monitor
20982,4254.0,24.65,4229.349999999999,2259.895,638.0999999999999,340.32,991.0349999999997,4863,29,0.2343232411599891,0.005963397079991775,12 PENCILS TALL TUBE SKULLS,0.85,0.4675,Promotion candidate
22849,6321.63,251.2,6070.429999999999,3626.4525,948.2444999999999,505.7304,990.0025999999999,405,16,0.16308607462733282,0.03950617283950617,BREAD BIN DINER STYLE MINT,16.95,9.3225,Monitor
22451,4507.04,26.8,4480.24,2457.8950000000004,676.056,360.5632,985.7257999999998,1342,8,0.22001629376997658,0.005961251862891207,SILK PURSE BABUSHKA RED,3.35,1.8425000000000002,Promotion candidate
85064,7514.86,20.200000000000003,7494.66,4781.012500000001,1127.229,601.1888,985.2296999999994,1599,4,0.1314575577811401,0.0025015634771732333,CREAM SWEETHEART LETTER RACK,5.45,2.9975000000000005,Monitor
84997b,4322.57,0.0,4322.57,2343.583,648.3855,345.8056,984.7959,514,0,0.2278264782293867,0.0,CHILDRENS CUTLERY RETROSPOT RED,8.29,4.5595,Promotion candidate
22591,3874.5499999999997,214.7,3659.85,1785.3825000000002,581.1825,309.964,983.3209999999998,1355,82,0.2686779512821563,0.06051660516605166,CARDHOLDER GINGHAM CHRISTMAS TREE,2.55,1.4025,Promotion candidate
10002,6946.51,883.5500000000001,6062.96,3484.2775,1041.9765,555.7207999999999,980.9851999999998,8676,1223,0.1617997149906976,0.14096357768556939,INFLATABLE POLITICAL GLOBE,0.85,0.4675,Monitor
85053,4382.18,84.46000000000001,4297.72,2310.0000000000005,657.327,350.5744,979.8185999999997,2041,41,0.22798567612594578,0.020088192062714356,FRENCH ENAMEL CANDLEHOLDER,2.1,1.1550000000000002,Promotion candidate
21913,4309.98,15.0,4294.98,2324.4375,646.497,344.7984,979.2470999999999,1131,4,0.22799805819817556,0.0035366931918656055,VINTAGE SEASIDE JIGSAW PUZZLES,3.75,2.0625,Promotion candidate
85049G,4733.62,56.25,4677.37,2609.75,710.043,378.6896,978.8874000000001,3841,45,0.20928158345394957,0.01171569903670919,CHOCOLATE BOX RIBBONS,1.25,0.6875,Promotion candidate
21506,4574.8099999999995,25.2,4549.61,2521.134,686.2215,365.9848,976.2696999999997,10974,60,0.2145831620732326,0.005467468562055768,"FANCY FONT BIRTHDAY CARD,",0.42,0.231,Promotion candidate
84270,4836.9,293.40000000000003,4543.5,2455.068,725.535,386.952,975.9449999999997,22996,1740,0.21480026411356878,0.07566533310140894,ASSTD DESIGN BUBBLE GUM RING,0.21,0.1155,Promotion candidate
22472,5175.17,24.75,5150.42,2986.5825,776.2755,414.01360000000005,973.5484,1102,5,0.18902310879501089,0.004537205081669692,TV DINNER TRAY DOLLY GIRL,4.95,2.7225,Monitor
21586,6036.6,94.35,5942.25,3580.5825000000004,905.49,482.92800000000005,973.2494999999997,2590,37,0.16378467752114093,0.014285714285714285,KINGS CHOICE GIANT TUBE MATCHES,2.55,1.4025,Monitor
22168,5501.43,381.65,5119.78,2884.4750000000004,825.2144999999999,440.11440000000005,969.9760999999996,662,45,0.18945659774443427,0.06797583081570997,ORGANISER WOOD ANTIQUE WHITE,8.5,4.675000000000001,Monitor
22548,4411.81,0.0,4411.81,2428.25,661.7715,352.9448,968.8437,3532,0,0.21960231741620784,0.0,HEADS AND TAILS SPORTING FUN,1.25,0.6875,Promotion candidate
22604,4983.12,61.199999999999996,4921.92,2809.2075,747.468,398.6496,966.5948999999997,2027,24,0.1963857397113321,0.011840157868771583,SET OF 4 NAPKIN CHARMS CUTLERY,2.55,1.4025,Monitor
23395,3305.83,26.25,3279.58,1555.125,495.8745,264.4664,964.1140999999999,761,7,0.2939748687331914,0.009198423127463863,BELLE JARDINIERE CUSHION COVER,3.75,2.0625,Monitor
22474,4761.38,136.0,4625.38,2567.3175,714.207,380.91040000000004,962.9451,975,32,0.2081872408321046,0.03282051282051282,SPACEBOY TV DINNER TRAY,4.95,2.7225,Promotion candidate
21472,4081.57,0.0,4081.57,2180.0625,612.2355,326.5256,962.7464000000001,1057,0,0.23587648870410163,0.0,LADYBIRD + BEE RAFFIA FOOD COVER,3.75,2.0625,Promotion candidate
21249,4791.18,46.400000000000006,4744.780000000001,2680.3700000000003,718.677,383.29440000000005,962.4385999999998,1668,16,0.20284156483546123,0.009592326139088728,WOODLAND  HEIGHT CHART STICKERS,2.95,1.6225000000000003,Promotion candidate
22609,2428.22,98.63999999999999,2329.58,810.2325000000001,364.233,194.2576,960.8568999999998,7159,144,0.41245928450621994,0.02011454113703031,PENS ASSORTED SPACEBALL,0.21,0.1155,Monitor
22600,4212.45,23.799999999999997,4188.65,2260.3625,631.8675,336.996,959.4239999999996,4863,28,0.22905327492151403,0.005757762697923093,CHRISTMAS RETROSPOT STAR WOOD,0.85,0.4675,Promotion candidate
22425,4326.47,112.55,4213.92,2259.675,648.9705,346.11760000000004,959.1569000000001,855,25,0.22761630500816343,0.029239766081871343,ENAMEL COLANDER CREAM,4.95,2.7225,Promotion candidate
22445,3975.4100000000003,0.0,3975.4100000000003,2102.76,596.3115,318.0328,958.3057,1296,0,0.24105833109037808,0.0,PENCIL CASE LIFE IS BEAUTIFUL,2.95,1.6225000000000003,Promotion candidate
85114B,3632.8999999999996,3.3,3629.6,1836.78,544.935,290.632,957.2529999999999,2026,2,0.2637351223275292,0.0009871668311944718,IVORY ENCHANTED FOREST PLACEMAT,1.65,0.9075,Promotion candidate
47580,4308.8,53.55,4255.25,2307.1125,646.3199999999999,344.704,957.1134999999997,1666,21,0.2249253275365724,0.012605042016806723,TEA TIME DES TEA COSY,2.55,1.4025,Promotion candidate
22957,5023.5,71.9,4951.6,2842.6200000000003,753.525,401.88000000000005,953.5749999999998,1778,26,0.19257916633007507,0.014623172103487065,SET 3 PAPER VINTAGE CHICK PAPER EGG,2.95,1.6225000000000003,Monitor
15039,4347.32,22.95,4324.37,2373.03,652.098,347.7856,951.4563999999998,5103,27,0.2200219685179575,0.005291005291005291,SANDALWOOD FAN,0.85,0.4675,Promotion candidate
85206A,3994.4599999999996,16.5,3977.9599999999996,2109.03,599.1689999999999,319.5568,950.2041999999998,2334,10,0.23886720831783123,0.004284490145672665,CREAM FELT EASTER EGG BASKET,1.65,0.9075,Promotion candidate
21703,5647.31,71.82,5575.49,3328.248,847.0965,451.7848,948.3606999999998,14579,171,0.17009459258289403,0.011729199533575691,BAG 125g SWIRLY MARBLES,0.42,0.231,Monitor
21143,4190.099999999999,37.05,4153.049999999999,2241.525,628.515,335.20799999999997,947.8019999999997,2109,19,0.22821829739588972,0.009009009009009009,ANTIQUE GLASS HEART DECORATION,1.95,1.0725,Promotion candidate
22530,4258.77,20.16,4238.61,2314.851,638.8155,340.7016,944.2418999999999,10069,48,0.2227715925739806,0.0047671069619624595,MAGIC DRAWING SLATE DOLLY GIRL,0.42,0.231,Promotion candidate
22618,7004.25,1226.07,5778.179999999999,3223.3025000000002,1050.6374999999998,560.3399999999999,943.8999999999999,720,131,0.16335593560602127,0.18194444444444444,COOKING SET RETROSPOT,9.95,5.4725,Monitor
23309,4527.2,48.400000000000006,4478.8,2493.8100000000004,679.0799999999999,362.176,943.7339999999997,8332,88,0.2107113512548003,0.01056168987037926,SET OF 60 I LOVE LONDON CAKE CASES,0.55,0.30250000000000005,Promotion candidate
22494,3732.17,63.75,3668.42,1866.5625,559.8255,298.5736,943.4584,2766,51,0.2571838557199012,0.01843817787418655,EMERGENCY FIRST AID TIN,1.25,0.6875,Promotion candidate
21470,4202.18,33.75,4168.43,2260.5,630.327,336.1744,941.4286000000001,1105,9,0.22584728542880653,0.008144796380090498,FLOWER VINE RAFFIA FOOD COVER,3.75,2.0625,Promotion candidate
22372,3081.93,33.95,3047.98,1400.1625000000001,462.2895,246.55440000000002,938.9735999999998,606,7,0.3080642261432161,0.01155115511551155,AIRLINE BAG VINTAGE WORLD CHAMPION,4.25,2.3375000000000004,Monitor
22128,4767.09,70.0,4697.09,2662.6875,715.0635,381.36719999999997,937.9718,3929,56,0.19969210724086614,0.014252990582845508,PARTY CONES CANDY ASSORTED,1.25,0.6875,Monitor
84580,4066.94,15.0,4051.94,2180.0625,610.0409999999999,325.35519999999997,936.4812999999999,1061,4,0.23111924164721095,0.003770028275212064,MOUSE TOY WITH PINK T-SHIRT,3.75,2.0625,Promotion candidate
22926,4174.110000000001,89.25,4084.86,2189.3025000000002,626.1165,333.9288,935.5121999999999,684,15,0.229019403357765,0.021929824561403508,IVORY GIANT GARDEN THERMOMETER,5.95,3.2725000000000004,Promotion candidate
23306,4123.38,10.149999999999999,4113.23,2233.7975,618.507,329.87039999999996,931.0550999999998,2808,7,0.22635619695470469,0.002492877492877493,SET OF 36 PANTRY PAPER DOILIES,1.45,0.7975,Promotion candidate
21648,3968.98,274.4,3694.58,1852.125,595.347,317.5184,929.5895999999999,2950,256,0.25160900562445526,0.08677966101694916,ASSORTED TUTTI FRUTTI SMALL PURSE,1.25,0.6875,Promotion candidate
21557,3178.2400000000002,2.95,3175.29,1515.4150000000002,476.736,254.25920000000002,928.8797999999998,935,1,0.2925338473021361,0.0010695187165775401,SET OF 6 FUNKY BEAKERS,2.95,1.6225000000000003,Monitor
23163,4515.22,114.4,4400.820000000001,2433.6015,677.283,361.2176,928.7179000000001,1832,55,0.2110329211374244,0.030021834061135372,REGENCY SUGAR TONGS,2.49,1.3695000000000002,Promotion candidate
22477,3369.24,1.25,3367.99,1665.8125,505.38599999999997,269.5392,927.2523,2424,1,0.2753132580559919,0.00041254125412541255,WATERING CAN GARDEN MARKER,1.25,0.6875,Promotion candidate
22589,3636.98,45.9,3591.08,1827.4575000000002,545.547,290.9584,927.1170999999997,1321,18,0.2581722211702328,0.013626040878122634,CARDHOLDER GINGHAM STAR,2.55,1.4025,Promotion candidate
21899,4336.12,43.550000000000004,4292.570000000001,2370.2250000000004,650.418,346.88960000000003,925.0373999999998,6697,67,0.2154973360946938,0.010004479617739287,GARAGE KEY FOB,0.65,0.35750000000000004,Promotion candidate
21717,4057.48,22.95,4034.5299999999997,2176.6800000000003,608.622,324.59839999999997,924.6295999999998,1561,9,0.22917901217737874,0.005765534913516977,EASTER TIN BUCKET,2.55,1.4025,Promotion candidate
22760,4519.639999999999,125.7,4393.94,2433.3375,677.9459999999999,361.5712,921.0852999999997,357,10,0.20962628074120263,0.028011204481792718,"TRAY, BREAKFAST IN BED",12.75,7.0125,Promotion candidate
23049,3896.84,24.75,3872.09,2055.4875,584.526,311.7472,920.3292999999998,456,3,0.2376828276202257,0.006578947368421052,RECYCLED ACAPULCO MAT RED,8.25,4.5375000000000005,Promotion candidate
21191,3408.61,0.0,3408.61,1708.2450000000003,511.2915,272.6888,916.3846999999997,1479,0,0.2688441036082156,0.0,LARGE WHITE HONEYCOMB PAPER BELL,2.1,1.1550000000000002,Promotion candidate
22378,6841.21,31.5,6809.71,4320.855000000001,1026.1815,547.2968,915.3766999999991,3756,15,0.13442227348888558,0.003993610223642172,WALL TIDY RETROSPOT,2.1,1.1550000000000002,Monitor
21071,5029.57,13.67,5015.9,2943.875,754.4355,402.36560000000003,915.2239000000001,4294,12,0.18246454275404217,0.0027945971122496508,VINTAGE BILLBOARD DRINK ME MUG,1.25,0.6875,Monitor
22449,4384.5,40.2,4344.3,2421.0450000000005,657.675,350.76,914.8199999999997,1326,12,0.21057937987708022,0.00904977375565611,SILK PURSE BABUSHKA PINK,3.35,1.8425000000000002,Promotion candidate
22419,3246.37,4.140000000000001,3242.23,1581.4260000000002,486.9555,259.7096,914.1388999999999,6856,10,0.28194757928956304,0.0014585764294049008,LIPSTICK PEN RED,0.42,0.231,Monitor
23354,3431.89,49.8,3382.0899999999997,1681.2895,514.7834999999999,274.5512,911.4657999999998,3743,60,0.2694977957416863,0.016029922522041145,6 GIFT TAGS 50'S CHRISTMAS,0.83,0.4565,Promotion candidate
15044D,4562.6,26.150000000000002,4536.45,2576.53,684.39,365.00800000000004,910.5219999999997,1597,9,0.20071245136615629,0.005635566687539136,RED PAPER PARASOL,2.95,1.6225000000000003,Promotion candidate
85068,6655.1900000000005,29.8,6625.39,4184.482500000001,998.2784999999999,532.4152,910.2137999999997,961,4,0.1373826748312174,0.004162330905306972,CREAM SWEETHEART SHELF + HOOKS,7.95,4.3725000000000005,Monitor
22125,4118.84,314.85,3803.9900000000002,1947.1375000000003,617.826,329.5072,909.5192999999999,658,63,0.23909613327059215,0.09574468085106383,UNION JACK HOT WATER BOTTLE,5.95,3.2725000000000004,Promotion candidate
23129,3999.5000000000005,4.15,3995.3500000000004,2166.0925,599.9250000000001,319.96000000000004,909.3725000000001,950,1,0.22760771897330645,0.0010526315789473684,HEART SHAPED HOLLY WREATH,4.15,2.2825,Promotion candidate
22780,6176.09,106.25,6069.84,3740.0000000000005,926.4135,494.0872,909.3392999999994,1625,25,0.1498127298248388,0.015384615384615385,LIGHT GARLAND BUTTERFILES PINK,4.25,2.3375000000000004,Monitor
22375,2994.74,10.6,2984.14,1386.1375000000003,449.21099999999996,239.57920000000001,909.2122999999998,595,2,0.3046815162827481,0.0033613445378151263,AIRLINE BAG VINTAGE JET SET BROWN,4.25,2.3375000000000004,Monitor
85040A,3677.8399999999997,72.6,3605.24,1854.93,551.6759999999999,294.2272,904.4067999999997,2088,44,0.2508589719408416,0.0210727969348659,S/4 PINK FLOWER CANDLES IN BOWL,1.65,0.9075,Promotion candidate
72756,5472.89,37.25,5435.64,3274.722,820.9335,437.8312,902.1533,4021,25,0.16597002376905018,0.006217358865953743,FAIRY CAKE CANDLES,1.49,0.8195,Monitor
21245,4288.639999999999,6.76,4281.88,2393.4625,643.296,343.09119999999996,902.0302999999998,2579,4,0.2106622091230954,0.0015509887553315238,GREEN POLKADOT PLATE,1.69,0.9295,Promotion candidate
22434,4749.09,35.099999999999994,4713.99,2720.9325,712.3634999999999,379.92719999999997,900.7667999999999,2555,18,0.19108373161589226,0.0070450097847358124,BALLOON PUMP WITH 10 BALLOONS,1.95,1.0725,Monitor
20785,3672.35,39.95,3632.4,1888.7000000000003,550.8525,293.788,899.0594999999998,102,1,0.24751114965312185,0.00980392156862745,FUSCHIA RETRO BAR STOOL,34.0,18.700000000000003,Promotion candidate
20981,4076.81,67.14999999999999,4009.66,2172.94,611.5215,326.1448,899.0536999999997,4727,79,0.22422192904136504,0.01671250264438333,12 PENCILS TALL TUBE WOODLAND,0.85,0.4675,Promotion candidate
21537,4359.96,247.0,4112.96,2211.2750000000005,653.9939999999999,348.7968,898.8941999999996,1010,64,0.2185516513654399,0.06336633663366337,RED RETROSPOT PUDDING BOWL,4.25,2.3375000000000004,Promotion candidate
22894,5169.28,17.0,5152.28,3064.6,775.3919999999999,413.5424,898.7455999999999,562,2,0.17443648248930568,0.0035587188612099642,TABLECLOTH RED APPLES DESIGN,9.95,5.4725,Monitor
23081,4046.5,49.5,3997.0,2168.925,606.975,323.72,897.3799999999998,484,6,0.22451338503877902,0.012396694214876033,GREEN METAL BOX ARMY SUPPLIES,8.25,4.5375000000000005,Promotion candidate
22245,4005.85,26.35,3979.5,2160.7850000000003,600.8774999999999,320.468,897.3694999999998,4653,31,0.22549805251916064,0.006662368364496024,"HOOK, 1 HANGER ,MAGIC GARDEN",0.85,0.4675,Promotion candidate
21967,4406.469999999999,0.0,4406.469999999999,2499.2055,660.9704999999999,352.5176,893.7763999999997,15669,0,0.20283274367010326,0.0,PACK OF 12 SKULL TISSUES,0.29,0.1595,Promotion candidate
23012,4208.96,31.6,4177.360000000001,2315.885,631.344,336.71680000000003,893.4141999999998,1074,8,0.2138705306700882,0.0074487895716946,GLASS APOTHECARY BOTTLE PERFUME,3.95,2.1725000000000003,Promotion candidate
22807,4102.91,51.25,4051.6600000000003,2214.7125,615.4365,328.2328,893.2781999999999,1384,19,0.22047215215491917,0.013728323699421965,SET OF 6 T-LIGHTS TOADSTOOLS,2.95,1.6225000000000003,Promotion candidate
23144,4197.83,36.519999999999996,4161.3099999999995,2303.0425,629.6744999999999,335.8264,892.7665999999997,5089,44,0.2145397963622032,0.008646099430143446,ZINC T-LIGHT HOLDER STARS SMALL,0.83,0.4565,Promotion candidate
23176,4697.58,101.25,4596.33,2625.9750000000004,704.637,375.8064,889.9116,2167,45,0.19361351339003074,0.02076603599446239,ABC TREASURE BOOK BOX,2.25,1.2375,Monitor
23275,4557.97,95.41,4462.56,2524.5,683.6955,364.6376,889.7269,3749,77,0.1993758963464917,0.020538810349426513,SET OF 3 HANGING OWLS OLLIE BEAK,1.25,0.6875,Monitor
22162,3746.75,35.400000000000006,3711.3500000000004,1961.6025000000004,562.0125,299.74,887.9949999999998,1221,12,0.23926468805151757,0.009828009828009828,HEART GARLAND RUSTIC PADDED,2.95,1.6225000000000003,Promotion candidate
21364,3427.9700000000003,13.5,3414.4700000000003,1741.1625000000001,514.1955,274.23760000000004,884.8743999999998,471,2,0.25915424648627744,0.004246284501061571,PEACE SMALL WOOD LETTERS,6.75,3.7125000000000004,Promotion candidate
21901,4077.76,99.45,3978.3100000000004,2155.7250000000004,611.6640000000001,326.22080000000005,884.7001999999999,6183,153,0.22238091048711633,0.024745269286754003,"KEY FOB , BACK DOOR",0.65,0.35750000000000004,Promotion candidate
84508A,8091.4800000000005,21.9,8069.580000000001,5328.097500000001,1213.722,647.3184000000001,880.4421000000001,3809,10,0.10910631036559523,0.002625360987135731,CAMOUFLAGE DESIGN TEDDY,2.55,1.4025,Monitor
85232D,3705.96,64.35000000000001,3641.61,1911.1950000000002,555.894,296.4768,878.0442,715,13,0.2411142873619086,0.01818181818181818,SET/3 DECOUPAGE STACKING TINS,4.95,2.7225,Promotion candidate
11001,7413.72,1093.39,6320.33,3737.5195,1112.058,593.0975999999999,877.6548999999999,4832,811,0.13886219548662806,0.16783940397350994,ASSTD DESIGN RACING CAR PEN,1.69,0.9295,Monitor
22172,3451.82,34.0,3417.82,1748.4500000000003,517.773,276.1456,875.4513999999998,378,4,0.25614321409553453,0.010582010582010581,METAL SHELF WITH RAIL,8.5,4.675000000000001,Promotion candidate
22562,4693.55,0.0,4693.55,2741.0625,704.0325,375.48400000000004,872.971,3987,0,0.18599375739046137,0.0,MONSTERS STENCIL CRAFT,1.25,0.6875,Monitor
20967,4012.34,75.0,3937.34,2142.9375,601.851,320.9872,871.5643,1059,20,0.22135865838357877,0.018885741265344664,GREY FLORAL FELTCRAFT SHOULDER BAG,3.75,2.0625,Promotion candidate
23157,5170.1,444.0,4726.1,2665.5200000000004,775.515,413.608,871.4569999999997,2570,240,0.18439241658026695,0.0933852140077821,SET OF 6 NATIVITY MAGNETS,2.08,1.1440000000000001,Monitor
23504,2857.64,0.0,2857.64,1329.625,428.646,228.6112,870.7578000000001,1934,0,0.3047122100754469,0.0,PLAYING CARDS JUBILEE UNION JACK,1.25,0.6875,Monitor
85063,5460.639999999999,1060.7,4399.94,2274.69,819.096,436.85119999999995,869.3027999999998,310,66,0.1975715123388046,0.2129032258064516,CREAM SWEETHEART MAGAZINE RACK,16.95,9.3225,Monitor
17091J,2204.35,0.0,2204.35,828.4760000000001,330.6525,176.348,868.8734999999999,3964,0,0.3941631319890217,0.0,VANILLA INCENSE IN TIN,0.38,0.20900000000000002,Monitor
22792,3271.73,10.2,3261.5299999999997,1642.3275,490.75949999999995,261.7384,866.7045999999998,3525,12,0.26573559035176736,0.003404255319148936,FLUTED ANTIQUE CANDLE HOLDER,0.85,0.4675,Monitor
23353,3517.5199999999995,19.919999999999998,3497.6,1822.348,527.6279999999999,281.4016,866.2223999999998,4016,24,0.24766193961573643,0.00597609561752988,6 GIFT TAGS VINTAGE CHRISTMAS,0.83,0.4565,Promotion candidate
22475,3871.65,29.700000000000003,3841.9500000000003,2085.435,580.7475,309.732,866.0355,772,6,0.22541560926092216,0.007772020725388601,SKULL DESIGN TV DINNER TRAY,4.95,2.7225,Promotion candidate
15044B,4644.13,2.95,4641.18,2707.9525000000003,696.6195,371.5304,865.0775999999997,1670,1,0.18639173658423067,0.0005988023952095808,BLUE PAPER PARASOL,2.95,1.6225000000000003,Monitor
23332,3570.7599999999998,3.3,3567.4599999999996,1882.155,535.6139999999999,285.6608,864.0301999999998,2076,2,0.24219758595751598,0.0009633911368015414,IVORY WICKER HEART LARGE,1.65,0.9075,Promotion candidate
22611,4343.58,19.8,4323.780000000001,2461.1400000000003,651.537,347.4864,863.6166000000001,908,4,0.19973648057949292,0.004405286343612335,VINTAGE UNION JACK SHOPPING BAG,4.95,2.7225,Monitor
23127,3763.9500000000003,64.35000000000001,3699.6000000000004,1971.0900000000001,564.5925,301.11600000000004,862.8015,737,13,0.23321480700616282,0.017639077340569877,FELTCRAFT GIRL NICOLE KIT,4.95,2.7225,Promotion candidate
22186,5434.35,182.29999999999998,5252.05,3139.5375000000004,815.1525,434.748,862.6119999999997,2005,70,0.16424291467141397,0.034912718204488775,RED STAR CARD HOLDER,2.95,1.6225000000000003,Monitor
79320,4357.38,77.10000000000001,4280.28,2417.58,653.607,348.5904,860.5026,904,16,0.20103885727101967,0.017699115044247787,FLAMINGO LIGHTS,4.95,2.7225,Promotion candidate
22129,3100.22,15.299999999999999,3084.9199999999996,1511.8950000000002,465.03299999999996,248.0176,859.9743999999998,3252,18,0.2787671641403991,0.005535055350553505,PARTY CONES CANDY DECORATION,0.85,0.4675,Monitor
22908,4529.95,5.949999999999999,4524.0,2622.675,679.4925,362.396,859.4364999999998,5617,7,0.18997270114942524,0.001246216841730461,PACK OF 20 NAPKINS RED APPLES,0.85,0.4675,Monitor
23130,3988.98,37.35,3951.63,2175.2225000000003,598.3470000000001,319.1184,858.9421000000001,962,9,0.2173639991598404,0.009355509355509356,MISTLETOE HEART WREATH GREEN,4.15,2.2825,Promotion candidate
21474,4189.5,139.64999999999998,4049.85,2227.4175,628.425,335.16,858.8474999999999,210,7,0.21206896551724136,0.03333333333333333,SWEETHEART CREAM STEEL FOLDIN BENCH,19.95,10.9725,Promotion candidate
23552,3883.99,0.0,3883.99,2132.416,582.5985,310.7192,858.2562999999998,1864,0,0.22097283978589025,0.0,BICYCLE PUNCTURE REPAIR KIT,2.08,1.1440000000000001,Promotion candidate
23237,4278.54,69.35000000000001,4209.1900000000005,2366.9525,641.7810000000001,342.2832,858.1733000000002,1054,17,0.20388086543966893,0.016129032258064516,SET OF 4 KNICK KNACK TINS LEAF,4.15,2.2825,Promotion candidate
21034,3951.0499999999997,26.599999999999998,3924.45,2158.4474999999998,592.6574999999999,316.084,857.2610000000001,4159,28,0.21844105543451953,0.006732387593171436,REX CASH+CARRY JUMBO SHOPPER,0.95,0.5225,Promotion candidate
22399,4739.6,30.0,4709.6,2763.75,710.94,379.168,855.7420000000001,4044,24,0.18170163071173773,0.005934718100890208,MAGNETS PACK OF 4 CHILDHOOD MEMORY,1.25,0.6875,Monitor
21327,3386.7599999999998,0.0,3386.7599999999998,1752.3825,508.01399999999995,270.94079999999997,855.4226999999998,1931,0,0.25257848208907624,0.0,SKULLS WRITING SET,1.65,0.9075,Promotion candidate
21528,5721.85,213.4,5508.45,3337.0425000000005,858.2775,457.74800000000005,855.3819999999998,905,32,0.15528542511958898,0.03535911602209945,DAIRY MAID TRADITIONAL TEAPOT,6.95,3.8225000000000002,Monitor
22790,3884.0000000000005,0.0,3884.0000000000005,2136.2000000000003,582.6,310.72,854.4800000000002,200,0,0.22000000000000003,0.0,"MIRROR, ARCHED GEORGIAN",19.42,10.681000000000001,Promotion candidate
23053,3262.57,8.25,3254.32,1651.65,489.3855,261.0056,852.2788999999998,365,1,0.26189154723567437,0.0027397260273972603,RECYCLED ACAPULCO MAT PINK,8.25,4.5375000000000005,Monitor
23110,4158.68,293.25,3865.43,2058.7875,623.802,332.69440000000003,850.1461,702,51,0.21993571219760805,0.07264957264957266,PARISIENNE KEY CABINET,5.75,3.1625,Promotion candidate
22892,4329.56,139.94,4189.62,2344.375,649.434,346.3648,849.4462,3526,116,0.20275017782042284,0.032898468519568916,SET OF SALT AND PEPPER TOADSTOOLS,1.25,0.6875,Promotion candidate
21355,4225.55,60.0,4165.55,2344.375,633.8325,338.044,849.2985000000001,3458,48,0.2038862815234483,0.013880855986119144,TOAST ITS - I LOVE YOU,1.25,0.6875,Promotion candidate
21056,4970.28,693.9,4276.38,2284.04,745.5419999999999,397.62239999999997,849.1755999999998,546,82,0.1985734663430284,0.15018315018315018,DOCTOR'S BAG SOFT TOY,8.95,4.9225,Monitor
22284,4067.24,42.89999999999999,4024.3399999999997,2240.6175000000003,610.0859999999999,325.37919999999997,848.2572999999998,2495,26,0.21078171824448227,0.010420841683366733,HEN HOUSE DECORATION,1.65,0.9075,Promotion candidate
48197,5905.64,0.0,5905.64,3699.3110000000006,885.846,472.45120000000003,848.0317999999996,898,0,0.143596934455876,0.0,DOORMAT BIRD ON THE WIRE,7.49,4.1195,Monitor
84510A,3264.14,26.25,3237.89,1642.4375,489.621,261.1312,844.7003,2410,21,0.260879863120736,0.008713692946058092,SET OF 4 ENGLISH ROSE COASTERS,1.25,0.6875,Monitor
21054,3573.7999999999997,17.9,3555.8999999999996,1890.2400000000002,536.0699999999999,285.904,843.6859999999997,386,2,0.23726370257881263,0.0051813471502590676,NURSE'S BAG SOFT TOY,8.95,4.9225,Promotion candidate
46000M,3901.3500000000004,32.55,3868.8,2127.8400000000006,585.2025,312.108,843.6494999999998,2517,21,0.21806490384615376,0.00834326579261025,POLYESTER FILLER PAD 45x45cm,1.55,0.8525000000000001,Promotion candidate
23340,4053.8799999999997,0.0,4053.8799999999997,2279.64,608.0819999999999,324.31039999999996,841.8475999999999,2512,0,0.20766465706927684,0.0,VINTAGE CHRISTMAS CAKE FRILL,1.65,0.9075,Promotion candidate
22774,3636.06,34.81,3601.25,1924.3125,545.409,290.8848,840.6437,2827,28,0.2334310864283235,0.009904492394764769,RED DRAWER KNOB ACRYLIC EDWARDIAN,1.25,0.6875,Promotion candidate
20784,3570.87,39.95,3530.92,1870.0000000000002,535.6305,285.6696,839.6198999999998,101,1,0.237790689112186,0.009900990099009901,RED RETRO BAR STOOL,34.0,18.700000000000003,Promotion candidate
84031A,4409.92,71.55,4338.37,2484.5315,661.488,352.7936,839.5568999999999,1100,27,0.19351897141092161,0.024545454545454544,CHARLIE+LOLA RED HOT WATER BOTTLE,4.21,2.3155,Monitor
84950,4279.07,44.5,4234.57,2412.0360000000005,641.8605,342.3256,838.3478999999998,6149,58,0.19797710275187322,0.0094324280370792,ASSORTED COLOUR T-LIGHT HOLDER,0.72,0.396,Monitor
84968D,5393.71,12.75,5380.96,3302.8875000000003,809.0564999999999,431.4968,837.5191999999996,472,1,0.15564494067972995,0.00211864406779661,SET OF 16 VINTAGE RED CUTLERY,12.75,7.0125,Monitor
22119,5631.17,48.650000000000006,5582.52,3451.7175,844.6754999999999,450.4936,835.6333999999998,910,7,0.1496874888043392,0.007692307692307693,PEACE WOODEN BLOCK LETTERS,6.95,3.8225000000000002,Monitor
22070,5720.24,474.79,5245.45,3095.8125,858.036,457.61920000000003,833.9823,1840,339,0.15899156411747326,0.1842391304347826,SMALL RED RETROSPOT MUG IN BOX,3.75,2.0625,Monitor
23194,4086.37,83.25,4003.12,2229.975,612.9555,326.9096,833.2799,1839,37,0.20815761206259117,0.02011963023382273,GYMKHANA TREASURE BOOK BOX,2.25,1.2375,Promotion candidate
22291,4456.429999999999,69.6,4386.83,2532.0625,668.4644999999999,356.51439999999997,829.7885999999999,3223,48,0.1891544919680042,0.014892956872479057,HANGING CHICK CREAM DECORATION,1.45,0.7975,Monitor
22306,2340.62,28.7,2311.92,945.6260000000001,351.09299999999996,187.24960000000002,827.9513999999998,1639,17,0.358122858922454,0.010372178157413058,SILVER MUG BONE CHINA TREE OF LIFE,1.06,0.5830000000000001,Monitor
20786,3533.9,79.9,3454.0,1813.9000000000003,530.085,282.712,827.3029999999998,99,2,0.2395202663578459,0.020202020202020204,BLACK RETRO BAR STOOL,34.0,18.700000000000003,Promotion candidate
85049C,3770.04,31.25,3738.79,2045.3125,565.506,301.6032,826.3683,3000,25,0.22102559919118217,0.008333333333333333,ROMANTIC PINKS RIBBONS,1.25,0.6875,Promotion candidate
23032,3876.7799999999997,75.89999999999999,3800.8799999999997,2083.62,581.5169999999999,310.1424,825.6005999999998,2342,46,0.21721301382837654,0.01964133219470538,DRAWER KNOB CRACKLE GLAZE IVORY,1.65,0.9075,Promotion candidate
23255,4101.37,37.35,4064.02,2296.195,615.2055,328.1096,824.5099,1015,9,0.20288037460445568,0.008866995073891626,CHILDRENS CUTLERY CIRCUS PARADE,4.15,2.2825,Promotion candidate
21911,4085.7999999999997,19.799999999999997,4065.9999999999995,2302.3275000000003,612.8699999999999,326.864,823.9384999999997,2549,12,0.20264104771273975,0.004707728520988623,GARDEN METAL SIGN,1.65,0.9075,Promotion candidate
22531,3512.8,0.0,3512.8,1882.188,526.92,281.024,822.6679999999998,8148,0,0.23419152812571162,0.0,MAGIC DRAWING SLATE CIRCUS PARADE,0.42,0.231,Promotion candidate
22862,3394.47,17.0,3377.47,1774.1625000000004,509.17049999999995,271.55760000000004,822.5793999999997,763,4,0.24354898785185355,0.005242463958060288,LOVE HEART NAPKIN BOX,4.25,2.3375000000000004,Promotion candidate
22721,4678.71,0.0,4678.71,2782.395,701.8065,374.2968,820.2117,1022,0,0.17530723212167454,0.0,SET OF 3 CAKE TINS SKETCHBOOK,4.95,2.7225,Monitor
90057,2675.88,0.0,2675.88,1240.25,401.382,214.0704,820.1776,1804,0,0.3065076161860771,0.0,DIAMANTE RING ASSORTED IN BOX.,1.25,0.6875,Monitor
22281,3303.71,95.2,3208.51,1629.7050000000002,495.55649999999997,264.2968,818.9517,514,16,0.2552436177540353,0.0311284046692607,EASTER TREE YELLOW BIRDS,5.95,3.2725000000000004,Monitor
23051,3223.49,16.5,3206.99,1647.1125000000002,483.5235,257.8792,818.4747999999997,365,2,0.2552158877950975,0.005479452054794521,RECYCLED ACAPULCO MAT BLUE,8.25,4.5375000000000005,Monitor
22891,3124.95,157.25,2967.7,1430.5500000000002,468.74249999999995,249.996,818.4114999999998,649,37,0.27577298918354276,0.05701078582434515,TEA FOR ONE POLKADOT,4.25,2.3375000000000004,Monitor
20886,3551.92,11.7,3540.22,1905.8325,532.788,284.1536,817.4458999999998,1783,6,0.23090257102665931,0.0033651149747616375,BOX OF 9 PEBBLE CANDLES,1.95,1.0725,Promotion candidate
23091,3725.07,43.75,3681.32,2007.5000000000002,558.7605,298.0056,817.0538999999997,591,7,0.22194590527310845,0.011844331641285956,ZINC HERB GARDEN CONTAINER,6.25,3.4375000000000004,Promotion candidate
22980,3914.9599999999996,124.04999999999998,3790.9099999999994,2073.6375000000003,587.2439999999999,313.1968,816.8316999999997,2366,81,0.2154711401747865,0.03423499577345731,PANTRY SCRUBBING BRUSH,1.65,0.9075,Promotion candidate
16161U,4084.92,31.5,4053.42,2298.681,612.7379999999999,326.79359999999997,815.2073999999999,10026,75,0.2011159465340379,0.007480550568521843,WRAP SUKI AND FRIENDS,0.42,0.231,Promotion candidate
22285,4281.009999999999,19.799999999999997,4261.21,2462.0475,642.1514999999999,342.4808,814.5301999999997,2725,12,0.19114997852722576,0.004403669724770643,HANGING HEN ON NEST DECORATION,1.65,0.9075,Monitor
21878,4590.73,304.81,4285.92,2416.975,688.6094999999999,367.2584,813.0770999999997,5591,421,0.1897088839735692,0.07529958862457521,PACK OF 6 SANDCASTLE FLAGS ASSORTED,0.85,0.4675,Monitor
84828,3321.43,45.0,3276.43,1699.5,498.2145,265.7144,813.0011,2508,36,0.24813626416557044,0.014354066985645933,JUNGLE POPSICLES ICE LOLLY MOULDS,1.25,0.6875,Monitor
23013,3678.11,23.7,3654.4100000000003,1996.5275000000004,551.7165,294.2488,811.9171999999999,925,6,0.2221746328408689,0.006486486486486486,GLASS APOTHECARY BOTTLE TONIC,3.95,2.1725000000000003,Promotion candidate
72349B,4058.3900000000003,25.200000000000003,4033.1900000000005,2289.2100000000005,608.7585,324.67120000000006,810.5502999999997,1994,12,0.2009700262075428,0.006018054162487462,SET/6 PURPLE BUTTERFLY T-LIGHTS,2.1,1.1550000000000002,Promotion candidate
22777,3855.82,50.15,3805.67,2108.425,578.373,308.4656,810.4063999999998,457,6,0.21294710261268052,0.01312910284463895,GLASS CLOCHE LARGE,8.5,4.675000000000001,Promotion candidate
85183B,2731.7599999999998,131.25,2600.5099999999998,1161.875,409.764,218.5408,810.3302,1725,35,0.31160433914885927,0.020289855072463767,CHARLIE & LOLA WASTEPAPER BIN FLORA,1.25,0.6875,Monitor
23299,3784.13,30.0,3754.13,2076.9375,567.6195,302.73040000000003,806.8426000000001,1015,8,0.21492132664558766,0.007881773399014778,FOOD COVER WITH BEADS SET 2,3.75,2.0625,Promotion candidate
23556,4974.51,12.5,4962.01,3011.2500000000005,746.1764999999999,397.9608,806.6226999999993,439,1,0.16255966836020067,0.002277904328018223,LANDMARK FRAME COVENT GARDEN,12.5,6.875000000000001,Monitor
21590,4151.28,32.5,4118.78,2358.125,622.692,332.1024,805.8606000000001,3456,26,0.1956551697347273,0.007523148148148148,KINGS CHOICE CIGAR BOX MATCHES,1.25,0.6875,Monitor
23554,4830.53,0.0,4830.53,2915.0000000000005,724.5794999999999,386.4424,804.5080999999993,424,0,0.1665465487223968,0.0,LANDMARK FRAME OXFORD STREET,12.5,6.875000000000001,Monitor
22797,4205.5599999999995,411.75,3793.81,2022.9825,630.834,336.4448,803.5486999999998,242,25,0.21180520373977607,0.10330578512396695,CHEST OF DRAWERS GINGHAM HEART,16.95,9.3225,Promotion candidate
22428,3386.62,104.25,3282.37,1701.0125,507.993,270.9296,802.4349,460,15,0.24446814344513262,0.03260869565217391,ENAMEL FIRE BUCKET CREAM,6.95,3.8225000000000002,Monitor
23010,4896.549999999999,50.849999999999994,4845.7,2917.9425,734.4825,391.724,801.5509999999996,316,3,0.16541490393544783,0.00949367088607595,CIRCUS PARADE BABY GIFT SET,16.95,9.3225,Monitor
23191,3656.9399999999996,4.949999999999999,3651.99,2010.1125000000002,548.5409999999999,292.55519999999996,800.7812999999998,2218,3,0.21927258836962857,0.001352569882777277,BUNDLE OF 3 RETRO NOTE BOOKS,1.65,0.9075,Promotion candidate
22794,3271.35,39.75,3231.6,1679.0400000000002,490.7025,261.708,800.1494999999999,389,5,0.24760165243223167,0.012853470437017995,SWEETHEART WIRE MAGAZINE RACK,7.95,4.3725000000000005,Monitor
22176,3548.63,26.550000000000004,3522.0800000000004,1909.6825000000003,532.2945,283.8904,796.2126,1186,9,0.2260631785762958,0.007588532883642495,BLUE OWL SOFT TOY,2.95,1.6225000000000003,Promotion candidate
22805,3026.32,16.25,3010.07,1518.0,453.948,242.1056,796.0164,2221,13,0.26445112572132873,0.00585321927059883,BLUE DRAWER KNOB ACRYLIC EDWARDIAN,1.25,0.6875,Monitor
23555,4818.07,0.0,4818.07,2915.0000000000005,722.7105,385.4456,794.9138999999993,424,0,0.16498595910810748,0.0,LANDMARK FRAME NOTTING HILL,12.5,6.875000000000001,Monitor
22376,2647.0299999999997,0.0,2647.0299999999997,1243.5500000000002,397.05449999999996,211.7624,794.6630999999998,532,0,0.30020932894602625,0.0,AIRLINE BAG VINTAGE JET SET WHITE,4.25,2.3375000000000004,Monitor
22773,3186.11,15.0,3171.11,1644.5,477.9165,254.8888,793.8046999999999,2404,12,0.25032392443024676,0.004991680532445923,GREEN DRAWER KNOB ACRYLIC EDWARDIAN,1.25,0.6875,Monitor
22603,3553.79,11.049999999999999,3542.74,1931.71,533.0685,284.3032,793.6582999999997,4145,13,0.2240238628857889,0.0031363088057901087,CHRISTMAS RETROSPOT TREE WOOD,0.85,0.4675,Promotion candidate
23131,3840.13,24.9,3815.2300000000005,2138.7025000000003,576.0195,307.2104,793.2976000000001,943,6,0.2079291680973362,0.006362672322375398,MISTLETOE HEART WREATH CREAM,4.15,2.2825,Promotion candidate
21609,4195.14,0.0,4195.14,2436.9950000000003,629.2710000000001,335.6112,793.2627999999999,1502,0,0.18909090042287022,0.0,SET 12 LAVENDER  BOTANICAL T-LIGHTS,2.95,1.6225000000000003,Monitor
22965,3838.2400000000002,79.80000000000001,3758.4400000000005,2085.9300000000003,575.736,307.05920000000003,789.7147999999997,1844,38,0.21011770841093635,0.020607375271149676,3 TRADITIONAl BISCUIT CUTTERS  SET,2.1,1.1550000000000002,Promotion candidate
22851,4214.929999999999,66.3,4148.63,2390.795,632.2394999999999,337.1944,788.4010999999998,5192,78,0.1900389044094074,0.015023112480739599,SET 20 NAPKINS FAIRY CAKES DESIGN,0.85,0.4675,Monitor
23393,3230.41,78.75,3151.66,1621.125,484.5615,258.4328,787.5406999999999,807,21,0.2498812371892907,0.026022304832713755,HOME SWEET HOME CUSHION COVER,3.75,2.0625,Monitor
22458,3795.5699999999997,0.0,3795.5699999999997,2138.8125,569.3354999999999,303.6456,783.7763999999997,1525,0,0.2064976801903271,0.0,CAST IRON HOOK GARDEN FORK,2.55,1.4025,Promotion candidate
22118,3873.0200000000004,9.9,3863.1200000000003,2188.89,580.953,309.8416,783.4354000000001,806,2,0.2027986187330448,0.0024813895781637717,JOY WOODEN BLOCK LETTERS,4.95,2.7225,Promotion candidate
21246,3685.63,39.6,3646.03,2017.3725000000002,552.8445,294.85040000000004,780.9626000000001,749,8,0.21419533026332752,0.010680907877169559,RED RETROSPOT BIG BOWL,4.95,2.7225,Promotion candidate
22167,6066.28,248.74999999999997,5817.53,3644.6850000000004,909.942,485.3024,777.6005999999999,691,25,0.13366507779074624,0.0361794500723589,OVAL WALL MIRROR DIAMANTE,9.95,5.4725,Monitor
22639,4036.42,15.299999999999999,4021.12,2315.5275,605.463,322.9136,777.2158999999997,1657,6,0.19328343844501028,0.003621001810500905,SET OF 4 NAPKIN CHARMS HEARTS,2.55,1.4025,Monitor
23350,3456.33,30.0,3426.33,1854.1875,518.4495,276.5064,777.1865999999999,2721,24,0.2268277136177776,0.008820286659316428,ROLL WRAP VINTAGE SPOT,1.25,0.6875,Promotion candidate
23558,4741.37,0.0,4741.37,2873.7500000000005,711.2055,379.3096,777.1048999999994,418,0,0.16389880983766283,0.0,LANDMARK FRAME LONDON BRIDGE,12.5,6.875000000000001,Monitor
21207,5599.07,709.25,4889.82,2825.0475,839.8604999999999,447.9256,776.9863999999997,3602,489,0.15889877336998084,0.13575791227096057,SKULL AND CROSSBONES  GARLAND,1.65,0.9075,Monitor
21039,3423.6499999999996,40.8,3382.85,1819.0425000000002,513.5475,273.892,776.3679999999997,1313,16,0.22950116026427414,0.012185833968012186,RED RETROSPOT SHOPPING BAG,2.55,1.4025,Promotion candidate
21812,3957.09,128.70000000000002,3828.3900000000003,2142.6075,593.5635,316.5672,775.6518000000001,813,26,0.2026052204712686,0.03198031980319803,GARLAND WITH HEARTS AND BELLS,4.95,2.7225,Promotion candidate
21272,3119.83,16.25,3103.58,1610.8125,467.9745,249.5864,775.2066,2356,13,0.24977819163675496,0.0055178268251273345,SALLE DE BAIN HOOK,1.25,0.6875,Monitor
23294,3631.0499999999997,10.79,3620.2599999999998,2011.7955,544.6574999999999,290.484,773.3229999999998,4420,13,0.21360979598150404,0.0029411764705882353,SET OF 6 SNACK LOAF BAKING CASES,0.83,0.4565,Promotion candidate
22075,4676.65,19.799999999999997,4656.849999999999,2808.7125,701.4975,374.132,772.5079999999997,3107,12,0.1658863824258887,0.0038622465400708077,6 RIBBONS ELEGANT CHRISTMAS,1.65,0.9075,Monitor
23388,3448.69,0.0,3448.69,1883.0625000000002,517.3035,275.8952,772.4287999999999,825,0,0.22397745230797778,0.0,WOODLAND MINI BACKPACK,4.15,2.2825,Promotion candidate
22956,4896.490000000001,283.20000000000005,4613.290000000001,2715.4050000000007,734.4735000000001,391.71920000000006,771.6922999999997,2503,152,0.16727591371884265,0.060727127447063524,36 FOIL HEART CAKE CASES,2.1,1.1550000000000002,Monitor
22572,3102.48,2.55,3099.93,1614.7450000000001,465.37199999999996,248.1984,771.6145999999999,3457,3,0.24891355611255736,0.0008678044547295343,ROCKING HORSE GREEN CHRISTMAS,0.85,0.4675,Monitor
22525,2752.54,18.75,2733.79,1329.625,412.881,220.2032,771.0808,1949,15,0.28205560778260214,0.007696254489481785,CHILDRENS GARDEN GLOVES PINK,1.25,0.6875,Monitor
85123a,3444.02,0.0,3444.02,1881.594,516.603,275.5216,770.3013999999998,516,0,0.22366345143175703,0.0,WHITE HANGING HEART T-LIGHT HOLDER,6.63,3.6465,Promotion candidate
21262,2374.8700000000003,88.45,2286.42,970.2550000000001,356.2305,189.98960000000002,769.9449000000001,609,11,0.33674692313748134,0.0180623973727422,WHITE GOOSE FEATHER CHRISTMAS TREE,2.95,1.6225000000000003,Monitor
23396,2780.5299999999997,15.0,2765.5299999999997,1357.125,417.0795,222.4424,768.8830999999999,662,4,0.2780237784439149,0.006042296072507553,LE JARDIN BOTANIQUE CUSHION COVER,3.75,2.0625,Monitor
22309,3466.73,66.3,3400.43,1834.47,520.0095,277.3384,768.6120999999998,1334,26,0.22603379572583462,0.019490254872563718,TEA COSY RED  STRIPE,2.55,1.4025,Promotion candidate
23497,3660.37,17.4,3642.97,2032.8275,549.0554999999999,292.82959999999997,768.2573999999998,2561,12,0.2108876548530457,0.004685669660288949,CLASSIC CHROME BICYCLE BELL,1.45,0.7975,Promotion candidate
21466,3479.79,0.0,3479.79,1911.9375,521.9685,278.3832,767.5008,927,0,0.2205595165225488,0.0,RED FLOWER CROCHET FOOD COVER,3.75,2.0625,Promotion candidate
22939,3517.39,69.30000000000001,3448.09,1875.8025,527.6085,281.3912,763.2878,703,14,0.22136539359471474,0.01991465149359886,ADULT APRON APPLE DELIGHT,4.95,2.7225,Promotion candidate
85227,3114.49,25.5,3088.99,1609.6025000000002,467.17349999999993,249.1592,763.0547999999998,3473,30,0.24702404345757023,0.008638065073423552,SET OF 6 3D KIT CARDS FOR KIDS,0.85,0.4675,Monitor
22127,4160.61,122.31,4038.3,2321.0,624.0915,332.8488,760.3597000000001,3474,98,0.18828707624495458,0.028209556706966035,PARTY CONES CARNIVAL ASSORTED,1.25,0.6875,Monitor
23065,3439.94,12.5,3427.44,1876.8750000000002,515.991,275.1952,759.3787999999997,274,1,0.22155859767056454,0.0036496350364963502,LARGE DECO JEWELLERY STAND,12.5,6.875000000000001,Promotion candidate
23014,3427.4800000000005,35.55,3391.9300000000003,1844.4525000000003,514.1220000000001,274.1984,759.1570999999999,858,9,0.2238127260880973,0.01048951048951049,GLASS APOTHECARY BOTTLE ELIXIR,3.95,2.1725000000000003,Promotion candidate
15044C,3036.11,13.95,3022.1600000000003,1565.7125000000003,455.4165,242.8888,758.1421999999999,970,5,0.2508610397861132,0.005154639175257732,PURPLE PAPER PARASOL,2.95,1.6225000000000003,Monitor
22122,3295.9800000000005,0.0,3295.9800000000005,1779.8825000000002,494.397,263.6784,758.0221,1097,0,0.22998382878536883,0.0,SET OF 2 FANCY FONT TEA TOWELS,2.95,1.6225000000000003,Monitor
22524,2713.23,17.5,2695.73,1313.8125,406.98449999999997,217.0584,757.8746,1925,14,0.2811389122797906,0.007272727272727273,CHILDRENS GARDEN GLOVES BLUE,1.25,0.6875,Monitor
21507,3460.45,10.08,3450.37,1896.7410000000002,519.0675,276.836,757.7254999999998,8235,24,0.21960702765210682,0.0029143897996357013,ELEPHANT BIRTHDAY CARD,0.42,0.231,Promotion candidate
22959,4002.96,147.0,3855.96,2180.1780000000003,600.444,320.2368,755.1011999999998,9788,350,0.19582703140074062,0.03575807110747854,WRAP CHRISTMAS VILLAGE,0.42,0.231,Monitor
79072,3093.15,149.25,2943.9,1477.575,463.97249999999997,247.452,754.9005,285,15,0.25642871700805053,0.05263157894736842,TEATIME CAKE TIN WITH HANDLE,9.95,5.4725,Monitor
20956,3102.57,37.5,3065.07,1597.0625,465.3855,248.2056,754.4164,2353,30,0.246133497766772,0.012749681257968552,PORCELAIN T-LIGHT HOLDERS ASSORTED,1.25,0.6875,Monitor
22723,4282.570000000001,7.9,4274.67,2535.3075000000003,642.3855,342.60560000000004,754.3713999999998,1169,2,0.17647476881256324,0.001710863986313088,SET OF 6 HERB TINS SKETCHBOOK,3.95,2.1725000000000003,Monitor
21563,6881.610000000001,52.05,6829.56,4492.7025,1032.2415,550.5288,754.0871999999996,2788,19,0.11041519512237971,0.0068149210903873745,RED HEART SHAPE LOVE BUCKET,2.95,1.6225000000000003,Monitor
85199S,2794.74,10.08,2784.66,1388.5410000000002,419.21099999999996,223.57920000000001,753.3287999999999,6035,24,0.27052810756070755,0.003976801988400994,SMALL HANGING IVORY/RED WOOD BIRD,0.42,0.231,Monitor
22136,3330.47,4.55,3325.9199999999996,1806.8325,499.5704999999999,266.4376,753.0793999999997,1994,3,0.22642739452542449,0.0015045135406218655,LOVE HEART SOCK HANGER,1.65,0.9075,Monitor
22778,3844.46,250.77,3593.69,1957.4225000000004,576.669,307.5568,752.0416999999998,972,71,0.20926727124487637,0.07304526748971193,GLASS CLOCHE SMALL,3.95,2.1725000000000003,Promotion candidate
21509,3592.2599999999998,10.08,3582.18,2006.0040000000001,538.8389999999999,287.3808,749.9561999999999,8708,24,0.20935748622347283,0.002756086357372531,COWBOYS AND INDIANS BIRTHDAY CARD,0.42,0.231,Promotion candidate
22744,4260.71,163.7,4097.01,2367.2275000000004,639.1065,340.8568,749.8191999999999,1521,62,0.18301619961874632,0.04076265614727153,MAKE YOUR OWN MONSOON CARD KIT,2.95,1.6225000000000003,Monitor
22972,3234.5899999999997,56.099999999999994,3178.49,1685.2275000000002,485.1884999999999,258.7672,749.3067999999997,1891,34,0.23574301004565054,0.017979904812268643,CHILDREN'S SPACEBOY MUG,1.65,0.9075,Monitor
22762,3276.62,244.9,3031.72,1529.385,491.49299999999994,262.1296,748.7124,204,18,0.2469596136846411,0.08823529411764706,CUPBOARD 3 DRAWER MA CAMPAGNE,14.95,8.2225,Monitor
22454,4007.38,41.300000000000004,3966.0800000000004,2297.4600000000005,601.107,320.59040000000005,746.9225999999999,1430,14,0.1883276686299822,0.009790209790209791,MEASURING TAPE BABUSHKA RED,2.95,1.6225000000000003,Monitor
21987,3990.6600000000003,138.04999999999998,3852.61,2187.9000000000005,598.599,319.25280000000004,746.8581999999998,6421,301,0.19385772242713376,0.04687743342158542,PACK OF 6 SKULL PAPER CUPS,0.65,0.35750000000000004,Monitor
22823,3655.0,0.0,3655.0,2068.0,548.25,292.40000000000003,746.35,32,0,0.20419972640218878,0.0,CHEST NATURAL WOOD 20 DRAWERS,117.5,64.625,Promotion candidate
23193,4097.28,45.0,4052.28,2363.625,614.592,327.7824,746.2805999999999,1930,20,0.1841631377890965,0.010362694300518135,BUFFALO BILL TREASURE BOOK BOX,2.25,1.2375,Monitor
71038,3821.9500000000003,70.85,3751.1000000000004,2128.2250000000004,573.2925,305.75600000000003,743.8264999999999,723,13,0.19829556663378736,0.017980636237897647,WHITE HANGING BEADS CANDLE HOLDER,5.45,2.9975000000000005,Monitor
85178,6030.7699999999995,337.85,5692.92,3562.625,904.6155,482.4616,743.2178999999999,5483,301,0.13055126367488035,0.054896954222141164,VICTORIAN SEWING KIT,1.25,0.6875,Monitor
23367,2495.75,10.4,2485.35,1168.6675000000002,374.3625,199.66000000000003,742.6599999999999,3285,16,0.2988150562295048,0.004870624048706241,SET 12 COLOUR PENCILS SPACEBOY,0.65,0.35750000000000004,Monitor
22479,2706.19,0.0,2706.19,1341.3125,405.9285,216.49519999999998,742.4538,1951,0,0.2743539071535997,0.0,DAISY GARDEN MARKER,1.25,0.6875,Monitor
85172,2288.0,64.25999999999999,2223.74,958.6500000000001,343.2,183.04,738.85,4303,153,0.3322555694460684,0.03555658842667906,HYACINTH BULB T-LIGHT CANDLES,0.42,0.231,Monitor
21829,3269.8999999999996,60.69,3209.21,1718.409,490.48499999999996,261.592,738.7239999999997,15167,289,0.23018873803833334,0.01905452627414782,DINOSAUR KEYRINGS ASSORTED,0.21,0.1155,Monitor
23132,5219.1,23.0,5196.1,3257.375,782.865,417.528,738.332,1034,4,0.14209349319682069,0.0038684719535783366,SMALL IVORY HEART WALL ORGANISER,5.75,3.1625,Monitor
22272,3851.2900000000004,2.95,3848.34,2224.4475,577.6935,308.1032,738.0957999999999,1372,1,0.1917958912154331,0.0007288629737609329,FELTCRAFT DOLL MARIA,2.95,1.6225000000000003,Monitor
37501,3422.0,104.25,3317.75,1792.7525000000003,513.3,273.76000000000005,737.9375,484,15,0.22242106849521512,0.030991735537190084,TEA TIME TEA SET IN GIFT BOX,6.95,3.8225000000000002,Monitor
23329,3056.3399999999997,4.949999999999999,3051.39,1610.8125,458.4509999999999,244.50719999999998,737.6192999999998,1778,3,0.24173222695230695,0.001687289088863892,DECORATIVE WICKER HEART LARGE,1.65,0.9075,Monitor
23485,5843.92,407.4,5436.52,3355.0000000000005,876.588,467.5136,737.4183999999996,262,18,0.13564162368574006,0.06870229007633588,BOTANICAL GARDENS WALL CLOCK,25.0,13.750000000000002,Monitor
21713,5221.04,233.00000000000003,4988.04,3050.3550000000005,783.156,417.6832,736.8457999999996,2769,128,0.14772251224930025,0.04622607439508848,CITRONELLA CANDLE FLOWERPOT,2.1,1.1550000000000002,Monitor
21765,3155.89,66.75,3089.14,1626.5700000000002,473.38349999999997,252.4712,736.7152999999997,381,9,0.23848556556193626,0.023622047244094488,HANGING METAL BIRD BATH,7.95,4.3725000000000005,Monitor
21629,1977.27,7.95,1969.32,778.3050000000001,296.59049999999996,158.1816,736.2429,179,1,0.3738564072877948,0.00558659217877095,SQUARE FLOOR CUSHION VINTAGE RED,7.95,4.3725000000000005,Monitor
22704,3585.76,21.0,3564.76,2004.6180000000002,537.864,286.8608,735.4171999999999,8728,50,0.20630202313760249,0.0057286892758936754,WRAP RED APPLES,0.42,0.231,Promotion candidate
21743,3778.88,174.05,3604.8300000000004,2000.5425000000002,566.832,302.3104,735.1450999999998,1292,59,0.20393336162870365,0.0456656346749226,STAR PORTABLE TABLE LIGHT,2.95,1.6225000000000003,Promotion candidate
22132,2993.21,10.2,2983.0099999999998,1560.0475000000001,448.9815,239.4568,734.5241999999998,3349,12,0.2462359160713507,0.0035831591519856674,RED LOVE HEART SHAPE CUP,0.85,0.4675,Monitor
21614,4541.12,336.05,4205.070000000001,2428.8825,681.168,363.2896,731.7298999999998,1628,131,0.1740113482058562,0.08046683046683047,SET OF 12 ROSE BOTANICAL T-LIGHTS,2.95,1.6225000000000003,Monitor
22962,3647.73,72.97,3574.7599999999998,2004.64,547.1595,291.8184,731.1420999999998,4374,86,0.2045290033456791,0.019661636945587563,JAM JAR WITH PINK LID,0.85,0.4675,Promotion candidate
21820,3162.39,112.5,3049.89,1594.3125,474.3585,252.99120000000002,728.2278,803,30,0.238771824557607,0.037359900373599,GLITTER HEART GARLAND WITH BELLS,3.75,2.0625,Monitor
84558A,3666.4600000000005,73.75,3592.7100000000005,2023.2575000000004,549.969,293.3168,726.1666999999999,1272,25,0.20212226981860484,0.019654088050314465,3D DOG PICTURE PLAYING CARDS,2.95,1.6225000000000003,Promotion candidate
21821,2915.35,48.75,2866.6,1470.5625,437.3025,233.228,725.5070000000001,726,13,0.25308972301681437,0.01790633608815427,GLITTER STAR GARLAND WITH BELLS,3.75,2.0625,Monitor
84352,3505.58,118.65,3386.93,1855.1775,525.837,280.4464,725.4690999999999,206,7,0.21419666187373224,0.03398058252427184,SILVER CHRISTMAS TREE BAUBLE STAND,16.95,9.3225,Promotion candidate
23323,3155.1800000000003,6.300000000000001,3148.88,1697.8500000000004,473.27700000000004,252.41440000000003,725.3385999999998,1473,3,0.23034812377734298,0.002036659877800407,WHITE WICKER STAR,2.1,1.1550000000000002,Monitor
23264,2694.56,1.25,2693.31,1350.9375,404.18399999999997,215.5648,722.6237,1966,1,0.2683032031218092,0.000508646998982706,SET OF 3 WOODEN SLEIGH DECORATIONS,1.25,0.6875,Monitor
21988,5820.95,368.64,5452.3099999999995,3391.2450000000003,873.1424999999999,465.676,722.2464999999996,7830,576,0.13246614737606624,0.0735632183908046,PACK OF 6 SKULL PAPER PLATES,0.85,0.4675,Monitor
21519,3160.0099999999998,15.120000000000001,3144.89,1696.4640000000002,474.00149999999996,252.8008,721.6236999999999,7380,36,0.22945912257662426,0.004878048780487805,GIN & TONIC DIET GREETING CARD,0.42,0.231,Monitor
84968E,4490.48,51.0,4439.48,2685.7875000000004,673.5719999999999,359.2384,720.8820999999997,387,4,0.1623798507933361,0.0103359173126615,SET OF 16 VINTAGE BLACK CUTLERY,12.75,7.0125,Monitor
22843,3872.01,107.2,3764.81,2156.9625,580.8015,309.7608,717.2851999999998,597,16,0.19052361208135332,0.02680067001675042,BISCUIT TIN VINTAGE GREEN,6.75,3.7125000000000004,Monitor
22576,2838.48,5.1,2833.3799999999997,1463.275,425.77199999999993,227.0784,717.2545999999999,3136,6,0.25314451291390494,0.001913265306122449,SWALLOW WOODEN CHRISTMAS DECORATION,0.85,0.4675,Monitor
84837,3235.54,0.0,3235.54,1774.1625000000001,485.33099999999996,258.8432,717.2033,253,0,0.22166417352281229,0.0,WHITE SWEETHEARTS CABINET 4 DRAWERS,12.75,7.0125,Monitor
48188,28662.03,85.35,28576.68,21267.840000000004,4299.3045,2292.9624,716.5730999999969,4875,11,0.025075449632357465,0.0022564102564102562,DOORMAT WELCOME PUPPIES,7.95,4.3725000000000005,Review margin
23035,3226.0899999999997,13.049999999999999,3213.04,1754.5,483.9135,258.0872,716.5392999999999,2209,9,0.22300976645170925,0.004074241738343142,DRAWER KNOB CERAMIC IVORY,1.45,0.7975,Monitor
82578,3134.7400000000002,7.15,3127.59,1691.5800000000004,470.211,250.7792,715.0197999999998,5605,13,0.22861685834780127,0.0023193577163247102,KITCHEN METAL SIGN,0.55,0.30250000000000005,Monitor
21473,3212.16,79.8,3132.3599999999997,1678.7925,481.82399999999996,256.9728,714.7706999999999,157,4,0.2281891928130866,0.025477707006369428,SWEETHEART CREAM STEEL TABLE RECT,19.95,10.9725,Monitor
21333,3197.9900000000002,59.02,3138.9700000000003,1689.0225000000003,479.6985,255.8392,714.4097999999999,1059,18,0.22759370111851973,0.0169971671388102,CLASSIC WHITE FRAME,2.95,1.6225000000000003,Monitor
23189,3507.51,2.89,3504.62,1983.6960000000001,526.1265,280.6008,714.1967,1249,1,0.20378720089481883,0.0008006405124099279,SET OF 12 FORK CANDLES,2.89,1.5895000000000001,Promotion candidate
20692,3699.76,8.5,3691.26,2127.1250000000005,554.9639999999999,295.9808,713.1901999999998,912,2,0.19321050264679263,0.0021929824561403508,FLORAL ELEPHANT SOFT TOY,4.25,2.3375000000000004,Monitor
22320,3550.9700000000003,136.85,3414.1200000000003,1884.9600000000003,532.6455,284.0776,712.4369,599,23,0.2086736552903823,0.038397328881469114,BIRDS MOBILE VINTAGE DESIGN,5.95,3.2725000000000004,Promotion candidate
22421,2352.7,18.6,2334.1,1080.6180000000002,352.905,188.216,712.3609999999999,4723,45,0.3051972923182383,0.009527842473004446,LIPSTICK PEN FUSCHIA,0.42,0.231,Monitor
23089,4217.73,25.65,4192.08,2509.65,632.6595,337.41839999999996,712.3520999999997,2355,15,0.16992807866262089,0.006369426751592357,GLASS BON BON JAR,1.95,1.0725,Monitor
23156,3437.85,49.92,3387.9300000000003,1885.3120000000004,515.6775,275.028,711.9124999999998,1672,24,0.21013199800468124,0.014354066985645933,SET OF 5 MINI GROCERY MAGNETS,2.08,1.1440000000000001,Promotion candidate
21688,2881.05,17.700000000000003,2863.3500000000004,1489.4550000000002,432.1575,230.484,711.2535000000001,924,6,0.24839907800303843,0.006493506493506494,SILVER PLATE CANDLE BOWL SMALL,2.95,1.6225000000000003,Monitor
22037,3055.86,5.04,3050.82,1637.7900000000002,458.379,244.4688,710.1821999999999,7102,12,0.2327840383896788,0.0016896648831315122,ROBOT BIRTHDAY CARD,0.42,0.231,Monitor
22544,3758.2,38.22,3719.98,2147.145,563.73,300.656,708.4489999999997,9386,91,0.19044430346399704,0.009695290858725761,MINI JIGSAW SPACEBOY,0.42,0.231,Monitor
23210,3617.78,219.76,3398.02,1857.625,542.667,289.4224,708.3055999999999,2902,200,0.20844656594134228,0.06891798759476224,WHITE ROCKING HORSE HAND PAINTED,1.25,0.6875,Promotion candidate
21917,3336.82,8.82,3328.0,1852.3890000000001,500.52299999999997,266.9456,708.1423999999998,8040,21,0.21278317307692302,0.0026119402985074628,SET 12 KIDS  WHITE CHALK STICKS,0.42,0.231,Monitor
22194,3212.1,51.0,3161.1,1715.7250000000001,481.815,256.968,706.5919999999998,373,6,0.22352725317136432,0.0160857908847185,BLACK DINER WALL CLOCK,8.5,4.675000000000001,Monitor
82494l,3155.93,0.0,3155.93,1723.491,473.3895,252.4744,706.5751,378,0,0.22388807736546756,0.0,WOODEN FRAME ANTIQUE WHITE,8.29,4.5595,Monitor
72802A,3806.9,185.09,3621.81,2040.6375000000003,571.035,304.552,705.5854999999997,918,45,0.1948157136901162,0.049019607843137254,ROSE SCENT CANDLE IN JEWELLED BOX,4.25,2.3375000000000004,Monitor
23133,5525.4,8.25,5517.15,3543.7875000000004,828.81,442.032,702.5204999999996,782,1,0.12733394959354008,0.0012787723785166241,LARGE IVORY HEART WALL ORGANISER,8.25,4.5375000000000005,Monitor
23342,3193.41,8.5,3184.91,1748.4500000000003,479.01149999999996,255.4728,701.9756999999997,375,1,0.22040676188652106,0.0026666666666666666,MINT DINER WALL CLOCK,8.5,4.675000000000001,Monitor
21630,1973.3899999999999,44.75,1928.6399999999999,772.8325000000001,296.00849999999997,157.8712,701.9277999999999,162,5,0.3639496225319396,0.030864197530864196,FLOOR CUSHION ELEPHANT CARNIVAL,8.95,4.9225,Monitor
22927,2948.57,83.3,2865.27,1485.7150000000001,442.28549999999996,235.8856,701.3838999999998,468,14,0.24478806534811723,0.029914529914529916,GREEN GIANT GARDEN THERMOMETER,5.95,3.2725000000000004,Monitor
85183A,2275.75,18.75,2257.0,1033.3125,341.3625,182.06,700.265,1512,9,0.3102636242800177,0.005952380952380952,CHARLIE & LOLA WASTEPAPER BIN BLUE,1.25,0.6875,Monitor
22902,3527.56,50.400000000000006,3477.1600000000003,1965.8100000000004,529.134,282.20480000000003,700.0111999999997,1726,24,0.20131693681050042,0.013904982618771726,TOTE BAG I LOVE LONDON,2.1,1.1550000000000002,Promotion candidate
79323P,13787.93,4021.35,9766.58,5895.450000000001,2068.1895,1103.0344,699.9060999999998,2281,693,0.07166337653508187,0.3038141166155195,PINK CHERRY LIGHTS,6.75,3.7125000000000004,Review margin
22406,3169.35,55.660000000000004,3113.69,1686.4375,475.4025,253.548,698.3019999999999,2503,50,0.22426831187433557,0.01997602876548142,MONEY BOX KINGS CHOICE DESIGN,1.25,0.6875,Monitor
22334,3555.66,31.349999999999998,3524.31,2008.2975000000001,533.3489999999999,284.45279999999997,698.2106999999999,2232,19,0.19811273696127749,0.008512544802867384,DINOSAUR PARTY BAG + STICKER SET,1.65,0.9075,Monitor
23266,2757.57,15.0,2742.57,1410.75,413.6355,220.6056,697.5789,2064,12,0.25435226812806966,0.005813953488372093,SET OF 3 WOODEN STOCKING DECORATION,1.25,0.6875,Monitor
20702,3330.7,46.75,3283.95,1820.9125000000004,499.60499999999996,266.456,696.9764999999998,790,11,0.21223724478143693,0.013924050632911392,PINK PADDED MOBILE,4.25,2.3375000000000004,Monitor
20985,3059.24,54.43,3004.81,1605.3125,458.88599999999997,244.7392,695.8723,2379,44,0.2315861235818571,0.018495166036149643,HEART CALCULATOR,1.25,0.6875,Monitor
23404,4561.76,143.55,4418.21,2673.4950000000003,684.264,364.9408,695.5101999999999,1011,29,0.15741900000226333,0.028684470820969338,HOME SWEET HOME BLACKBOARD,4.95,2.7225,Monitor
21123,3398.06,60.0,3338.06,1861.0625,509.709,271.8448,695.4436999999999,2755,48,0.20833768715960765,0.017422867513611617,SET/10 IVORY POLKADOT PARTY CANDLES,1.25,0.6875,Promotion candidate
84795C,2752.59,7.95,2744.6400000000003,1416.69,412.88849999999996,220.2072,694.8543,325,1,0.2531677378454004,0.003076923076923077,OCEAN STRIPE HAMMOCK,7.95,4.3725000000000005,Monitor
22154,3117.42,85.67999999999999,3031.74,1620.4650000000001,467.613,249.3936,694.2683999999998,7219,204,0.22899998020938467,0.028258761601329823,ANGEL DECORATION 3 BUTTONS,0.42,0.231,Monitor
21902,3419.0800000000004,37.050000000000004,3382.03,1901.5425000000002,512.8620000000001,273.5264,694.0990999999999,5376,57,0.20523150297306644,0.010602678571428572,"KEY FOB , FRONT  DOOR",0.65,0.35750000000000004,Promotion candidate
84997d,3097.3799999999997,0.0,3097.3799999999997,1691.5745,464.60699999999997,247.79039999999998,693.4080999999999,371,0,0.22386923787200794,0.0,CHILDRENS CUTLERY POLKADOT PINK,8.29,4.5595,Monitor
23111,3839.2400000000002,283.2,3556.04,1980.0000000000002,575.886,307.1392,693.0147999999998,312,24,0.19488385957413298,0.07692307692307693,PARISIENNE SEWING BOX,12.5,6.875000000000001,Monitor
21408,3057.71,21.25,3036.46,1640.9250000000002,458.6565,244.6168,692.2616999999998,707,5,0.22798314484630122,0.007072135785007072,SPOTTY PINK DUCK DOORSTOP,4.25,2.3375000000000004,Monitor
23009,4082.5199999999995,0.0,4082.5199999999995,2451.8175,612.3779999999999,326.60159999999996,691.7228999999996,263,0,0.16943527527115598,0.0,I LOVE LONDON BABY GIFT SET,16.95,9.3225,Monitor
21992,6766.15,17.700000000000003,6748.45,4501.4310000000005,1014.9225,541.292,690.8045,3333,6,0.10236491342456415,0.0018001800180018,VINTAGE PAISLEY STATIONERY SET,2.46,1.353,Monitor
22299,4432.07,71.25,4360.82,2651.0,664.8104999999999,354.5656,690.4439,3913,57,0.15832891520402126,0.014566828520316892,PIG KEYRING WITH LIGHT & SOUND,1.25,0.6875,Monitor
22822,3379.25,11.9,3367.35,1901.3225000000002,506.8875,270.34000000000003,688.7999999999998,583,2,0.2045525413158715,0.003430531732418525,CREAM WALL PLANTER HEART SHAPED,5.95,3.2725000000000004,Promotion candidate
84849B,3244.14,21.970000000000002,3222.17,1787.4285,486.62100000000004,259.5312,688.5893000000001,1936,13,0.21370359105819994,0.006714876033057851,FAIRY SOAP SOAP HOLDER,1.69,0.9295,Monitor
84909A,2797.55,0.0,2797.55,1465.6125,419.6325,223.804,688.5010000000001,209,0,0.24610855927508,0.0,PINK PAISLEY QUILT,12.75,7.0125,Monitor
23196,2848.04,18.849999999999998,2829.19,1485.7425,427.20599999999996,227.8432,688.3983,1876,13,0.2433199254910416,0.006929637526652452,VINTAGE LEAF MAGNETIC NOTEPAD,1.45,0.7975,Monitor
22155,2716.33,22.26,2694.07,1380.9180000000001,407.4495,217.3064,688.3960999999999,6031,53,0.255522722126745,0.008787929033327806,STAR DECORATION RUSTIC,0.42,0.231,Monitor
23253,3848.8599999999997,31.9,3816.96,2245.76,577.329,307.9088,685.9621999999997,258,2,0.1797142752347417,0.007751937984496124,16 PIECE CUTLERY SET PANTRY DESIGN,15.95,8.7725,Monitor
22816,2976.13,20.16,2955.97,1586.508,446.41949999999997,238.0904,684.9520999999999,6916,48,0.2317182177085694,0.006940427993059572,CARD MOTORBIKE SANTA,0.42,0.231,Monitor
22925,2995.4700000000003,47.6,2947.8700000000003,1574.0725000000002,449.3205,239.63760000000002,684.8393999999998,489,8,0.23231668967763155,0.016359918200409,BLUE GIANT GARDEN THERMOMETER,5.95,3.2725000000000004,Monitor
22081,2779.19,67.65,2711.54,1387.5674999999999,416.87850000000003,222.33520000000001,684.7588000000001,1570,41,0.25253501700140885,0.026114649681528664,RIBBON REEL FLORA + FAUNA,1.65,0.9075,Monitor
22459,3410.14,0.0,3410.14,1943.865,511.52099999999996,272.8112,681.9427999999998,1386,0,0.1999750156885054,0.0,CAST IRON HOOK GARDEN TROWEL,2.55,1.4025,Monitor
22222,6165.79,24.75,6141.04,4042.9125000000004,924.8685,493.26320000000004,679.9957999999999,1490,5,0.1107297461016375,0.003355704697986577,CAKE PLATE LOVEBIRD WHITE,4.95,2.7225,Monitor
85040B,3838.5299999999997,97.64999999999999,3740.8799999999997,2178.9075000000003,575.7795,307.0824,679.1105999999996,2466,65,0.1815376595881182,0.026358475263584754,SET/4 BLUE FLOWER CANDLES IN BOWL,1.65,0.9075,Monitor
23341,2749.85,0.0,2749.85,1439.9000000000003,412.47749999999996,219.98800000000003,677.4844999999998,308,0,0.24637143844209677,0.0,PINK DINER WALL CLOCK,8.5,4.675000000000001,Monitor
23424,2529.42,4.95,2524.47,1265.9625,379.413,202.3536,676.7409,466,1,0.2680724666959798,0.002145922746781116,GINGHAM RECIPE BOOK BOX,4.95,2.7225,Monitor
22292,3786.79,34.8,3751.99,2204.29,568.0185,302.9432,676.7382999999999,2788,24,0.18036783147076615,0.00860832137733142,HANGING CHICK  YELLOW DECORATION,1.45,0.7975,Monitor
23232,3478.92,21.42,3457.5,1980.825,521.838,278.3136,676.5233999999999,8626,51,0.19566837310195226,0.005912357987479713,WRAP VINTAGE LEAF DESIGN,0.42,0.231,Monitor
84279B,3088.17,63.75,3024.42,1637.625,463.2255,247.0536,676.5159,811,17,0.22368450810403315,0.02096177558569667,CHERRY BLOSSOM DECORATIVE FLASK,3.75,2.0625,Monitor
47505,3532.3700000000003,87.05000000000001,3445.32,1957.4775000000002,529.8555,282.5896,675.3974000000001,738,19,0.19603328573252993,0.025745257452574527,MINATURE COLOURED GARDENING SET,4.95,2.7225,Monitor
85114C,2263.06,0.0,2263.06,1069.9424999999999,339.45899999999995,181.0448,672.6137,1179,0,0.29721425857025446,0.0,RED ENCHANTED FOREST PLACEMAT,1.65,0.9075,Monitor
84997c,2958.87,0.0,2958.87,1609.5035,443.8305,236.7096,668.8263999999999,353,0,0.22604115760408533,0.0,CHILDRENS CUTLERY POLKADOT BLUE,8.29,4.5595,Monitor
21626,3024.87,117.0,2907.87,1544.4,453.73049999999995,241.9896,667.7498999999998,1500,60,0.2296354032332944,0.04,VINTAGE UNION JACK PENNANT,1.95,1.0725,Monitor
23054,2621.43,8.25,2613.18,1343.1000000000001,393.2145,209.7144,667.1510999999998,297,1,0.25530239019126116,0.003367003367003367,RECYCLED ACAPULCO MAT LAVENDER,8.25,4.5375000000000005,Monitor
21211,3369.99,17.4,3352.5899999999997,1910.8100000000002,505.4985,269.5992,666.6822999999998,2408,12,0.1988558994687689,0.0049833887043189366,SET OF 72 SKULL PAPER  DOILIES,1.45,0.7975,Monitor
84975,3300.2,15.21,3284.99,1859.9295,495.03,264.016,666.0145,2010,9,0.2027447572138728,0.004477611940298508,HEART SHAPED MIRROR,1.69,0.9295,Monitor
23308,3279.21,0.0,3279.21,1860.6775000000005,491.8815,262.33680000000004,664.3141999999998,6151,0,0.20258361007681722,0.0,SET OF 60 VINTAGE LEAF CAKE CASES,0.55,0.30250000000000005,Monitor
47502,6855.75,387.95,6467.8,4228.5375,1028.3625,548.46,662.4399999999998,640,37,0.10242122514610838,0.0578125,POLKADOT CUTLERY 24 PCS IN TRAY,12.75,7.0125,Monitor
20787,2535.1,0.0,2535.1,1290.3000000000002,380.265,202.808,661.7269999999999,69,0,0.2610259950297818,0.0,BLUE RETRO BAR STOOL,34.0,18.700000000000003,Monitor
22735,2566.13,0.0,2566.13,1314.9675,384.91949999999997,205.2904,660.9526000000001,1449,0,0.25756785509697483,0.0,RIBBON REEL SOCKS AND MITTENS,1.65,0.9075,Monitor
40016,5492.35,0.0,5492.35,3568.257,823.8525,439.388,660.8524999999998,15447,0,0.12032235746083185,0.0,CHINESE DRAGON PAPER LANTERNS,0.42,0.231,Monitor
84968F,3571.77,0.0,3571.77,2089.725,535.7655,285.7416,660.5378999999999,298,0,0.18493293241166142,0.0,SET OF 16 VINTAGE SKY BLUE CUTLERY,12.75,7.0125,Monitor
20960,2550.84,0.0,2550.84,1306.25,382.626,204.06719999999999,657.8968,1900,0,0.25791378526289377,0.0,WATERMELON BATH SPONGE,1.25,0.6875,Monitor
22974,2810.66,33.0,2777.66,1474.6875,421.59899999999993,224.85279999999997,656.5206999999998,1645,20,0.23635747355687875,0.0121580547112462,CHILDRENS DOLLY GIRL MUG,1.65,0.9075,Monitor
22948,2166.39,10.2,2156.19,1002.7875,324.95849999999996,173.31119999999999,655.1327999999999,2157,12,0.3038381589748584,0.005563282336578581,METAL DECORATION NAUGHTY CHILDREN,0.85,0.4675,Monitor
84469,2249.41,0.0,2249.41,1077.3400000000001,337.4115,179.9528,654.7056999999998,664,0,0.29105663262811127,0.0,ROSE DES PADDED FLOOR CUSHION,2.95,1.6225000000000003,Monitor
22670,5513.07,1340.56,4172.51,2250.875,826.9605,441.04560000000004,653.6289,4434,1160,0.15665124828939894,0.2616147947677041,FRENCH WC SIGN BLUE METAL,1.25,0.6875,Monitor
23167,4476.009999999999,365.19,4110.82,2429.493,671.4014999999999,358.0808,651.8446999999998,5847,525,0.1585680472509134,0.08978963571062083,SMALL CERAMIC TOP STORAGE JAR,0.83,0.4565,Monitor
22691,5214.04,665.35,4548.6900000000005,2697.8325000000004,782.106,417.1232,651.6282999999996,760,143,0.143256256196839,0.1881578947368421,DOORMAT WELCOME SUNRISE,7.95,4.3725000000000005,Monitor
85049D,2930.46,0.0,2930.46,1606.0,439.569,234.4368,650.4542,2336,0,0.2219631730172055,0.0,BRIGHT BLUES RIBBONS,1.25,0.6875,Monitor
23352,2462.95,15.0,2447.95,1231.3125,369.4425,197.036,650.159,1803,12,0.2655932514961499,0.0066555740432612314,ROLL WRAP 50'S RED CHRISTMAS,1.25,0.6875,Monitor
21214,2922.27,1.45,2920.8199999999997,1599.785,438.34049999999996,233.7816,648.9128999999999,2007,1,0.2221680555460453,0.0004982561036372695,SET OF 72 IVORY PAPER DOILIES,1.45,0.7975,Monitor
22650,2736.73,53.64999999999999,2683.08,1405.195,410.5095,218.9384,648.4370999999999,1799,37,0.24167639429312576,0.02056698165647582,CERAMIC PIRATE CHEST MONEY BANK,1.45,0.7975,Monitor
22315,2759.51,6.25,2753.26,1470.5625,413.9265,220.7608,648.0102,2144,5,0.23536106288545217,0.0023320895522388058,200 RED + WHITE BENDY STRAWS,1.25,0.6875,Monitor
22047,3372.0,89.0,3283.0,1859.5500000000002,505.79999999999995,269.76,647.8899999999999,8300,250,0.19734693877551016,0.030120481927710843,EMPIRE GIFT WRAP,0.42,0.231,Monitor
21693,2743.0200000000004,0.0,2743.0200000000004,1465.1175000000003,411.45300000000003,219.44160000000002,647.0079000000001,903,0,0.23587429183892206,0.0,SMALL HAMMERED SILVER CANDLEPOT,2.95,1.6225000000000003,Monitor
21949,3164.18,7.5,3156.68,1782.0,474.62699999999995,253.1344,646.9186,2598,6,0.20493638886424978,0.0023094688221709007,SET OF 6 STRAWBERRY CHOPSTICKS,1.25,0.6875,Monitor
22440,3437.21,22.68,3414.53,1977.1290000000001,515.5815,274.9768,646.8427,8613,54,0.18943828286762746,0.006269592476489028,BALLOON WATER BOMB PACK OF 35,0.42,0.231,Monitor
22536,3589.18,47.81999999999999,3541.36,2071.377,538.377,287.1344,644.4715999999999,9098,131,0.18198420945625404,0.014398768960211035,MAGIC DRAWING SLATE PURDEY,0.42,0.231,Monitor
23211,2933.07,30.0,2903.07,1586.0625,439.96049999999997,234.6456,642.4014,2331,24,0.22128346887949651,0.010296010296010296,RED ROCKING HORSE HAND PAINTED,1.25,0.6875,Monitor
22897,2897.65,60.9,2836.75,1528.01,434.6475,231.81199999999998,642.2805000000001,1958,42,0.22641420639816695,0.021450459652706845,OVEN MITT APPLES DESIGN,1.45,0.7975,Monitor
23333,2721.7,15.0,2706.7,1442.375,408.255,217.736,638.334,2110,12,0.23583478035984778,0.005687203791469194,IVORY WICKER HEART MEDIUM,1.25,0.6875,Monitor
21813,3791.11,103.95,3687.1600000000003,2178.0,568.6665,303.28880000000004,637.2047000000001,821,21,0.17281720890875363,0.025578562728380026,GARLAND WITH STARS AND BELLS,4.95,2.7225,Monitor
21274,2446.19,12.75,2433.44,1234.2,366.9285,195.6952,636.6163,177,1,0.26161166907751987,0.005649717514124294,EMBOSSED HEART 3 DRAWER SHELF,12.75,7.0125,Monitor
22277,2931.69,4.2,2927.4900000000002,1617.0000000000005,439.75350000000003,234.53520000000003,636.2012999999997,1402,2,0.21731971757375762,0.0014265335235378032,COSMETIC BAG VINTAGE ROSE PAISLEY,2.1,1.1550000000000002,Monitor
22674,2962.58,17.5,2945.08,1628.0,444.387,237.0064,635.6866,2382,14,0.2158469718988958,0.005877413937867338,FRENCH TOILET SIGN BLUE METAL,1.25,0.6875,Monitor
23231,3008.34,0.0,3008.34,1680.987,451.251,240.66719999999998,635.4347999999999,7277,0,0.21122439617862337,0.0,WRAP  VINTAGE DOILY,0.42,0.231,Monitor
23489,2709.23,0.0,2709.23,1451.2135,406.3845,216.7384,634.8935999999999,913,0,0.23434466619666838,0.0,VINTAGE BELLS GARLAND,2.89,1.5895000000000001,Monitor
22676,2467.48,13.75,2453.73,1251.9375,370.122,197.3984,634.2721,1832,11,0.2584930289803687,0.006004366812227074,FRENCH BLUE METAL DOOR SIGN 1,1.25,0.6875,Monitor
22067,3049.0199999999995,32.199999999999996,3016.8199999999997,1681.5975,457.35299999999995,243.92159999999998,633.9478999999998,1873,20,0.21013779410107325,0.010678056593699947,CHOC TRUFFLE GOLD TRINKET POT,1.65,0.9075,Monitor
22696,2796.68,0.0,2796.68,1520.805,419.50199999999995,223.7344,632.6385999999998,1418,0,0.2262105782570762,0.0,WICKER WREATH LARGE,1.95,1.0725,Monitor
21741,2311.4500000000003,2.55,2308.9,1145.4850000000001,346.71750000000003,184.91600000000003,631.7815,707,1,0.2736287842695656,0.0014144271570014145,COSY SLIPPER SHOES LARGE GREEN,2.95,1.6225000000000003,Monitor
22834,11329.03,331.25,10997.78,7760.4450000000015,1699.3545000000001,906.3224000000001,631.6580999999987,6934,215,0.05743505507475133,0.031006633977502165,HAND WARMER BABUSHKA DESIGN,2.1,1.1550000000000002,Review margin
22671,2817.9399999999996,6.3999999999999995,2811.5399999999995,1531.8600000000001,422.6909999999999,225.43519999999998,631.5537999999998,1692,4,0.22462913563385187,0.002364066193853428,FRENCH LAUNDRY SIGN BLUE METAL,1.65,0.9075,Monitor
21215,2537.73,17.64,2520.09,1304.9850000000001,380.6595,203.0184,631.4270999999999,4356,42,0.25055736104662923,0.009641873278236915,IVORY PAPER CUP CAKE CASES,0.55,0.30250000000000005,Monitor
23265,2423.54,18.75,2404.79,1216.1875,363.531,193.8832,631.1883,1784,15,0.2624712760781607,0.008408071748878924,SET OF 3 WOODEN TREE DECORATIONS,1.25,0.6875,Monitor
22085,6886.82,1501.75,5385.070000000001,3170.3650000000002,1033.023,550.9456,630.7363999999999,2539,585,0.11712687114559324,0.23040567152422214,PAPER CHAIN KIT SKULLS,2.95,1.6225000000000003,Monitor
22863,3184.31,38.35000000000001,3145.96,1784.7500000000002,477.6465,254.7448,628.8186999999998,1113,13,0.19988133987717574,0.011680143755615454,SOAP DISH BROCANTE,2.95,1.6225000000000003,Monitor
22519,2972.9700000000003,29.400000000000002,2943.57,1632.0150000000003,445.9455,237.83760000000004,627.7718999999998,1427,14,0.21326888777912528,0.009810791871058164,CHILDS GARDEN BRUSH PINK,2.1,1.1550000000000002,Monitor
22660,5862.8,47.7,5815.1,3839.0550000000007,879.42,469.024,627.6009999999995,884,6,0.10792608897525399,0.006787330316742082,DOORMAT I LOVE LONDON,7.95,4.3725000000000005,Monitor
21947,2327.81,0.0,2327.81,1165.3125,349.1715,186.2248,627.1012,1695,0,0.2693953544318479,0.0,SET OF 6 HEART CHOPSTICKS,1.25,0.6875,Monitor
20658,2263.86,45.0,2218.86,1071.125,339.579,181.1088,627.0472,1594,36,0.2825988120025598,0.02258469259723965,RED RETROSPOT LUGGAGE TAG,1.25,0.6875,Monitor
85216,2158.1200000000003,31.85,2126.27,1003.1450000000002,323.718,172.64960000000002,626.7574,2855,49,0.2947684913016691,0.017162872154115588,ASSORTED CAKES FRIDGE MAGNETS,0.65,0.35750000000000004,Monitor
23390,3042.19,4.15,3038.04,1711.8750000000002,456.3285,243.3752,626.4612999999999,751,1,0.20620574449316004,0.0013315579227696406,DOLLY GIRL MINI BACKPACK,4.15,2.2825,Monitor
22712,3032.66,15.54,3017.12,1693.2300000000002,454.899,242.6128,626.3781999999998,7367,37,0.20760798377260425,0.005022397176598344,CARD DOLLY GIRL,0.42,0.231,Monitor
21897,2659.0600000000004,14.750000000000002,2644.3100000000004,1406.7075000000002,398.859,212.72480000000002,626.0186999999999,872,5,0.2367417965367146,0.005733944954128441,POTTING SHED CANDLE CITRONELLA,2.95,1.6225000000000003,Monitor
22564,5228.900000000001,721.07,4507.83,2679.1875,784.335,418.312,625.9955000000001,4576,679,0.13886847995598772,0.14838286713286714,ALPHABET STENCIL CRAFT,1.25,0.6875,Monitor
23242,3037.11,56.160000000000004,2980.9500000000003,1657.6560000000002,455.5665,242.96880000000002,624.7586999999999,1476,27,0.20958375685603575,0.018292682926829267,TREASURE TIN BUFFALO BILL,2.08,1.1440000000000001,Monitor
22321,2360.35,0.85,2359.5,1192.5925,354.05249999999995,188.828,624.0269999999998,2552,1,0.2644742530197075,0.00039184952978056425,BIRD DECORATION RED RETROSPOT,0.85,0.4675,Monitor
23230,3228.42,31.5,3196.92,1830.9060000000002,484.263,258.2736,623.4773999999999,8001,75,0.19502439848354036,0.009373828271466067,WRAP ALPHABET DESIGN,0.42,0.231,Monitor
22596,6515.599999999999,34.120000000000005,6481.48,4360.125,977.3399999999999,521.2479999999999,622.7669999999999,6371,29,0.09608407339064534,0.004551875686705384,CHRISTMAS STAR WISH LIST CHALKBOARD,1.25,0.6875,Review margin
22518,2914.5000000000005,0.0,2914.5000000000005,1622.7750000000003,437.175,233.16000000000003,621.3899999999998,1405,0,0.2132063818836849,0.0,CHILDS GARDEN BRUSH BLUE,2.1,1.1550000000000002,Monitor
21188,2771.34,89.64999999999999,2681.69,1422.9325000000001,415.701,221.70720000000003,621.3493000000001,912,35,0.2317006439968826,0.03837719298245614,3D HEARTS  HONEYCOMB PAPER GARLAND,2.95,1.6225000000000003,Monitor
23100,2743.13,1.25,2741.88,1490.5,411.4695,219.4504,620.4601,2169,1,0.22629002728055203,0.0004610419548178884,SILVER BELLS TABLE DECORATION,1.25,0.6875,Monitor
23147,2755.1,21.75,2733.35,1479.3625,413.265,220.408,620.3144999999998,1870,15,0.22694294546984464,0.008021390374331552,SINGLE ANTIQUE ROSE HOOK IVORY,1.45,0.7975,Monitor
23557,3930.27,0.0,3930.27,2406.2500000000005,589.5405,314.4216,620.0578999999994,350,0,0.15776470827703934,0.0,LANDMARK FRAME BAKER STREET,12.5,6.875000000000001,Monitor
23426,3450.21,17.34,3432.87,2020.2545000000002,517.5314999999999,276.0168,619.0671999999998,1277,6,0.18033517144546687,0.004698512137823023,METAL SIGN DROP YOUR PANTS,2.89,1.5895000000000001,Monitor
23239,3399.4900000000002,115.80000000000001,3283.69,1883.0625,509.92350000000005,271.9592,618.7448,853,28,0.18842972387771076,0.032825322391559206,SET OF 4 KNICK KNACK TINS POPPIES,4.15,2.2825,Monitor
22983,2853.63,68.75999999999999,2784.87,1510.278,428.04449999999997,228.2904,618.2570999999998,6719,181,0.22200573096769322,0.026938532519720195,CARD BILLBOARD FONT,0.42,0.231,Monitor
22818,2735.98,60.48,2675.5,1428.0420000000001,410.397,218.8784,618.1825999999999,6326,144,0.23105311156793118,0.02276319949415112,CARD CHRISTMAS VILLAGE,0.42,0.231,Monitor
15058B,3327.67,69.15,3258.52,1875.8025000000002,499.15049999999997,266.2136,617.3533999999996,438,9,0.18945822029633075,0.02054794520547945,PINK POLKADOT GARDEN PARASOL,7.95,4.3725000000000005,Monitor
21744,2720.76,17.700000000000003,2703.0600000000004,1460.2500000000002,408.11400000000003,217.66080000000002,617.0352,906,6,0.2282728463297152,0.006622516556291391,SNOWFLAKE PORTABLE TABLE LIGHT,2.95,1.6225000000000003,Monitor
21100,3806.5499999999997,6.6,3799.95,2307.7725,570.9825,304.524,616.671,2547,4,0.16228397742075557,0.0015704750687082843,CHARLIE AND LOLA CHARLOTTE BAG,1.65,0.9075,Monitor
21898,2544.71,0.0,2544.71,1345.0525000000002,381.7065,203.5768,614.3741999999999,829,0,0.2414319116913125,0.0,POTTING SHED ROSE CANDLE,2.95,1.6225000000000003,Monitor
23407,2729.33,59.699999999999996,2669.6299999999997,1428.3225,409.3995,218.3464,613.5615999999999,267,6,0.2298302011889288,0.02247191011235955,SET OF 2 TRAYS HOME SWEET HOME,9.95,5.4725,Monitor
22664,2956.29,25.2,2931.09,1637.7900000000004,443.4435,236.5032,613.3532999999996,1430,12,0.2092577505296663,0.008391608391608392,TOY TIDY DOLLY GIRL DESIGN,2.1,1.1550000000000002,Monitor
22713,2651.4,8.4,2643.0,1420.188,397.71,212.112,612.9899999999998,6168,20,0.2319296254256526,0.00324254215304799,CARD I LOVE LONDON,0.42,0.231,Monitor
21742,2665.13,0.0,2665.13,1439.9,399.7695,213.21040000000002,612.2500999999999,440,0,0.22972616720385117,0.0,LARGE ROUND WICKER PLATTER,5.95,3.2725000000000004,Monitor
22651,2724.2599999999998,0.0,2724.2599999999998,1486.1825000000001,408.63899999999995,217.9408,611.4976999999998,3179,0,0.22446378099006697,0.0,GENTLEMAN SHIRT REPAIR KIT,0.85,0.4675,Monitor
21508,2818.7,5.04,2813.66,1554.1680000000001,422.805,225.496,611.1909999999998,6740,12,0.21722276323365292,0.0017804154302670622,VINTAGE KID DOLLY CARD,0.42,0.231,Monitor
22279,2110.87,46.25,2064.62,968.0,316.6305,168.86960000000002,611.1199,1445,37,0.295996309248191,0.02560553633217993,POCKET BAG BLUE PAISLEY RED SPOT,1.25,0.6875,Monitor
22223,3364.61,4.95,3359.6600000000003,1976.535,504.6915,269.16880000000003,609.2647,727,1,0.18134713036438208,0.001375515818431912,CAKE PLATE LOVEBIRD PINK,4.95,2.7225,Monitor
23542,3800.16,48.7,3751.46,2268.7500000000005,570.024,304.0128,608.6731999999996,506,6,0.16224968412298135,0.011857707509881422,WALL ART 70'S ALPHABET,8.25,4.5375000000000005,Monitor
22145,2761.0600000000004,12.6,2748.46,1506.1200000000003,414.159,220.8848,607.2961999999998,1310,6,0.2209587187006541,0.004580152671755725,CHRISTMAS CRAFT HEART STOCKING,2.1,1.1550000000000002,Monitor
22183,3297.25,56.2,3241.05,1875.5385,494.5875,263.78000000000003,607.144,586,9,0.18732941485012572,0.015358361774744027,CAKE STAND VICTORIAN FILIGREE MED,5.91,3.2505,Monitor
22963,3080.2599999999998,90.86,2989.4,1674.585,462.039,246.42079999999999,606.3551999999999,3697,115,0.20283508396333708,0.031106302407357317,JAM JAR WITH GREEN LID,0.85,0.4675,Monitor
22323,1687.21,23.4,1663.81,670.3125,253.08149999999998,134.9768,605.4391999999999,637,12,0.36388722269970725,0.018838304552590265,PINK POLKADOT KIDS BAG,1.95,1.0725,Monitor
10135,4568.71,13.75,4554.96,2899.1875,685.3065,365.4968,604.9692,4228,11,0.13281548026766427,0.002601702932828761,COLOURING PENCILS BROWN TUBE,1.25,0.6875,Monitor
23371,2313.53,0.0,2313.53,1177.0,347.0295,185.0824,604.4181000000001,1712,0,0.26125362541224884,0.0,SET 36 COLOUR PENCILS SPACEBOY,1.25,0.6875,Monitor
22450,2811.6800000000003,36.85,2774.83,1523.7475000000002,421.752,224.9344,604.3960999999998,838,11,0.21781373994082515,0.013126491646778043,SILK PURSE BABUSHKA BLUE,3.35,1.8425000000000002,Monitor
21683,2757.4700000000003,2.95,2754.5200000000004,1517.0375000000001,413.62050000000005,220.59760000000003,603.2644,936,1,0.21900890173242524,0.0010683760683760685,MEDIUM MEDINA STAMPED METAL BOWL,2.95,1.6225000000000003,Monitor
21679,4054.91,652.68,3402.2299999999996,1867.6625000000001,608.2364999999999,324.39279999999997,601.9381999999997,4895,900,0.17692460533238488,0.18386108273748722,SKULLS  STICKERS,0.85,0.4675,Monitor
21830,3225.92,247.67999999999998,2978.24,1635.9420000000002,483.888,258.0736,600.3363999999999,7754,672,0.20157421833028902,0.086664947124065,ASSORTED CREEPY CRAWLIES,0.42,0.231,Monitor
21682,2767.59,19.8,2747.79,1510.9875000000002,415.1385,221.40720000000002,600.2568,559,4,0.21845075497035799,0.007155635062611807,LARGE MEDINA STAMPED METAL BOWL,4.95,2.7225,Monitor
22409,2300.46,17.5,2282.96,1155.0,345.06899999999996,184.0368,598.8541999999999,1694,14,0.2623148018362126,0.008264462809917356,MONEY BOX BISCUITS DESIGN,1.25,0.6875,Monitor
22937,2568.3399999999997,33.15,2535.19,1347.8025,385.251,205.4672,596.6692999999997,974,13,0.2353548649213667,0.013347022587268994,BAKING MOULD CHOCOLATE CUPCAKES,2.55,1.4025,Monitor
37502,2611.59,2.95,2608.6400000000003,1413.1975000000002,391.7385,208.92720000000003,594.7768,872,1,0.2280026373895976,0.0011467889908256881,TEA TIME MUG IN GIFT BOX,2.95,1.6225000000000003,Monitor
22702,3160.5199999999995,3.95,3156.5699999999997,1835.2950000000005,474.0779999999999,252.8416,594.3553999999995,1591,2,0.18829153163085233,0.001257071024512885,BLACK AND WHITE CAT BOWL,2.1,1.1550000000000002,Monitor
22152,2653.2,4.62,2648.58,1445.1360000000002,397.97999999999996,212.256,593.2079999999999,6267,11,0.22397209070520802,0.0017552257858624541,PLACE SETTING WHITE STAR,0.42,0.231,Monitor
23486,4145.47,199.65,3945.82,2399.265,621.8204999999999,331.6376,593.0968999999999,275,13,0.15031017633850502,0.04727272727272727,ANTIQUE HEART SHELF UNIT,16.65,9.1575,Monitor
47480,2717.2799999999997,24.749999999999996,2692.5299999999997,1474.6875,407.5919999999999,217.3824,592.8680999999998,1640,15,0.22018997002818905,0.009146341463414634,HANGING PHOTO CLIP ROPE LADDER,1.65,0.9075,Monitor
21354,2981.96,0.0,2981.96,1703.625,447.29400000000004,238.5568,592.4842000000001,2478,0,0.19868951964479742,0.0,TOAST ITS - BEST MUM,1.25,0.6875,Monitor
22246,2289.9,23.4,2266.5,1147.575,343.48499999999996,183.19199999999998,592.2479999999999,1082,12,0.26130509596293844,0.011090573012939002,MAGIC GARDEN FELT GARLAND,1.95,1.0725,Monitor
23370,2157.85,1.25,2156.6,1068.375,323.6775,172.62800000000001,591.9195,1555,1,0.27446883984048964,0.0006430868167202572,SET 36 COLOURING PENCILS DOILY,1.25,0.6875,Monitor
22071,4378.38,248.75,4129.63,2530.6875,656.757,350.2704,591.9151,1536,309,0.14333368849025216,0.201171875,SMALL WHITE RETROSPOT MUG IN BOX,3.75,2.0625,Monitor
23212,2865.89,75.0,2790.89,1540.0,429.88349999999997,229.2712,591.7352999999999,2300,60,0.21202387052158989,0.02608695652173913,HEART WREATH DECORATION WITH BELL,1.25,0.6875,Monitor
22439,2612.6600000000003,48.75,2563.9100000000003,1371.7275000000002,391.899,209.01280000000003,591.2706999999999,3912,75,0.23061289202819127,0.019171779141104295,6 ROCKET BALLOONS,0.65,0.35750000000000004,Monitor
23536,3442.13,23.8,3418.33,2035.4950000000003,516.3195,275.3704,591.1450999999997,626,4,0.17293388877024737,0.006389776357827476,WALL ART VILLAGE SHOW,5.95,3.2725000000000004,Monitor
22967,3277.3100000000004,64.9,3212.4100000000003,1867.4975000000002,491.5965,262.1848,591.1311999999998,1173,22,0.18401486734258696,0.01875532821824382,SET 3 SONG BIRD PAPER EGGS ASSORTED,2.95,1.6225000000000003,Monitor
82597,2624.26,5.89,2618.3700000000003,1424.1150000000002,393.639,209.94080000000002,590.6751999999998,1236,3,0.22558889690914566,0.0024271844660194173,BOMBS AWAY METAL SIGN,2.1,1.1550000000000002,Monitor
23092,3773.5800000000004,77.75,3695.8300000000004,2237.675,566.037,301.88640000000004,590.2315999999998,525,10,0.15970204257230441,0.01904761904761905,LARGE ANTIQUE WHITE PHOTO FRAME,7.9,4.345000000000001,Monitor
22949,2875.5899999999997,26.099999999999998,2849.49,1598.19,431.33849999999995,230.0472,589.9142999999999,2022,18,0.20702452017729486,0.008902077151335312,SET OF 36 DOLLY GIRL PAPER DOILIES,1.45,0.7975,Monitor
21431,2519.6099999999997,3.3,2516.31,1348.545,377.94149999999996,201.5688,588.2547,1488,2,0.23377672067432073,0.0013440860215053765,GREEN GINGHAM FLOWER JEWELLERY BOX,1.65,0.9075,Monitor
22313,3151.02,647.4,2503.6200000000003,1190.9150000000002,472.653,252.0816,587.9703999999999,986,252,0.2348480999512705,0.25557809330628806,OFFICE MUG WARMER PINK,2.95,1.6225000000000003,Monitor
23346,3117.34,7.5,3109.84,1805.375,467.601,249.3872,587.4768,2632,6,0.18890901139608468,0.0022796352583586625,SPACEBOY BEAKER,1.25,0.6875,Monitor
22928,2041.3500000000001,35.7,2005.65,949.0250000000001,306.2025,163.30800000000002,587.1144999999999,296,6,0.2927302869393961,0.02027027027027027,YELLOW GIANT GARDEN THERMOMETER,5.95,3.2725000000000004,Monitor
21189,1700.53,0.0,1700.53,724.1850000000001,255.07949999999997,136.0424,585.2230999999999,798,0,0.3441415911509941,0.0,WHITE HONEYCOMB PAPER GARLAND,1.65,0.9075,Monitor
23028,2387.0299999999997,11.55,2375.4799999999996,1241.46,358.05449999999996,190.9624,585.0030999999999,1375,7,0.24626732281475744,0.005090909090909091,DRAWER KNOB CRACKLE GLAZE BLUE,1.65,0.9075,Monitor
21643,2127.94,17.5,2110.44,1036.0625,319.191,170.2352,584.9513,1521,14,0.2771703057182388,0.009204470742932281,ASSORTED TUTTI FRUTTI MIRROR,1.25,0.6875,Monitor
22028,2675.21,10.08,2665.13,1465.4640000000002,401.2815,214.0168,584.3676999999999,6368,24,0.21926423851744564,0.0037688442211055275,PENNY FARTHING BIRTHDAY CARD,0.42,0.231,Monitor
84536A,2293.09,15.959999999999999,2277.13,1165.857,343.9635,183.44719999999998,583.8622999999999,5085,38,0.25640270867275905,0.007472959685349066,ENGLISH ROSE NOTEBOOK A7 SIZE,0.42,0.231,Monitor
23197,2323.7999999999997,36.25,2287.5499999999997,1169.9325000000001,348.57,185.904,583.1434999999999,1492,25,0.25492054818473914,0.01675603217158177,SKETCHBOOK MAGNETIC SHOPPING LIST,1.45,0.7975,Monitor
22133,2258.61,10.2,2248.41,1146.3100000000002,338.7915,180.6888,582.6196999999999,2464,12,0.2591252040330722,0.00487012987012987,PINK LOVE HEART SHAPE CUP,0.85,0.4675,Monitor
85049B,2658.3,0.0,2658.3,1464.375,398.745,212.664,582.516,2130,0,0.21913102358650263,0.0,LUSH GREENS RIBBONS,1.25,0.6875,Monitor
22362,2422.33,144.55,2277.78,1138.9950000000001,363.34950000000003,193.78640000000001,581.6491,751,49,0.25535789233376355,0.06524633821571238,GLASS JAR PEACOCK BATH SALTS,2.95,1.6225000000000003,Monitor
22270,2664.92,96.78,2568.14,1373.625,399.738,213.1936,581.5834,692,26,0.22646094060292662,0.03757225433526012,HAPPY EASTER HANGING DECORATION,3.75,2.0625,Monitor
21106,2419.6800000000003,0.0,2419.6800000000003,1281.775,362.952,193.57440000000003,581.3786,790,0,0.24027086226277852,0.0,CREAM SLICE FLANNEL CHOCOLATE SPOT,2.95,1.6225000000000003,Monitor
22021,2433.6099999999997,19.799999999999997,2413.81,1273.2225,365.0414999999999,194.6888,580.8571999999999,1415,12,0.24063915552591128,0.008480565371024734,BLUE FELT EASTER EGG BASKET,1.65,0.9075,Monitor
84526,1503.6399999999999,0.0,1503.6399999999999,577.005,225.54599999999996,120.2912,580.7977999999999,538,0,0.3862612061397675,0.0,GIANT BLACK SUNGLASSES,1.95,1.0725,Monitor
23190,2761.8999999999996,3.3,2758.5999999999995,1542.75,414.2849999999999,220.95199999999997,580.6129999999997,1702,2,0.21047379105343283,0.0011750881316098707,BUNDLE OF 3 SCHOOL EXERCISE BOOKS,1.65,0.9075,Monitor
21204,2682.99,71.25,2611.74,1414.7925,402.4484999999999,214.6392,579.8597999999998,1608,49,0.2220204920857359,0.030472636815920398,DAISIES  HONEYCOMB GARLAND,1.65,0.9075,Monitor
84913A,2211.54,0.0,2211.54,1123.584,331.731,176.9232,579.3018000000001,608,0,0.261944979516536,0.0,SOFT PINK ROSE TOWEL,3.36,1.848,Monitor
22480,2873.06,0.0,2873.06,1633.5,430.959,229.8448,578.7562,2376,0,0.20144243419907695,0.0,RED TEA TOWEL CLASSIC DESIGN,1.25,0.6875,Monitor
84459B,2341.77,35.76,2306.0099999999998,1189.0945,351.2655,187.3416,578.3084,1475,24,0.25078312756666277,0.016271186440677966,YELLOW METAL CHICKEN HEART,1.49,0.8195,Monitor
21465,2879.3900000000003,7.5,2871.8900000000003,1633.5,431.9085,230.3512,576.1303000000001,794,2,0.20061015568145021,0.0025188916876574307,PINK FLOWER CROCHET FOOD COVER,3.75,2.0625,Monitor
22675,2758.7,35.0,2723.7,1513.875,413.805,220.696,575.324,2230,28,0.21122884311781767,0.012556053811659192,FRENCH KITCHEN SIGN BLUE METAL,1.25,0.6875,Monitor
22261,2030.3,3.4,2026.8999999999999,985.49,304.54499999999996,162.424,574.4409999999999,2112,4,0.28340865360895945,0.001893939393939394,FELT EGG COSY WHITE RABBIT,0.85,0.4675,Monitor
22293,2903.7,34.8,2868.8999999999996,1626.9,435.555,232.296,574.1489999999999,2064,24,0.20012862072571366,0.011627906976744186,HANGING CHICK GREEN DECORATION,1.45,0.7975,Monitor
21287,1860.0,0.0,1860.0,858.363,279.0,148.8,573.837,4107,0,0.30851451612903225,0.0,SCENTED VELVET LOUNGE CANDLE,0.38,0.20900000000000002,Monitor
21923,2678.54,15.9,2662.6400000000003,1473.5325000000003,401.78099999999995,214.28320000000002,573.0432999999999,339,2,0.21521621398311444,0.0058997050147492625,RED/CREAM STRIPE FRINGE HAMMOCK,7.95,4.3725000000000005,Monitor
21394,1864.6299999999999,8.58,1856.05,854.3535,279.6945,149.1704,572.8315999999998,4005,22,0.3086294011475983,0.005493133583021223,RED POLKADOT BEAKER,0.39,0.21450000000000002,Monitor
21769,7954.87,319.8,7635.07,5232.7275,1193.2305,636.3896000000001,572.7223999999998,123,4,0.07501206930650273,0.032520325203252036,VINTAGE POST OFFICE CABINET,79.95,43.972500000000004,Review margin
21224,2709.41,27.5,2681.91,1487.0625,406.4115,216.7528,571.6831999999999,2185,22,0.21316270866658463,0.010068649885583524,SET/4 SKULL BADGES,1.25,0.6875,Monitor
22930,2849.35,201.60000000000002,2647.75,1420.7325,427.4025,227.948,571.6669999999998,1109,96,0.2159067132470965,0.08656447249774572,BAKING MOULD HEART MILK CHOCOLATE,2.55,1.4025,Monitor
22614,1955.85,42.269999999999996,1913.58,892.8810000000001,293.37749999999994,156.468,570.8534999999998,5731,133,0.2983170288151004,0.023207119176409004,PACK OF 12 SPACEBOY TISSUES,0.29,0.1595,Monitor
23292,2704.58,26.25,2678.33,1485.6875,405.687,216.36640000000003,570.5891,2182,21,0.21303913259381782,0.009624197983501375,SPACEBOY CHILDRENS CUP,1.25,0.6875,Monitor
21732,3244.57,10.530000000000001,3234.04,1918.125,486.6855,259.5656,569.6639,933,3,0.17614621340490533,0.003215434083601286,RED HANGING METAL STAR TLIGHT HLDR,3.75,2.0625,Monitor
22852,2467.11,21.25,2445.86,1309.0000000000002,370.06649999999996,197.36880000000002,569.4246999999998,565,5,0.23281164907230986,0.008849557522123894,DOG BOWL VINTAGE CREAM,4.25,2.3375000000000004,Monitor
21865,2098.2400000000002,12.600000000000001,2085.6400000000003,1034.88,314.736,167.85920000000002,568.1647999999999,902,6,0.27241748336242105,0.0066518847006651885,PINK UNION JACK  PASSPORT COVER,2.1,1.1550000000000002,Monitor
84031B,3267.6800000000003,64.19999999999999,3203.48,1884.817,490.152,261.4144,567.0966,840,26,0.17702517262477055,0.030952380952380953,CHARLIE LOLA BLUE HOT WATER BOTTLE,4.21,2.3155,Monitor
21680,2493.8799999999997,25.5,2468.3799999999997,1327.7,374.08199999999994,199.51039999999998,567.0875999999998,2870,30,0.2297408016593879,0.010452961672473868,WOODLAND  STICKERS,0.85,0.4675,Monitor
23427,2873.08,22.9,2850.18,1622.5000000000002,430.962,229.84640000000002,566.8715999999998,238,2,0.19888975433130535,0.008403361344537815,STOOL HOME SWEET HOME,12.5,6.875000000000001,Monitor
21330,2460.6699999999996,14.85,2445.8199999999997,1313.1525,369.10049999999995,196.8536,566.7133999999999,1456,9,0.2317069122012249,0.006181318681318681,WOODLAND ANIMAL  WRITING SET,1.65,0.9075,Monitor
85049F,2642.75,31.25,2611.5,1438.25,396.4125,211.42,565.4175,2117,25,0.21651062607696728,0.011809163911195087,BABY BOOM RIBBONS,1.25,0.6875,Monitor
23085,3635.23,128.75,3506.48,2104.9600000000005,545.2845,290.8184,565.4170999999997,381,13,0.1612492014784056,0.03412073490813648,ANTIQUE SILVER BAUBLE LAMP,10.4,5.720000000000001,Monitor
84854,2084.42,4.25,2080.17,1037.2725,312.663,166.7536,563.4809,382,1,0.27088213944052647,0.002617801047120419,GIRLY PINK TOOL SET,4.95,2.7225,Monitor
22811,2884.13,2.95,2881.18,1654.9500000000003,432.6195,230.7304,562.8800999999997,1021,1,0.1953644340166181,0.0009794319294809011,SET OF 6 T-LIGHTS CACTI,2.95,1.6225000000000003,Monitor
21482,2308.56,17.700000000000003,2290.86,1197.4050000000002,346.284,184.68480000000002,562.4861999999999,744,6,0.24553495193944627,0.008064516129032258,MUSHROOM BLUE HOT WATER BOTTLE,2.95,1.6225000000000003,Monitor
22153,2516.62,69.72,2446.9,1305.612,377.493,201.3296,562.4653999999999,5818,166,0.22986856839266007,0.028532141629425918,ANGEL DECORATION STARS ON DRESS,0.42,0.231,Monitor
84032B,7716.950000000001,168.9,7548.05,5213.092500000001,1157.5425,617.356,560.0589999999994,3291,78,0.0741991640224958,0.023701002734731084,CHARLIE + LOLA RED HOT WATER BOTTLE,2.95,1.6225000000000003,Review margin
23378,1842.42,0.0,1842.42,858.6435000000001,276.363,147.39360000000002,560.0198999999999,4003,0,0.30395886931318583,0.0,PACK OF 12 50'S CHRISTMAS TISSUES,0.39,0.21450000000000002,Monitor
85127,1725.52,24.75,1700.77,745.965,258.828,138.04160000000002,557.9354000000001,279,5,0.32804870735020025,0.017921146953405017,SMALL SQUARE CUT GLASS CANDLESTICK,4.95,2.7225,Monitor
22436,2701.35,17.55,2683.8,1505.075,405.2025,216.108,557.4144999999999,4237,27,0.20769599075937098,0.006372433325466132,12 COLOURED PARTY BALLOONS,0.65,0.35750000000000004,Monitor
23316,2511.59,9.95,2501.64,1368.125,376.7385,200.9272,555.8493,251,1,0.2221939607617403,0.00398406374501992,RED REFECTORY CLOCK,9.95,5.4725,Monitor
22677,2143.03,13.75,2129.28,1080.75,321.4545,171.4424,555.6331,1583,11,0.26094881837992184,0.006948831332912192,FRENCH BLUE METAL DOOR SIGN 2,1.25,0.6875,Monitor
22415,2520.15,0.0,2520.15,1386.0825000000002,378.0225,201.612,554.4329999999999,317,0,0.21999999999999995,0.0,WHITE TISSUE REAM,7.95,4.3725000000000005,Monitor
22955,2908.36,0.0,2908.36,1685.1450000000004,436.254,232.66880000000003,554.2921999999999,1459,0,0.19058582843939534,0.0,36 FOIL STAR CAKE CASES,2.1,1.1550000000000002,Monitor
22076,3496.7899999999995,0.0,3496.7899999999995,2138.9775,524.5184999999999,279.7432,553.5507999999998,2357,0,0.15830255748843935,0.0,6 RIBBONS EMPIRE,1.65,0.9075,Monitor
22829,2488.47,87.9,2400.5699999999997,1275.0925,373.27049999999997,199.0776,553.1293999999999,243,10,0.23041585956668623,0.0411522633744856,SWEETHEART WIRE WALL TIDY,9.95,5.4725,Monitor
22416,2764.81,8.7,2756.1099999999997,1567.0875,414.7215,221.1848,553.1161999999999,1971,6,0.20068727300434308,0.0030441400304414,SET OF 36 SPACEBOY PAPER DOILIES,1.45,0.7975,Monitor
20984,1953.04,44.760000000000005,1908.28,906.4385000000001,292.95599999999996,156.2432,552.6422999999999,5899,216,0.2896023120296811,0.036616375656891,12 PENCILS TALL TUBE POSY,0.29,0.1595,Monitor
23290,2899.1000000000004,12.5,2886.6000000000004,1668.5625,434.865,231.92800000000003,551.2445000000001,2437,10,0.19096670823806555,0.004103405826836274,SPACEBOY CHILDRENS BOWL,1.25,0.6875,Monitor
23394,1888.9,0.0,1888.9,903.375,283.335,151.112,551.078,438,0,0.2917454603208216,0.0,POSTE FRANCE CUSHION COVER,3.75,2.0625,Monitor
84849D,2621.65,40.56,2581.09,1427.712,393.2475,209.732,550.3985,1560,24,0.21324266104630213,0.015384615384615385,HOT BATHS SOAP HOLDER,1.69,0.9295,Monitor
22262,1958.87,14.45,1944.4199999999998,945.2850000000001,293.8305,156.7096,548.5948999999998,2039,17,0.28213806687855497,0.008337420304070623,FELT EGG COSY CHICKEN,0.85,0.4675,Monitor
23005,2147.55,0.42,2147.13,1104.642,322.1325,171.804,548.5514999999998,4783,1,0.25548127034692814,0.0002090738030524775,TRAVEL CARD WALLET I LOVE LONDON,0.42,0.231,Monitor
23530,4465.97,0.0,4465.97,2891.295,669.8955,357.2776,547.5019,1062,0,0.12259417327030857,0.0,WALL ART ONLY ONE PERSON,4.95,2.7225,Monitor
84840,2447.82,25.5,2422.32,1313.6750000000002,367.173,195.8256,545.6463999999999,284,3,0.22525776941114295,0.01056338028169014,SWEETHEART CARRY-ALL BASKET,8.5,4.675000000000001,Monitor
21640,2084.25,0.0,2084.25,1059.355,312.6375,166.73999999999998,545.5174999999998,2266,0,0.26173323737555465,0.0,ASSORTED TUTTI FRUTTI  FOB NOTEBOOK,0.85,0.4675,Monitor
22789,2466.34,1.95,2464.39,1352.4225,369.95099999999996,197.3072,544.7092999999999,1262,1,0.22103210125020792,0.000792393026941363,T-LIGHT HOLDER SWEETHEART HANGING,1.95,1.0725,Monitor
16014,9513.1,0.0,9513.1,6781.005,1426.9650000000001,761.048,544.082,29355,0,0.05719292344241099,0.0,SMALL CHINESE STYLE SCISSOR,0.42,0.231,Review margin
84509B,2452.67,15.0,2437.67,1330.3125,367.9005,196.21359999999999,543.2434000000001,649,4,0.2228535445733016,0.0061633281972265025,SET OF 4 FAIRY CAKE PLACEMATS,3.75,2.0625,Monitor
84754,2637.09,155.14000000000001,2481.95,1333.0625,395.5635,210.9672,542.3568,2085,146,0.21852043755917727,0.07002398081534772,S/15 SILVER GLASS BAUBLES IN BAG,1.25,0.6875,Monitor
22687,5784.67,0.0,5784.67,3913.3875000000007,867.7005,462.7736,540.8083999999994,895,0,0.0934899311455968,0.0,DOORMAT CHRISTMAS VILLAGE,7.95,4.3725000000000005,Review margin
22755,3004.43,10.2,2994.23,1763.41,450.6645,240.3544,539.8010999999998,3784,12,0.1802804393784044,0.003171247357293869,SMALL PURPLE BABUSHKA NOTEBOOK,0.85,0.4675,Monitor
90062,2604.17,63.75,2540.42,1402.5,390.6255,208.33360000000002,538.9608999999999,205,5,0.21215425008463165,0.024390243902439025,CARNIVAL BRACELET,12.75,7.0125,Monitor
23434,1892.07,7.9,1884.17,910.2775000000001,283.8105,151.3656,538.7163999999999,2105,10,0.28591708816083466,0.004750593824228029,3 RAFFIA RIBBONS 50'S CHRISTMAS,0.79,0.43450000000000005,Monitor
47570,2373.01,0.0,2373.01,1288.65,355.9515,189.8408,538.5676999999998,220,0,0.22695551219758864,0.0,ENGLISH ROSE TABLE CLOTH,10.65,5.857500000000001,Monitor
23531,5559.11,0.0,5559.11,3742.2275000000004,833.8665,444.7288,538.2871999999995,979,0,0.09682974432957786,0.0,WALL ART BIG LOVE,6.95,3.8225000000000002,Review margin
21422,2619.17,3.4,2615.77,1475.43,392.8755,209.5336,537.9308999999997,3160,4,0.20564915875631257,0.0012658227848101266,PORCELAIN ROSE SMALL,0.85,0.4675,Monitor
22853,2205.57,19.5,2186.07,1142.2125,330.83549999999997,176.4456,536.5763999999999,645,6,0.2454525243930889,0.009302325581395349,CAT BOWL VINTAGE CREAM,3.25,1.7875,Monitor
22763,5470.39,69.64999999999999,5400.74,3606.3775,820.5585,437.6312,536.1727999999999,666,7,0.0992776545436366,0.010510510510510511,KEY CABINET MA CAMPAGNE,9.95,5.4725,Review margin
22347,3126.68,0.0,3126.68,1871.375,469.002,250.1344,536.1686000000001,2722,0,0.17148176340399404,0.0,PIZZA SLICE DISH,1.25,0.6875,Monitor
21476,2249.41,29.9,2219.5099999999998,1167.595,337.41149999999993,179.9528,534.5506999999999,144,2,0.24084176237097374,0.013888888888888888,STEEL SWEETHEART ROUND TABLE CREAM,14.95,8.2225,Monitor
23345,2891.25,8.75,2882.5,1683.0,433.6875,231.3,534.5125,2455,7,0.1854336513443192,0.0028513238289205704,DOLLY GIRL BEAKER,1.25,0.6875,Monitor
22495,2688.2200000000003,17.700000000000003,2670.5200000000004,1518.6600000000003,403.233,215.0576,533.5694,942,6,0.19979981426838214,0.006369426751592357,SET OF 2 ROUND TINS CAMEMBERT,2.95,1.6225000000000003,Monitor
22046,2613.5,14.28,2599.22,1464.7710000000002,392.025,209.07999999999998,533.3439999999999,6375,34,0.2051938658520633,0.005333333333333333,TEA PARTY  WRAPPING PAPER,0.42,0.231,Monitor
22914,2725.61,24.75,2700.86,1540.9350000000002,408.8415,218.04880000000003,533.0347,571,5,0.19735739727346105,0.008756567425569177,BLUE COAT RACK PARIS FASHION,4.95,2.7225,Monitor
21653,2576.17,14.700000000000001,2561.4700000000003,1436.8200000000004,386.4255,206.09360000000004,532.1308999999999,1251,7,0.20774434211605047,0.005595523581135092,GLASS ETCHED T-LIGHT HOLDER LARGE,2.1,1.1550000000000002,Monitor
22973,2324.2299999999996,39.199999999999996,2285.0299999999997,1218.7725,348.63449999999995,185.93839999999997,531.6845999999998,1367,24,0.23268167157542785,0.01755669348939283,CHILDREN'S CIRCUS PARADE MUG,1.65,0.9075,Monitor
22581,2861.98,1.7,2860.2799999999997,1670.845,429.29699999999997,228.95839999999998,531.1795999999997,3576,2,0.18570895157117476,0.0005592841163310962,WOOD STOCKING CHRISTMAS SCANDISPOT,0.85,0.4675,Monitor
82567,2505.28,2.1,2503.1800000000003,1396.3950000000002,375.792,200.4224,530.5705999999998,1210,1,0.21195862862438966,0.0008264462809917355,"AIRLINE LOUNGE,METAL SIGN",2.1,1.1550000000000002,Monitor
22905,2960.1200000000003,0.0,2960.1200000000003,1749.0550000000003,444.01800000000003,236.80960000000002,530.2374,1078,0,0.17912699485156006,0.0,CALENDAR IN SEASON DESIGN,2.95,1.6225000000000003,Monitor
23326,2237.71,0.0,2237.71,1192.9995000000001,335.6565,179.0168,530.0372,3443,0,0.2368659030884252,0.0,HANGING MINI COLOURED BOTTLES,0.63,0.34650000000000003,Monitor
46775D,1938.1899999999998,59.3,1878.8899999999999,903.0889999999999,290.7285,155.05519999999999,530.0173,153,4,0.28209064926632216,0.026143790849673203,SUNSET COLOUR CHUNKY KNITTED THROW,11.02,6.061,Monitor
47503J,2735.5099999999998,151.05,2584.46,1425.4350000000002,410.32649999999995,218.8408,529.8576999999998,345,19,0.20501679267622627,0.05507246376811594,SET/3 FLORAL GARDEN TOOLS IN BAG,7.95,4.3725000000000005,Monitor
84795B,2379.09,0.0,2379.09,1303.005,356.8635,190.3272,528.8942999999999,298,0,0.22230949648815299,0.0,SUNSET CHECK HAMMOCK,7.95,4.3725000000000005,Monitor
21638,2239.84,16.8,2223.0400000000004,1179.2550000000003,335.976,179.18720000000005,528.6217999999999,1029,8,0.23779230243270466,0.007774538386783284,ASSORTED TUTTI FRUTTI NOTEBOOK,2.1,1.1550000000000002,Monitor
22057,4019.18,122.17999999999999,3897.0,2444.5685,602.877,321.5344,528.0201,3065,82,0.13549399538106235,0.026753670473083198,CERAMIC PLATE STRAWBERRY DESIGN,1.49,0.8195,Monitor
23330,2299.47,7.5,2291.97,1236.125,344.9205,183.95759999999999,526.9669,1804,6,0.22991875984415155,0.0033259423503325942,DECORATIVE WICKER HEART MEDIUM,1.25,0.6875,Monitor
23029,2303.9199999999996,46.199999999999996,2257.72,1201.53,345.58799999999997,184.31359999999998,526.2883999999998,1352,28,0.23310614248002404,0.020710059171597635,DRAWER KNOB CRACKLE GLAZE GREEN,1.65,0.9075,Monitor
21826,2336.87,71.25,2265.62,1203.8125,350.5305,186.9496,524.3274,1808,57,0.23142777694405947,0.03152654867256637,EIGHT PIECE DINOSAUR SET,1.25,0.6875,Monitor
21973,2420.0299999999997,18.849999999999998,2401.18,1321.4575,363.0045,193.6024,523.1155999999999,1670,13,0.21785771995435574,0.007784431137724551,SET OF 36 MUSHROOM PAPER DOILIES,1.45,0.7975,Monitor
21203,2530.2999999999997,71.25,2459.0499999999997,1353.99,379.54499999999996,202.42399999999998,523.0909999999998,1541,49,0.21272076614952923,0.0317975340687865,BUTTERFLIES  HONEYCOMB GARLAND,1.65,0.9075,Monitor
22452,3428.9,38.35000000000001,3390.55,2080.045,514.335,274.312,521.858,1295,13,0.15391544144755273,0.010038610038610039,MEASURING TAPE BABUSHKA PINK,2.95,1.6225000000000003,Monitor
22177,3111.41,227.0,2884.41,1647.2224999999999,466.7115,248.91279999999998,521.5631999999999,326,25,0.1808214504872747,0.07668711656441718,5 HOOK BLACKBOARD ORGANISER,9.95,5.4725,Monitor
23146,2655.13,164.1,2491.03,1358.9345,398.2695,212.41039999999998,521.4155999999999,801,50,0.20931727036607342,0.062421972534332085,TRIPLE HOOK ANTIQUE IVORY ROSE,3.29,1.8095,Monitor
23498,2378.4799999999996,0.0,2378.4799999999996,1311.09,356.772,190.27839999999998,520.3395999999999,1644,0,0.2187698025629814,0.0,CLASSIC BICYCLE CLIPS,1.45,0.7975,Monitor
21657,1981.28,34.75,1946.53,970.9150000000001,297.192,158.50240000000002,519.9206,259,5,0.2671012519714569,0.019305019305019305,MILK BOTTLE WITH GLASS STOPPER,6.95,3.8225000000000002,Monitor
23164,2718.65,4.95,2713.7000000000003,1570.8825000000002,407.7975,217.49200000000002,517.528,578,1,0.19070936359951357,0.0017301038062283738,REGENCY CAKE SLICE,4.95,2.7225,Monitor
22482,2748.18,0.0,2748.18,1599.125,412.227,219.8544,516.9736,2326,0,0.18811489785967442,0.0,BLUE TEA TOWEL CLASSIC DESIGN,1.25,0.6875,Monitor
85199L,2285.02,17.55,2267.4700000000003,1225.5100000000002,342.75300000000004,182.80160000000004,516.4054,3455,27,0.22774519618782163,0.007814761215629523,LARGE HANGING IVORY & RED WOOD BIRD,0.65,0.35750000000000004,Monitor
21171,2581.17,0.0,2581.17,1472.9825,387.1755,206.4936,514.5183999999999,1847,0,0.19933534017519183,0.0,BATHROOM METAL SIGN,1.45,0.7975,Monitor
17129D,1351.1799999999998,0.0,1351.1799999999998,525.9375,202.67699999999996,108.09440000000001,514.4710999999999,1125,0,0.38075689397415585,0.0,CLEAR COLOUR GLASS GEMS IN BAG,0.85,0.4675,Monitor
23681,2526.69,0.0,2526.69,1431.1275,379.00350000000003,202.1352,514.4238,1577,0,0.20359592985289054,0.0,LUNCH BAG RED VINTAGE DOILY,1.65,0.9075,Monitor
84797B,1845.2,33.9,1811.3000000000002,873.9225,276.78,147.616,512.9815000000001,323,2,0.28321178159333077,0.006191950464396285,BLUE SAVANNAH PICNIC HAMPER FOR 4,4.95,2.7225,Monitor
20668,2475.04,0.36,2474.68,1393.6560000000002,371.25600000000003,198.0032,511.76479999999987,21119,3,0.2068003943944267,0.00014205218050097068,DISCO BALL CHRISTMAS DECORATION,0.12,0.066,Monitor
16237,2233.7799999999997,19.11,2214.67,1189.3035000000002,335.067,178.7024,511.5970999999999,10388,91,0.23100376128271927,0.00876010781671159,SLEEPING CAT ERASERS,0.21,0.1155,Monitor
22757,3073.93,1.25,3072.68,1854.875,461.0895,245.9144,510.8011,2699,1,0.16623960191103535,0.0003705075954057058,LARGE RED BABUSHKA NOTEBOOK,1.25,0.6875,Monitor
21187,2250.3799999999997,0.0,2250.3799999999997,1223.31,337.55699999999996,180.0304,509.4825999999998,1348,0,0.22639847492423498,0.0,WHITE BELL HONEYCOMB PAPER GARLAND,1.65,0.9075,Monitor
22068,2003.31,23.099999999999998,1980.2099999999998,1010.0475,300.49649999999997,160.2648,509.40119999999996,1127,14,0.2572460496613996,0.012422360248447204,BLACK PIRATE TREASURE CHEST,1.65,0.9075,Monitor
23128,2283.41,34.650000000000006,2248.76,1214.2350000000001,342.5115,182.6728,509.34069999999997,453,7,0.2264984702680588,0.01545253863134658,FELTCRAFT BOY JEAN-PAUL KIT,4.95,2.7225,Monitor
85071B,1323.72,5.9,1317.8200000000002,504.07500000000005,198.558,105.89760000000001,509.2894,2352,2,0.38646355344432465,0.0008503401360544217,RED CHARLIE+LOLA PERSONAL DOORSIGN,0.39,0.21450000000000002,Monitor
35924,4055.7,347.67999999999995,3708.02,2266.1100000000006,608.355,324.456,509.09899999999936,2167,205,0.1372967243973871,0.09460083064143977,HANGING FAIRY CAKE DECORATION,2.1,1.1550000000000002,Monitor
21894,1844.89,0.0,1844.89,912.3125,276.7335,147.5912,508.2528,1327,0,0.27549219736678066,0.0,POTTING SHED SEED ENVELOPES,1.25,0.6875,Monitor
20846,1958.06,0.0,1958.06,999.625,293.709,156.6448,508.08119999999997,1454,0,0.25948193620215926,0.0,ZINC HEART LATTICE T-LIGHT HOLDER,1.25,0.6875,Monitor
22754,3049.1099999999997,10.2,3038.91,1831.1975000000002,457.3665,243.9288,506.41719999999975,3929,12,0.16664435603555214,0.003054212267752609,SMALL RED BABUSHKA NOTEBOOK,0.85,0.4675,Monitor
22217,2819.81,70.0,2749.81,1596.375,422.9715,225.5848,504.8787,2378,56,0.1836049399776712,0.023549201009251473,T-LIGHT HOLDER HANGING LACE,1.25,0.6875,Monitor
85032A,1324.16,0.0,1324.16,515.5150000000001,198.624,105.93280000000001,504.08820000000003,1442,0,0.38068526462058966,0.0,ROMANTIC IMAGES GIFT WRAP SET,0.65,0.35750000000000004,Monitor
85206B,2485.5499999999997,23.099999999999998,2462.45,1387.5674999999999,372.8324999999999,198.844,503.2059999999999,1543,14,0.2043517634875835,0.009073233959818535,PINK FELT EASTER EGG BASKET,1.65,0.9075,Monitor
22566,2378.9199999999996,0.0,2378.9199999999996,1328.635,356.83799999999997,190.31359999999998,503.1333999999998,2842,0,0.21149656146486637,0.0,FELTCRAFT HAIRBAND PINK AND PURPLE,0.85,0.4675,Monitor
22831,2292.1800000000003,0.0,2292.1800000000003,1262.3050000000003,343.827,183.3744,502.6736,778,0,0.2192993569440445,0.0,WHITE BROCANTE SOAP DISH,2.95,1.6225000000000003,Monitor
21924,2486.6600000000003,79.5,2407.1600000000003,1333.6125000000002,372.99899999999997,198.93280000000001,501.61569999999995,315,10,0.2083848601671679,0.031746031746031744,BLUE/CREAM STRIPE FRINGE HAMMOCK,7.95,4.3725000000000005,Monitor
22537,2423.01,20.16,2402.85,1343.958,363.4515,193.8408,501.5996999999999,5866,48,0.20875198202134962,0.008182748039549948,MAGIC DRAWING SLATE DINOSAUR,0.42,0.231,Monitor
22996,2099.97,10.92,2089.05,1105.797,314.9955,167.9976,500.2598999999999,4813,26,0.23946765276082424,0.0054020361520880945,TRAVEL CARD WALLET VINTAGE TICKET,0.42,0.231,Monitor
21486,3646.17,3.75,3642.42,2303.8125,546.9254999999999,291.6936,499.98839999999996,1118,1,0.13726818982983838,0.0008944543828264759,PINK HEART DOTS HOT WATER BOTTLE,3.75,2.0625,Monitor
21384,1815.29,0.0,1815.29,899.0025,272.2935,145.2232,498.7707999999999,1923,0,0.2747609472866594,0.0,IVORY HANGING DECORATION  BUTTERFLY,0.85,0.4675,Monitor
21324,2869.31,140.1,2729.21,1570.5800000000002,430.3965,229.5448,498.6886999999999,1022,54,0.18272272928796243,0.05283757338551859,HANGING MEDINA LANTERN SMALL,2.95,1.6225000000000003,Monitor
21804,2270.9900000000002,7.5,2263.4900000000002,1243.6875,340.6485,181.6792,497.4748,605,2,0.21978219475235145,0.003305785123966942,WHITE CHRISTMAS GARLAND STARS TREES,3.75,2.0625,Monitor
22986,2389.9,10.5,2379.4,1332.8700000000001,358.485,191.192,496.8529999999999,5795,25,0.20881440699335962,0.004314063848144953,WRAP GINGHAM ROSE,0.42,0.231,Monitor
22716,2216.45,5.04,2211.41,1205.3580000000002,332.4675,177.316,496.2684999999999,5230,12,0.22441270501625657,0.002294455066921606,CARD CIRCUS PARADE,0.42,0.231,Monitor
21064,4453.2699999999995,53.550000000000004,4399.72,2879.8,667.9905,356.2616,495.6678999999997,889,9,0.11265896466138747,0.010123734533183352,BOOM BOX SPEAKER BOYS,5.95,3.2725000000000004,Monitor
23360,2296.15,0.0,2296.15,1273.0575000000001,344.4225,183.69199999999998,494.97799999999984,1187,0,0.21556866929425333,0.0,SET 8 CANDLES VINTAGE DOILY,1.95,1.0725,Monitor
21696,2321.9400000000005,88.50000000000001,2233.4400000000005,1205.5175000000002,348.29100000000005,185.75520000000003,493.87630000000007,773,30,0.22112808044988894,0.03880983182406209,SMALL SILVER TRELLIS CANDLEPOT,2.95,1.6225000000000003,Monitor
21788,2729.3399999999997,61.849999999999994,2667.49,1546.0225,409.40099999999995,218.3472,493.71929999999986,3380,73,0.1850875917060607,0.021597633136094675,KIDS RAIN MAC BLUE,0.85,0.4675,Monitor
23437,2373.63,2.5,2371.13,1331.6875,356.04449999999997,189.8904,493.50759999999997,1939,2,0.20813181900612784,0.0010314595152140279,50'S CHRISTMAS GIFT BAG LARGE,1.25,0.6875,Monitor
21647,1960.18,8.4,1951.7800000000002,1008.3150000000002,294.027,156.81440000000003,492.6235999999999,877,4,0.25239709393476717,0.004561003420752566,ASSORTED TUTTI FRUTTI LARGE PURSE,2.1,1.1550000000000002,Monitor
22911,2463.2000000000003,35.400000000000006,2427.8,1369.39,369.48,197.056,491.87399999999997,856,12,0.20260070846033443,0.014018691588785047,PAPER CHAIN KIT LONDON,2.95,1.6225000000000003,Monitor
21707,4209.7,0.0,4209.7,2749.725,631.455,336.776,491.74399999999997,1010,0,0.11681212437940945,0.0,FOLDING UMBRELLA BLACKBLUE POLKADOT,4.95,2.7225,Monitor
21477,3248.94,257.24999999999994,2991.69,1753.125,487.341,259.91519999999997,491.3088000000001,273,23,0.16422450187018042,0.08424908424908426,STRING OF 20 ROSE LIGHTS,12.75,7.0125,Monitor
22565,1905.59,0.85,1904.7399999999998,976.6075000000001,285.83849999999995,152.44719999999998,489.84679999999986,2090,1,0.25717252748406605,0.0004784688995215311,FELTCRAFT HAIRBANDS PINK AND WHITE,0.85,0.4675,Monitor
22710,2821.28,52.5,2768.78,1630.6290000000001,423.192,225.7024,489.25659999999993,7184,125,0.17670475805228292,0.01739977728285078,WRAP I LOVE LONDON,0.42,0.231,Monitor
23031,2181.9999999999995,33.0,2149.0,1157.97,327.29999999999995,174.55999999999997,489.16999999999985,1296,20,0.22762680316426237,0.015432098765432098,DRAWER KNOB CRACKLE GLAZE PINK,1.65,0.9075,Monitor
22828,2565.0,290.0,2275.0,1196.25,384.75,205.2,488.79999999999995,17,2,0.21485714285714283,0.11764705882352941,REGENCY MIRROR WITH SHUTTERS,145.0,79.75,Monitor
22251,2322.64,23.75,2298.89,1276.0,348.396,185.81119999999999,488.6828,1875,19,0.2125733723666639,0.010133333333333333,BIRDHOUSE DECORATION MAGIC GARDEN,1.25,0.6875,Monitor
22024,2267.08,15.120000000000001,2251.96,1242.5490000000002,340.062,181.3664,487.9825999999999,5415,36,0.2166923924048384,0.006648199445983379,RAINY LADIES BIRTHDAY CARD,0.42,0.231,Monitor
21695,1987.5800000000002,2.95,1984.63,1040.0225000000003,298.137,159.0064,487.46410000000003,642,1,0.24561963690965066,0.001557632398753894,SMALL SILVER FLOWER CANDLE POT,2.95,1.6225000000000003,Monitor
21793,1627.3600000000001,0.0,1627.3600000000001,766.8925000000002,244.104,130.18880000000001,486.1746999999999,353,0,0.2987505530429652,0.0,CLASSIC FRENCH STYLE BASKET BROWN,3.95,2.1725000000000003,Monitor
15056n,2170.4,0.0,2170.4,1185.5690000000002,325.56,173.632,485.639,173,0,0.22375552893475856,0.0,EDWARDIAN PARASOL NATURAL,12.46,6.853000000000001,Monitor
22146,2640.93,77.7,2563.23,1470.3975,396.1395,211.2744,485.41859999999997,1417,46,0.1893776992310483,0.032462949894142556,EASTER CRAFT IVY WREATH WITH CHICK,1.95,1.0725,Monitor
22446,1755.28,20.1,1735.18,846.2465000000001,263.292,140.4224,485.2190999999999,619,6,0.2796361760739519,0.009693053311793215,PIN CUSHION BABUSHKA PINK,2.51,1.3805,Monitor
23213,2139.67,15.0,2124.67,1148.8125,320.9505,171.1736,483.73339999999996,1683,12,0.22767460358549796,0.0071301247771836,STAR WREATH DECORATION WITH BELL,1.25,0.6875,Monitor
21195,2122.66,0.0,2122.66,1151.5350000000003,318.399,169.8128,482.9131999999998,997,0,0.22750379241140825,0.0,PINK  HONEYCOMB PAPER BALL,2.1,1.1550000000000002,Monitor
85231B,1880.3899999999999,9.35,1871.04,956.5050000000001,282.0585,150.4312,482.0452999999999,2057,11,0.2576349516846245,0.0053475935828877,CINAMMON SET OF 9 T-LIGHTS,0.85,0.4675,Monitor
35004B,6809.650000000001,364.65000000000003,6445.0,4397.794500000001,1021.4475000000001,544.772,480.98599999999976,1474,93,0.0746293250581846,0.06309362279511534,SET OF 3 BLACK FLYING DUCKS,5.79,3.1845000000000003,Review margin
23366,1670.55,0.0,1670.55,805.4475000000001,250.5825,133.644,480.8759999999999,2253,0,0.2878548980874562,0.0,SET 12 COLOURING PENCILS DOILY,0.65,0.35750000000000004,Monitor
21439,2838.79,432.48,2406.31,1273.25,425.8185,227.10320000000002,480.13829999999996,2260,408,0.19953301943639845,0.18053097345132743,BASKET OF TOADSTOOLS,1.25,0.6875,Monitor
18098C,3266.53,70.80000000000001,3195.73,1964.8475000000003,489.97950000000003,261.3224,479.58059999999995,1235,24,0.15006918607016237,0.019433198380566803,PORCELAIN BUTTERFLY OIL BURNER,2.95,1.6225000000000003,Monitor
20686,2012.59,25.0,1987.59,1045.6875000000002,301.88849999999996,161.0072,479.0067999999999,593,8,0.24099879753872777,0.013490725126475547,DOLLY MIXTURE CHILDREN'S UMBRELLA,3.25,1.7875,Monitor
84965A,1050.0,0.0,1050.0,330.0,157.5,84.0,478.5,20,0,0.45571428571428574,0.0,PINK KASHMIRI COFFEE TABLE,30.0,16.5,Monitor
20735,1540.29,0.0,1540.29,708.2625,231.04349999999997,123.22319999999999,477.7607999999999,1515,0,0.31017587597140794,0.0,BLACK MINI TAPE MEASURE,0.85,0.4675,Monitor
20752,2887.1000000000004,6.300000000000001,2880.8,1739.4300000000003,433.065,230.96800000000002,477.3369999999997,1509,3,0.1656959872257705,0.0019880715705765406,BLUE POLKADOT WASHING UP GLOVES,2.1,1.1550000000000002,Monitor
21789,2439.62,78.19999999999999,2361.42,1323.4925,365.943,195.1696,476.81489999999985,2923,92,0.20191871839825182,0.03147451248717072,KIDS RAIN MAC PINK,0.85,0.4675,Monitor
22678,1876.78,13.75,1863.03,955.625,281.517,150.1424,475.74559999999997,1401,11,0.2553612126482128,0.007851534618129907,FRENCH BLUE METAL DOOR SIGN 3,1.25,0.6875,Monitor
22520,2012.1299999999999,1.7,2010.4299999999998,1071.9775,301.81949999999995,160.97039999999998,475.6625999999999,2295,2,0.23659744432783034,0.0008714596949891067,CHILDS GARDEN TROWEL BLUE,0.85,0.4675,Monitor
85176,2293.0,13.18,2279.8199999999997,1277.21,343.95,183.44,475.21999999999986,2748,16,0.20844628084673347,0.005822416302765648,SEWING SUSAN 21 NEEDLE SET,0.85,0.4675,Monitor
84459A,2046.1599999999999,143.04,1903.12,958.8149999999999,306.924,163.69279999999998,473.6882,1266,96,0.2489008575391988,0.07582938388625593,PINK METAL CHICKEN HEART,1.49,0.8195,Monitor
85217,1985.7500000000002,62.400000000000006,1923.3500000000001,993.4925000000002,297.8625,158.86,473.13499999999993,2875,96,0.24599526867184854,0.033391304347826084,ASSORTED ICE CREAM FRIDGE MAGNETS,0.65,0.35750000000000004,Monitor
85114A,2110.9,0.0,2110.9,1152.5249999999999,316.635,168.87199999999999,472.86800000000005,1270,0,0.2240125065138093,0.0,BLACK ENCHANTED FOREST PLACEMAT,1.65,0.9075,Monitor
22448,2426.73,20.1,2406.63,1376.3475000000003,364.0095,194.13840000000002,472.13459999999986,753,6,0.1961808005385123,0.00796812749003984,PIN CUSHION BABUSHKA RED,3.35,1.8425000000000002,Monitor
23274,2009.9499999999998,4.949999999999999,2004.9999999999998,1070.8500000000001,301.49249999999995,160.796,471.86149999999986,1183,3,0.23534239401496254,0.00253592561284869,STAR T-LIGHT HOLDER WILLIE WINKIE,1.65,0.9075,Monitor
21651,2251.5099999999998,0.0,2251.5099999999998,1263.24,337.72649999999993,180.1208,470.42269999999985,1392,0,0.20893653592477932,0.0,HANGING GLASS ETCHED TEALIGHT,1.65,0.9075,Monitor
22341,5702.19,1858.1999999999998,3843.99,2062.7475,855.3284999999998,456.17519999999996,469.73879999999974,3469,1196,0.12220083819156652,0.34476794465263766,LOVE GARLAND PAINTED ZINC,1.65,0.9075,Monitor
84006,1739.77,4.25,1735.52,866.2775,260.96549999999996,139.1816,469.09539999999987,1858,5,0.27029097907255456,0.002691065662002153,MAGIC TREE -PAPER FLOWERS,0.85,0.4675,Monitor
21803,1969.62,0.0,1969.62,1047.816,295.443,157.5696,468.7913999999999,4536,0,0.23801108843330182,0.0,CHRISTMAS TREE STAR DECORATION,0.42,0.231,Monitor
23066,2137.81,8.25,2129.56,1170.6750000000002,320.67150000000004,171.0248,467.1886999999999,259,1,0.21938273633990116,0.003861003861003861,SMALL DECO JEWELLERY STAND,8.25,4.5375000000000005,Monitor
23161,2145.3,15.0,2130.3,1170.8125,321.795,171.624,466.06850000000003,1715,12,0.218780688165986,0.006997084548104956,REGENCY CAKE FORK,1.25,0.6875,Monitor
85185B,1887.7100000000003,2.95,1884.7600000000002,984.8575000000002,283.1565,151.01680000000002,465.7292,608,1,0.24710265497994435,0.001644736842105263,PINK HORSE SOCK PUPPET KIT,2.95,1.6225000000000003,Monitor
21802,1918.8799999999999,0.42,1918.46,1011.7800000000001,287.832,153.5104,465.3375999999999,4381,1,0.24255788497023648,0.00022825838849577722,CHRISTMAS TREE HEART DECORATION,0.42,0.231,Monitor
23365,1464.38,0.0,1464.38,664.5925000000001,219.657,117.1504,462.98009999999994,1859,0,0.3161611740122099,0.0,SET 12 COLOUR PENCILS LOVE LONDON,0.65,0.35750000000000004,Monitor
22521,1998.1299999999999,1.7,1996.4299999999998,1074.315,299.7195,159.8504,462.5450999999999,2300,2,0.23168610970582484,0.0008695652173913044,CHILDS GARDEN TROWEL PINK,0.85,0.4675,Monitor
21983,1875.8899999999999,13.919999999999998,1861.9699999999998,968.6435,281.38349999999997,150.0712,461.87179999999984,6121,48,0.24805544665059046,0.007841855905897728,PACK OF 12 BLUE PAISLEY TISSUES,0.29,0.1595,Monitor
23438,2227.42,0.0,2227.42,1253.3125,334.113,178.1936,461.80089999999996,1823,0,0.20732547072397658,0.0,RED SPOT GIFT BAG LARGE,1.25,0.6875,Monitor
23227,2070.06,7.5,2062.56,1124.75,310.509,165.60479999999998,461.6962,1642,6,0.22384619114110618,0.0036540803897685747,FILIGREE HEART BUTTERFLY WHITE,1.25,0.6875,Monitor
21464,2291.0,89.25,2201.75,1213.1625000000001,343.65,183.28,461.6574999999998,540,21,0.20967752923810595,0.03888888888888889,DISCO BALL ROTATOR BATTERY OPERATED,4.25,2.3375000000000004,Monitor
21389,2010.6399999999999,25.5,1985.1399999999999,1062.16,301.59599999999995,160.8512,460.5327999999999,2302,30,0.23199008634151744,0.013032145960034752,IVORY HANGING DECORATION  BIRD,0.85,0.4675,Monitor
21872,5172.55,41.47,5131.08,3481.5,775.8824999999999,413.804,459.8935,5099,35,0.08962898649017362,0.006864090998234948,GLAMOROUS  MUG,1.25,0.6875,Review margin
85099b,2111.64,0.0,2111.64,1166.077,316.746,168.9312,459.88579999999996,419,0,0.21778608096076982,0.0,JUMBO BAG RED RETROSPOT,5.06,2.783,Monitor
21058,2063.24,10.2,2053.04,1118.7275,309.48599999999993,165.0592,459.76729999999986,2405,12,0.22394463819506677,0.00498960498960499,PARTY INVITES WOODLAND,0.85,0.4675,Monitor
21687,1886.23,3.75,1882.48,990.0,282.9345,150.8984,458.6471,481,1,0.2436398261867324,0.002079002079002079,SILVER PLATE CANDLE BOWL LARGE,3.75,2.0625,Monitor
21656,1623.24,2.9,1620.34,788.7275,243.486,129.8592,458.2672999999999,991,2,0.2828216917437081,0.0020181634712411706,RIDGED GLASS POSY VASE,1.45,0.7975,Monitor
21611,2193.9900000000002,17.700000000000003,2176.2900000000004,1213.63,329.0985,175.5192,458.04229999999995,754,6,0.2104693308336664,0.007957559681697613,SET OF 12 LILY BOTANICAL T-LIGHTS,2.95,1.6225000000000003,Monitor
23369,1581.06,0.0,1581.06,759.6875,237.159,126.4848,457.72870000000006,1105,0,0.2895074823219866,0.0,SET 36 COLOUR PENCILS LOVE LONDON,1.25,0.6875,Monitor
22317,1836.4900000000002,0.0,1836.4900000000002,957.2750000000001,275.4735,146.91920000000002,456.8223,590,0,0.24874750202832574,0.0,FIVE CATS HANGING DECORATION,2.95,1.6225000000000003,Monitor
23291,2060.28,12.5,2047.78,1117.1875,309.042,164.82240000000002,456.72810000000004,1635,10,0.223035726494057,0.0061162079510703364,DOLLY GIRL CHILDRENS CUP,1.25,0.6875,Monitor
23501,2220.37,0.0,2220.37,1253.3125,333.0555,177.6296,456.37239999999997,1823,0,0.20553889667037475,0.0,KEY RING BASEBALL BOOT UNION JACK,1.25,0.6875,Monitor
21356,2015.4099999999999,1.25,2014.1599999999999,1094.5,302.31149999999997,161.2328,456.11569999999995,1593,1,0.226454551773444,0.0006277463904582549,TOAST ITS - FAIRY FLOWER,1.25,0.6875,Monitor
37441,1652.4,2.1,1650.3000000000002,814.2750000000002,247.85999999999999,132.192,455.97299999999996,706,1,0.27629703690238133,0.00141643059490085,ASSORTED WHITE EMBOSSED CHINA MUGS,2.1,1.1550000000000002,Monitor
22023,2112.05,5.04,2107.01,1165.8570000000002,316.8075,168.964,455.3814999999999,5059,12,0.21612688122030738,0.0023720102787112077,EMPIRE BIRTHDAY CARD,0.42,0.231,Monitor
84872A,1983.54,0.0,1983.54,1072.797,297.531,158.6832,454.5288,177,0,0.2291503070268308,0.0,TEATIME FUNKY FLOWER BACKPACK FOR 2,11.02,6.061,Monitor
23436,2367.39,18.75,2348.64,1350.25,355.1085,189.3912,453.8903,1979,15,0.19325665065740175,0.007579585649317837,VINTAGE CHRISTMAS GIFT BAG LARGE,1.25,0.6875,Monitor
22680,1824.2,37.5,1786.7,913.6875,273.63,145.936,453.4465,1359,30,0.2537899479487323,0.02207505518763797,FRENCH BLUE METAL DOOR SIGN 5,1.25,0.6875,Monitor
23500,2044.58,0.0,2044.58,1121.3125,306.687,163.5664,453.0141,1631,0,0.22156829275450216,0.0,KEY RING BASEBALL BOOT ASSORTED,1.25,0.6875,Monitor
22711,2220.84,21.0,2199.84,1236.3120000000001,333.126,177.6672,452.73479999999995,5402,50,0.20580351298276234,0.009255831173639394,WRAP CIRCUS PARADE,0.42,0.231,Monitor
21291,2101.73,56.95,2044.78,1108.91,315.2595,168.13840000000002,452.47209999999984,2439,67,0.22128155596201052,0.027470274702747027,SMALL POLKADOT CHOCOLATE GIFT BAG,0.85,0.4675,Monitor
22947,12704.15,221.26999999999998,12482.88,9109.913999999999,1905.6225,1016.332,451.01150000000035,1011,15,0.03613040420159454,0.01483679525222552,WOODEN ADVENT CALENDAR RED,16.63,9.1465,Review margin
23152,2095.65,26.25,2069.4,1136.4375,314.34749999999997,167.652,450.96299999999997,558,7,0.21791968686575816,0.012544802867383513,IVORY SWEETHEART WIRE LETTER RACK,3.75,2.0625,Monitor
23399,1752.35,0.0,1752.35,898.5350000000001,262.85249999999996,140.188,450.7744999999999,1922,0,0.2572399920107284,0.0,HOME SWEET HOME HANGING HEART,0.85,0.4675,Monitor
22859,2095.6499999999996,52.8,2042.85,1110.78,314.34749999999997,167.652,450.0704999999999,1256,32,0.22031500110140242,0.025477707006369428,EASTER TIN BUNNY BOUQUET,1.65,0.9075,Monitor
22686,1857.39,30.0,1827.39,950.125,278.6085,148.59120000000001,450.0653,1406,24,0.24628858645390417,0.017069701280227598,FRENCH BLUE METAL DOOR SIGN No,1.25,0.6875,Monitor
23048,2384.9700000000003,136.95000000000002,2248.02,1250.8100000000002,357.7455,190.79760000000002,448.66689999999994,581,33,0.1995831442780758,0.05679862306368331,SET OF 10 LANTERNS FAIRY LIGHT STAR,4.15,2.2825,Monitor
85162C,1841.7,0.0,1841.7,969.5400000000001,276.255,147.33599999999998,448.5689999999999,904,0,0.24356246945756632,0.0,WHITE RETRODISC LAMPSHADE,1.95,1.0725,Monitor
23505,1660.04,0.0,1660.04,829.8125,249.006,132.8032,448.4183,1207,0,0.2701249969880244,0.0,PLAYING CARDS I LOVE LONDON,1.25,0.6875,Monitor
84913B,1593.29,4.65,1588.64,774.312,238.9935,127.4632,447.8713,420,1,0.28192120304159535,0.002380952380952381,MINT GREEN ROSE TOWEL,3.36,1.848,Monitor
22500,2660.96,19.8,2641.1600000000003,1581.7725,399.144,212.8768,447.3667,585,4,0.16938265762013657,0.006837606837606838,SET OF 2 TINS JARDIN DE PROVENCE,4.95,2.7225,Monitor
23490,2055.27,11.25,2044.02,1124.0625,308.2905,164.4216,447.2454,548,3,0.2188067631432178,0.005474452554744526,T-LIGHT HOLDER HANGING LOVE BIRD,3.75,2.0625,Monitor
21837,1628.5900000000001,11.9,1616.69,795.2175000000001,244.2885,130.2872,446.8968,245,2,0.27642702064093916,0.00816326530612245,CROSS STITCH ALPHABET CUSHION COVER,5.95,3.2725000000000004,Monitor
21659,1906.6499999999999,59.8,1846.85,962.0325,285.99749999999995,152.532,446.28799999999995,121,4,0.24164821182012614,0.03305785123966942,GLASS CAKE STAND,14.95,8.2225,Monitor
21662,1741.0,23.8,1717.2,870.4850000000001,261.15,139.28,446.28499999999997,270,4,0.2598911017936175,0.014814814814814815,VINTAGE GLASS COFFEE CADDY,5.95,3.2725000000000004,Monitor
22514,2207.1200000000003,4.2,2202.92,1249.7100000000003,331.068,176.56960000000004,445.57239999999985,1084,2,0.2022644490040491,0.0018450184501845018,CHILDS GARDEN SPADE BLUE,2.1,1.1550000000000002,Monitor
23252,2276.61,123.75,2152.86,1183.875,341.4915,182.1288,445.3647,607,33,0.20687118530698698,0.054365733113673806,VINTAGE RED ENAMEL TRIM JUG,3.75,2.0625,Monitor
21157,1619.0500000000002,12.600000000000001,1606.45,790.0200000000002,242.85750000000002,129.52400000000003,444.0484999999999,690,6,0.27641601045784175,0.008695652173913044,RED RETROSPOT WASHBAG,2.1,1.1550000000000002,Monitor
35001W,2820.65,66.81,2753.84,1662.287,423.09749999999997,225.65200000000002,442.8035,887,21,0.16079492635737733,0.02367531003382187,HAND OPEN SHAPE DECO.WHITE,3.49,1.9195000000000002,Monitor
23445,2177.8399999999997,16.599999999999998,2161.24,1217.942,326.676,174.22719999999998,442.39479999999975,2688,20,0.2046948973737298,0.00744047619047619,ICE CREAM BUBBLES,0.83,0.4565,Monitor
23368,1681.5,3.9000000000000004,1677.6000000000001,849.4200000000002,252.22500000000002,134.52,441.43499999999995,2382,6,0.26313483547925604,0.0025188916876574307,SET 12 COLOUR PENCILS DOLLY GIRL,0.65,0.35750000000000004,Monitor
22539,2269.39,0.42,2268.97,1306.536,340.4085,181.5512,440.47429999999986,5657,1,0.1941296270995209,0.00017677214071062401,MINI JIGSAW DOLLY GIRL,0.42,0.231,Monitor
22559,1986.8700000000001,5.0,1981.8700000000001,1085.5625,298.0305,158.9496,439.3274,1583,4,0.221673167261223,0.002526847757422615,SEASIDE FLYING DISC,1.25,0.6875,Monitor
22832,2033.15,75.25,1957.9,1052.4250000000002,304.9725,162.652,437.85049999999995,185,7,0.2236327187292507,0.03783783783783784,BROCANTE SHELF WITH HOOKS,10.75,5.9125000000000005,Monitor
22305,4716.63,28.049999999999997,4688.58,3166.8450000000003,707.4945,377.3304,436.9100999999998,2269,11,0.09318601794146623,0.004847950639048039,COFFEE MUG PINK PAISLEY DESIGN,2.55,1.4025,Review margin
22975,1679.66,1.25,1678.41,855.25,251.94899999999998,134.37279999999998,436.8382,1245,1,0.26026906417383117,0.0008032128514056225,SPACEBOY CHILDRENS EGG CUP,1.25,0.6875,Monitor
21681,2254.71,29.849999999999998,2224.8599999999997,1269.6200000000001,338.2065,180.3768,436.65669999999994,235,3,0.19626255135154572,0.01276595744680851,GIANT MEDINA STAMPED METAL BOWL,9.95,5.4725,Monitor
84581,1927.52,0.0,1927.52,1047.75,289.128,154.20159999999998,436.4404,508,0,0.2264258736614925,0.0,DOG TOY WITH PINK CROCHET SKIRT,3.75,2.0625,Monitor
22824,2153.9500000000003,35.95,2118.0,1186.3500000000004,323.0925,172.31600000000003,436.2414999999999,61,1,0.20596860245514634,0.01639344262295082,3 TIER SWEETHEART GARDEN SHELF,35.95,19.772500000000004,Monitor
23093,2244.2200000000003,7.470000000000001,2236.75,1284.5910000000001,336.633,179.53760000000003,435.9884,941,3,0.19492048731418354,0.003188097768331562,SMALL PARISIENNE HEART PHOTO FRAME,2.49,1.3695000000000002,Monitor
40018F,2102.28,23.4,2078.88,1159.3725,315.342,168.1824,435.98310000000004,1093,12,0.20972018586931426,0.010978956999085087,CHERRY DESIGN PAPERLANTERNS,1.95,1.0725,Monitor
21468,2365.14,7.5,2357.64,1377.75,354.771,189.21120000000002,435.9078000000001,670,2,0.18489158650175605,0.0029850746268656717,BUTTERFLY CROCHET FOOD COVER,3.75,2.0625,Monitor
22613,2423.16,8.5,2414.66,1423.5375000000001,363.474,193.8528,433.7956999999999,3055,10,0.17965084111220625,0.0032733224222585926,PACK OF 20 SPACEBOY NAPKINS,0.85,0.4675,Monitor
22679,1704.43,12.5,1691.93,866.25,255.6645,136.3544,433.6611,1270,10,0.256311490428091,0.007874015748031496,FRENCH BLUE METAL DOOR SIGN 4,1.25,0.6875,Monitor
21692,1940.37,15.0,1925.37,1045.6875,291.0555,155.2296,433.3974,511,4,0.2250982408576014,0.007827788649706457,SILVER LATTICE VANILLA CANDLE POT,3.75,2.0625,Monitor
23228,1960.0,149.76,1810.24,926.75,294.0,156.8,432.69,1492,144,0.23902355488774968,0.09651474530831099,FILIGREE HEART BIRD WHITE,1.25,0.6875,Monitor
22587,1850.54,0.0,1850.54,992.5025,277.58099999999996,148.04319999999998,432.4132999999999,2123,0,0.2336687129162298,0.0,FELTCRAFT HAIRBAND RED AND BLUE,0.85,0.4675,Monitor
22695,2071.6,0.0,2071.6,1162.755,310.74,165.72799999999998,432.37699999999995,1458,0,0.2087164510523267,0.0,WICKER WREATH SMALL,1.45,0.7975,Monitor
22540,2410.29,1.26,2409.0299999999997,1422.729,361.5435,192.82319999999999,431.93429999999984,6162,3,0.1792980162139948,0.0004868549172346641,MINI JIGSAW CIRCUS PARADE,0.42,0.231,Monitor
21395,1415.6399999999999,23.4,1392.24,634.9200000000001,212.34599999999998,113.2512,431.72279999999984,2980,20,0.3100922254783657,0.006711409395973154,BLUE POLKADOT BEAKER,0.39,0.21450000000000002,Monitor
21112,5484.26,507.29999999999995,4976.96,3283.9400000000005,822.639,438.74080000000004,431.64019999999977,2222,198,0.0867276811547611,0.0891089108910891,SWISS ROLL TOWEL PINK  SPOTS,2.95,1.6225000000000003,Review margin
23145,1979.4799999999998,10.45,1969.0299999999997,1083.1425,296.92199999999997,158.3584,430.6070999999999,2084,11,0.2186899640939955,0.00527831094049904,ZINC T-LIGHT HOLDER STAR LARGE,0.95,0.5225,Monitor
85054,2506.82,20.200000000000003,2486.6200000000003,1479.7200000000003,376.023,200.5456,430.3314,920,8,0.17305877053992966,0.008695652173913044,FRENCH ENAMEL POT W LID,2.95,1.6225000000000003,Monitor
21747,2453.6,136.98000000000002,2316.62,1322.75,368.03999999999996,196.288,429.54200000000003,2050,126,0.18541754797938378,0.06146341463414634,SMALL SKULL WINDMILL,1.25,0.6875,Monitor
23289,2013.7,15.0,1998.7,1106.875,302.055,161.096,428.67400000000004,1622,12,0.2144764096662831,0.007398273736128237,DOLLY GIRL CHILDRENS BOWL,1.25,0.6875,Monitor
22515,2131.84,8.4,2123.44,1204.6650000000002,319.776,170.54720000000003,428.4517999999999,1047,4,0.20177250122442822,0.0038204393505253103,CHILDS GARDEN SPADE PINK,2.1,1.1550000000000002,Monitor
21357,1836.51,60.0,1776.51,926.0625,275.4765,146.92079999999999,428.05019999999996,1395,48,0.24095006501511387,0.034408602150537634,TOAST ITS - DINOSAUR,1.25,0.6875,Monitor
21927,1728.24,81.25,1646.99,821.5625,259.236,138.2592,427.9323,1260,65,0.2598268963381684,0.051587301587301584,BLUE/CREAM STRIPE CUSHION COVER,1.25,0.6875,Monitor
22803,2237.84,0.0,2237.84,1296.3775000000003,335.676,179.0272,426.7592999999999,59,0,0.19070143531262282,0.0,IVORY EMBROIDERED QUILT,39.95,21.972500000000004,Monitor
22714,2157.91,41.04,2116.87,1194.0390000000002,323.68649999999997,172.6328,426.5116999999999,5277,108,0.2014822355647725,0.02046617396247868,CARD BIRTHDAY COWBOY,0.42,0.231,Monitor
21009,1509.99,18.75,1491.24,717.75,226.49849999999998,120.7992,426.19229999999993,1059,15,0.2857972559748933,0.014164305949008499,ETCHED GLASS STAR TREE DECORATION,1.25,0.6875,Monitor
23094,1924.92,25.0,1899.92,1031.2500000000002,288.738,153.9936,425.93839999999983,152,2,0.22418754473872574,0.013157894736842105,LE GRAND TRAY CHIC SET,12.5,6.875000000000001,Monitor
23079,2243.35,125.3,2118.0499999999997,1176.4775000000002,336.50249999999994,179.468,425.6019999999998,253,14,0.20094048771275458,0.05533596837944664,TOADSTOOL BEDSIDE LIGHT,8.95,4.9225,Monitor
22523,1889.09,12.75,1876.34,1017.2800000000001,283.3635,151.1272,424.5692999999999,2191,15,0.22627524862231788,0.006846188954815153,CHILDS GARDEN FORK PINK,0.85,0.4675,Monitor
21677,1859.3799999999999,30.599999999999998,1828.78,976.6075000000001,278.907,148.75039999999998,424.5150999999999,2125,36,0.23213021795951394,0.016941176470588234,HEARTS  STICKERS,0.85,0.4675,Monitor
23317,1787.4099999999999,0.0,1787.4099999999999,952.215,268.1115,142.9928,424.09069999999997,174,0,0.23726548469573294,0.0,BLUE REFECTORY CLOCK,9.95,5.4725,Monitor
21446,1683.58,0.0,1683.58,872.4375,252.537,134.6864,423.91909999999996,1269,0,0.25179623183929484,0.0,12 RED ROSE PEG PLACE SETTINGS,1.25,0.6875,Monitor
22642,2358.67,0.0,2358.67,1392.6825000000001,353.8005,188.6936,423.49339999999984,993,0,0.17954754162303324,0.0,SET OF 4 NAPKIN CHARMS STARS,2.55,1.4025,Monitor
23491,1897.76,8.25,1889.51,1030.0125,284.664,151.8208,423.0126999999999,228,1,0.22387428486750527,0.0043859649122807015,VINTAGE JINGLE BELLS HEART,8.25,4.5375000000000005,Monitor
20716,1926.29,13.75,1912.54,1047.0625,288.9435,154.10320000000002,422.4308,1534,11,0.22087423008146234,0.007170795306388526,PARTY FOOD SHOPPER BAG,1.25,0.6875,Monitor
47591C,2012.43,0.0,2012.43,1127.1975,301.86449999999996,160.9944,422.37359999999995,1051,0,0.2098823810020721,0.0,BLUE FAIRY CAKE CHILDRENS APRON,1.95,1.0725,Monitor
84763,1903.0,0.0,1903.0,1042.9375,285.45,152.24,422.3725,1517,0,0.22195086705202313,0.0,ZINC FINISH 15CM PLANTER POTS,1.25,0.6875,Monitor
21867,1582.87,0.0,1582.87,797.5,237.4305,126.6296,421.30989999999997,1160,0,0.26616835242313014,0.0,PINK UNION JACK  LUGGAGE TAG,1.25,0.6875,Monitor
23233,2105.5,10.5,2095.0,1189.65,315.825,168.44,421.0849999999999,5175,25,0.20099522673031023,0.004830917874396135,WRAP POPPIES  DESIGN,0.42,0.231,Monitor
21068,4227.13,98.33000000000001,4128.8,2735.5625,634.0695,338.1704,420.99760000000003,4068,89,0.10196609184266615,0.021878072763028514,VINTAGE BILLBOARD LOVE/HATE MUG,1.25,0.6875,Monitor
21383,1598.88,40.300000000000004,1558.5800000000002,770.4125000000001,239.83200000000002,127.91040000000001,420.42509999999993,2217,62,0.26974880981406146,0.02796571944068561,PACK OF 12 STICKY BUNNIES,0.65,0.35750000000000004,Monitor
85045,2239.34,54.5,2184.84,1249.6275,335.901,179.14720000000003,420.16429999999997,471,12,0.19230895626224342,0.025477707006369428,GREEN CHRISTMAS TREE STRING 20LIGHT,4.95,2.7225,Monitor
20684,1913.31,36.5,1876.81,1017.0875000000001,286.99649999999997,153.06480000000002,419.66119999999995,581,12,0.22360345479830135,0.020654044750430294,STRAWBERRY DREAM CHILDS UMBRELLA,3.25,1.7875,Monitor
21612,2025.7700000000002,17.700000000000003,2008.0700000000002,1122.7700000000002,303.8655,162.0616,419.37289999999996,698,6,0.2088437654065844,0.008595988538681949,SET 12 WILDFLOWER BOTANICAL T-LIGHT,2.95,1.6225000000000003,Monitor
21529,1824.9400000000003,27.6,1797.3400000000001,958.2375000000001,273.74100000000004,145.9952,419.3663,513,8,0.2333260818765509,0.015594541910331383,RED RETROSPOT TOASTRACK,3.45,1.8975000000000002,Monitor
85162B,1905.15,0.0,1905.15,1047.8325,285.7725,152.412,419.13300000000004,977,0,0.22,0.0,BLACK RETRODISC LAMPSHADE,1.95,1.0725,Monitor
23148,1820.4599999999998,10.79,1809.6699999999998,972.8014999999999,273.06899999999996,145.6368,418.16269999999986,2144,13,0.23107124503362486,0.006063432835820896,MINIATURE ANTIQUE ROSE HOOK IVORY,0.83,0.4565,Monitor
85164B,1825.1799999999998,12.75,1812.4299999999998,974.7375000000001,273.777,146.0144,417.90109999999993,140,1,0.23057502910457228,0.007142857142857143,BLACK BAROQUE CUCKOO CLOCK,12.75,7.0125,Monitor
23020,2191.84,73.65,2118.19,1196.2500000000002,328.776,175.34720000000002,417.81679999999983,180,6,0.19725180460676323,0.03333333333333333,GLASS  SONGBIRD STORAGE JAR,12.5,6.875000000000001,Monitor
22770,1799.62,104.64999999999999,1694.97,863.3625000000001,269.943,143.96959999999999,417.6949,112,7,0.2464320312453908,0.0625,MIRROR CORNICE,14.95,8.2225,Monitor
22322,1538.4099999999999,12.75,1525.6599999999999,754.5450000000001,230.76149999999998,123.0728,417.2806999999999,1629,15,0.27350831771167883,0.009208103130755065,BIRD DECORATION GREEN POLKADOT,0.85,0.4675,Monitor
22522,1911.76,12.75,1899.01,1042.9925,286.76399999999995,152.9408,416.3126999999999,2246,15,0.2192261757442035,0.006678539626001781,CHILDS GARDEN FORK BLUE,0.85,0.4675,Monitor
21421,2144.48,7.5,2136.98,1227.875,321.672,171.5584,415.87460000000004,1792,6,0.194608559743189,0.0033482142857142855,PORCELAIN ROSE LARGE,1.25,0.6875,Monitor
23090,1870.86,7.47,1863.3899999999999,1017.5385,280.62899999999996,149.6688,415.5536999999999,2238,9,0.22300951491636206,0.004021447721179625,VINTAGE GLASS T-LIGHT HOLDER,0.83,0.4565,Monitor
21276,1558.94,76.2,1482.74,708.9225,233.84099999999998,124.7152,415.26129999999995,677,16,0.28006346358768225,0.023633677991137372,TWO EMBOSSED HEART MINI DRAWERS,1.95,1.0725,Monitor
23315,2094.24,97.80000000000001,1996.44,1099.9725,314.13599999999997,167.5392,414.79229999999995,213,12,0.2077659734327102,0.056338028169014086,IVORY REFECTORY CLOCK,9.95,5.4725,Monitor
23101,1744.61,0.0,1744.61,929.8905,261.69149999999996,139.56879999999998,413.4591999999999,2037,0,0.23699233639609993,0.0,SILVER STARS TABLE DECORATION,0.83,0.4565,Monitor
22708,2140.5,10.5,2130.0,1224.3000000000002,321.075,171.24,413.38499999999993,5325,25,0.19407746478873236,0.004694835680751174,WRAP DOLLY GIRL,0.42,0.231,Monitor
84670,2140.06,63.0,2077.06,1171.863,321.00899999999996,171.2048,412.98319999999984,5223,150,0.19883065486793827,0.02871912693854107,JAPANESE CROCHETED ANIMAL,0.42,0.231,Monitor
84691,2231.45,56.10000000000001,2175.35,1249.16,334.7175,178.516,412.9564999999998,2754,82,0.18983450938929358,0.029774872912127815,PACK 20 DOLLY PEGS,0.85,0.4675,Monitor
84843,1737.01,11.9,1725.1100000000001,913.0275000000001,260.5515,138.9608,412.5701999999999,281,2,0.2391558799149039,0.0071174377224199285,WHITE SOAP RACK WITH 2 BOTTLES,5.95,3.2725000000000004,Monitor
79160,1987.77,44.1,1943.67,1074.1500000000003,298.1655,159.0216,412.3328999999998,951,21,0.21214141289416402,0.022082018927444796,HEART SHAPE WIRELESS DOORBELL,2.1,1.1550000000000002,Monitor
23251,2107.0,72.5,2034.5,1137.8125,316.05,168.56,412.0775,1713,58,0.20254485131481936,0.033858727378867484,VINTAGE RED ENAMEL TRIM MUG,1.25,0.6875,Monitor
23376,1389.59,9.36,1380.23,649.2915,208.43849999999998,111.16720000000001,411.3327999999999,3051,24,0.2980175767806814,0.007866273352999017,PACK OF 12 VINTAGE CHRISTMAS TISSUE,0.39,0.21450000000000002,Monitor
21504,2025.18,5.04,2020.14,1143.219,303.777,162.0144,411.1295999999999,4961,12,0.2035153999227776,0.0024188671638782503,SKULLS GREETING CARD,0.42,0.231,Monitor
22049,1025.25,10.5,1014.75,368.3625,153.7875,82.02,410.58,3550,25,0.4046119733924612,0.007042253521126761,WRAP CHRISTMAS SCREEN PRINT,0.19,0.10450000000000001,Monitor
23461,3082.71,16.6,3066.11,1946.9725000000003,462.4065,246.6168,410.1141999999999,857,4,0.13375717113867405,0.004667444574095682,SWEETHEART BIRD HOUSE,4.15,2.2825,Monitor
22325,3149.8900000000003,237.60000000000002,2912.29,1777.7925,472.4835,251.99120000000002,410.0228,701,48,0.14079051193390768,0.06847360912981455,MOBILE VINTAGE HEARTS,4.95,2.7225,Monitor
47503A,1416.84,25.08,1391.76,656.5020000000001,212.526,113.3472,409.3847999999999,2878,36,0.2941489912053802,0.01250868658790827,ASS FLORAL PRINT MULTI SCREWDRIVER,0.42,0.231,Monitor
22858,1882.29,16.5,1865.79,1023.66,282.34349999999995,150.5832,409.20329999999996,1138,10,0.21931905519913814,0.008787346221441126,EASTER TIN KEEPSAKE,1.65,0.9075,Monitor
23068,1976.89,0.0,1976.89,1113.4035000000001,296.5335,158.15120000000002,408.80180000000007,813,0,0.20679036264030878,0.0,ALUMINIUM STAMPED HEART,2.49,1.3695000000000002,Monitor
23181,1733.57,33.0,1700.57,893.8875000000002,260.0355,138.6856,407.96139999999986,201,4,0.23989685811227993,0.01990049751243781,BULL DOG BOTTLE TOP WALL CLOCK,8.25,4.5375000000000005,Monitor
21613,1861.4500000000003,0.0,1861.4500000000003,1025.42,279.21750000000003,148.91600000000003,407.8965,632,0,0.21912836767036448,0.0,S/12 VANILLA  BOTANICAL T-LIGHTS,2.95,1.6225000000000003,Monitor
37327,1052.08,1.56,1050.52,401.016,157.81199999999998,84.1664,407.52559999999994,1740,4,0.3879275025701557,0.0022988505747126436,ASSTD MULTICOLOUR CIRCLES MUG,0.42,0.231,Monitor
21841,1874.47,12.75,1861.72,1023.8250000000002,281.1705,149.9576,406.76689999999985,441,3,0.21848983735470417,0.006802721088435374,BABY MOUSE RED GINGHAM DRESS,4.25,2.3375000000000004,Monitor
21437,2354.67,18.75,2335.92,1388.0625,353.2005,188.3736,406.28340000000003,678,5,0.1739286448166033,0.007374631268436578,24 HANGING EASTER EGGS FLORAL TUB,3.75,2.0625,Monitor
21589,2583.4500000000003,30.599999999999998,2552.85,1552.5675,387.5175,206.67600000000002,406.0889999999998,1119,12,0.15907280098713197,0.010723860589812333,SWALLOW GIANT TUBE MATCHES,2.55,1.4025,Monitor
23096,1759.7899999999997,0.0,1759.7899999999997,950.1525,263.96849999999995,140.7832,404.8857999999999,1047,0,0.23007620227413497,0.0,PETIT TRAY CHIC,1.65,0.9075,Monitor
23214,1705.44,0.0,1705.44,908.3360000000001,255.81599999999997,136.4352,404.85279999999995,794,0,0.23738906088751285,0.0,JINGLE BELL HEART ANTIQUE GOLD,2.08,1.1440000000000001,Monitor
21241,1871.62,0.85,1870.77,1035.5125,280.743,149.7296,404.7848999999999,2216,1,0.2163734184319825,0.0004512635379061372,GREEN POLKADOT CUP,0.85,0.4675,Monitor
37476,2010.6000000000001,0.0,2010.6000000000001,1143.7525,301.59,160.848,404.4095,209,0,0.20113871481149903,0.0,CONDIMENT TRAY 4 BOWLS AND 4 SPOONS,9.95,5.4725,Monitor
22586,1818.54,40.8,1777.7399999999998,955.1025000000001,272.78099999999995,145.48319999999998,404.37329999999986,2091,48,0.2274648148773161,0.02295552367288379,FELTCRAFT HAIRBAND PINK AND BLUE,0.85,0.4675,Monitor
23403,2207.86,11.25,2196.61,1284.9375,331.179,176.6288,403.8647,626,3,0.18385817236559973,0.004792332268370607,LETTER HOLDER HOME SWEET HOME,3.75,2.0625,Monitor
21445,1892.23,15.0,1877.23,1038.8125,283.8345,151.3784,403.20459999999997,1523,12,0.214786999994673,0.007879185817465528,12 PINK ROSE PEG PLACE SETTINGS,1.25,0.6875,Monitor
22788,3942.62,66.75,3875.87,2566.6025,591.393,315.4096,402.4649,476,7,0.10383859623774791,0.014705882352941176,BROCANTE COAT RACK,9.95,5.4725,Monitor
23155,1914.7299999999998,129.71,1785.02,942.216,287.2095,153.17839999999998,402.4161,2233,169,0.22544066733145846,0.07568293775190327,KNICKERBOCKERGLORY MAGNET ASSORTED,0.83,0.4565,Monitor
85036A,2451.21,5.5,2445.71,1479.6375000000003,367.68149999999997,196.0968,402.2941999999998,635,2,0.16448973917594475,0.0031496062992125984,GARDENIA 1 WICK MORRIS BOXED CANDLE,4.25,2.3375000000000004,Monitor
21873,2377.5099999999998,100.07000000000001,2277.44,1328.9375,356.62649999999996,190.20080000000002,401.67519999999996,2024,91,0.17637136433890682,0.04496047430830039,IF YOU CAN'T STAND THE HEAT MUG,1.25,0.6875,Monitor
23559,1488.65,0.0,1488.65,745.888,223.29749999999999,119.09200000000001,400.37249999999995,652,0,0.26895005541933964,0.0,WOODLAND BUNNIES LOLLY MAKERS,2.08,1.1440000000000001,Monitor
85159B,1503.5,92.89,1410.61,664.95,225.52499999999998,120.28,399.85499999999996,659,39,0.2834624736815987,0.05918057663125948,"WHITE TEA,COFFEE,SUGAR JARS",1.95,1.0725,Monitor
22405,1995.88,16.06,1979.82,1121.3125,299.382,159.6704,399.45509999999996,1644,13,0.20176334212201108,0.007907542579075427,MONEY BOX POCKET MONEY DESIGN,1.25,0.6875,Monitor
21206,3071.2,18.15,3053.0499999999997,1947.4950000000001,460.67999999999995,245.696,399.17899999999975,2157,11,0.13074761304269494,0.005099675475197033,STRAWBERRY HONEYCOMB  GARLAND,1.65,0.9075,Monitor
21448,1650.0699999999997,0.0,1650.0699999999997,872.1075000000001,247.51049999999995,132.0056,398.44639999999987,961,0,0.24147242238208072,0.0,12 DAISY PEGS IN WOOD BOX,1.65,0.9075,Monitor
84795A,1703.97,0.0,1703.97,913.8525000000001,255.5955,136.3176,398.20439999999996,209,0,0.23369214246729694,0.0,PASTEL STRIPE HAMMOCK,7.95,4.3725000000000005,Monitor
23374,1962.83,13.12,1949.7099999999998,1100.44,294.42449999999997,157.0264,397.8191,2456,16,0.20404013930276813,0.006514657980456026,RED SPOT PAPER GIFT BAG,0.82,0.451,Monitor
21637,1741.72,22.5,1719.22,921.25,261.258,139.3376,397.37440000000004,1358,18,0.2311364455974221,0.013254786450662739,ASSORTED SANSKRIT MINI NOTEBOOK,1.25,0.6875,Monitor
22453,2218.82,23.6,2195.2200000000003,1289.8875000000003,332.823,177.50560000000002,395.00389999999993,803,8,0.17993818387223143,0.009962640099626401,MEASURING TAPE BABUSHKA BLUE,2.95,1.6225000000000003,Monitor
21410,1466.78,4.25,1462.53,731.6375000000002,220.017,117.34240000000001,393.53309999999993,314,1,0.2690769420114459,0.0031847133757961785,COUNTRY COTTAGE  DOORSTOP GREEN,4.25,2.3375000000000004,Monitor
85059,2399.89,30.0,2369.89,1425.1875,359.9835,191.9912,392.7278,701,10,0.16571562393191247,0.014265335235378032,FRENCH ENAMEL WATER BASIN,3.75,2.0625,Monitor
22681,1562.02,14.81,1547.21,795.4375,234.303,124.9616,392.5079,1169,12,0.2536875407992451,0.010265183917878529,FRENCH BLUE METAL DOOR SIGN 6,1.25,0.6875,Monitor
23268,2019.59,17.4,2002.1899999999998,1145.21,302.9385,161.56719999999999,392.4742999999999,1448,12,0.19602250535663446,0.008287292817679558,SET OF 2 CERAMIC CHRISTMAS REINDEER,1.45,0.7975,Monitor
21467,3271.25,18.75,3252.5,2107.875,490.6875,261.7,392.23750000000007,1027,5,0.12059569561875483,0.004868549172346641,CHERRY CROCHET FOOD COVER,3.75,2.0625,Monitor
18097C,3942.77,571.8000000000001,3370.97,2072.895,591.4155,315.4216,391.2378999999996,1770,292,0.11606092608359007,0.16497175141242937,WHITE TALL PORCELAIN T-LIGHT HOLDER,2.55,1.4025,Monitor
22026,1722.51,5.04,1717.47,930.6990000000001,258.3765,137.8008,390.5936999999999,4041,12,0.2274238851333647,0.002969561989606533,BANQUET BIRTHDAY  CARD,0.42,0.231,Monitor
21002,1507.22,0.0,1507.22,770.6160000000001,226.083,120.5776,389.94339999999994,417,0,0.2587169756239964,0.0,ROSE DU SUD DRAWSTRING BAG,3.36,1.848,Monitor
22204,1978.04,52.5,1925.54,1080.75,296.706,158.2432,389.8408,538,14,0.20245790791154689,0.026022304832713755,MILK PAN BLUE POLKADOT,3.75,2.0625,Monitor
47566b,1761.2599999999998,0.0,1761.2599999999998,966.614,264.18899999999996,140.90079999999998,389.55619999999993,212,0,0.22118040493737437,0.0,TEA TIME PARTY BUNTING,8.29,4.5595,Monitor
22913,2107.85,19.8,2088.05,1214.2350000000001,316.1775,168.62800000000001,389.0095,450,4,0.18630277052752567,0.008888888888888889,RED COAT RACK PARIS FASHION,4.95,2.7225,Monitor
35651,1057.62,19.799999999999997,1037.82,405.65250000000003,158.64299999999997,84.6096,388.91489999999993,459,12,0.37474215181823434,0.026143790849673203,VINTAGE BEAD PINK SCARF,1.65,0.9075,Monitor
35241,1631.42,59.400000000000006,1572.02,808.5825,244.713,130.5136,388.21090000000004,309,12,0.24695035686568875,0.038834951456310676,ENAMEL BLUE RIM BISCUIT BIN,4.95,2.7225,Monitor
20734,1470.62,0.85,1469.77,743.7925,220.593,117.6496,387.7348999999999,1592,1,0.2638065139443586,0.000628140703517588,SILVER MINI TAPE MEASURE,0.85,0.4675,Monitor
23273,1649.0499999999997,6.6,1642.4499999999998,875.7375000000001,247.35749999999996,131.92399999999998,387.43099999999987,969,4,0.23588602392766897,0.0041279669762641896,HEART T-LIGHT HOLDER WILLIE WINKIE,1.65,0.9075,Monitor
21069,5415.610000000001,770.8900000000001,4644.72,3012.625,812.3415,433.2488,386.50470000000007,5108,726,0.08321377822559811,0.14212999216914643,VINTAGE BILLBOARD TEA MUG,1.25,0.6875,Review margin
21205,1762.27,53.55,1708.72,917.2350000000001,264.34049999999996,140.98160000000001,386.16289999999987,675,21,0.2259954234748817,0.03111111111111111,MULTICOLOUR 3D BALLS GARLAND,2.55,1.4025,Monitor
23348,1642.13,47.260000000000005,1594.8700000000001,831.6880000000001,246.31949999999998,131.37040000000002,385.49209999999994,750,23,0.24170753729144062,0.030666666666666665,CHILDRENS TOY COOKING UTENSIL SET,2.08,1.1440000000000001,Monitor
23160,1809.48,7.5,1801.98,1001.0,271.422,144.7584,384.7996,1462,6,0.2135426586310614,0.004103967168262654,REGENCY TEA SPOON,1.25,0.6875,Monitor
85032B,961.1400000000001,0.0,961.1400000000001,355.3550000000001,144.17100000000002,76.89120000000001,384.72280000000006,994,0,0.4002775870320661,0.0,BLOSSOM IMAGES GIFT WRAP SET,0.65,0.35750000000000004,Monitor
23372,1752.79,20.0,1732.79,945.3125,262.9185,140.2232,384.3358,1391,16,0.221801718615643,0.011502516175413372,SET 36 COLOUR PENCILS DOLLY GIRL,1.25,0.6875,Monitor
21576,1688.44,20.25,1668.19,895.95,253.266,135.0752,383.8987999999999,733,9,0.23012894214687768,0.01227830832196453,LETS GO SHOPPING COTTON TOTE BAG,2.25,1.2375,Monitor
22535,1865.85,50.4,1815.45,1003.0020000000001,279.8775,149.268,383.30249999999995,4462,120,0.21113360323886637,0.02689376961004034,MAGIC DRAWING SLATE BUNNIES,0.42,0.231,Monitor
84536B,1561.49,21.84,1539.65,797.412,234.2235,124.9192,383.09529999999995,3504,52,0.2488197317572175,0.014840182648401826,FAIRY CAKES NOTEBOOK A7 SIZE,0.42,0.231,Monitor
22753,1929.6599999999999,10.2,1919.4599999999998,1092.5475000000001,289.44899999999996,154.37279999999998,383.09069999999986,2349,12,0.19958253883904842,0.005108556832694764,SMALL YELLOW BABUSHKA NOTEBOOK,0.85,0.4675,Monitor
22786,1555.05,0.0,1555.05,814.8525000000001,233.2575,124.40400000000001,382.53599999999994,249,0,0.24599594868332206,0.0,CUSHION COVER PINK UNION JACK,5.95,3.2725000000000004,Monitor
20703,2010.47,123.25,1887.22,1042.525,301.5705,160.8376,382.2868999999999,475,29,0.20256615550916157,0.061052631578947365,BLUE PADDED SOFT MOBILE,4.25,2.3375000000000004,Monitor
22982,1545.02,30.0,1515.02,777.5625,231.753,123.6016,382.1029,1155,24,0.2522098058111444,0.02077922077922078,PANTRY PASTRY BRUSH,1.25,0.6875,Monitor
22035,1736.28,20.580000000000002,1715.7,934.6260000000001,260.442,138.9024,381.7295999999999,4095,49,0.22249204406364742,0.011965811965811967,VINTAGE CARAVAN GREETING CARD,0.42,0.231,Monitor
22933,2585.92,337.80000000000007,2248.1200000000003,1272.0400000000002,387.88800000000003,206.8736,381.31839999999994,940,156,0.1696165685105777,0.16595744680851063,BAKING MOULD EASTER EGG MILK CHOC,2.95,1.6225000000000003,Monitor
16169E,1892.46,52.5,1839.96,1025.178,283.86899999999997,151.39679999999998,379.51619999999997,4563,125,0.20626328833235502,0.027394258163488932,WRAP 50'S  CHRISTMAS,0.42,0.231,Monitor
51014A,4575.22,165.75,4409.47,2978.206,686.2829999999999,366.0176,378.96339999999987,6719,195,0.08594307252345516,0.02902217591903557,"FEATHER PEN,HOT PINK",0.83,0.4565,Review margin
84965B,1359.95,0.0,1359.95,668.2500000000001,203.9925,108.79599999999999,378.9115,27,0,0.278621640501489,0.0,BLUE KASHMIRI COFFEE TABLE,45.0,24.750000000000004,Monitor
21675,1587.04,10.2,1576.84,833.085,238.05599999999998,126.9632,378.7357999999999,1794,12,0.24018657568301155,0.006688963210702341,BUTTERFLIES STICKERS,0.85,0.4675,Monitor
85159A,1248.98,101.45,1147.53,481.5525,187.34699999999998,99.9184,378.7121,492,43,0.33002370308401524,0.08739837398373984,"BLACK TEA,COFFEE,SUGAR JARS",1.95,1.0725,Monitor
22254,1793.46,90.0,1703.46,912.3125,269.019,143.4768,378.6517,1399,72,0.22228388104211427,0.05146533238027162,FELT TOADSTOOL LARGE,1.25,0.6875,Monitor
22190,2591.67,2.1,2589.57,1615.8450000000003,388.75050000000005,207.33360000000002,377.64089999999976,1400,1,0.1458315087060785,0.0007142857142857143,LOCAL CAFE MUG,2.1,1.1550000000000002,Monitor
23359,1872.31,0.0,1872.31,1064.9925,280.8465,149.7848,376.6861999999998,993,0,0.20118794430409484,0.0,SET OF 12 T-LIGHTS VINTAGE DOILY,1.95,1.0725,Monitor
46775E,1282.9,0.0,1282.9,612.161,192.435,102.63199999999999,375.672,101,0,0.29283030633720475,0.0,CANDY POP CHUNKY KNITTED THROW,11.02,6.061,Monitor
21655,2287.64,201.92,2085.72,1184.183,343.146,183.0112,375.3798,1402,128,0.17997612335308671,0.0912981455064194,HANGING RIDGE GLASS T-LIGHT HOLDER,1.69,0.9295,Monitor
85103,2166.93,280.1,1886.83,1013.5125,325.0395,173.3544,374.9235999999999,319,46,0.19870555375948015,0.14420062695924765,SILVER T-LIGHT SETTING,6.75,3.7125000000000004,Monitor
35962,1376.98,2.1,1374.88,683.7600000000001,206.547,110.15840000000001,374.4145999999999,593,1,0.27232529384382625,0.0016863406408094434,SET/12 ZINC CHRISTMAS DECORATIONS,2.1,1.1550000000000002,Monitor
21645,1692.1499999999999,49.49999999999999,1642.6499999999999,879.3675000000001,253.82249999999996,135.37199999999999,374.0879999999999,999,30,0.2277344534745685,0.03003003003003003,ASSORTED TUTTI FRUTTI ROUND BOX,1.65,0.9075,Monitor
22201,2038.65,8.5,2030.15,1187.4500000000003,305.7975,163.092,373.8104999999998,510,2,0.184129497820358,0.00392156862745098,FRYING PAN BLUE POLKADOT,4.25,2.3375000000000004,Monitor
22893,1306.09,8.82,1297.27,623.7,195.9135,104.4872,373.1692999999999,2721,21,0.28765738820754344,0.007717750826901874,MINI CAKE STAND T-LIGHT HOLDER,0.42,0.231,Monitor
23075,1981.0500000000002,141.10000000000002,1839.95,1011.1475,297.1575,158.484,373.16100000000006,477,34,0.20281040245658852,0.07127882599580712,PARLOUR CERAMIC WALL HOOK,4.15,2.2825,Monitor
22931,1968.4,0.0,1968.4,1143.0375000000001,295.26,157.472,372.63049999999987,815,0,0.18930628937207877,0.0,BAKING MOULD HEART WHITE CHOCOLATE,2.55,1.4025,Monitor
85055,1450.44,0.0,1450.44,744.5625,217.566,116.0352,372.27630000000005,361,0,0.25666439149499465,0.0,FRENCH ENAMEL UTENSIL HOLDER,3.75,2.0625,Monitor
22683,1501.66,15.0,1486.66,769.3125,225.249,120.1328,371.96569999999997,1131,12,0.2502022654810111,0.010610079575596816,FRENCH BLUE METAL DOOR SIGN 8,1.25,0.6875,Monitor
22476,5228.51,49.5,5179.01,3604.59,784.2764999999999,418.28080000000006,371.86269999999996,1334,10,0.07180188877797107,0.0074962518740629685,EMPIRE UNION JACK TV DINNER TRAY,4.95,2.7225,Review margin
84823,1210.0,39.95,1170.0500000000002,520.3275000000001,181.5,96.8,371.42249999999996,120,1,0.3174415623263962,0.008333333333333333,DANISH ROSE FOLDING CHAIR,7.95,4.3725000000000005,Monitor
22799,2029.34,8.5,2020.84,1182.775,304.401,162.34720000000002,371.31679999999983,254,1,0.1837437897112091,0.003937007874015748,SWEETHEART WIRE FRUIT BOWL,8.5,4.675000000000001,Monitor
84472,3402.32,125.9,3276.42,2122.8900000000003,510.348,272.1856,370.9963999999997,87,3,0.11323224739197041,0.034482758620689655,PINK AND LILAC QUILTED THROW,45.95,25.272500000000004,Monitor
21686,2460.1400000000003,249.65000000000003,2210.4900000000002,1274.4050000000002,369.021,196.8112,370.2527999999999,65,7,0.1674980660396563,0.1076923076923077,MEDINA STAMPED METAL STOOL,39.95,21.972500000000004,Monitor
84856L,1492.28,0.0,1492.28,778.8550000000001,223.842,119.3824,370.20059999999995,238,0,0.2480771705041949,0.0,LARGE TAHITI BEACH BAG,5.95,3.2725000000000004,Monitor
84012,2633.57,102.0,2531.57,1556.17,395.0355,210.6856,369.67889999999977,1840,120,0.14602752442160388,0.06521739130434782,MAGIC SHEEP WOOL GROWING FROM PAPER,1.645,0.90475,Monitor
21652,1761.59,40.949999999999996,1720.6399999999999,945.945,264.2385,140.9272,369.5292999999999,903,21,0.21476270457504182,0.023255813953488372,GLASS ETCHED T-LIGHT HOLDER MEDIUM,1.95,1.0725,Monitor
22985,1895.24,0.0,1895.24,1090.7820000000002,284.286,151.6192,368.55279999999993,4722,0,0.19446233722378164,0.0,WRAP BILLBOARD FONTS DESIGN,0.42,0.231,Monitor
21925,1567.33,22.5,1544.83,816.0625,235.0995,125.3864,368.2816,1205,18,0.2383961989345106,0.014937759336099586,UNION STRIPE CUSHION COVER,1.25,0.6875,Monitor
21661,1517.26,35.2,1482.0600000000002,765.7650000000001,227.589,121.38080000000001,367.3252,240,6,0.24784772546320658,0.025,VINTAGE GLASS TEA CADDY,5.95,3.2725000000000004,Monitor
21644,1482.72,35.0,1447.72,739.75,222.408,118.6176,366.9444,1104,28,0.2534636531926063,0.025362318840579712,ASSORTED TUTTI FRUTTI HEART BOX,1.25,0.6875,Monitor
23391,1632.3200000000002,0.0,1632.3200000000002,890.1750000000001,244.848,130.5856,366.71139999999997,390,0,0.22465656243873747,0.0,I LOVE LONDON MINI BACKPACK,4.15,2.2825,Monitor
84313B,1164.04,0.0,1164.04,530.6125000000001,174.606,93.1232,365.6982999999999,227,0,0.3141630012714339,0.0,BLUE TV TRAY TABLE,4.25,2.3375000000000004,Monitor
85232A,1894.8300000000002,158.4,1736.43,936.5400000000001,284.2245,151.58640000000003,364.07910000000004,376,32,0.20967104922167898,0.0851063829787234,SET/3 POLKADOT STACKING TINS,4.95,2.7225,Monitor
22682,1521.86,13.75,1508.11,794.0625,228.279,121.7488,364.0197,1166,11,0.2413747670925861,0.009433962264150943,FRENCH BLUE METAL DOOR SIGN 7,1.25,0.6875,Monitor
79323W,18048.72,6421.1,11627.62,7113.150000000001,2707.308,1443.8976,363.2643999999998,3004,1088,0.03124150944045297,0.3621837549933422,WHITE CHERRY LIGHTS,6.75,3.7125000000000004,Review margin
23271,1499.3799999999999,0.0,1499.3799999999999,791.571,224.90699999999998,119.9504,362.95159999999987,1734,0,0.2420677880190478,0.0,CHRISTMAS TABLE SILVER CANDLE SPIKE,0.83,0.4565,Monitor
21145,1256.21,16.25,1239.96,588.5,188.4315,100.49680000000001,362.5317,869,13,0.29237370560340653,0.014959723820483314,ANTIQUE GLASS PLACE SETTING,1.25,0.6875,Monitor
23334,1491.75,0.0,1491.75,786.9015,223.76250000000002,119.34,361.746,2271,0,0.24249773755656107,0.0,IVORY WICKER HEART SMALL,0.63,0.34650000000000003,Monitor
21541,1636.24,16.15,1620.09,882.6400000000001,245.43599999999998,130.8992,361.1147999999999,1907,19,0.22289798714886205,0.009963293130571578,DINOSAURS WATER TRANSFER TATTOOS,0.85,0.4675,Monitor
22915,1474.52,37.8,1436.72,737.1210000000001,221.178,117.9616,360.45939999999996,3281,90,0.25089050058466505,0.027430661383724474,ASSORTED BOTTLE TOP  MAGNETS,0.42,0.231,Monitor
22280,1254.59,0.0,1254.59,605.6875,188.1885,100.36720000000001,360.3468,881,0,0.28722275803250463,0.0,POCKET BAG PINK PAISELY BROWN SPOT,1.25,0.6875,Monitor
21972,1562.27,2.9,1559.37,840.565,234.3405,124.9816,359.4828999999999,1056,2,0.2305308554095564,0.001893939393939394,SET OF 36 DINOSAUR PAPER DOILIES,1.45,0.7975,Monitor
16016,1870.7,0.0,1870.7,1081.795,280.60499999999996,149.656,358.6439999999999,2314,0,0.19171646977067403,0.0,LARGE CHINESE STYLE SCISSOR,0.85,0.4675,Monitor
23392,1485.43,49.92,1435.51,735.5920000000001,222.81449999999998,118.8344,358.2690999999999,667,24,0.24957617850102048,0.035982008995502246,SPACEBOY ROCKET LOLLY MAKERS,2.08,1.1440000000000001,Monitor
84535B,1748.41,61.75,1686.66,926.6400000000001,262.2615,139.8728,357.8856999999999,2687,95,0.21218603630844382,0.03535541496092296,FAIRY CAKES NOTEBOOK A6 SIZE,0.65,0.35750000000000004,Monitor
37500,6787.46,119.97,6667.49,4750.13,1018.1189999999999,542.9968,356.2441999999998,881,13,0.05343003139112317,0.014755959137343927,TEA TIME TEAPOT IN GIFT BOX,9.95,5.4725,Review margin
84795D,1538.79,6.95,1531.8400000000001,822.0300000000001,230.8185,123.1032,355.88829999999996,189,1,0.23232733183622306,0.005291005291005291,SEASIDE STRIPE HAMMOCK,7.95,4.3725000000000005,Monitor
22184,2895.57,134.8,2760.77,1739.1000000000004,434.33549999999997,231.6456,355.68889999999976,390,18,0.12883684624217148,0.046153846153846156,CAKE STAND VICTORIAN FILIGREE LARGE,8.5,4.675000000000001,Monitor
22934,1707.47,8.850000000000001,1698.6200000000001,950.7850000000002,256.1205,136.5976,355.11689999999993,589,3,0.20906200327324528,0.0050933786078098476,BAKING MOULD EASTER EGG WHITE CHOC,2.95,1.6225000000000003,Monitor
21288,2566.32,64.15,2502.17,1557.6000000000001,384.94800000000004,205.3056,354.31639999999993,985,25,0.1416036480335069,0.025380710659898477,STRIPEY CHOCOLATE NESTING BOXES,2.95,1.6225000000000003,Monitor
22096,944.09,17.34,926.75,355.6410000000001,141.6135,75.52720000000001,353.9683,1676,18,0.3819458322093337,0.010739856801909307,PINK PAISLEY SQUARE TISSUE BOX,0.39,0.21450000000000002,Monitor
22182,2166.35,19.8,2146.55,1294.3645000000001,324.9525,173.308,353.92499999999995,563,4,0.16488085532598817,0.007104795737122558,CAKE STAND VICTORIAN FILIGREE SMALL,4.21,2.3155,Monitor
21807,1438.4099999999999,0.84,1437.57,753.291,215.76149999999998,115.0728,353.4446999999999,3263,2,0.2458626014733195,0.0006129328838492185,WHITE CHRISTMAS STAR DECORATION,0.42,0.231,Monitor
22363,2306.34,400.40000000000003,1905.94,1022.1750000000002,345.951,184.5072,353.3067999999999,782,152,0.18537141777810417,0.19437340153452684,GLASS JAR MARMALADE,2.95,1.6225000000000003,Monitor
22250,1387.21,3.4,1383.81,711.5350000000001,208.08149999999998,110.9768,353.21669999999995,1526,4,0.25524942007934615,0.002621231979030144,DECORATION  BUTTERFLY  MAGIC GARDEN,0.85,0.4675,Monitor
20990,1706.1399999999999,1.95,1704.19,958.815,255.921,136.4912,352.9628,895,1,0.2071146996520341,0.0011173184357541898,SPRING FLOWER CHOPSTICKS SET/5,1.95,1.0725,Monitor
79302M,1774.18,2.95,1771.23,1010.8175000000001,266.127,141.9344,352.3510999999999,624,1,0.19893017846355351,0.0016025641025641025,"ART LIGHTS,FUNK MONKEY",2.95,1.6225000000000003,Monitor
22917,1391.2,7.800000000000001,1383.4,711.7825000000001,208.68,111.296,351.64149999999995,2003,12,0.25418642475061437,0.005991013479780329,HERB MARKER ROSEMARY,0.65,0.35750000000000004,Monitor
47591B,1704.3,0.0,1704.3,961.0425,255.64499999999998,136.344,351.2685,1059,0,0.2061071994367189,0.0,SCOTTIES CHILDRENS APRON,1.65,0.9075,Monitor
22414,7211.0599999999995,16.2,7194.86,5185.785000000001,1081.6589999999999,576.8848,350.5311999999992,1188,2,0.048719669319486306,0.0016835016835016834,DOORMAT NEIGHBOURHOOD WITCH,7.95,4.3725000000000005,Review margin
72816,1673.72,30.0,1643.72,908.875,251.058,133.8976,349.88939999999997,1346,24,0.21286435645973764,0.017830609212481426,SET/3 CHRISTMAS DECOUPAGE CANDLES,1.25,0.6875,Monitor
23046,2111.4900000000002,0.0,2111.4900000000002,1276.4675000000002,316.7235,168.9192,349.37979999999976,349,0,0.16546599794457928,0.0,PAPER LANTERN 9 POINT DELUXE STAR,6.65,3.6575000000000006,Monitor
37343,1768.9399999999998,0.0,1768.9399999999998,1012.7700000000001,265.34099999999995,141.5152,349.3137999999999,1116,0,0.19747068866100598,0.0,POLKADOT MUG PINK,1.65,0.9075,Monitor
21580,1331.8799999999999,13.5,1318.3799999999999,664.5375,199.78199999999998,106.5504,347.51009999999997,543,6,0.2635887225230965,0.011049723756906077,RABBIT  DESIGN  COTTON TOTE BAG,2.25,1.2375,Monitor
22025,1651.72,5.04,1646.68,919.8420000000001,247.75799999999998,132.1376,346.9423999999999,3994,12,0.21069205917360986,0.0030045067601402104,RING OF ROSES BIRTHDAY CARD,0.42,0.231,Monitor
21033,10157.79,31.29,10126.5,7444.030000000001,1523.6685,812.6232,346.1782999999989,4599,11,0.03418538488125205,0.0023918243096325287,JUMBO BAG CHARLIE AND LOLA TOYS,2.95,1.6225000000000003,Review margin
22496,2007.89,17.700000000000003,1990.1900000000003,1182.8025000000002,301.18350000000004,160.6312,345.5728,735,6,0.17363809485526505,0.00816326530612245,SET OF 2 ROUND TINS DUTCH CHEESE,2.95,1.6225000000000003,Monitor
22916,1365.3300000000002,7.800000000000001,1357.53,698.1975000000001,204.79950000000002,109.22640000000001,345.30659999999995,1965,12,0.25436388146118316,0.0061068702290076335,HERB MARKER THYME,0.65,0.35750000000000004,Monitor
22546,1762.06,0.42,1761.6399999999999,1011.0870000000001,264.30899999999997,140.9648,345.2791999999999,4378,1,0.19599872845757357,0.00022841480127912289,MINI JIGSAW PURDEY,0.42,0.231,Monitor
23226,1596.67,60.0,1536.67,824.3125,239.5005,127.7336,345.1234,1247,48,0.2245917470894857,0.038492381716118684,FILIGREE HEART DAISY WHITE,1.25,0.6875,Monitor
21758,1069.76,0.0,1069.76,478.9125,160.464,85.58080000000001,344.8027,135,0,0.3223178096021538,0.0,VINTAGE SHELLS PRINT,6.45,3.5475000000000003,Monitor
75049L,13183.8,808.75,12375.05,8998.6875,1977.5699999999997,1054.704,344.0884999999995,13992,903,0.027805018969620288,0.0645368782161235,LARGE CIRCULAR MIRROR MOBILE,1.25,0.6875,Review margin
16235,1341.72,27.93,1313.79,661.9305,201.25799999999998,107.3376,343.2639,5864,133,0.261277601443153,0.02268076398362892,RECYCLED PENCIL WITH RABBIT ERASER,0.21,0.1155,Monitor
22516,1725.8000000000002,6.300000000000001,1719.5000000000002,979.4400000000002,258.87,138.06400000000002,343.12599999999986,851,3,0.19954986914800804,0.0035252643948296123,CHILDS GARDEN RAKE BLUE,2.1,1.1550000000000002,Monitor
20986,1534.7,0.0,1534.7,838.75,230.20499999999998,122.776,342.969,1220,0,0.223476249429856,0.0,BLUE CALCULATOR RULER,1.25,0.6875,Monitor
23217,1613.82,0.0,1613.82,899.9375,242.073,129.1056,342.7039,1309,0,0.2123557150115874,0.0,LAUREL HEART ANTIQUE SILVER,1.25,0.6875,Monitor
22705,1578.36,10.5,1567.86,862.3230000000001,236.754,126.2688,342.51419999999996,3758,25,0.21845968390034823,0.006652474720596061,WRAP GREEN PEARS,0.42,0.231,Monitor
22249,1449.96,3.4,1446.56,771.375,217.494,115.99680000000001,341.6941999999999,1654,4,0.23621156398628465,0.0024183796856106408,DECORATION WHITE CHICK MAGIC GARDEN,0.85,0.4675,Monitor
21801,1482.78,15.12,1467.6599999999999,784.9380000000001,222.41699999999997,118.6224,341.6825999999999,3434,36,0.232807734761457,0.010483401281304601,CHRISTMAS TREE DECORATION WITH BELL,0.42,0.231,Monitor
84964B,990.0,0.0,990.0,420.75000000000006,148.5,79.2,341.55,17,0,0.34500000000000003,0.0,BLUE PAINTED KASHMIRI TABLE,45.0,24.750000000000004,Monitor
22410,1671.21,15.0,1656.21,930.875,250.6815,133.6968,340.95669999999996,1366,12,0.20586562090556146,0.008784773060029283,MONEY BOX HOUSEKEEPING DESIGN,1.25,0.6875,Monitor
22815,1478.61,0.0,1478.61,798.5670000000001,221.79149999999998,118.2888,339.9626999999999,3457,0,0.22992046584292,0.0,CARD PSYCHEDELIC APPLES,0.42,0.231,Monitor
21283,1710.45,39.0,1671.45,938.4375000000001,256.5675,136.836,339.6089999999999,537,12,0.20318226689401414,0.0223463687150838,NATURAL BARK CANDLE SMALL,3.25,1.7875,Monitor
85194L,1562.33,28.049999999999997,1534.28,835.4225,234.34949999999998,124.9864,339.52159999999986,1820,33,0.22129050759965577,0.018131868131868133,HANGING SPRING FLOWER EGG LARGE,0.85,0.4675,Monitor
22976,1496.51,46.25,1450.26,766.5625,224.4765,119.7208,339.5002,1152,37,0.23409609311433813,0.03211805555555555,CIRCUS PARADE CHILDRENS EGG CUP,1.25,0.6875,Monitor
23483,1651.36,26.240000000000002,1625.12,906.125,247.70399999999998,132.1088,339.18219999999997,1340,22,0.20871209510682287,0.016417910447761194,HANGING  BUTTERFLY T-LIGHT HOLDER,1.25,0.6875,Monitor
23287,1613.59,43.349999999999994,1570.24,860.2,242.0385,129.0872,338.9142999999999,1891,51,0.21583598685551247,0.026969857218402962,RED VINTAGE SPOT BEAKER,0.85,0.4675,Monitor
84510B,1501.05,2.5,1498.55,814.6875,225.1575,120.084,338.621,1187,2,0.22596576690801107,0.0016849199663016006,SET OF 4 FAIRY CAKES COASTERS,1.25,0.6875,Monitor
10125,1718.33,0.0,1718.33,984.5550000000001,257.7495,137.46640000000002,338.5590999999999,2106,0,0.19702798647524045,0.0,MINI FUNKY DESIGN TAPES,0.85,0.4675,Monitor
21779,1097.8000000000002,35.05,1062.75,472.1475000000001,164.67000000000002,87.82400000000001,338.1085,301,10,0.3181449070806869,0.03322259136212625,MA CAMPAGNE MINI WOODEN CHEST,2.95,1.6225000000000003,Monitor
22340,1535.9199999999998,19.049999999999997,1516.87,826.7215,230.38799999999998,122.8736,336.8868999999999,1824,13,0.22209345560265542,0.00712719298245614,NOEL GARLAND PAINTED ZINC,0.83,0.4565,Monitor
21616,2462.33,0.0,2462.33,1560.009,369.3495,196.9864,335.98509999999993,1153,0,0.1364500696494783,0.0,4 PEAR BOTANICAL DINNER CANDLES,2.46,1.353,Monitor
85025C,1287.56,3.3,1284.2599999999998,652.4925000000001,193.13399999999996,103.00479999999999,335.6287,721,2,0.2613401491909738,0.0027739251040221915,PINK HEART SHAPE PHOTO FRAME,1.65,0.9075,Monitor
22922,1789.1999999999998,183.29999999999998,1605.8999999999999,859.7325000000001,268.38,143.136,334.6514999999999,2073,234,0.20838875396973655,0.11287988422575977,FRIDGE MAGNETS US DINER ASSORTED,0.85,0.4675,Monitor
23034,1466.07,8.7,1457.37,785.5375,219.91049999999998,117.28559999999999,334.6363999999999,991,6,0.22961663819071337,0.006054490413723511,DRAWER KNOB CERAMIC BLACK,1.45,0.7975,Monitor
22673,1671.25,118.01,1553.24,834.625,250.6875,133.7,334.22749999999996,1323,109,0.2151808477762612,0.08238851095993953,FRENCH GARDEN SIGN BLUE METAL,1.25,0.6875,Monitor
21738,1346.23,14.75,1331.48,689.5625000000001,201.9345,107.6984,332.2846,430,5,0.24956033887103074,0.011627906976744186,COSY SLIPPER SHOES SMALL  RED,2.95,1.6225000000000003,Monitor
85049a,1451.24,0.0,1451.24,785.3230000000001,217.68599999999998,116.0992,332.13179999999994,434,0,0.2288606984371985,0.0,TRADITIONAL CHRISTMAS RIBBONS,3.29,1.8095,Monitor
21251,1686.88,0.0,1686.88,967.0100000000001,253.032,134.9504,331.88759999999996,596,0,0.196746419425211,0.0,DINOSAUR HEIGHT CHART STICKER SET,2.95,1.6225000000000003,Monitor
23061,1355.18,3.75,1351.43,708.125,203.277,108.4144,331.61359999999996,1033,3,0.24537978289663537,0.002904162633107454,VINTAGE EMBOSSED HEART,1.25,0.6875,Monitor
21277,1375.24,87.8,1287.44,639.8425,206.286,110.0192,331.29229999999995,57,4,0.2573263996768781,0.07017543859649122,FRENCH STYLE EMBOSSED HEART CABINET,21.95,12.0725,Monitor
22684,1344.94,16.25,1328.69,688.1875,201.741,107.5952,331.1663,1014,13,0.2492427127471419,0.01282051282051282,FRENCH BLUE METAL DOOR SIGN 9,1.25,0.6875,Monitor
23270,1659.37,8.7,1650.6699999999998,938.6575,248.9055,132.7496,330.3573999999999,1183,6,0.20013533898356423,0.00507185122569738,SET OF 2 CERAMIC PAINTED HEARTS,1.45,0.7975,Monitor
23412,2354.8,15.0,2339.8,1468.5,353.22,188.38400000000001,329.69599999999997,358,2,0.14090776989486278,0.00558659217877095,HEART MIRROR ANTIQUE WHITE,7.5,4.125,Monitor
20780,1344.94,5.49,1339.45,700.524,201.74099999999999,107.5952,329.5897999999999,233,1,0.2460635335398857,0.004291845493562232,BLACK EAR MUFF HEADPHONES,5.49,3.0195000000000003,Monitor
84997a,1481.78,0.0,1481.78,811.591,222.267,118.5424,329.3796,178,0,0.22228643928248457,0.0,CHILDRENS CUTLERY POLKADOT GREEN,8.29,4.5595,Monitor
21542,1605.0,59.5,1545.5,847.11,240.74999999999997,128.4,329.2399999999999,1882,70,0.21303138142995787,0.03719447396386823,WOODLAND WATER TRANSFER TATTOOS,0.85,0.4675,Monitor
21282,1577.53,51.0,1526.53,834.4875000000002,236.6295,126.20240000000001,329.2105999999999,369,12,0.21565943676180613,0.032520325203252036,NATURAL BARK CANDLE LARGE,4.25,2.3375000000000004,Monitor
22758,2638.35,37.5,2600.85,1665.8125,395.7525,211.068,328.21700000000004,2453,30,0.12619605129092415,0.01222992254382389,LARGE PURPLE BABUSHKA NOTEBOOK,1.25,0.6875,Monitor
23073,1719.0,12.5,1706.5,983.1250000000001,257.85,137.52,328.0049999999999,144,1,0.1922092001171989,0.006944444444444444,GEORGIAN TRINKET BOX,12.5,6.875000000000001,Monitor
22918,1326.76,7.800000000000001,1318.96,686.0425000000001,199.014,106.14080000000001,327.76269999999994,1931,12,0.2485008643173409,0.006214396685655101,HERB MARKER PARSLEY,0.65,0.35750000000000004,Monitor
85060,1745.62,47.5,1698.12,969.375,261.843,139.6496,327.2524,1448,38,0.1927145313640968,0.026243093922651933,WOOD FAN WITH FLOWER DESIGN,1.25,0.6875,Monitor
23221,1363.87,48.13999999999999,1315.7299999999998,675.1635,204.58049999999997,109.1096,326.87639999999993,1537,58,0.24843729336566012,0.03773584905660377,REINDEER HEART DECORATION SILVER,0.83,0.4565,Monitor
18098c,1479.61,0.0,1479.61,812.636,221.94149999999996,118.3688,326.66369999999995,292,0,0.22077689391123334,0.0,PORCELAIN BUTTERFLY OIL BURNER,5.06,2.783,Monitor
15056bl,1456.3200000000002,0.0,1456.3200000000002,794.9480000000001,218.448,116.50560000000002,326.4184,116,0,0.22413920017578554,0.0,EDWARDIAN PARASOL BLACK,12.46,6.853000000000001,Monitor
84212,11965.39,46.800000000000004,11918.59,8840.260000000002,1794.8085,957.2312000000001,326.2902999999989,24800,72,0.027376585653168615,0.002903225806451613,"ASSORTED FLOWER COLOUR ""LEIS""",0.65,0.35750000000000004,Review margin
23267,1531.95,60.0,1471.95,793.375,229.7925,122.556,326.2265,1202,48,0.2216287917388498,0.03993344425956739,SET OF 4 SANTA PLACE SETTINGS,1.25,0.6875,Monitor
22685,1395.84,12.5,1383.34,737.0,209.376,111.6672,325.2968,1082,10,0.2351531799846748,0.009242144177449169,FRENCH BLUE METAL DOOR SIGN 0,1.25,0.6875,Monitor
21694,1593.16,0.0,1593.16,902.1100000000001,238.97400000000002,127.45280000000001,324.6232,556,0,0.20376057646438522,0.0,SMALL REGAL  SILVER CANDLEPOT,2.95,1.6225000000000003,Monitor
22977,1315.11,1.25,1313.86,686.8125,197.2665,105.2088,324.5722,1000,1,0.24703712724338972,0.001,DOLLY GIRL CHILDRENS EGG CUP,1.25,0.6875,Monitor
23244,1733.9799999999998,16.95,1717.03,994.2075000000001,260.097,138.7184,324.0070999999998,936,9,0.1887020611171615,0.009615384615384616,ROUND STORAGE TIN VINTAGE LEAF,1.95,1.0725,Monitor
23405,1321.38,4.95,1316.43,688.7925,198.207,105.7104,323.7201,254,1,0.24590756819580228,0.003937007874015748,HOME SWEET HOME 2 DRAWER CABINET,4.95,2.7225,Monitor
21462,2459.16,40.5,2418.66,1529.5500000000002,368.87399999999997,196.73280000000003,323.50319999999977,418,6,0.13375306988166993,0.014354066985645933,"NURSERY A,B,C PAINTED LETTERS",6.75,3.7125000000000004,Monitor
21146,1537.07,3.9,1533.1699999999998,856.9275,230.5605,122.9656,322.71639999999985,801,2,0.2104896391137316,0.0024968789013732834,ANTIQUE GLASS RIDGED HANGING BALL,1.95,1.0725,Monitor
22817,1439.94,0.0,1439.94,786.3240000000001,215.99099999999999,115.1952,322.42979999999994,3404,0,0.22391891328805363,0.0,CARD SUKI BIRTHDAY,0.42,0.231,Monitor
21709,2886.62,0.0,2886.62,1900.305,432.993,230.92960000000002,322.39239999999995,698,0,0.11168508497827909,0.0,FOLDING UMBRELLA CHOCOLATE POLKADOT,4.95,2.7225,Monitor
22231,2718.87,150.15,2568.72,1621.3175,407.8305,217.50959999999998,322.0623999999999,2140,107,0.12537855429941758,0.05,JIGSAW TREE WITH BIRDHOUSE,1.45,0.7975,Monitor
22060,5699.3099999999995,186.7,5512.61,3880.0025,854.8965,455.9448,321.76619999999997,735,26,0.0583691209789918,0.03537414965986395,LARGE CAKE STAND HANGING HEARTS,9.95,5.4725,Review margin
21366,1140.0,0.0,1140.0,556.325,171.0,91.2,321.4749999999999,238,0,0.28199561403508766,0.0,MIRRORED WALL ART PHOTO FRAMES,4.25,2.3375000000000004,Monitor
84562A,1386.21,7.95,1378.26,738.9525000000001,207.9315,110.89680000000001,320.47919999999993,170,1,0.2325244873971529,0.0058823529411764705,PINK/WHITE RIBBED MELAMINE JUG,7.95,4.3725000000000005,Monitor
22919,1258.04,7.800000000000001,1250.24,640.6400000000001,188.70600000000002,100.64320000000001,320.25079999999997,1804,12,0.25615145891988733,0.0066518847006651885,HERB MARKER MINT,0.65,0.35750000000000004,Monitor
20798,1316.55,140.25,1176.3,553.2450000000001,197.4825,105.32400000000001,320.24849999999986,555,76,0.2722507013516959,0.13693693693693693,CLEAR MILKSHAKE GLASS,2.1,1.1550000000000002,Monitor
22706,1693.24,21.0,1672.24,963.7320000000001,253.986,135.4592,319.0627999999999,4222,50,0.19079964598383004,0.011842728564661297,WRAP COWBOYS,0.42,0.231,Monitor
23280,1614.99,1.66,1613.33,923.043,242.24849999999998,129.1992,318.8393,2024,2,0.19762807361172233,0.0009881422924901185,FOLDING BUTTERFLY MIRROR HOT PINK,0.83,0.4565,Monitor
22819,1418.12,0.0,1418.12,774.081,212.718,113.4496,317.87139999999994,3351,0,0.2241498603785293,0.0,"BIRTHDAY CARD, RETRO SPOT",0.42,0.231,Monitor
22990,2942.1800000000003,553.6999999999999,2388.48,1393.92,441.327,235.3744,317.85859999999997,638,126,0.13307986669346195,0.1974921630094044,COTTON APRON PANTRY DESIGN,4.95,2.7225,Monitor
84659A,1474.61,7.6499999999999995,1466.9599999999998,810.3535,221.1915,117.9688,317.44619999999986,590,3,0.2163973114468015,0.005084745762711864,WHITE TRAVEL ALARM CLOCK,2.51,1.3805,Monitor
21828,1402.8700000000001,0.0,1402.8700000000001,763.125,210.4305,112.2296,317.0849,1110,0,0.22602586127011054,0.0,EIGHT PIECE SNAKE  SET,1.25,0.6875,Monitor
85131A,1620.48,12.52,1607.96,918.478,243.072,129.6384,316.7716,2026,14,0.1970021642329411,0.006910167818361303,BEADED PEARL HEART WHITE ON STICK,0.83,0.4565,Monitor
22533,1787.56,30.240000000000002,1757.32,1029.567,268.134,143.00480000000002,316.6141999999999,4529,72,0.18016877973277487,0.015897549127842792,MAGIC DRAWING SLATE BAKE A CAKE,0.42,0.231,Monitor
84609,1289.24,17.0,1272.24,659.1750000000001,193.386,103.1392,316.5397999999999,143,2,0.24880509966672948,0.013986013986013986,TALL ROCOCO CANDLE HOLDER,8.5,4.675000000000001,Monitor
84925D,677.45,93.0,584.4499999999999,112.20000000000002,101.61749999999998,54.196000000000005,316.4364999999999,452,372,0.541426127128069,0.8230088495575221,LA PALMIERA WALL THERMOMETER,2.55,1.4025,Monitor
21739,1457.7500000000002,2.95,1454.8000000000002,803.1375000000002,218.66250000000002,116.62,316.38,496,1,0.2174731921913665,0.0020161290322580645,COSY SLIPPER SHOES SMALL GREEN,2.95,1.6225000000000003,Monitor
85177,1515.6299999999999,0.85,1514.78,850.8500000000001,227.34449999999998,121.2504,315.3350999999999,1821,1,0.20817220982584925,0.0005491488193300384,BASKET OF FLOWERS SEWING KIT,0.85,0.4675,Monitor
23235,1957.69,40.46,1917.23,1152.3875,293.6535,156.6152,314.57379999999995,739,14,0.16407723642964064,0.018944519621109608,STORAGE TIN VINTAGE LEAF,2.89,1.5895000000000001,Monitor
23000,1369.12,16.38,1352.74,723.4920000000001,205.368,109.5296,314.3504,3171,39,0.23238050179635406,0.01229895931882687,TRAVEL CARD WALLET TRANSPORT,0.42,0.231,Monitor
21469,3482.01,67.5,3414.51,2299.6875,522.3015,278.56080000000003,313.9602000000001,1165,50,0.0919488301396101,0.04291845493562232,POLKA DOT RAFFIA FOOD COVER,3.75,2.0625,Review margin
85098B,1456.94,154.15,1302.79,653.8125,218.541,116.5552,313.8813,366,49,0.24093008082653383,0.13387978142076504,BLUE FLYING SINGING CANARY,3.75,2.0625,Monitor
21610,1564.3200000000002,0.0,1564.3200000000002,890.7525000000002,234.648,125.1456,313.77389999999997,549,0,0.20058165848419757,0.0,SET 12 PEAR BOTANICAL T-LIGHTS,2.95,1.6225000000000003,Monitor
21761,1814.75,29.95,1784.8,1054.24,272.2125,145.18,313.1675,65,1,0.17546363738233978,0.015384615384615385,WOOD AND GLASS MEDICINE CABINET,29.95,16.4725,Monitor
21926,1327.77,32.5,1295.27,677.1875,199.1655,106.2216,312.6954,1011,26,0.24141329606954534,0.025717111770524232,RED/CREAM STRIPE CUSHION COVER,1.25,0.6875,Monitor
85130B,918.33,0.0,918.33,395.82950000000005,137.74949999999998,73.46640000000001,311.2846,911,0,0.33896812692605055,0.0,BEADED CRYSTAL HEART GREEN LARGE,0.79,0.43450000000000005,Monitor
22095,3129.98,119.88000000000001,3010.1,1980.0,469.497,250.3984,310.20459999999997,2987,107,0.10305458290422244,0.035821894877803816,LADS ONLY TISSUE BOX,1.25,0.6875,Monitor
85087,1392.64,5.9,1386.74,756.3710000000001,208.89600000000002,111.41120000000001,310.0618,420,2,0.22359043512121957,0.004761904761904762,CANDY SPOT CUSHION COVER,3.29,1.8095,Monitor
20669,1119.39,0.0,1119.39,552.0625,167.9085,89.5512,309.8678,803,0,0.27681844576063747,0.0,RED HEART LUGGAGE TAG,1.25,0.6875,Monitor
23250,1531.03,141.8,1389.23,727.375,229.65449999999998,122.4824,309.7181,1179,121,0.22294227737667627,0.10262934690415607,VINTAGE RED TRIM ENAMEL BOWL,1.25,0.6875,Monitor
21636,1020.84,61.199999999999996,959.64,415.8,153.12599999999998,81.6672,309.04679999999996,1032,24,0.3220445166937601,0.023255813953488372,MADRAS NOTEBOOK MEDIUM,0.75,0.41250000000000003,Monitor
35915C,793.3199999999999,0.0,793.3199999999999,302.20300000000003,118.99799999999999,63.465599999999995,308.6533999999999,662,0,0.389065446478092,0.0,PEACH KNITTED HEN,0.83,0.4565,Monitor
22921,1229.97,7.800000000000001,1222.17,630.6300000000001,184.49550000000002,98.39760000000001,308.64689999999996,1776,12,0.2525400721667198,0.006756756756756757,HERB MARKER CHIVES,0.65,0.35750000000000004,Monitor
23186,819.4599999999999,9.24,810.2199999999999,314.21500000000003,122.91899999999998,65.5568,307.52919999999995,1982,12,0.37956258793907827,0.006054490413723511,FRENCH STYLE STORAGE JAR CAFE,0.29,0.1595,Monitor
23511,1256.17,10.4,1245.77,649.792,188.4255,100.4936,307.05889999999994,573,5,0.24648121242283885,0.008726003490401396,EMBROIDERED RIBBON REEL EMILY,2.08,1.1440000000000001,Monitor
84596F,3206.06,6.72,3199.34,2155.1365,480.909,256.4848,306.8096999999999,4737,16,0.09589781017334822,0.0033776651889381466,SMALL MARSHMALLOWS PINK BOWL,0.83,0.4565,Review margin
15034,1428.0200000000002,116.06000000000002,1311.96,676.7530000000002,214.203,114.24160000000002,306.76239999999996,10237,1448,0.23381993353455893,0.1414476897528573,PAPER POCKET TRAVELING FAN,0.14,0.07700000000000001,Monitor
21564,4527.450000000001,31.650000000000002,4495.8,3149.2725000000005,679.1175000000001,362.196,305.2139999999998,1952,11,0.06788869611637524,0.0056352459016393444,PINK  HEART SHAPE LOVE BUCKET,2.95,1.6225000000000003,Review margin
21219,1315.77,12.5,1303.27,696.4375,197.3655,105.2616,304.2054,1023,10,0.23341702026441183,0.009775171065493646,SET/4 BADGES BALLOON GIRL,1.25,0.6875,Monitor
20783,1056.89,21.12,1035.77,489.15900000000005,158.5335,84.55120000000001,303.52629999999994,166,4,0.2930441121098313,0.024096385542168676,HEART EAR MUFF HEADPHONES,5.49,3.0195000000000003,Monitor
20931,2238.07,87.55000000000001,2150.52,1332.375,335.7105,179.0456,303.38890000000015,673,27,0.14107699533136178,0.04011887072808321,BLUE POT PLANT CANDLE,3.75,2.0625,Monitor
40001,1911.6499999999999,28.8,1882.85,1140.2325,286.7475,152.932,302.9379999999998,2484,45,0.16089332660594302,0.018115942028985508,WHITE BAMBOO RIBS LAMPSHADE,0.85,0.4675,Monitor
85130C,779.14,0.0,779.14,297.19800000000004,116.87099999999998,62.3312,302.73979999999995,684,0,0.38855635700900987,0.0,BEADED CRYSTAL HEART BLUE  LARGE,0.79,0.43450000000000005,Monitor
23546,1375.5,0.0,1375.5,756.5250000000001,206.325,110.03999999999999,302.60999999999996,3275,0,0.21999999999999997,0.0,WRAP PAISLEY PARK,0.42,0.231,Monitor
23357,1993.6000000000001,0.0,1993.6000000000001,1233.2925,299.04,159.488,301.7795,453,0,0.15137414727126805,0.0,HOT WATER BOTTLE SEX BOMB,4.95,2.7225,Monitor
21007,914.6700000000001,0.0,914.6700000000001,402.743,137.2005,73.17360000000001,301.5529,1927,0,0.3296849136847169,0.0,ETCHED GLASS DROPLET DECORATION,0.38,0.20900000000000002,Monitor
22999,1280.31,1.26,1279.05,683.067,192.0465,102.4248,301.51169999999996,2960,3,0.23573097220593406,0.0010135135135135136,TRAVEL CARD WALLET VINTAGE LEAF,0.42,0.231,Monitor
22228,1458.3,29.749999999999996,1428.55,791.945,218.74499999999998,116.664,301.1959999999999,1729,35,0.21084036260543904,0.020242914979757085,BUNNY WOODEN PAINTED WITH BIRD,0.85,0.4675,Monitor
22052,1460.5,21.0,1439.5,802.725,219.075,116.84,300.85999999999996,3525,50,0.2090031260854463,0.014184397163120567,VINTAGE CARAVAN GIFT WRAP,0.42,0.231,Monitor
23122,1727.75,2.49,1725.26,1027.125,259.16249999999997,138.22,300.75249999999994,2253,3,0.1743230005912152,0.0013315579227696406,PARTY CHARMS 50 PIECES,0.83,0.4565,Monitor
15058A,3153.73,120.75,3032.98,2006.9775000000004,473.05949999999996,252.29840000000002,300.6445999999997,476,17,0.09912515084174629,0.03571428571428571,BLUE POLKADOT GARDEN PARASOL,7.95,4.3725000000000005,Review margin
23249,1445.8999999999999,87.71,1358.1899999999998,725.0925000000001,216.88499999999996,115.672,300.5404999999999,854,55,0.2212801596242057,0.06440281030444965,VINTAGE RED ENAMEL TRIM PLATE,1.65,0.9075,Monitor
21358,1399.96,1.25,1398.71,776.1875,209.994,111.9968,300.5317,1130,1,0.21486348135067312,0.0008849557522123894,TOAST ITS - HAPPY BIRTHDAY,1.25,0.6875,Monitor
21374,809.67,0.0,809.67,323.125,121.4505,64.7736,300.3209,470,0,0.37091765781120706,0.0,MIRRORED WALL ART SKULLS,1.25,0.6875,Monitor
84990,2077.59,13.200000000000001,2064.39,1286.2300000000002,311.63849999999996,166.2072,300.31429999999983,4276,24,0.14547362659187452,0.005612722170252572,60 GOLD AND SILVER FAIRY CAKE CASES,0.55,0.30250000000000005,Monitor
84750A,1189.23,75.3,1113.93,540.54,178.38449999999997,95.1384,299.86709999999994,544,40,0.26919743610460256,0.07352941176470588,PINK SMALL GLASS CAKE STAND,1.95,1.0725,Monitor
84559A,1192.72,0.0,1192.72,618.97,178.908,95.4176,299.42439999999993,1324,0,0.2510433295324971,0.0,3D SHEET OF DOG STICKERS,0.85,0.4675,Monitor
85135C,1317.92,15.9,1302.02,699.6,197.688,105.4336,299.29839999999996,162,2,0.22987235219121055,0.012345679012345678,RED DRAGONFLY HELICOPTER,7.95,4.3725000000000005,Monitor
23470,1460.5,70.7,1389.8,756.2500000000001,219.075,116.84,297.63499999999993,232,12,0.2141567131961433,0.05172413793103448,CARD HOLDER LOVE BIRD LARGE,6.25,3.4375000000000004,Monitor
22255,1128.81,38.25,1090.56,533.885,169.3215,90.3048,297.04869999999994,1187,45,0.27238180384389665,0.037910699241786014,FELT TOADSTOOL  SMALL,0.85,0.4675,Monitor
22157,1493.8999999999999,81.6,1412.3,772.3100000000001,224.08499999999998,119.512,296.3929999999999,1748,96,0.20986546767683914,0.05491990846681922,ANGEL DECORATION WITH LACE PADDED,0.85,0.4675,Monitor
22517,1604.1100000000001,0.0,1604.1100000000001,939.0150000000002,240.6165,128.32880000000003,296.1496999999999,813,0,0.18461932161759473,0.0,CHILDS GARDEN RAKE PINK,2.1,1.1550000000000002,Monitor
35915B,717.03,0.0,717.03,257.9225,107.55449999999999,57.3624,294.19059999999996,565,0,0.41029050388407734,0.0,BLUE KNITTED HEN,0.83,0.4565,Monitor
22420,1015.17,0.42,1014.75,487.641,152.2755,81.2136,293.6199,2112,1,0.2893519586104952,0.0004734848484848485,LIPSTICK PEN BABY PINK,0.42,0.231,Monitor
85125,1499.3100000000002,19.8,1479.51,841.2525,224.8965,119.9448,293.4162,313,4,0.19831984913924205,0.012779552715654952,SMALL ROUND CUT GLASS CANDLESTICK,4.95,2.7225,Monitor
85130A,1217.54,0.0,1217.54,644.325,182.63099999999997,97.4032,293.1807999999999,710,0,0.24079767399839014,0.0,BEADED PEARL HEART WHITE LARGE,1.65,0.9075,Monitor
84327A,1824.47,6.76,1817.71,1105.3350000000003,273.6705,145.9576,292.7468999999998,961,4,0.16105258814662393,0.004162330905306972,PINK JUMPER LARRY THE LAMB,2.1,1.1550000000000002,Monitor
72008,1531.82,10.5,1521.32,876.6450000000001,229.773,122.5456,292.3563999999999,3820,25,0.19217284989351346,0.006544502617801047,FROSTED BOX 9 WHITE T-LIGHT CANDLES,0.42,0.231,Monitor
72598,1145.76,18.7,1127.06,571.2850000000001,171.86399999999998,91.6608,292.2501999999999,1244,22,0.25930314268983007,0.017684887459807074,SET/12 TAPER CANDLES,0.85,0.4675,Monitor
22307,1815.81,49.8,1766.01,1056.33,272.37149999999997,145.2648,292.04369999999994,1205,41,0.16536922214483493,0.03402489626556016,GOLD MUG BONE CHINA TREE OF LIFE,1.65,0.9075,Monitor
17084R,1983.57,0.0,1983.57,1235.5035,297.5355,158.6856,291.8453999999998,10697,0,0.14713138432220685,0.0,ASSORTED INCENSE PACK,0.21,0.1155,Monitor
84569D,1306.29,1.25,1305.04,712.9375,195.9435,104.50319999999999,291.6558,1038,1,0.22348418439281556,0.0009633911368015414,PACK 6 HEART/ICE-CREAM PATCHES,1.25,0.6875,Monitor
23119,1402.32,22.32,1380.0,766.2270000000001,210.34799999999998,112.1856,291.23939999999993,2283,36,0.21104304347826083,0.01576872536136662,PACK OF 6 LARGE FRUIT STRAWS,0.62,0.341,Monitor
90200D,1385.01,12.75,1372.26,762.5640000000001,207.7515,110.8008,291.14369999999997,330,3,0.21216365703292378,0.00909090909090909,PINK SWEETHEART BRACELET,4.24,2.3320000000000003,Monitor
84912B,3087.64,0.0,3087.64,2086.392,463.146,247.0112,291.0908,1129,0,0.09427614618284516,0.0,GREEN ROSE WASHBAG,3.36,1.848,Review margin
47591d,1274.3799999999999,0.0,1274.3799999999999,690.1840000000001,191.15699999999998,101.9504,291.08859999999993,253,0,0.22841585712267923,0.0,PINK FAIRY CAKE CHILDRENS APRON,4.96,2.728,Monitor
85200,1321.59,15.0,1306.59,711.5625,198.2385,105.7272,291.0618,1047,12,0.2227644479140358,0.011461318051575931,BUNNY EGG BOX,1.25,0.6875,Monitor
23406,2428.9100000000003,18.75,2410.1600000000003,1560.6250000000002,364.3365,194.3128,290.88569999999993,457,3,0.12069144787068074,0.006564551422319475,HOME SWEET HOME KEY HOLDER,6.25,3.4375000000000004,Monitor
46775A,1044.23,16.95,1027.28,497.002,156.6345,83.5384,290.10510000000005,83,1,0.2824011953897672,0.012048192771084338,BUBBLE GUM CHUNKY KNITTED THROW,11.02,6.061,Monitor
85231G,1281.31,18.7,1262.61,678.8100000000001,192.1965,102.5048,289.0986999999999,1474,22,0.22896911952225937,0.014925373134328358,ORANGE SCENTED SET/9 T-LIGHTS,0.85,0.4675,Monitor
23508,1165.13,0.84,1164.29,607.299,174.7695,93.2104,289.0111,2631,2,0.24822947890989358,0.0007601672367920942,MINI PLAYING CARDS DOLLY GIRL,0.42,0.231,Monitor
22935,2066.82,198.0,1868.82,1104.6750000000002,310.02299999999997,165.3456,288.77639999999985,690,72,0.15452338909044203,0.10434782608695652,BAKING MOULD ROSE MILK CHOCOLATE,3.25,1.7875,Monitor
84791,1094.98,17.700000000000003,1077.2800000000002,537.0475000000001,164.247,87.5984,288.38710000000003,337,6,0.26769929823258576,0.017804154302670624,GINGHAM HEART DECORATION,2.95,1.6225000000000003,Monitor
22337,1522.52,0.0,1522.52,884.0975000000001,228.37800000000001,121.80160000000001,288.24289999999996,2473,0,0.189319614849066,0.0,ANGEL DECORATION PAINTED ZINC,0.65,0.35750000000000004,Monitor
22545,1422.74,20.580000000000002,1402.16,786.7860000000001,213.411,113.8192,288.14379999999994,3455,49,0.20549994294517027,0.014182344428364689,MINI JIGSAW BUNNIES,0.42,0.231,Monitor
82615,1606.92,11.0,1595.92,939.4275000000001,241.038,128.55360000000002,286.90089999999987,583,4,0.17977147977342214,0.00686106346483705,PINK MARSHMALLOW SCARF KNITTING KIT,2.95,1.6225000000000003,Monitor
22615,1146.75,4.68,1142.07,591.5855,172.0125,91.74,286.7319999999999,3721,12,0.25106341993047704,0.0032249395323837677,PACK OF 12 CIRCUS PARADE TISSUES,0.29,0.1595,Monitor
22802,1953.54,0.0,1953.54,1217.9475,293.03099999999995,156.2832,286.27829999999994,111,0,0.14654335206855246,0.0,FAUX FUR CHOCOLATE THROW,19.95,10.9725,Monitor
23373,1313.3899999999999,0.0,1313.3899999999999,725.208,197.00849999999997,105.07119999999999,286.1023,1608,0,0.21783499189121286,0.0,VINTAGE CHRISTMAS PAPER GIFT BAG,0.82,0.451,Monitor
21200,2066.81,40.6,2026.2099999999998,1265.055,310.0215,165.3448,285.7886999999999,1422,28,0.1410459429180588,0.01969057665260197,MULTICOLOUR HONEYCOMB PAPER GARLAND,1.65,0.9075,Monitor
84912A,2996.44,0.0,2996.44,2021.712,449.466,239.71519999999998,285.54679999999996,1094,0,0.09529535048257264,0.0,PINK ROSE WASHBAG,3.36,1.848,Review margin
22984,1385.85,0.0,1385.85,781.9350000000001,207.8775,110.868,285.1694999999999,3385,0,0.20577226972616078,0.0,CARD GINGHAM ROSE,0.42,0.231,Monitor
21063,1256.27,3.4,1252.87,678.8100000000001,188.4405,100.5016,285.1178999999999,1456,4,0.22757181511250163,0.0027472527472527475,PARTY INVITES JAZZ HEARTS,0.85,0.4675,Monitor
21593,1630.56,30.0,1600.56,940.5,244.584,130.44480000000001,285.0312,1392,24,0.17808217124006598,0.017241379310344827,SWALLOW CIGAR BOX MATCHES,1.25,0.6875,Monitor
20802,1596.81,34.92,1561.8899999999999,910.2225000000001,239.52149999999997,127.7448,284.40119999999985,1051,48,0.18208785509863043,0.04567078972407231,SMALL GLASS SUNDAE DISH CLEAR,1.65,0.9075,Monitor
23067,1249.1100000000001,0.0,1249.1100000000001,677.9025,187.3665,99.92880000000001,283.91220000000004,297,0,0.22729159161322862,0.0,HANGING ENGRAVED METAL HEART,4.15,2.2825,Monitor
21806,1183.6299999999999,0.0,1183.6299999999999,627.6270000000001,177.5445,94.6904,283.7680999999999,2717,0,0.23974392335442657,0.0,WHITE CHRISTMAS HEART DECORATION,0.42,0.231,Monitor
20782,1006.4599999999999,38.43,968.03,452.92500000000007,150.969,80.5168,283.6191999999999,157,7,0.29298596117888903,0.044585987261146494,CAMOUFLAGE EAR MUFF HEADPHONES,5.49,3.0195000000000003,Monitor
23566,1159.43,5.0,1154.43,604.3125,173.9145,92.7544,283.4486,883,4,0.2455312145387767,0.004530011325028313,EGG CUP MILKMAID HEIDI,1.25,0.6875,Monitor
22051,1328.0,0.0,1328.0,739.2,199.2,106.24,283.35999999999996,3200,0,0.21337349397590358,0.0,BLUE SCANDINAVIAN PAISLEY WRAP,0.42,0.231,Monitor
21059,1349.4099999999999,20.4,1329.01,735.3775,202.4115,107.9528,283.2681999999999,1597,24,0.21314226379034013,0.015028177833437696,PARTY INVITES DINOSAURS,0.85,0.4675,Monitor
85136C,1459.64,119.77000000000001,1339.8700000000001,721.4625000000001,218.946,116.77120000000001,282.6902999999999,180,15,0.21098337898452826,0.08333333333333333,RED SHARK HELICOPTER,7.95,4.3725000000000005,Monitor
90167,1801.1699999999998,217.55999999999997,1583.61,886.8475000000001,270.17549999999994,144.09359999999998,282.49339999999984,2197,300,0.17838571365424558,0.13654984069185253,BEADED LOVE HEART JEWELLERY SET,0.85,0.4675,Monitor
22216,1215.83,2.55,1213.28,651.2275000000001,182.37449999999998,97.2664,282.4115999999999,1396,3,0.2327670447052617,0.002148997134670487,T-LIGHT HOLDER WHITE LACE,0.85,0.4675,Monitor
21752,1259.76,104.64999999999999,1155.11,583.7975,188.96399999999997,100.7808,281.56769999999995,78,7,0.2437583433612383,0.08974358974358974,GLASS CAKE STAND MIRRORED BASE,14.95,8.2225,Monitor
21264,921.75,15.6,906.15,412.9125,138.2625,73.74,281.23499999999996,393,8,0.31036252276113224,0.020356234096692113,WHITE GOOSE FEATHER TREE 60CM,1.95,1.0725,Monitor
84660A,855.26,4.54,850.72,372.80100000000004,128.289,68.4208,281.20919999999995,860,2,0.33055435395899935,0.002325581395348837,WHITE STITCHED WALL CLOCK,0.79,0.43450000000000005,Monitor
21562,970.2800000000001,0.0,970.2800000000001,466.125,145.542,77.6224,280.99060000000003,678,0,0.28959743579173025,0.0,HAWAIIAN GRASS SKIRT,1.25,0.6875,Monitor
21077,2060.65,0.0,2060.65,1305.7275000000002,309.09749999999997,164.852,280.97299999999984,2793,0,0.1363516366195132,0.0,SET/20 WOODLAND PAPER NAPKINS,0.85,0.4675,Monitor
23510,1119.22,0.0,1119.22,582.582,167.88299999999998,89.5376,279.2174,2522,0,0.2494749915119458,0.0,MINI PLAYING CARDS GYMKHANA,0.42,0.231,Monitor
22742,2484.94,5.9,2479.0400000000004,1628.9900000000002,372.74100000000004,198.79520000000002,278.5138,1006,2,0.11234744094488187,0.0019880715705765406,MAKE YOUR OWN PLAYTIME CARD KIT,2.95,1.6225000000000003,Monitor
23469,1355.24,16.6,1338.64,748.6600000000001,203.286,108.4192,278.2748,332,4,0.20787874260443437,0.012048192771084338,CARD HOLDER LOVE BIRD SMALL,4.15,2.2825,Monitor
79066K,1210.45,10.2,1200.25,643.7475000000001,181.5675,96.836,278.09899999999993,1389,12,0.2317008956467402,0.008639308855291577,RETRO MOD TRAY,0.85,0.4675,Monitor
21815,1080.54,2.9,1077.6399999999999,551.0725,162.081,86.44319999999999,278.04329999999993,693,2,0.25801130247578036,0.002886002886002886,STAR  T-LIGHT HOLDER,1.45,0.7975,Monitor
22256,1207.57,15.0,1192.57,637.3125,181.1355,96.6056,277.5164,939,12,0.23270449533360724,0.012779552715654952,FELT FARM ANIMAL CHICKEN,1.25,0.6875,Monitor
85121B,936.74,93.5,843.24,350.62500000000006,140.511,74.9392,277.16479999999996,86,11,0.32869028983444804,0.12790697674418605,RETRO LAUNDRY TUB PINK,8.5,4.675000000000001,Monitor
85135B,1226.51,15.9,1210.6100000000001,651.5025,183.9765,98.1208,277.01019999999994,151,2,0.22881869470762667,0.013245033112582781,BLUE DRAGONFLY HELICOPTER,7.95,4.3725000000000005,Monitor
20934,1195.97,107.5,1088.47,536.5525000000001,179.3955,95.6776,276.84439999999995,199,20,0.2543427012228173,0.10050251256281408,SET/3 POT PLANT CANDLES,5.45,2.9975000000000005,Monitor
37479B,1095.85,0.0,1095.85,568.54875,164.3775,87.668,275.25575000000003,1253,0,0.25118013414244655,0.0,CUBIC MUG FLOCK BLUE ON BROWN,0.825,0.45375,Monitor
22288,1528.49,0.0,1528.49,902.0,229.2735,122.2792,274.9373,1312,0,0.17987510549627408,0.0,HANGING METAL RABBIT DECORATION,1.25,0.6875,Monitor
23358,2012.13,125.94,1886.19,1148.8125,301.8195,160.9704,274.5876,595,38,0.1455779110269909,0.06386554621848739,HOT STUFF HOT WATER BOTTLE,3.75,2.0625,Monitor
23026,1201.04,29.12,1171.92,621.1920000000001,180.15599999999998,96.0832,274.48879999999997,557,14,0.2342214485630418,0.025134649910233394,DRAWER KNOB VINTAGE GLASS STAR,2.08,1.1440000000000001,Monitor
21555,1131.37,2.55,1128.82,594.6600000000001,169.7055,90.50959999999999,273.9448999999999,425,1,0.24268253574529147,0.002352941176470588,CERAMIC STRAWBERRY TRINKET TRAY,2.55,1.4025,Monitor
23402,1151.03,0.0,1151.03,612.5625,172.6545,92.08239999999999,273.7306,297,0,0.23781361041849472,0.0,HOME SWEET HOME 3 PEG HANGER,3.75,2.0625,Monitor
21396,1205.25,6.25,1199.0,648.3125,180.7875,96.42,273.48,948,5,0.22809007506255213,0.005274261603375527,RED SPOTTY EGG CUP,1.25,0.6875,Monitor
85162A,1234.27,30.31,1203.96,646.7175,185.14049999999997,98.7416,273.3603999999999,607,4,0.22705106481942913,0.006589785831960461,SILVER RETRODISC LAMPSHADE,1.95,1.0725,Monitor
23040,1394.03,0.0,1394.03,800.1125,209.10449999999997,111.5224,273.2906,253,0,0.19604355716878402,0.0,PAPER LANTERN 9 POINT SNOW STAR,5.75,3.1625,Monitor
84796A,2072.9500000000003,0.0,2072.9500000000003,1323.0140000000004,310.9425,165.836,273.1574999999998,284,0,0.1317723534093923,0.0,PINK HAWAIIAN PICNIC HAMPER FOR 2,8.47,4.658500000000001,Monitor
22718,1151.44,15.120000000000001,1136.32,598.9830000000001,172.716,92.1152,272.50579999999997,2629,36,0.2398143128696142,0.013693419551160137,CARD CAT AND TREE,0.42,0.231,Monitor
23414,1378.75,39.8,1338.9499999999998,749.7325000000001,206.81249999999997,110.3,272.10499999999996,141,4,0.20322267448373726,0.028368794326241134,ZINC BOX SIGN HOME,9.95,5.4725,Monitor
22265,1211.7,0.0,1211.7,661.0175000000002,181.75500000000002,96.936,271.9915,1849,0,0.22447099116943134,0.0,EASTER DECORATION NATURAL CHICK,0.65,0.35750000000000004,Monitor
21689,1271.87,0.0,1271.87,707.4375,190.7805,101.7496,271.9024,343,0,0.21378159717581202,0.0,SILVER VANILLA  FLOWER CANDLE POT,3.75,2.0625,Monitor
23104,1405.42,0.0,1405.42,811.2500000000001,210.81300000000002,112.43360000000001,270.9233999999999,118,0,0.1927704173841271,0.0,IVORY CAFE HANGING LAMP,12.5,6.875000000000001,Monitor
22050,1354.0,21.0,1333.0,750.75,203.1,108.32,270.8299999999999,3300,50,0.20317329332333078,0.015151515151515152,PINK PAISLEY ROSE GIFT WRAP,0.42,0.231,Monitor
84789,1565.89,30.0,1535.89,905.4375,234.8835,125.27120000000001,270.29780000000005,447,8,0.17598773349653948,0.017897091722595078,ENCHANTED BIRD PLANT CAGE,3.75,2.0625,Monitor
21269,1053.84,0.0,1053.84,542.3000000000001,158.076,84.30720000000001,269.1567999999999,116,0,0.25540575419418504,0.0,ANTIQUE CREAM CUTLERY SHELF,8.5,4.675000000000001,Monitor
21010,1122.26,15.0,1107.26,580.25,168.339,89.7808,268.8902,856,12,0.24284287339920163,0.014018691588785047,ETCHED GLASS BIRD TREE DECORATION,1.25,0.6875,Monitor
23269,1163.1299999999999,0.0,1163.1299999999999,626.835,174.46949999999998,93.0504,268.77509999999995,786,0,0.23107915710195764,0.0,SET OF 2 CERAMIC CHRISTMAS TREES,1.45,0.7975,Monitor
22342,2562.4999999999995,96.29999999999998,2466.2,1608.0900000000001,384.37499999999994,204.99999999999997,268.73499999999984,1842,70,0.10896723704484626,0.038002171552660155,HOME GARLAND PAINTED ZINC,1.65,0.9075,Monitor
21051,1490.3600000000001,12.600000000000001,1477.76,866.2500000000002,223.554,119.22880000000002,268.72719999999987,756,6,0.18184766132524893,0.007936507936507936,RIBBONS PURSE,2.1,1.1550000000000002,Monitor
22471,2573.71,11.85,2561.86,1701.5625,386.05649999999997,205.8968,268.34419999999994,628,3,0.10474584871928987,0.004777070063694267,TV DINNER TRAY AIR HOSTESS,4.95,2.7225,Monitor
84985A,1021.03,7.25,1013.78,511.1975,153.15449999999998,81.6824,267.74559999999997,646,5,0.2641062163388506,0.007739938080495356,SET OF 72 GREEN PAPER DOILIES,1.45,0.7975,Monitor
85071A,1418.64,448.4,970.24,376.66200000000003,212.796,113.4912,267.2908,1908,152,0.27548936345646435,0.07966457023060797,BLUE CHARLIE+LOLA PERSONAL DOORSIGN,0.39,0.21450000000000002,Monitor
23086,1455.18,20.0,1435.18,833.25,218.277,116.4144,267.23859999999996,1228,16,0.18620563274293117,0.013029315960912053,ZINC  STAR T-LIGHT HOLDER,1.25,0.6875,Monitor
22912,1471.0900000000001,29.700000000000003,1441.39,835.8075,220.6635,117.6872,267.2318,313,6,0.18539867766530918,0.019169329073482427,YELLOW COAT RACK PARIS FASHION,4.95,2.7225,Monitor
23302,2194.62,54.239999999999995,2140.3799999999997,1368.51,329.193,175.56959999999998,267.1073999999999,1544,36,0.12479438230594565,0.023316062176165803,KNEELING MAT HOUSEWORK  DESIGN,1.65,0.9075,Monitor
21725,1038.1299999999999,1.7,1036.4299999999998,530.6125000000001,155.71949999999998,83.0504,267.04759999999993,1137,2,0.2576610094265893,0.001759014951627089,SWEETIES  STICKERS,0.85,0.4675,Monitor
84596B,4100.2699999999995,46.72,4053.5499999999997,2843.995,615.0405,328.0216,266.49289999999985,6278,48,0.06574308939078088,0.007645747053201656,SMALL DOLLY MIX DESIGN ORANGE BOWL,0.83,0.4565,Review margin
84509C,1089.71,0.0,1089.71,573.375,163.4565,87.1768,265.7017,278,0,0.2438278991658331,0.0,SET OF 4 POLKADOT PLACEMATS,3.75,2.0625,Monitor
23444,1200.0,15.0,1185.0,643.5,180.0,96.0,265.5,79,1,0.2240506329113924,0.012658227848101266,Next Day Carriage,15.0,8.25,Monitor
23183,967.17,30.0,937.17,449.625,145.0755,77.3736,265.09590000000003,226,8,0.28286852972246235,0.035398230088495575,MOTHER'S KITCHEN SPOON REST,3.75,2.0625,Monitor
23331,1062.28,0.0,1062.28,553.014,159.342,84.9824,264.94159999999994,1596,0,0.24940844221862404,0.0,DECORATIVE WICKER HEART SMALL,0.63,0.34650000000000003,Monitor
23400,2409.34,12.5,2396.84,1577.8125000000002,361.401,192.7472,264.8792999999998,461,2,0.11051188231171032,0.004338394793926247,SHELF WITH 4 HOOKS HOME SWEET HOME,6.25,3.4375000000000004,Monitor
72232,1195.48,0.0,1195.48,657.514,179.322,95.6384,263.0056,6292,0,0.22,0.0,FENG SHUI PILLAR CANDLE,0.19,0.10450000000000001,Monitor
23419,1045.8,2.08,1043.72,541.1120000000001,156.87,83.664,262.07399999999996,474,1,0.2510960794082704,0.002109704641350211,HOME SWEET HOME BOTTLE,2.08,1.1440000000000001,Monitor
23433,1108.58,39.01,1069.57,552.8215,166.28699999999998,88.68639999999999,261.77509999999995,1258,47,0.24474798283422308,0.037360890302066775,HANGING QUILTED PATCHWORK APPLES,0.83,0.4565,Monitor
22769,3656.86,400.15,3256.71,2154.4325,548.529,292.5488,261.19969999999995,174,17,0.08020354898041274,0.09770114942528736,CHALKBOARD KITCHEN ORGANISER,24.95,13.7225,Review margin
23418,1168.08,0.0,1168.08,638.3520000000001,175.212,93.44640000000001,261.0696,558,0,0.2235031847133758,0.0,LAVENDER TOILETTE BOTTLE,2.08,1.1440000000000001,Monitor
85124C,1123.8899999999999,15.3,1108.59,589.0500000000001,168.5835,89.9112,261.04529999999994,426,6,0.23547506291776035,0.014084507042253521,GREEN JUICY FRUIT PHOTO FRAME,2.55,1.4025,Monitor
37475,1170.51,0.0,1170.51,640.2825,175.57649999999998,93.6408,261.01019999999994,117,0,0.2229884409360022,0.0,SET/4 COLOURFUL MIXING BOWLS,9.95,5.4725,Monitor
20830,977.21,27.32,949.89,464.3100000000001,146.5815,78.1768,260.8216999999999,413,11,0.2745809514785922,0.026634382566585957,SILVER PHOTO FRAME,2.1,1.1550000000000002,Monitor
85124A,1037.1299999999999,20.4,1016.7299999999999,517.5225,155.5695,82.9704,260.66759999999994,377,8,0.25637838954294645,0.021220159151193633,PINK JUICY FRUIT PHOTO FRAME,2.55,1.4025,Monitor
71279,983.9100000000001,35.400000000000006,948.5100000000001,462.4125000000001,147.5865,78.7128,259.7982,297,12,0.27390138216782106,0.04040404040404041,PINK GLASS CANDLEHOLDER,2.95,1.6225000000000003,Monitor
20671,1039.97,0.0,1039.97,541.0625,155.9955,83.19760000000001,259.7144,787,0,0.24973258844005117,0.0,BLUE TEATIME PRINT BOWL,1.25,0.6875,Monitor
22181,1291.3799999999999,35.699999999999996,1255.68,699.38,193.707,103.3104,259.28259999999995,1538,42,0.20648779943934756,0.027308192457737322,SNOWSTORM PHOTO FRAME FRIDGE MAGNET,0.85,0.4675,Monitor
22092,597.44,0.0,597.44,201.20100000000002,89.616,47.7952,258.82779999999997,938,0,0.4332281065881092,0.0,BLUE PAISLEY TISSUE BOX,0.39,0.21450000000000002,Monitor
84559B,1065.55,3.4,1062.1499999999999,558.6625,159.83249999999998,85.244,258.41099999999994,1199,4,0.24329049569269875,0.003336113427856547,3D SHEET OF CAT STICKERS,0.85,0.4675,Monitor
85136A,1129.23,7.95,1121.28,603.4050000000001,169.3845,90.33840000000001,258.15209999999996,139,1,0.2302298266267123,0.007194244604316547,YELLOW SHARK HELICOPTER,7.95,4.3725000000000005,Monitor
22187,6824.95,191.45,6633.5,4805.900000000001,1023.7425,545.996,257.8614999999992,2105,49,0.038872616265922845,0.02327790973871734,GREEN CHRISTMAS TREE CARD HOLDER,4.25,2.3375000000000004,Review margin
22304,4704.86,44.55,4660.31,3321.1200000000003,705.729,376.3888,257.0721999999998,2386,18,0.05516203857683282,0.0075440067057837385,COFFEE MUG BLUE PAISLEY DESIGN,2.55,1.4025,Review margin
21190,1337.59,111.65,1225.9399999999998,661.5675,200.6385,107.0072,256.7267999999999,806,77,0.20941220614385692,0.09553349875930521,PINK HEARTS PAPER GARLAND,1.65,0.9075,Monitor
22995,1062.0,20.580000000000002,1041.42,540.5400000000001,159.29999999999998,84.96,256.61999999999995,2389,49,0.24641355072881252,0.020510673922143157,TRAVEL CARD WALLET SUKI,0.42,0.231,Monitor
84923,1026.14,0.0,1026.14,533.8025,153.921,82.0912,256.32529999999997,235,0,0.24979564192020576,0.0,PINK BUTTERFLY HANDBAG W BOBBLES,4.13,2.2715,Monitor
23432,1090.02,0.0,1090.02,583.4069999999999,163.503,87.2016,255.90839999999994,1278,0,0.23477404084328723,0.0,PRETTY HANGING QUILTED HEARTS,0.83,0.4565,Monitor
23225,1177.0,69.72,1107.28,580.668,176.54999999999998,94.16,255.90199999999993,1356,84,0.23110866266888225,0.061946902654867256,CHERUB HEART DECORATION SILVER,0.83,0.4565,Monitor
47581B,766.52,12.75,753.77,322.575,114.978,61.321600000000004,254.8954,47,1,0.3381607121535747,0.02127659574468085,FAIRY CAKE WICKER PICNIC BASKET,12.75,7.0125,Monitor
22513,1905.95,0.0,1905.95,1212.75,285.8925,152.476,254.83149999999998,588,0,0.13370314016632123,0.0,DOORSTOP FOOTBALL DESIGN,3.75,2.0625,Monitor
22814,1152.81,0.0,1152.81,632.94,172.92149999999998,92.2248,254.72369999999995,2740,0,0.22095896114711008,0.0,CARD PARTY GAMES,0.42,0.231,Monitor
21547,1848.4700000000003,5.9,1842.5700000000002,1163.3325000000002,277.2705,147.8776,254.08939999999993,719,2,0.137899455651617,0.0027816411682892906,CERAMIC BIRDHOUSE CRESTED TIT SMALL,2.95,1.6225000000000003,Monitor
21869,1473.3300000000002,21.25,1452.0800000000002,859.375,220.9995,117.8664,253.83910000000003,1267,17,0.17481068536168806,0.013417521704814523,POTTING SHED COFFEE MUG,1.25,0.6875,Monitor
22860,1075.6999999999998,24.75,1050.9499999999998,549.945,161.35499999999996,86.056,253.59399999999994,621,15,0.24129977639278746,0.024154589371980676,EASTER TIN CHICKS PINK DAISY,1.65,0.9075,Monitor
21836,1007.64,15.0,992.64,507.375,151.146,80.6112,253.5078,250,4,0.2553874516441006,0.016,GINGHAM OVEN GLOVE RED HEART,3.75,2.0625,Monitor
85111,957.63,41.76,915.87,442.6125,143.6445,76.6104,253.00259999999994,2919,144,0.27624291657112904,0.04933196300102775,SILVER GLITTER FLOWER VOTIVE HOLDER,0.29,0.1595,Monitor
85165,872.76,0.0,872.76,419.2650000000001,130.914,69.8208,252.76019999999994,90,0,0.28961020211742056,0.0,CANDY PINK FRENCH BOUDOIR CLOCK,8.47,4.658500000000001,Monitor
21721,991.3499999999999,1.7,989.65,509.1075,148.7025,79.30799999999999,252.53199999999993,1091,2,0.25517304097408167,0.0018331805682859762,CANDY SHOP  STICKER SHEET,0.85,0.4675,Monitor
22808,1243.88,53.1,1190.7800000000002,652.2450000000001,186.58200000000002,99.5104,252.4426,420,18,0.2119976821915047,0.04285714285714286,SET OF 6 T-LIGHTS EASTER CHICKS,2.95,1.6225000000000003,Monitor
21129,970.2900000000001,20.85,949.44,473.99,145.5435,77.62320000000001,252.28330000000003,127,3,0.2657180021907651,0.023622047244094488,SILVER FISHING GNOME,6.95,3.8225000000000002,Monitor
23551,841.01,0.0,841.01,395.3235,126.1515,67.2808,252.2541999999999,1843,0,0.29994197453062377,0.0,PACK OF 12 PAISLEY PARK TISSUES,0.39,0.21450000000000002,Monitor
35653,982.5300000000001,0.0,982.5300000000001,504.5975000000001,147.3795,78.6024,251.95059999999998,311,0,0.2564304397830091,0.0,VINTAGE BEAD NOTEBOOK,2.95,1.6225000000000003,Monitor
21664,1034.82,26.25,1008.5699999999999,519.75,155.22299999999998,82.7856,250.8114,259,7,0.24868021059519915,0.02702702702702703,RIDGED GLASS STORAGE JAR CREAM LID,3.75,2.0625,Monitor
22703,923.91,0.0,923.91,460.801,138.5865,73.9128,250.60970000000006,514,0,0.27124903940860046,0.0,PINK CAT BOWL,1.63,0.8965,Monitor
72750B,1047.2,43.1,1004.1,512.655,157.07999999999998,83.776,250.58900000000003,496,18,0.24956578030076687,0.036290322580645164,FLOWER FAIRY SET 3 CANDLES LAVENDER,1.95,1.0725,Monitor
21814,1025.23,0.0,1025.23,539.11,153.78449999999998,82.0184,250.31709999999995,676,0,0.24415701842513382,0.0,HEART T-LIGHT HOLDER,1.45,0.7975,Monitor
84856S,1877.21,3.81,1873.4,1191.7950000000003,281.5815,150.17680000000001,249.84669999999974,467,1,0.13336537845628255,0.0021413276231263384,SMALL TAHITI BEACH BAG,4.65,2.5575000000000006,Monitor
21684,1367.81,11.049999999999999,1356.76,792.4125,205.17149999999998,109.4248,249.7511999999999,1708,13,0.18407912969132337,0.007611241217798595,SMALL MEDINA STAMPED METAL BOWL,0.85,0.4675,Monitor
20738,1301.72,0.0,1301.72,752.6750000000001,195.25799999999998,104.1376,249.64939999999993,1610,0,0.19178425467842541,0.0,GREEN MINI TAPE MEASURE,0.85,0.4675,Monitor
85019B,982.47,30.0,952.47,477.125,147.3705,78.5976,249.3769,718,24,0.26182126471174944,0.033426183844011144,BLOSSOM  IMAGES NOTEBOOK SET,1.25,0.6875,Monitor
23088,1033.28,0.0,1033.28,546.5625,154.992,82.6624,249.06310000000002,795,0,0.24104124729018275,0.0,ZINC HEART FLOWER T-LIGHT HOLDER,1.25,0.6875,Monitor
23102,1086.6499999999999,0.0,1086.6499999999999,587.972,162.99749999999997,86.932,248.74849999999992,1288,0,0.22891317351493118,0.0,SILVER HEARTS TABLE DECORATION,0.83,0.4565,Monitor
23380,983.5,14.04,969.46,495.0660000000001,147.525,78.68,248.1889999999999,2344,36,0.25600746807501074,0.015358361774744027,PACK OF 12 VINTAGE DOILY TISSUES,0.39,0.21450000000000002,Monitor
23033,1067.6,0.0,1067.6,574.2,160.14,85.408,247.85199999999995,720,0,0.2321581116523042,0.0,DRAWER KNOB CERAMIC RED,1.45,0.7975,Monitor
82607A,932.47,22.5,909.97,448.25,139.8705,74.5976,247.25189999999998,670,18,0.27171434223106256,0.026865671641791045,GLASS BONBON JAR PARFUME AUX FLEURE,1.25,0.6875,Monitor
21548,1802.67,44.25,1758.42,1096.8100000000002,270.4005,144.2136,246.99589999999992,691,15,0.14046467851821517,0.02170767004341534,CERAMIC BIRDHOUSE FINCH BLUE ROOF,2.95,1.6225000000000003,Monitor
22715,1138.97,0.0,1138.97,630.399,170.8455,91.1176,246.60789999999994,2729,0,0.21651834552270907,0.0,CARD WEDDING DAY,0.42,0.231,Monitor
85019A,915.04,30.0,885.04,428.3125,137.256,73.2032,246.2683,647,24,0.2782566889632107,0.03709428129829984,ROMANTIC IMAGES NOTEBOOK SET,1.25,0.6875,Monitor
21550,1601.21,5.95,1595.26,981.7500000000001,240.1815,128.0968,245.23169999999993,301,1,0.1537252234745433,0.0033222591362126247,CERAMIC BIRDHOUSE CRESTED TIT LARGE,5.95,3.2725000000000004,Monitor
22997,1115.93,32.76,1083.17,581.427,167.3895,89.2744,245.07909999999995,2595,78,0.22626097473157486,0.03005780346820809,TRAVEL CARD WALLET UNION JACK,0.42,0.231,Monitor
78124,970.86,0.0,970.86,502.5625,145.629,77.6688,244.9997,731,0,0.2523532744164967,0.0,MAGAZINE RACK GEBRA ASSORTED,1.25,0.6875,Monitor
85035A,2361.9,133.94,2227.96,1439.9000000000003,354.28499999999997,188.952,244.82299999999978,650,34,0.109886622740085,0.052307692307692305,GARDENIA 3 WICK MORRIS BOXED CANDLE,4.25,2.3375000000000004,Monitor
22252,1191.81,16.25,1175.56,657.25,178.7715,95.34479999999999,244.1937,969,13,0.20772542447854642,0.013415892672858616,BIRDCAGE DECORATION TEALIGHT HOLDER,1.25,0.6875,Monitor
23598,1218.48,0.0,1218.48,694.4300000000001,182.772,97.47840000000001,243.7996,428,0,0.20008502396428338,0.0,PAPER BUNTING VINTAGE PARTY,2.95,1.6225000000000003,Monitor
23375,1108.8899999999999,0.82,1108.07,609.3009999999999,166.3335,88.71119999999999,243.7243,1352,1,0.2199538837799056,0.0007396449704142012,50'S CHRISTMAS PAPER GIFT BAG,0.82,0.451,Monitor
22048,1166.3,10.5,1155.8,644.49,174.945,93.304,243.06099999999995,2815,25,0.210296764146046,0.008880994671403197,BIRTHDAY BANQUET GIFT WRAP,0.42,0.231,Monitor
23506,1139.2,0.0,1139.2,634.557,170.88,91.136,242.627,2747,0,0.21298016151685392,0.0,MINI PLAYING CARDS SPACEBOY,0.42,0.231,Monitor
21827,1072.64,16.25,1056.39,567.1875,160.896,85.8112,242.4953,838,13,0.22955092342790065,0.015513126491646777,EIGHT PIECE CREEPY CRAWLIE SET,1.25,0.6875,Monitor
23041,1178.48,99.60000000000001,1078.88,566.0600000000001,176.77200000000002,94.2784,241.7696,272,24,0.2240931336200504,0.08823529411764706,PAPER LANTERN 9 POINT SNOW STAR,4.15,2.2825,Monitor
85121C,918.91,17.0,901.91,448.80000000000007,137.8365,73.5128,241.76069999999993,98,2,0.26805412956946917,0.02040816326530612,RETRO LAUNDRY TUB PISTACHIO,8.5,4.675000000000001,Monitor
84665,1364.7,154.70000000000002,1210.0,654.5000000000001,204.70499999999998,109.176,241.61899999999997,226,26,0.19968512396694213,0.11504424778761062,SQUARE CHERRY BLOSSOM CABINET,5.95,3.2725000000000004,Monitor
23411,1118.6100000000001,4.95,1113.66,615.2850000000001,167.7915,89.48880000000001,241.09470000000002,227,1,0.21648860513980928,0.004405286343612335,TRELLIS COAT RACK,4.95,2.7225,Monitor
23138,1238.76,17.4,1221.36,695.42,185.814,99.10079999999999,241.02519999999996,884,12,0.19734165192899716,0.013574660633484163,SINGLE WIRE HOOK IVORY HEART,1.45,0.7975,Monitor
85025B,991.9999999999999,6.6,985.3999999999999,517.275,148.79999999999998,79.36,239.96499999999995,574,4,0.24352039780799672,0.006968641114982578,EAU DE NILE HEART SHAPE PHOTO FRAME,1.65,0.9075,Monitor
23142,1220.8200000000002,19.55,1201.2700000000002,680.6800000000002,183.12300000000002,97.66560000000001,239.80139999999994,121,2,0.19962323207938257,0.01652892561983471,IVORY WIRE KITCHEN ORGANISER,10.4,5.720000000000001,Monitor
72586,1010.9399999999999,15.12,995.82,524.139,151.641,80.8752,239.16479999999996,2305,36,0.24016870518768446,0.015618221258134491,SET OF 6 HALLOWEEN GHOST T-LIGHTS,0.42,0.231,Monitor
22316,1435.32,1.25,1434.07,864.875,215.298,114.82560000000001,239.07140000000004,1259,1,0.1667083196775611,0.0007942811755361397,200 BENDY SKULL STRAWS,1.25,0.6875,Monitor
72815,1083.36,30.0,1053.36,565.125,162.504,86.6688,239.0622,282,8,0.2269520391888813,0.028368794326241134,3 WICK CHRISTMAS BRIAR CANDLE,3.75,2.0625,Monitor
22756,1395.95,15.0,1380.95,820.875,209.39249999999998,111.676,239.00650000000002,1206,12,0.17307397081719106,0.009950248756218905,LARGE YELLOW BABUSHKA NOTEBOOK,1.25,0.6875,Monitor
21690,1024.59,0.0,1024.59,550.6875,153.6885,81.9672,238.2468,267,0,0.23252891400462627,0.0,SILVER  CANDLEPOT JARDIN,3.75,2.0625,Monitor
21478,865.48,3.75,861.73,424.875,129.822,69.2384,237.7946,207,1,0.27595023963422416,0.004830917874396135,SILVER SKULL HOT WATER BOTTLE,3.75,2.0625,Monitor
21220,914.93,0.0,914.93,467.5,137.2395,73.1944,236.99609999999998,680,0,0.2590319477992852,0.0,SET/4 BADGES DOGS,1.25,0.6875,Monitor
21125,2221.38,18.75,2202.63,1454.75,333.207,177.7104,236.9626,2131,15,0.10758166373834915,0.0070389488503050214,SET 6 FOOTBALL CELEBRATION CANDLES,1.25,0.6875,Monitor
22543,1282.33,0.0,1282.33,750.5190000000001,192.3495,102.5864,236.8750999999999,3249,0,0.1847224193460341,0.0,MINI JIGSAW BAKE A CAKE,0.42,0.231,Monitor
23153,1020.69,15.0,1005.69,534.1875,153.1035,81.6552,236.7438,263,4,0.23540434925275183,0.015209125475285171,ZINC SWEETHEART WIRE LETTER RACK,3.75,2.0625,Monitor
23517,996.38,0.0,996.38,530.893,149.457,79.7104,236.31959999999998,334,0,0.2371781850298079,0.0,EMBROIDERED RIBBON REEL REBECCA,2.89,1.5895000000000001,Monitor
23529,2011.9900000000002,0.0,2011.9900000000002,1313.8125,301.7985,160.9592,235.4198000000001,637,0,0.11700843443555886,0.0,WALL ART DOLLY GIRL,3.75,2.0625,Monitor
23431,1175.3799999999999,13.28,1162.1,656.447,176.307,94.0304,235.31559999999993,1454,16,0.20249169606746403,0.011004126547455296,NATURAL HANGING QUILTED HEARTS,0.83,0.4565,Monitor
21842,1308.74,0.0,1308.74,772.7775,196.311,104.6992,234.95229999999992,551,0,0.17952557421642185,0.0,PINK HEART CANDY BUTTON CALCULATOR,2.55,1.4025,Monitor
22247,1027.8899999999999,0.75,1027.1399999999999,555.8575000000001,154.1835,82.2312,234.86779999999993,1190,1,0.22866191561033547,0.0008403361344537816,BUNNY DECORATION MAGIC GARDEN,0.85,0.4675,Monitor
22857,1060.1799999999998,0.0,1060.1799999999998,581.57,159.027,84.81439999999999,234.7685999999999,1244,0,0.22144220792695574,0.0,ASSORTED EASTER GIFT TAGS,0.85,0.4675,Monitor
23515,1164.98,0.0,1164.98,662.3760000000001,174.74699999999999,93.1984,234.65859999999995,579,0,0.20142714896393066,0.0,EMBROIDERED RIBBON REEL DAISY,2.08,1.1440000000000001,Monitor
23087,1090.66,18.75,1071.91,586.4375,163.599,87.25280000000001,234.6207,868,15,0.21888096948437832,0.01728110599078341,ZINC  HEART T-LIGHT HOLDER,1.25,0.6875,Monitor
40018E,840.92,0.0,840.92,413.985,126.13799999999999,67.2736,233.5234,386,0,0.277699900109404,0.0,TEA TIME PAPER LANTERNS,1.95,1.0725,Monitor
35953,2022.22,30.0,1992.22,1293.6879999999999,303.33299999999997,161.7776,233.42139999999998,3880,24,0.11716647759785564,0.006185567010309278,FOLKART STAR CHRISTMAS DECORATIONS,0.61,0.3355,Monitor
85071D,548.86,0.0,548.86,189.61800000000002,82.329,43.9088,233.00419999999997,884,0,0.42452392231170055,0.0,CHARLIE+LOLA MY ROOM DOOR SIGN,0.39,0.21450000000000002,Monitor
21839,1101.94,10.9,1091.04,605.4950000000001,165.291,88.15520000000001,232.09879999999995,204,2,0.21273170552866985,0.00980392156862745,MUMMY MOUSE RED GINGHAM RIBBON,5.45,2.9975000000000005,Monitor
22040,1144.3,0.0,1144.3,650.265,171.64499999999998,91.544,230.84599999999995,2815,0,0.20173555885694308,0.0,BOTANICAL ROSE GIFT WRAP,0.42,0.231,Monitor
21691,979.74,0.0,979.74,523.875,146.961,78.3792,230.5248,254,0,0.23529181211341785,0.0,SILVER VANILLA FLOWER CANDLE POT,3.75,2.0625,Monitor
22253,1164.53,0.0,1164.53,666.1875,174.6795,93.1624,230.50060000000002,969,0,0.1979344456561875,0.0,6 CROCHET STRAWBERRIES,1.25,0.6875,Monitor
23452,1021.76,1.95,1019.81,554.4825000000001,153.26399999999998,81.7408,230.32269999999994,518,1,0.22584863847187217,0.0019305019305019305,HEART MINI PORTRAIT FRAME,1.95,1.0725,Monitor
21785,1520.58,0.0,1520.58,940.6100000000001,228.087,121.6464,230.23659999999995,2012,0,0.15141367109918583,0.0,RAIN PONCHO,0.85,0.4675,Monitor
35958,986.3299999999999,0.0,986.3299999999999,529.6775,147.9495,78.90639999999999,229.79659999999993,1133,0,0.23298145651049845,0.0,FOLKART ZINC STAR CHRISTMAS DEC,0.85,0.4675,Monitor
21001,723.75,0.0,723.75,328.80100000000004,108.5625,57.9,228.4865,142,0,0.3156981001727116,0.0,ROSE DU SUD WASHBAG,4.21,2.3155,Monitor
22717,1023.46,5.04,1018.42,555.5550000000001,153.519,81.8768,227.46919999999994,2417,12,0.2233550008837218,0.004964832436905255,CARD DOG AND BALL,0.42,0.231,Monitor
20878,955.01,0.0,955.01,508.0625,143.2515,76.4008,227.2952,739,0,0.23800295284866127,0.0,SET/9 CHRISTMAS T-LIGHTS SCENTED,1.25,0.6875,Monitor
85041,2498.12,23.099999999999998,2475.02,1673.43,374.71799999999996,199.8496,227.02239999999995,1858,14,0.09172548100621407,0.007534983853606028,SET/4 PINK ORCHID CANDLES IN BOWL,1.65,0.9075,Review margin
23401,2354.87,18.75,2336.12,1567.5000000000002,353.2305,188.38960000000003,226.9998999999999,459,3,0.09716962313579779,0.006535947712418301,RUSTIC MIRROR WITH LACE HEART,6.25,3.4375000000000004,Review margin
85170A,1585.06,51.519999999999996,1533.54,942.4800000000002,237.759,126.80480000000001,226.4961999999998,848,32,0.1476950063252343,0.03773584905660377,SET/6 IVORY BIRD T-LIGHT CANDLES,2.1,1.1550000000000002,Monitor
37333,810.05,0.0,810.05,397.485,121.5075,64.804,226.25349999999997,146,0,0.2793080674032467,0.0,"RETRO ""TEA FOR ONE""",4.95,2.7225,Monitor
20764,2142.26,15.0,2127.26,1408.6875,321.339,171.3808,225.85270000000003,687,4,0.10617070785893591,0.005822416302765648,ABSTRACT CIRCLES SKETCHBOOK,3.75,2.0625,Monitor
21825,1058.99,4.35,1054.6399999999999,585.365,158.8485,84.7192,225.70729999999995,737,3,0.21401359705681558,0.004070556309362279,PAINTED METAL TREE WITH HOLLY BELLS,1.45,0.7975,Monitor
23525,1867.5700000000002,22.5,1845.0700000000002,1190.0625,280.1355,149.40560000000002,225.46640000000008,583,6,0.12219937454947512,0.010291595197255575,WALL ART BUFFALO BILL,3.75,2.0625,Monitor
21490,1214.5,54.599999999999994,1159.8999999999999,655.2975,182.17499999999998,97.16,225.26749999999993,639,28,0.19421286317786013,0.04381846635367762,SET OF THREE 50'S GIFT WRAPS,1.95,1.0725,Monitor
84600,918.27,22.85,895.4200000000001,459.11250000000007,137.7405,73.4616,225.10539999999997,108,3,0.251396439659601,0.027777777777777776,NEW BAROQUE JEWELLERY BOX,7.95,4.3725000000000005,Monitor
20910,781.8199999999999,0.0,781.8199999999999,377.19000000000005,117.27299999999998,62.5456,224.81139999999996,108,0,0.2875487963981479,0.0,VINTAGE PHOTO ALBUM PARIS DAYS,6.35,3.4925,Monitor
22994,958.2,12.6,945.6,500.57700000000006,143.73,76.656,224.63699999999997,2197,30,0.23756027918781722,0.013654984069185253,TRAVEL CARD WALLET RETROSPOT,0.42,0.231,Monitor
22761,1182.78,68.85,1113.93,617.5125,177.417,94.6224,224.37809999999993,48,3,0.20142926395734015,0.0625,CHEST 7 DRAWER MA CAMPAGNE,24.95,13.7225,Monitor
21805,957.63,0.0,957.63,513.051,143.6445,76.6104,224.32409999999993,2221,0,0.23424924031202024,0.0,WHITE CHRISTMAS TREE DECORATION,0.42,0.231,Monitor
23507,1156.51,0.0,1156.51,666.2040000000001,173.4765,92.5208,224.3087,2884,0,0.19395310027582985,0.0,MINI PLAYING CARDS BUFFALO BILL,0.42,0.231,Monitor
84653,750.48,0.0,750.48,353.81500000000005,112.572,60.0384,224.05459999999997,14,0,0.29854839569342284,0.0,GREEN ROSE QUILT,45.95,25.272500000000004,Monitor
77101A,1258.47,0.0,1258.47,745.25,188.7705,100.67760000000001,223.77190000000004,1084,0,0.17781266140631086,0.0,UNION FLAG WINDSOCK,1.25,0.6875,Monitor
72753B,957.73,0.0,957.73,513.9750000000001,143.6595,76.61840000000001,223.47709999999992,445,0,0.2333403986509767,0.0,S/3 FLWR FAIRY LAVENDER CANDLES,2.1,1.1550000000000002,Monitor
84750B,1142.02,8.19,1133.83,647.79,171.303,91.36160000000001,223.37539999999998,609,5,0.19700960461444839,0.008210180623973728,BLACK SMALL GLASS CAKE STAND,1.95,1.0725,Monitor
85099f,1016.3599999999999,0.0,1016.3599999999999,559.383,152.45399999999998,81.3088,223.21419999999998,201,0,0.21962119721358572,0.0,JUMBO BAG STRAWBERRY,5.06,2.783,Monitor
22923,1325.09,134.0,1191.09,663.3825,198.7635,106.0072,222.9367999999999,1595,176,0.1871704069381826,0.1103448275862069,FRIDGE MAGNETS LES ENFANTS ASSORTED,0.85,0.4675,Monitor
21480,902.47,17.700000000000003,884.7700000000001,454.30000000000007,135.3705,72.19760000000001,222.90189999999996,286,6,0.251932027532579,0.02097902097902098,PINK STRIPE HOT WATER BOTTLE,2.95,1.6225000000000003,Monitor
23527,1432.31,26.25,1406.06,853.875,214.8465,114.5848,222.75370000000004,421,7,0.15842403595863622,0.0166270783847981,WALL ART ANIMALS AND NATURE,3.75,2.0625,Monitor
20838,565.8,10.2,555.6,202.895,84.86999999999999,45.264,222.571,446,12,0.4005957523398128,0.026905829596412557,FRENCH LATTICE CUSHION COVER,0.85,0.4675,Monitor
22319,1721.44,50.050000000000004,1671.39,1053.1950000000002,258.216,137.7152,222.26379999999995,3023,77,0.13298141068212682,0.02547138604035726,HAIRCLIPS FORTIES FABRIC ASSORTED,0.65,0.35750000000000004,Monitor
21666,1109.0500000000002,1.9500000000000002,1107.1000000000001,630.2725,166.35750000000002,88.72400000000002,221.746,1766,3,0.20029446301147139,0.0016987542468856172,RIDGED GLASS T-LIGHT HOLDER,0.65,0.35750000000000004,Monitor
22924,1338.7199999999998,240.25,1098.47,568.9475,200.808,107.09759999999999,221.61689999999993,1518,301,0.2017505257312443,0.19828722002635046,FRIDGE MAGNETS LA VIE EN ROSE,0.85,0.4675,Monitor
85124B,938.4699999999999,15.299999999999999,923.17,486.6675,140.7705,75.0776,220.65439999999992,353,6,0.23901816566829504,0.0169971671388102,BLUE JUICY FRUIT PHOTO FRAME,2.55,1.4025,Monitor
21255,860.0799999999999,21.449999999999996,838.6299999999999,420.1725,129.01199999999997,68.8064,220.63909999999993,476,13,0.2630946901494103,0.0273109243697479,"FRENCH BOTTLE , LAVENDER",1.65,0.9075,Monitor
20997,796.74,0.0,796.74,393.635,119.511,63.739200000000004,219.8548,170,0,0.27594296759294124,0.0,ROSE DU SUD CUSHION COVER,4.21,2.3155,Monitor
23347,1077.3,42.5,1034.8,567.875,161.595,86.184,219.146,860,34,0.2117761886354851,0.03953488372093023,I LOVE LONDON BEAKER,1.25,0.6875,Monitor
22509,5138.26,288.04999999999995,4850.21,3449.325,770.7389999999999,411.0608,219.08519999999993,389,19,0.045170250360293665,0.04884318766066838,SEWING BOX RETROSPOT DESIGN,16.95,9.3225,Review margin
21300,841.7,127.5,714.2,301.5375,126.255,67.336,219.07150000000001,53,10,0.30673690842901147,0.18867924528301888,ANTIQUE EDWARDIAN DRESSER,12.75,7.0125,Monitor
21335,989.62,84.8,904.8199999999999,458.755,148.44299999999998,79.1696,218.45239999999998,42,4,0.2414318870051502,0.09523809523809523,LIBRARY LAMP,21.95,12.0725,Monitor
21724,888.3399999999999,1.7,886.64,464.69500000000005,133.25099999999998,71.0672,217.62679999999995,996,2,0.24545114138771085,0.002008032128514056,PANDA AND BUNNIES STICKER SHEET,0.85,0.4675,Monitor
20833,811.8,49.95,761.85,357.6375,121.77,64.944,217.49849999999995,52,1,0.2854873006497341,0.019230769230769232,SHAKER THROW  QUILTED,12.75,7.0125,Monitor
85093,1092.46,3.75,1088.71,620.3835,163.869,87.3968,217.06069999999997,1362,3,0.1993742135187515,0.0022026431718061676,CANDY SPOT EGG WARMER HARE,0.83,0.4565,Monitor
23545,1025.6,0.0,1025.6,572.88,153.84,82.048,216.83199999999997,2480,0,0.21141965678627145,0.0,WRAP RED VINTAGE DOILY,0.42,0.231,Monitor
85214,889.5299999999999,0.0,889.5299999999999,468.27,133.4295,71.16239999999999,216.66809999999995,516,0,0.2435759333580655,0.0,TUB 24 PINK FLOWER PEGS,1.65,0.9075,Monitor
23413,929.11,49.800000000000004,879.3100000000001,449.21250000000003,139.3665,74.3288,216.40220000000002,177,12,0.24610455925668992,0.06779661016949153,DECORATIVE VINTAGE COFFEE  BOX,4.95,2.7225,Monitor
20707,1244.93,8.75,1236.18,733.5955,186.7395,99.59440000000001,216.2506,1614,7,0.1749345564561795,0.004337050805452293,CRAZY DAISY HEART DECORATION,0.83,0.4565,Monitor
84873a,973.36,0.0,973.36,533.3679999999999,146.004,77.8688,216.11920000000003,88,0,0.2220341908440865,0.0,FUNKY FLOWER PICNIC BAG FOR 4,11.02,6.061,Monitor
20770,2193.14,20.099999999999998,2173.04,1452.99,328.971,175.4512,215.6277999999999,1046,10,0.09922863822110956,0.009560229445506692,ABSTRACT CIRCLE JOURNAL,2.55,1.4025,Review margin
22214,1279.79,0.0,1279.79,769.9725000000001,191.9685,102.3832,215.46579999999992,549,0,0.16836027785808602,0.0,CANDLE PLATE LACE WHITE,2.55,1.4025,Monitor
21615,2354.92,0.0,2354.92,1597.893,353.238,188.3936,215.39539999999997,1181,0,0.0914661219914052,0.0,4 LAVENDER BOTANICAL DINNER CANDLES,2.46,1.353,Review margin
85126,1075.91,67.5,1008.41,545.7375000000001,161.38649999999998,86.0728,215.21319999999994,157,10,0.21341835166251819,0.06369426751592357,LARGE ROUND CUTGLASS CANDLESTICK,6.75,3.7125000000000004,Monitor
23423,876.9,18.75,858.15,441.375,131.535,70.152,215.088,219,5,0.25064149624191573,0.0228310502283105,PANTRY 3 HOOK ROLLING PIN HANGER,3.75,2.0625,Monitor
23472,909.37,0.0,909.37,485.1275,136.4055,72.7496,215.08739999999997,59,0,0.2365235272771259,0.0,NINE DRAWER OFFICE TIDY,14.95,8.2225,Monitor
21289,1570.56,25.0,1545.56,969.375,235.584,125.6448,214.95620000000002,1430,20,0.13907981573022077,0.013986013986013986,LARGE STRIPES CHOCOLATE GIFT BAG,1.25,0.6875,Monitor
21726,938.64,1.7,936.9399999999999,506.77000000000004,140.796,75.0912,214.28279999999995,1086,2,0.22870493308002643,0.001841620626151013,MULTI HEARTS  STICKERS,0.85,0.4675,Monitor
22929,1459.75,195.0,1264.75,715.0,218.9625,116.78,214.00750000000002,23,3,0.16920932990709628,0.13043478260869565,SCHOOL DESK AND CHAIR,65.0,35.75,Monitor
21740,706.86,0.0,706.86,330.99000000000007,106.029,56.54880000000001,213.2922,204,0,0.30174603174603176,0.0,COSY SLIPPER SHOES LARGE RED,2.95,1.6225000000000003,Monitor
22248,903.1999999999999,17.85,885.35,464.69500000000005,135.48,72.256,212.91899999999995,1015,21,0.24049133111198956,0.020689655172413793,DECORATION  PINK CHICK MAGIC GARDEN,0.85,0.4675,Monitor
22830,3760.71,0.0,3760.71,2682.8725000000004,564.1065,300.8568,212.8742,181,0,0.05660479005294213,0.0,UTILTY CABINET WITH HOOKS,26.95,14.822500000000002,Review margin
23282,757.86,0.0,757.86,370.678,113.67899999999999,60.6288,212.87419999999997,812,0,0.28088855461430867,0.0,FOLDING BUTTERFLY MIRROR IVORY,0.83,0.4565,Monitor
84964A,630.0,0.0,630.0,272.25000000000006,94.5,50.4,212.85,11,0,0.33785714285714286,0.0,PINK PAINTED KASHMIRI TABLE,45.0,24.750000000000004,Monitor
21720,930.66,10.2,920.4599999999999,494.14750000000004,139.599,74.4528,212.26069999999993,1069,12,0.23060285074853873,0.011225444340505144,CAKE SHOP  STICKER SHEET,0.85,0.4675,Monitor
20825,1255.08,22.5,1232.58,732.1875,188.262,100.4064,211.72410000000002,361,6,0.17177311006182158,0.01662049861495845,GOLD WINE GLASS,3.75,2.0625,Monitor
23220,869.9799999999999,9.959999999999999,860.02,448.283,130.49699999999999,69.5984,211.64159999999995,994,12,0.24608916071719258,0.012072434607645875,REINDEER HEART DECORATION GOLD,0.83,0.4565,Monitor
48173c,1123.55,0.0,1123.55,653.73,168.5325,89.884,211.40349999999998,70,0,0.18815673534778157,0.0,DOORMAT BLACK FLOCK,16.98,9.339,Monitor
21620,2232.98,22.5,2210.48,1485.594,334.947,178.6384,211.30059999999995,1104,6,0.09559036951250405,0.005434782608695652,SET OF 4 ROSE BOTANICAL CANDLES,2.46,1.353,Review margin
22821,1055.25,10.4,1044.8500000000001,592.0200000000001,158.28750000000002,84.42000000000002,210.12249999999995,1672,16,0.2011030291429391,0.009569377990430622,GIFT BAG PSYCHEDELIC APPLES,0.65,0.35750000000000004,Monitor
85104,1024.49,23.6,1000.8900000000001,556.5175000000002,153.67350000000002,81.95920000000001,208.73979999999995,351,8,0.20855418677377127,0.022792022792022793,SILVER GLASS T-LIGHT SET,2.95,1.6225000000000003,Monitor
22953,949.8,0.0,949.8,523.1875,142.47,75.984,208.1585,761,0,0.21916034954727312,0.0,BIRTHDAY PARTY CORDON BARRIER TAPE,1.25,0.6875,Monitor
79323LP,8481.19,2702.8,5778.39,3619.6875000000005,1272.1785,678.4952000000001,208.0288,1433,458,0.03600116987603813,0.319609211444522,LIGHT PINK CHERRY LIGHTS,6.75,3.7125000000000004,Review margin
23223,751.8499999999999,9.959999999999999,741.89,361.0915,112.77749999999999,60.147999999999996,207.87299999999996,803,12,0.28019382927388153,0.014943960149439602,CHRISTMAS TREE HANGING SILVER,0.83,0.4565,Monitor
84920,812.88,0.0,812.88,418.6875,121.932,65.0304,207.2301,203,0,0.25493320047239443,0.0,PINK FLOWER FABRIC PONY,3.75,2.0625,Monitor
21649,1162.89,11.8,1151.0900000000001,676.5825000000001,174.43349999999998,93.0312,207.04279999999991,421,4,0.17986673500768827,0.009501187648456057,ASSORTED TUTTI FRUTTI PHOTO FRAME,2.95,1.6225000000000003,Monitor
23462,1607.04,350.09999999999997,1256.94,680.2950000000001,241.05599999999998,128.5632,207.02579999999995,80,18,0.16470619122631147,0.225,ROCOCO WALL MIRROR WHITE,19.95,10.9725,Monitor
21111,3188.4100000000003,20.650000000000002,3167.76,2227.6925,478.2615,255.0728,206.7331999999998,1380,7,0.06526163598252387,0.005072463768115942,"SWISS ROLL TOWEL, CHOCOLATE  SPOTS",2.95,1.6225000000000003,Review margin
23107,1009.51,0.0,1009.51,570.6305000000001,151.4265,80.7608,206.69219999999996,359,0,0.20474507434299805,0.0,WHITE HEARTS WIRE PLANT POT HOLDER,2.89,1.5895000000000001,Monitor
23327,1051.14,4.720000000000001,1046.42,598.0590000000001,157.67100000000002,84.0912,206.59879999999998,1734,8,0.19743391754744746,0.00461361014994233,HANGING CLEAR MINI BOTTLE,0.63,0.34650000000000003,Monitor
22932,2000.88,262.8,1738.0800000000002,1071.51,300.132,160.0704,206.36759999999995,884,120,0.11873308478320901,0.13574660633484162,BAKING MOULD TOFFEE CUP CHOCOLATE,2.55,1.4025,Monitor
85084,683.0999999999999,0.0,683.0999999999999,319.77000000000004,102.46499999999999,54.647999999999996,206.21699999999996,684,0,0.3018840579710145,0.0,HOLLY TOP CHRISTMAS STOCKING,0.85,0.4675,Monitor
23338,915.4000000000001,12.48,902.9200000000001,486.20000000000005,137.31,73.232,206.17799999999997,431,6,0.22834581136756296,0.013921113689095127,EGG FRYING PAN RED,2.08,1.1440000000000001,Monitor
72817,1671.28,30.0,1641.28,1051.1875,250.69199999999998,133.7024,205.6981,1553,24,0.12532785387015014,0.015453960077269801,SET OF 2 CHRISTMAS DECOUPAGE CANDLE,1.25,0.6875,Monitor
35160,1590.6399999999999,0.0,1590.6399999999999,1019.1500000000001,238.59599999999998,127.2512,205.64279999999985,2180,0,0.12928305587687966,0.0,BUDDHA INCENSE HOLDER ASSORTED,0.85,0.4675,Monitor
82001s,932.98,0.0,932.98,512.8750000000001,139.947,74.6384,205.51959999999994,125,0,0.22028296426504312,0.0,SILVER RECORD COVER FRAME,7.46,4.103000000000001,Monitor
23516,1062.35,0.0,1062.35,612.5625,159.3525,84.988,205.447,297,0,0.19338918435543842,0.0,EMBROIDERED RIBBON REEL SOPHIE,3.75,2.0625,Monitor
23564,841.31,0.0,841.31,442.75,126.1965,67.3048,205.0587,644,0,0.24373738574366166,0.0,EGG CUP MILKMAID INGRID,1.25,0.6875,Monitor
23513,1114.26,12.48,1101.78,640.6400000000001,167.13899999999998,89.1408,204.86019999999994,566,6,0.18593566773766082,0.01060070671378092,EMBROIDERED RIBBON REEL SUSIE,2.08,1.1440000000000001,Monitor
22396,1432.39,15.0,1417.39,883.575,214.8585,114.5912,204.36529999999996,1902,12,0.14418424004684663,0.006309148264984227,MAGNETS PACK OF 4 RETRO PHOTO,0.85,0.4675,Monitor
84709B,1020.4300000000001,5.95,1014.48,575.96,153.0645,81.6344,203.8211,177,1,0.20091189574954657,0.005649717514124294,PINK OVAL JEWELLED MIRROR,5.95,3.2725000000000004,Monitor
20894,859.7500000000001,16.9,842.85,441.32000000000005,128.9625,68.78,203.7875,278,6,0.24178382867651418,0.02158273381294964,HANGING BAUBLE T-LIGHT HOLDER LARGE,2.95,1.6225000000000003,Monitor
21126,2354.22,17.5,2336.72,1591.5625,353.133,188.3376,203.68689999999998,2329,14,0.08716786778047862,0.0060111635895234005,SET OF 6 GIRLS CELEBRATION CANDLES,1.25,0.6875,Review margin
47589,1019.63,59.95,959.6800000000001,521.565,152.9445,81.5704,203.60009999999997,185,11,0.21215415555185058,0.05945945945945946,CONGRATULATIONS BUNTING,5.45,2.9975000000000005,Monitor
84534B,775.56,23.799999999999997,751.76,369.7925,116.33399999999999,62.0448,203.58869999999996,819,28,0.27081608492071935,0.03418803418803419,FAIRY CAKE NOTEBOOK A5 SIZE,0.85,0.4675,Monitor
21719,816.54,0.0,816.54,425.425,122.48099999999998,65.3232,203.31079999999994,910,0,0.2489906189531437,0.0,LOVELY BONBON STICKER SHEET,0.85,0.4675,Monitor
22856,1067.3500000000001,26.25,1041.1000000000001,592.625,160.1025,85.388,202.98450000000005,883,21,0.19497118432427243,0.02378255945639864,ASSORTED EASTER DECORATIONS  BELLS,1.25,0.6875,Monitor
85049e,893.25,0.0,893.25,484.946,133.9875,71.46000000000001,202.85649999999995,268,0,0.22709935628323533,0.0,SCANDINAVIAN REDS RIBBONS,3.29,1.8095,Monitor
85044,806.35,23.35,783.0,394.76250000000005,120.9525,64.508,202.777,150,5,0.2589744572158365,0.03333333333333333,RED REINDEER STRING OF 20 LIGHTS,4.95,2.7225,Monitor
20699,800.51,0.0,800.51,413.73750000000007,120.0765,64.0408,202.65519999999992,295,0,0.25315761202233567,0.0,MOUSEY LONG LEGS SOFT TOY,2.55,1.4025,Monitor
47597,644.88,0.0,644.88,293.986,96.73199999999999,51.590399999999995,202.57159999999996,322,0,0.3141229376007939,0.0,NEW ENGLAND TEATOWELS,1.66,0.913,Monitor
84086C,896.5500000000001,0.0,896.5500000000001,488.37250000000006,134.48250000000002,71.724,201.97099999999998,301,0,0.22527577937649876,0.0,PINK/PURPLE RETRO RADIO,2.95,1.6225000000000003,Monitor
23179,930.48,0.0,930.48,514.998,139.572,74.4384,201.47159999999997,324,0,0.2165243745163786,0.0,CLOCK MAGNET MUM'S KITCHEN,2.89,1.5895000000000001,Monitor
45008C,792.0699999999999,0.0,792.0699999999999,408.56750000000005,118.81049999999999,63.3656,201.32639999999995,83,0,0.25417753481384214,0.0,DECORATIVE NET CANOPY CREAM,8.95,4.9225,Monitor
84578,858.66,0.0,858.66,459.9375,128.799,68.69279999999999,201.23069999999998,223,0,0.2343543428132206,0.0,ELEPHANT TOY WITH BLUE T-SHIRT,3.75,2.0625,Monitor
84033,737.03,21.45,715.58,344.84999999999997,110.5545,58.9624,201.2131,393,13,0.2811888258475642,0.03307888040712468,FLAG OF ST GEORGE,1.65,0.9075,Monitor
21131,1098.86,0.0,1098.86,645.1500000000001,164.829,87.9088,200.97219999999987,276,0,0.18289154214367606,0.0,GOLD STANDING GNOME,4.25,2.3375000000000004,Monitor
84519A,2791.4,0.0,2791.4,1948.6225000000002,418.71,223.312,200.75549999999976,1201,0,0.07191928781256708,0.0,TOMATO CHARLIE+LOLA COASTER SET,2.95,1.6225000000000003,Review margin
22143,947.0800000000002,25.200000000000003,921.8800000000001,503.5800000000001,142.062,75.76640000000002,200.47159999999994,448,12,0.21745953920249914,0.026785714285714284,CHRISTMAS CRAFT HEART DECORATIONS,2.1,1.1550000000000002,Monitor
85215,651.69,0.0,651.69,301.37250000000006,97.7535,52.135200000000005,200.4288,843,0,0.3075523638539796,0.0,ASSORTED CHEESE FRIDGE MAGNETS,0.65,0.35750000000000004,Monitor
85169A,1389.57,15.0,1374.57,854.5625,208.4355,111.1656,200.4064,1255,12,0.1457957033836036,0.009561752988047808,IVORY LOVE BIRD CANDLE,1.25,0.6875,Monitor
23514,977.39,12.48,964.9100000000001,539.9680000000001,146.6085,78.19120000000001,200.14229999999995,478,6,0.20742069208527214,0.012552301255230125,EMBROIDERED RIBBON REEL SALLY,2.08,1.1440000000000001,Monitor
84989A,1095.07,2.0700000000000003,1093.0,640.9975000000001,164.26049999999998,87.60560000000001,200.13639999999992,2123,4,0.1831074107959743,0.0018841262364578427,75 GREEN FAIRY CAKE CASES,0.55,0.30250000000000005,Monitor
20998,942.2600000000001,0.0,942.2600000000001,525.69,141.339,75.38080000000001,199.8502,324,0,0.21209666121877185,0.0,ROSE DU SUD OVEN GLOVE,2.95,1.6225000000000003,Monitor
90147,957.3499999999999,39.8,917.55,497.9975,143.6025,76.588,199.36199999999997,95,4,0.21727644270067023,0.042105263157894736,CHUNKY SILVER NECKLACE PASTEL FLOWE,9.95,5.4725,Monitor
23502,896.41,0.0,896.41,490.875,134.4615,71.7128,199.3607,714,0,0.22239901384411154,0.0,PLAYING CARDS VINTAGE DOILY,1.25,0.6875,Monitor
22707,905.94,0.0,905.94,498.26700000000005,135.891,72.4752,199.30679999999995,2157,0,0.21999999999999995,0.0,WRAP MONSTER FUN,0.42,0.231,Monitor
84664,955.35,24.75,930.6,511.83000000000004,143.3025,76.42800000000001,199.0395,193,5,0.21388297872340425,0.025906735751295335,CHERRY BLOSSOM BATHROOM CABINET,4.95,2.7225,Monitor
23004,906.9399999999999,77.28,829.66,422.03700000000003,136.041,72.5552,199.02679999999998,2011,184,0.2398895933273871,0.09149676777722526,TRAVEL CARD WALLET PANTRY,0.42,0.231,Monitor
21323,2523.89,12.75,2511.14,1732.0875000000003,378.5835,201.9112,198.55779999999973,744,3,0.079070780601639,0.004032258064516129,HANGING MEDINA LANTERN LARGE,4.25,2.3375000000000004,Review margin
21248,1309.7,33.160000000000004,1276.54,776.765,196.45499999999998,104.776,198.54399999999995,1050,76,0.15553292493772225,0.07238095238095238,DOOR HANGER  MUM + DADS ROOM,1.45,0.7975,Monitor
21734,533.24,22.5,510.74,189.75,79.986,42.6592,198.34480000000002,98,6,0.38834788737909703,0.061224489795918366,SMALL MARAKESH LANTERN ON STICK,3.75,2.0625,Monitor
20622,1135.99,0.0,1135.99,676.8300000000002,170.39849999999998,90.87920000000001,197.88229999999987,586,0,0.17419369888819433,0.0,VIP PASSPORT COVER,2.1,1.1550000000000002,Monitor
84761,776.5,20.4,756.0999999999999,380.07750000000004,116.475,62.12,197.42749999999998,279,8,0.2611129480227483,0.02867383512544803,IVORY HANGING BIRD PLANTER,2.55,1.4025,Monitor
23524,1557.63,22.5,1535.13,979.6875,233.6445,124.61040000000001,197.1876000000001,481,6,0.12845009868871046,0.012474012474012475,WALL ART HORSE & PONY,3.75,2.0625,Monitor
84760L,896.0,0.0,896.0,492.80000000000007,134.4,71.68,197.11999999999995,560,0,0.21999999999999995,0.0,LARGE HANGING GLASS+ZINC LANTERN,1.6,0.8800000000000001,Monitor
20767,1754.36,17.849999999999998,1736.51,1136.025,263.154,140.3488,196.9821999999999,817,7,0.1134356842171942,0.008567931456548347,BLUE PAISLEY JOURNAL,2.55,1.4025,Monitor
21070,2099.71,33.32,2066.39,1386.6875,314.9565,167.9768,196.7692,2047,30,0.09522365090810544,0.014655593551538837,VINTAGE BILLBOARD MUG,1.25,0.6875,Review margin
84666,892.7,0.0,892.7,490.98500000000007,133.905,71.41600000000001,196.394,226,0,0.22,0.0,SQUARE CHERRY BLOSSOM CABINET,3.95,2.1725000000000003,Monitor
82095,616.21,0.0,616.21,278.25600000000003,92.4315,49.2968,196.22570000000002,102,0,0.3184396553123124,0.0,HEART BUTTONS JEWELLERY BOX,4.96,2.728,Monitor
21760,1740.0,250.0,1490.0,893.75,261.0,139.2,196.05,15,2,0.1315771812080537,0.13333333333333333,FRENCH STYLE WALL DRESSER,125.0,68.75,Monitor
23178,943.9200000000001,14.450000000000001,929.47,516.5875000000001,141.588,75.5136,195.78089999999997,330,5,0.21063713729329614,0.015151515151515152,JAM CLOCK MAGNET,2.89,1.5895000000000001,Monitor
72814,979.1700000000001,7.5,971.6700000000001,550.6875,146.87550000000002,78.3336,195.7734,269,2,0.20148136713081602,0.007434944237918215,SET OF 3 CHRISTMAS BRIAR CANDLES,3.75,2.0625,Monitor
21348,2039.69,54.25000000000001,1985.44,1320.7150000000001,305.9535,163.17520000000002,195.59629999999987,845,31,0.09851534168748483,0.036686390532544376,PINK SPOTS CHOCOLATE NESTING BOXES,2.95,1.6225000000000003,Review margin
22709,1099.58,10.5,1089.08,640.7940000000001,164.93699999999998,87.9664,195.38259999999997,2799,25,0.17940151320380504,0.008931761343336906,WRAP WEDDING DAY,0.42,0.231,Monitor
21012,4300.0,10.5,4289.5,3105.1349999999998,645.0,344.0,195.3650000000001,2300,5,0.04554493530714538,0.002173913043478261,ANTIQUE ALL GLASS CANDLESTICK,2.46,1.353,Review margin
22547,850.6,0.84,849.76,458.997,127.59,68.048,195.12499999999997,1989,2,0.2296236584447373,0.001005530417295123,MINI JIGSAW DINOSAUR,0.42,0.231,Monitor
84030e,979.4000000000001,0.0,979.4000000000001,559.0200000000001,146.91,78.352,195.1179999999999,120,0,0.19922197263630784,0.0,ENGLISH ROSE HOT WATER BOTTLE,8.47,4.658500000000001,Monitor
22529,984.87,0.0,984.87,563.409,147.7305,78.78960000000001,194.94089999999997,2439,0,0.19793566663620576,0.0,MAGIC DRAWING SLATE GO TO THE FAIR,0.42,0.231,Monitor
84926E,482.28,0.0,482.28,176.726,72.342,38.5824,194.62959999999998,1108,0,0.4035614166044621,0.0,FLOWERS TILE COASTER,0.29,0.1595,Monitor
85187,818.1299999999999,0.0,818.1299999999999,435.6,122.71949999999998,65.4504,194.36009999999996,480,0,0.2375662791976825,0.0,S/12 MINI RABBIT EASTER,1.65,0.9075,Monitor
21222,812.15,0.0,812.15,431.0625,121.8225,64.972,194.29299999999998,627,0,0.23923290032629438,0.0,SET/4 BADGES BEETLES,1.25,0.6875,Monitor
47367B,834.95,3.75,831.2,445.36800000000005,125.2425,66.796,193.7935,242,1,0.23314906159769005,0.004132231404958678,PAIR PADDED HANGERS PINK CHECK,3.36,1.848,Monitor
21185,876.29,44.449999999999996,831.8399999999999,436.56250000000006,131.44349999999997,70.10319999999999,193.73079999999987,132,7,0.23289430659742244,0.05303030303030303,HOME SWEET HOME  BLACKBOARD,6.35,3.4925,Monitor
46000P,905.25,12.75,892.5,490.87500000000006,135.7875,72.42,193.41749999999993,213,3,0.21671428571428564,0.014084507042253521,POLYESTER FILLER PAD 65CMx65CM,4.25,2.3375000000000004,Monitor
23121,1002.54,0.0,1002.54,578.8860000000001,150.381,80.2032,193.06979999999993,2506,0,0.19258064516129025,0.0,PACK OF 6 COCKTAIL PARASOL STRAWS,0.42,0.231,Monitor
23002,925.29,53.76,871.53,465.927,138.7935,74.0232,192.78629999999998,2145,128,0.22120443358232073,0.059673659673659674,TRAVEL CARD WALLET SKULLS,0.42,0.231,Monitor
84974,909.4,9.95,899.4499999999999,497.9975,136.41,72.752,192.29049999999998,92,1,0.21378675857468452,0.010869565217391304,S/2 ZINC HEART DESIGN PLANTERS,9.95,5.4725,Monitor
85186A,716.11,5.04,711.07,354.12300000000005,107.4165,57.2888,192.24169999999998,1545,12,0.27035552055353196,0.007766990291262136,EASTER BUNNY GARLAND OF FLOWERS,0.42,0.231,Monitor
84676,2102.46,132.55,1969.91,1296.3775000000003,315.369,168.1968,189.96669999999992,848,49,0.0964342025777827,0.05778301886792453,BATH DUCK WATERING CAN,2.95,1.6225000000000003,Review margin
72349b,848.41,0.0,848.41,463.386,127.2615,67.8728,189.88969999999998,204,0,0.22381831897313798,0.0,SET/6 PURPLE BUTTERFLY T-LIGHTS,4.13,2.2715,Monitor
22700,3161.3,31.300000000000004,3130.0,2213.09,474.195,252.90400000000002,189.81099999999986,1386,22,0.06064249201277951,0.015873015873015872,BLACK AND WHITE DOG BOWL,2.95,1.6225000000000003,Review margin
20617,992.99,0.0,992.99,575.1900000000002,148.9485,79.4392,189.4122999999999,498,0,0.1907494536702282,0.0,FIRST CLASS PASSPORT COVER,2.1,1.1550000000000002,Monitor
85226A,934.72,24.750000000000004,909.97,505.7800000000001,140.208,74.7776,189.20439999999996,1717,45,0.20792377770695733,0.026208503203261502,WHITE/BLUE PULL BACK RACING CAR,0.55,0.30250000000000005,Monitor
35647,748.24,0.0,748.24,387.0625,112.23599999999999,59.8592,189.08229999999998,563,0,0.2527027424355821,0.0,VINTAGE BEAD PINK SHADE,1.25,0.6875,Monitor
23124,751.38,0.0,751.38,389.8125,112.707,60.110400000000006,188.7501,567,0,0.25120458356623815,0.0,18PC WOODEN CUTLERY SET DISPOSABLE,1.25,0.6875,Monitor
47592A,637.37,0.0,637.37,302.203,95.60549999999999,50.9896,188.5719,331,0,0.29585939093462194,0.0,CAROUSEL CHILDRENS OVERALL,1.66,0.913,Monitor
23435,734.7900000000001,0.0,734.7900000000001,377.5255,110.21849999999999,58.7832,188.26279999999997,827,0,0.25621306767920077,0.0,3 RAFFIA RIBBONS VINTAGE CHRISTMAS,0.83,0.4565,Monitor
21723,772.53,0.0,772.53,406.725,115.8795,61.8024,188.12309999999997,870,0,0.24351559162750958,0.0,ALPHABET HEARTS STICKER SHEET,0.85,0.4675,Monitor
82011C,595.1800000000001,0.0,595.1800000000001,270.1875,89.277,47.6144,188.1011,131,0,0.31604069357169257,0.0,BATHROOM SCALES FOOTPRINTS IN SAND,3.75,2.0625,Monitor
84849A,835.26,38.87,796.39,416.416,125.289,66.8208,187.8642,471,23,0.2358947249463203,0.04883227176220807,HELLO SAILOR BLUE SOAP HOLDER,1.69,0.9295,Monitor
23099,925.35,53.2,872.1500000000001,471.8175000000001,138.8025,74.028,187.50199999999995,137,8,0.21498824743450087,0.058394160583941604,FRENCH CARRIAGE LANTERN,6.65,3.6575000000000006,Monitor
90161C,843.9100000000001,0.0,843.9100000000001,462.8910000000001,126.5865,67.5128,186.91969999999998,169,0,0.22149245772653478,0.0,ANT COPPER LIME BOUDICCA BRACELET,4.98,2.7390000000000003,Monitor
84509a,844.74,0.0,844.74,463.63900000000007,126.711,67.5792,186.81079999999994,113,0,0.22114591471932185,0.0,SET OF 4 ENGLISH ROSE PLACEMATS,7.46,4.103000000000001,Monitor
22532,1101.1000000000001,0.0,1101.1000000000001,661.1220000000001,165.165,88.08800000000001,186.72499999999997,2862,0,0.16958041958041953,0.0,MAGIC DRAWING SLATE LEAP FROG,0.42,0.231,Monitor
23281,1000.82,0.0,1000.82,584.3199999999999,150.123,80.0656,186.3114,1280,0,0.18615874982514335,0.0,FOLDING BUTTERFLY MIRROR RED,0.83,0.4565,Monitor
84932D,574.71,0.0,574.71,256.3275,86.20649999999999,45.9768,186.19920000000002,239,0,0.3239880983452524,0.0,SMALL ORIENTAL RED FOLDING STOOL,1.95,1.0725,Monitor
21455,797.27,14.45,782.8199999999999,413.27000000000004,119.59049999999999,63.7816,186.17789999999994,901,17,0.23782976929562347,0.018867924528301886,PAINTED YELLOW WOODEN DAISY,0.85,0.4675,Monitor
21263,666.09,3.9,662.19,322.8225,99.9135,53.2872,186.16679999999997,303,2,0.2811380419517056,0.006600660066006601,GREEN GOOSE FEATHER TREE 60CM,1.95,1.0725,Monitor
82613A,718.72,2.5,716.22,365.0625,107.80799999999999,57.4976,185.8519,533,2,0.2594899611851107,0.00375234521575985,"METAL SIGN,CUPCAKE SINGLE HOOK",1.25,0.6875,Monitor
23479,880.23,0.0,880.23,492.195,132.0345,70.4184,185.58209999999997,114,0,0.2108336457516785,0.0,WIRE EGG BASKET,7.85,4.3175,Monitor
85179B,1061.25,0.0,1061.25,631.7025000000001,159.1875,84.9,185.4599999999999,247,0,0.17475618374558294,0.0,WHITE BITTY LIGHT CHAIN,4.65,2.5575000000000006,Monitor
21417,1026.0,52.50000000000001,973.5,552.0900000000001,153.9,82.08000000000001,185.4299999999999,503,25,0.19047765793528496,0.04970178926441352,COCKLE SHELL DISH,2.1,1.1550000000000002,Monitor
16048,537.18,0.0,537.18,228.49200000000002,80.577,42.9744,185.1366,3462,0,0.34464537026694964,0.0,TEATIME ROUND PENCIL SHARPENER,0.12,0.066,Monitor
22210,1901.7299999999998,24.749999999999996,1876.9799999999998,1255.265,285.25949999999995,152.1384,184.3170999999999,1589,15,0.09819875544758064,0.009439899307740718,WOOD STAMP SET BEST WISHES,1.45,0.7975,Review margin
90200C,874.63,17.0,857.63,472.17500000000007,131.1945,69.9704,184.29009999999994,206,4,0.21488299149983087,0.019417475728155338,BLUE SWEETHEART BRACELET,4.25,2.3375000000000004,Monitor
20655,609.73,0.0,609.73,285.3125,91.45949999999999,48.7784,184.1796,415,0,0.30206747248782245,0.0,QUEEN OF SKIES LUGGAGE TAG,1.25,0.6875,Monitor
46776F,1675.73,0.0,1675.73,1106.2205,251.3595,134.0584,184.09159999999997,487,0,0.10985755461798737,0.0,WOVEN ROSE GARDEN CUSHION COVER,4.13,2.2715,Monitor
22058,807.64,11.92,795.72,426.14,121.146,64.6112,183.82279999999997,528,8,0.23101442718544207,0.015151515151515152,CERAMIC LOVE HEARTS DESIGN MUG,1.49,0.8195,Monitor
85188A,825.8199999999999,22.95,802.87,429.165,123.87299999999999,66.0656,183.76639999999995,945,27,0.2288868683597593,0.02857142857142857,GREEN METAL SWINGING BUNNY,0.85,0.4675,Monitor
85131D,1093.96,0.0,1093.96,659.186,164.094,87.5168,183.16319999999996,1444,0,0.16743135032359496,0.0,BEADED CRYSTAL HEART PINK ON STICK,0.83,0.4565,Monitor
84932A,602.6,0.0,602.6,280.995,90.38999999999999,48.208,183.007,262,0,0.30369565217391303,0.0,SMALL GREEN PEONY FOLDING STOOL,1.95,1.0725,Monitor
84358,1097.48,0.0,1097.48,662.1725,164.62199999999999,87.7984,182.88709999999998,121,0,0.16664276342165685,0.0,FLOOR LAMP SHADE WOOD BASE,9.95,5.4725,Monitor
23115,785.1700000000001,0.0,785.1700000000001,421.9875,117.7755,62.81360000000001,182.5934,155,0,0.2325526955945846,0.0,RED APPLES CHOPPING BOARD,4.95,2.7225,Monitor
20913,898.7199999999999,0.0,898.7199999999999,509.46500000000003,134.808,71.8976,182.5493999999999,314,0,0.203121550649813,0.0,SET/5 BLUE SPOTTY LID GLASS BOWLS,2.95,1.6225000000000003,Monitor
85189,971.3499999999999,30.599999999999998,940.75,534.82,145.7025,77.708,182.51949999999994,1180,36,0.19401488174328987,0.030508474576271188,HANGING BUTTERFLY  EGG,0.85,0.4675,Monitor
21062,876.7199999999999,0.0,876.7199999999999,492.745,131.50799999999998,70.13759999999999,182.32939999999994,1054,0,0.20796765215804355,0.0,PARTY INVITES SPACEMAN,0.85,0.4675,Monitor
79030A,438.25,0.0,438.25,155.1825,65.7375,35.06,182.26999999999998,171,0,0.4159041642897889,0.0,"TUMBLER, ENGLISH ROSE",1.65,0.9075,Monitor
85096,680.67,3.75,676.92,338.25,102.1005,54.4536,182.1159,165,1,0.26903607516397804,0.006060606060606061,HILDA CANDY SPOT RABBIT,3.75,2.0625,Monitor
22208,3046.8799999999997,31.409999999999997,3015.47,2132.625,457.0319999999999,243.75039999999998,182.06259999999975,2375,25,0.060376193429216594,0.010526315789473684,WOOD STAMP SET THANK YOU,1.65,0.9075,Review margin
90058B,547.24,13.68,533.5600000000001,226.13800000000003,82.086,43.7792,181.55679999999998,1118,36,0.34027438338706045,0.03220035778175313,CRYSTAL STUD EARRINGS ASSORTED COL,0.38,0.20900000000000002,Monitor
84620,758.51,0.0,758.51,402.51750000000004,113.7765,60.680800000000005,181.53519999999997,123,0,0.23933132061541704,0.0,BLUE GINGHAM ROSE CUSHION COVER,5.95,3.2725000000000004,Monitor
21221,722.16,0.0,722.16,374.6875,108.324,57.7728,181.3757,545,0,0.2511572227761161,0.0,SET/4 BADGES CUTE CREATURES,1.25,0.6875,Monitor
23070,709.5400000000001,0.0,709.5400000000001,365.20000000000005,106.43100000000001,56.7632,181.1458,160,0,0.25530033542858754,0.0,EDWARDIAN HEART PHOTO FRAME,4.15,2.2825,Monitor
85027L,538.5,66.3,472.2,167.31,80.77499999999999,43.08,181.035,190,34,0.38338627700127065,0.17894736842105263,FRENCH CHATEAU LARGE PLATTER,1.95,1.0725,Monitor
21382,1681.16,6.0,1675.16,1108.0739999999998,252.174,134.49280000000002,180.4192000000002,1244,8,0.10770266720790861,0.006430868167202572,SET/4 SPRING FLOWER DECORATION,1.63,0.8965,Monitor
84824,676.4499999999999,15.95,660.5,324.58250000000004,101.46749999999999,54.116,180.33399999999995,38,1,0.2730264950794852,0.02631578947368421,DANISH ROSE UMBRELLA STAND,15.95,8.7725,Monitor
23025,760.8000000000001,12.48,748.32,393.53600000000006,114.11999999999999,60.864000000000004,179.79999999999998,350,6,0.24027154158648703,0.017142857142857144,DRAWER KNOB VINTAGE GLASS BALL,2.08,1.1440000000000001,Monitor
21454,809.3,10.2,799.0999999999999,433.3725,121.39499999999998,64.744,179.58849999999993,939,12,0.22473845576273302,0.012779552715654952,PAINTED PINK RABBIT,0.85,0.4675,Monitor
23222,718.53,19.919999999999998,698.61,353.78749999999997,107.77949999999998,57.4824,179.56059999999997,799,24,0.2570255221081862,0.030037546933667083,CHRISTMAS TREE HANGING GOLD,0.83,0.4565,Monitor
23512,977.3199999999999,0.0,977.3199999999999,573.1440000000001,146.59799999999998,78.18560000000001,179.39239999999995,501,0,0.18355543731838084,0.0,EMBROIDERED RIBBON REEL ROSIE,2.08,1.1440000000000001,Monitor
35911A,468.79,0.0,468.79,181.85750000000002,70.3185,37.5032,179.11079999999998,389,0,0.382070436656072,0.0,MULTICOLOUR RABBIT EGG WARMER,0.85,0.4675,Monitor
72750A,766.85,3.9,762.95,408.6225,115.0275,61.348,177.95200000000003,383,2,0.2332420211023003,0.005221932114882507,FLOWER FAIRY SET OF 3 LILY CANDLES,1.95,1.0725,Monitor
35967,488.51,0.38,488.13,197.98625000000004,73.2765,39.0808,177.78644999999997,936,1,0.36421947022309625,0.0010683760683760685,FOLK ART METAL STAR T-LIGHT HOLDER,0.385,0.21175000000000002,Monitor
17107D,818.55,5.1,813.4499999999999,447.39750000000004,122.7825,65.484,177.78599999999992,321,2,0.21855799373040743,0.006230529595015576,FLOWER FAIRY 5 DRAWER LINERS,2.55,1.4025,Monitor
84708B,732.7900000000001,0.0,732.7900000000001,386.595,109.91850000000001,58.623200000000004,177.6533,142,0,0.24243412164467307,0.0,PINK JEWELLED PHOTO FRAME,4.95,2.7225,Monitor
21665,638.8000000000001,0.0,638.8000000000001,314.24250000000006,95.82000000000001,51.104000000000006,177.63349999999997,879,0,0.27807373199749524,0.0,TRIANGULAR RIDGED GLASS POSY HOLDER,0.65,0.35750000000000004,Monitor
82613D,1284.36,8.4,1275.96,803.0,192.654,102.7488,177.55719999999997,1188,20,0.1391557729082416,0.016835016835016835,METAL SIGN CUPCAKE SINGLE HOOK,1.25,0.6875,Monitor
85205B,669.38,0.0,669.38,338.00250000000005,100.407,53.550399999999996,177.42009999999993,241,0,0.26505139083928403,0.0,PINK FELT EASTER RABBIT GARLAND,2.55,1.4025,Monitor
72755C,767.0,13.75,753.25,399.4375,115.05,61.36,177.4025,592,11,0.23551609691337538,0.018581081081081082,FLOWER FAIRY OIL BURNER SET ROSE,1.25,0.6875,Monitor
84970s,784.04,0.0,784.04,426.71200000000005,117.606,62.7232,176.99879999999996,373,0,0.22575225753788067,0.0,HANGING HEART ZINC T-LIGHT HOLDER,2.08,1.1440000000000001,Monitor
21026,721.73,0.0,721.73,380.1875,108.2595,57.7384,175.5446,553,0,0.243227522757818,0.0,SPACE OWL,1.25,0.6875,Monitor
22290,1260.8200000000002,2.1,1258.72,793.4850000000001,189.12300000000002,100.86560000000001,175.24639999999988,688,1,0.13922588025931096,0.0014534883720930232,STANDING METAL RABBIT WITH EGG,2.1,1.1550000000000002,Monitor
16011,809.4,5.04,804.36,443.05800000000005,121.41,64.752,175.13999999999996,3860,24,0.2177383261226316,0.0062176165803108805,ANIMAL STICKERS,0.21,0.1155,Monitor
85186C,658.19,18.48,639.71,313.23600000000005,98.7285,52.6552,175.09029999999998,1400,44,0.273702615247534,0.03142857142857143,BUNNY EGG GARLAND,0.42,0.231,Monitor
21438,1248.5700000000002,15.0,1233.5700000000002,771.375,187.28549999999998,99.8856,175.02390000000005,378,4,0.1418840438726623,0.010582010582010581,TUB 24 HANGING EASTER EGGS SPOTTY,3.75,2.0625,Monitor
85203,666.75,0.0,666.75,338.415,100.0125,53.34,174.9825,1465,0,0.26244094488188974,0.0,HANGING WOOD AND FELT BUTTERFLY,0.42,0.231,Monitor
84715,734.8900000000001,0.0,734.8900000000001,391.0225000000001,110.2335,58.7912,174.84279999999998,241,0,0.23791696716515393,0.0,SET OF 6 ICE CREAM SKITTLES,2.95,1.6225000000000003,Monitor
85185D,642.01,0.0,642.01,319.63250000000005,96.3015,51.360800000000005,174.71519999999998,197,0,0.2721378171679569,0.0,FROG SOCK PUPPET,2.95,1.6225000000000003,Monitor
20932,1147.72,55.75,1091.97,653.8125,172.15800000000002,91.8176,174.18190000000004,334,17,0.15951161661950422,0.05089820359281437,PINK POT PLANT CANDLE,3.75,2.0625,Monitor
22137,1508.28,8.850000000000001,1499.43,978.3675000000001,226.242,120.6624,174.15809999999993,606,3,0.11614953682399307,0.0049504950495049506,BATHROOM SET LOVE HEART DESIGN,2.95,1.6225000000000003,Monitor
23518,983.3000000000001,17.34,965.96,565.8620000000001,147.495,78.664,173.939,362,6,0.18006853285850344,0.016574585635359115,EMBROIDERED RIBBON REEL RACHEL,2.89,1.5895000000000001,Monitor
21133,736.57,0.0,736.57,394.108,110.4855,58.9256,173.0509,424,0,0.23494155341651168,0.0,PAINTED BIRD ASSORTED CHRISTMAS,1.69,0.9295,Monitor
90175A,964.4499999999999,71.6,892.8499999999999,498.2175000000001,144.6675,77.156,172.8089999999999,107,8,0.19354762838102696,0.07476635514018691,WHITE GLASS CHUNKY CHARM BRACELET,9.15,5.032500000000001,Monitor
23568,787.52,1.25,786.27,432.4375,118.128,63.001599999999996,172.70289999999997,630,1,0.21964833962888064,0.0015873015873015873,EGG CUP HENRIETTA HEN CREAM,1.25,0.6875,Monitor
40003,1257.02,17.099999999999998,1239.9199999999998,778.25,188.553,100.5616,172.55539999999993,1150,18,0.13916655913284726,0.01565217391304348,WHITE BAMBOO RIBS LAMPSHADE,1.25,0.6875,Monitor
21905,2143.17,4.2,2138.9700000000003,1473.582,321.4755,171.45360000000002,172.45890000000003,1616,2,0.08062707751861878,0.0012376237623762376,MORE BUTTER METAL SIGN,1.66,0.913,Review margin
85049H,2068.43,0.0,2068.43,1421.0625,310.2645,165.4744,171.62859999999998,2067,0,0.08297530010684431,0.0,URBAN BLACK RIBBONS,1.25,0.6875,Review margin
23528,1504.49,0.0,1504.49,987.9375,225.67350000000002,120.3592,170.51980000000003,479,0,0.11334060046926203,0.0,WALL ART SPACEBOY,3.75,2.0625,Monitor
35922,575.99,19.8,556.19,253.19250000000002,86.3985,46.0792,170.51979999999998,97,4,0.3065855193369172,0.041237113402061855,EASTER BUNNY WREATH,4.95,2.7225,Monitor
23017,826.28,12.5,813.78,453.75000000000006,123.94200000000001,66.1024,169.98559999999998,67,1,0.2088839735555064,0.014925373134328358,APOTHECARY MEASURING JAR,12.5,6.875000000000001,Monitor
22785,2207.11,0.0,2207.11,1529.5500000000002,331.0665,176.5688,169.9246999999998,412,0,0.07698968334156421,0.0,SQUARECUSHION COVER PINK UNION JACK,6.75,3.7125000000000004,Review margin
85168B,662.12,0.0,662.12,340.0705000000001,99.318,52.9696,169.7618999999999,73,0,0.25639143961819594,0.0,BLACK BAROQUE CARRIAGE CLOCK,8.47,4.658500000000001,Monitor
21990,4540.99,15.0,4525.99,3312.1440000000002,681.1485,363.2792,169.41829999999993,2460,12,0.0374323186750302,0.004878048780487805,MODERN FLORAL STATIONERY SET,2.46,1.353,Review margin
84029C,766.19,0.0,766.19,420.75,114.9285,61.2952,169.21630000000002,204,0,0.22085422675837588,0.0,BROWN FURRY HOT WATER BOTTLE,3.75,2.0625,Monitor
21427,999.0600000000001,33.6,965.46,567.1050000000001,149.859,79.9248,168.5711999999999,507,16,0.1746019514014044,0.03155818540433925,SKULLS STORAGE BOX SMALL,2.1,1.1550000000000002,Monitor
22124,754.88,0.0,754.88,412.76950000000005,113.232,60.3904,168.4881,299,0,0.22319852161933024,0.0,SET OF 2 TEA TOWELS PING MICROWAVE,2.51,1.3805,Monitor
85039B,2178.52,19.799999999999997,2158.72,1489.2075,326.77799999999996,174.2816,168.45289999999986,1653,12,0.07803369589386297,0.007259528130671506,S/4 IVORY MINI ROSE CANDLE IN BOWL,1.65,0.9075,Review margin
35972,611.38,0.0,611.38,302.5,91.707,48.910399999999996,168.2626,440,0,0.2752177042101475,0.0,DAISY FOLKART HEART DECORATION,1.25,0.6875,Monitor
23454,753.95,8.3,745.6500000000001,404.00250000000005,113.09250000000002,60.316,168.239,179,2,0.22562730503587472,0.0111731843575419,THREE MINI HANGING FRAMES,4.15,2.2825,Monitor
23428,675.91,16.3,659.61,336.18750000000006,101.3865,54.0728,167.96319999999994,77,2,0.2546401661587907,0.025974025974025976,IVORY RETRO KITCHEN WALL CLOCK,8.15,4.482500000000001,Monitor
22164,883.2200000000001,2.95,880.2700000000001,509.46500000000003,132.483,70.6576,167.6644,315,1,0.1904692878321424,0.0031746031746031746,STRING OF STARS CARD HOLDER,2.95,1.6225000000000003,Monitor
72753A,690.24,0.0,690.24,363.8250000000001,103.536,55.2192,167.65979999999993,315,0,0.24290073018080657,0.0,S/3 FLWR FAIRY LILLY CANDLES,2.1,1.1550000000000002,Monitor
22108,978.74,15.0,963.74,571.032,146.811,78.2992,167.59779999999998,313,4,0.17390354244920828,0.012779552715654952,PING! MICROWAVE PLATE,3.36,1.848,Monitor
72755D,693.25,0.0,693.25,366.4375,103.9875,55.46,167.365,533,0,0.24142084385142445,0.0,FLOWER FAIRY OIL BURNER SET SUMMER,1.25,0.6875,Monitor
22054,658.31,23.099999999999998,635.2099999999999,316.7175,98.7465,52.6648,167.0812,363,14,0.26303301270445995,0.03856749311294766,MINI CAKE STAND HANGING HEARTS,1.65,0.9075,Monitor
23006,765.27,32.76,732.51,389.466,114.7905,61.2216,167.03189999999998,1764,78,0.22802678461727482,0.04421768707482993,TRAVEL CARD WALLET FLOWER MEADOW,0.42,0.231,Monitor
23335,792.86,24.96,767.9000000000001,418.70400000000006,118.929,63.4288,166.83819999999997,378,12,0.2172655293658028,0.031746031746031744,EGG FRYING PAN IVORY,2.08,1.1440000000000001,Monitor
23565,586.31,6.25,580.06,278.4375,87.9465,46.9048,166.7712,410,5,0.28750680964038206,0.012195121951219513,EGG CUP MILKMAID HELGA,1.25,0.6875,Monitor
22820,845.1300000000001,1.3,843.83,482.9825000000001,126.76950000000001,67.61040000000001,166.46759999999998,1353,2,0.19727622862424893,0.0014781966001478197,GIFT BAG BIRTHDAY,0.65,0.35750000000000004,Monitor
21247,666.2199999999999,0.0,666.2199999999999,346.6485,99.93299999999999,53.297599999999996,166.34089999999998,423,0,0.2496786346852391,0.0,SET OF RED SALAD SERVERS,1.49,0.8195,Monitor
47594B,812.29,44.85,767.4399999999999,415.0575,121.84349999999999,64.9832,165.55579999999995,410,23,0.21572474721150833,0.05609756097560976,SCOTTIES DESIGN WASHBAG,1.95,1.0725,Monitor
21265,705.59,55.0,650.59,322.8225,105.8385,56.4472,165.48179999999996,321,20,0.25435650717041447,0.06230529595015576,PINK GOOSE FEATHER TREE 60CM,1.95,1.0725,Monitor
16033,1544.52,57.599999999999994,1486.9199999999998,966.306,231.67799999999997,123.5616,165.37439999999987,15121,480,0.1112194334597691,0.031743932279611135,MINI HIGHLIGHTER PENS,0.12,0.066,Monitor
84924A,571.0,0.0,571.0,274.3125,85.65,45.68,165.35750000000002,133,0,0.28959281961471106,0.0,WAKE UP COCKEREL CALENDAR SIGN,3.75,2.0625,Monitor
23377,593.62,3.12,590.5,288.71700000000004,89.04299999999999,47.4896,165.25039999999993,1354,8,0.2798482641828957,0.005908419497784343,PACK OF 12 DOLLY GIRL TISSUES,0.39,0.21450000000000002,Monitor
90161B,744.0600000000001,0.0,744.0600000000001,408.11100000000005,111.609,59.524800000000006,164.81519999999998,149,0,0.22150794290782996,0.0,ANT COPPER TURQ BOUDICCA BRACELET,4.98,2.7390000000000003,Monitor
85163B,1268.6599999999999,12.75,1255.9099999999999,799.4250000000001,190.29899999999998,101.4928,164.69319999999996,115,1,0.13113455582008263,0.008695652173913044,BLACK BAROQUE WALL CLOCK,12.75,7.0125,Monitor
20696,617.9399999999999,0.0,617.9399999999999,311.4375,92.691,49.4352,164.3763,151,0,0.2660068938731916,0.0,FLORAL SOFT CAR TOY,3.75,2.0625,Monitor
20831,940.5600000000001,12.600000000000001,927.96,547.4700000000001,141.084,75.24480000000001,164.16119999999992,480,6,0.1769054700633647,0.0125,GOLD PHOTO FRAME,2.1,1.1550000000000002,Monitor
20989,782.18,3.9,778.28,434.3625,117.327,62.574400000000004,164.0161,407,2,0.21074176388960272,0.004914004914004914,URBAN CHIC CHOPSTICKS SET/5,1.95,1.0725,Monitor
84932C,615.4,8.5,606.9,301.3725,92.30999999999999,49.232,163.98549999999997,282,1,0.27020184544405995,0.0035460992907801418,SMALL ORIENTAL BLUE FOLDING STOOL,1.95,1.0725,Monitor
21993,5233.2300000000005,15.0,5218.2300000000005,3850.638,784.9845,418.6584,163.94909999999996,2858,12,0.031418526971789276,0.004198740377886634,FLORAL FOLK STATIONERY SET,2.46,1.353,Review margin
85196,831.0400000000001,6.6000000000000005,824.44,469.4800000000001,124.65599999999999,66.4832,163.82079999999993,1564,12,0.19870554558245587,0.0076726342710997444,EASTER BUNNIES ON A STICK,0.55,0.30250000000000005,Monitor
85086A,568.73,0.0,568.73,274.4225,85.30949999999999,45.4984,163.49959999999996,587,0,0.28748193343062606,0.0,CANDY SPOT HEART DECORATION,0.85,0.4675,Monitor
22981,705.5799999999999,8.7,696.88,371.635,105.837,56.4464,162.96159999999998,472,6,0.23384456434393291,0.012711864406779662,PANTRY APPLE CORER,1.45,0.7975,Monitor
21117,509.58,0.0,509.58,229.625,76.437,40.7664,162.7516,334,0,0.3193838062718317,0.0,BLOND DOLL DOORSTOP,1.25,0.6875,Monitor
90200B,779.7,17.0,762.7,420.75000000000006,116.955,62.376000000000005,162.61899999999994,184,4,0.21321489445391364,0.021739130434782608,BLACK SWEETHEART BRACELET,4.25,2.3375000000000004,Monitor
84712B,767.1600000000001,0.0,767.1600000000001,428.50500000000005,115.074,61.372800000000005,162.20819999999998,98,0,0.21143985609260124,0.0,PINK JEWELLED PHOTO FRAME,7.95,4.3725000000000005,Monitor
23409,801.6800000000001,26.25,775.4300000000001,429.0,120.252,64.1344,162.0436,215,7,0.20897257005790335,0.03255813953488372,PHOTO FRAME LINEN AND LACE LARGE,3.75,2.0625,Monitor
23460,1007.0799999999999,49.75,957.3299999999999,563.6675,151.06199999999998,80.56639999999999,162.03409999999997,108,5,0.16925626481986356,0.046296296296296294,SWEETHEART WALL TIDY,9.95,5.4725,Monitor
84520D,641.17,10.2,630.9699999999999,322.1075,96.17549999999999,51.2936,161.39339999999996,701,12,0.2557861704993898,0.017118402282453638,PACK OF 20 FAIRY CAKE PAPER NAPKINS,0.85,0.4675,Monitor
85208,845.34,0.0,845.34,489.7200000000001,126.801,67.6272,161.19179999999994,424,0,0.19068280218610256,0.0,SET/12 FUNKY FELT FLOWER PEG IN BAG,2.1,1.1550000000000002,Monitor
21004,625.07,0.0,625.07,320.23750000000007,93.7605,50.0056,161.06639999999996,137,0,0.25767738013342495,0.0,ROSE DU SUD CHILDRENS APRON,4.25,2.3375000000000004,Monitor
85231L,841.75,0.0,841.75,487.6025,126.26249999999999,67.34,160.54499999999993,1043,0,0.19072765072765063,0.0,LAVENDER SCENTED SET/9 T-LIGHTS,0.85,0.4675,Monitor
23562,730.37,0.0,730.37,402.1435,109.5555,58.4296,160.24139999999997,253,0,0.21939756561742674,0.0,SET OF 6 RIBBONS PERFECTLY PRETTY,2.89,1.5895000000000001,Monitor
22229,845.3,44.199999999999996,801.0999999999999,446.46250000000003,126.79499999999999,67.624,160.21849999999995,1007,52,0.1999981275745849,0.05163853028798411,BUNNY WOODEN PAINTED WITH FLOWER,0.85,0.4675,Monitor
20733,1454.75,216.0,1238.75,744.095,218.21249999999998,116.38000000000001,160.06249999999994,1930,300,0.1292129162462159,0.15544041450777202,GOLD MINI TAPE MEASURE,0.83,0.4565,Monitor
72772,615.84,0.0,615.84,314.1875,92.376,49.2672,160.0093,457,0,0.25982284359573915,0.0,SET/4 SCENTED CANDLES IN RAMEKINS,1.25,0.6875,Monitor
21415,738.7600000000001,0.0,738.7600000000001,408.87000000000006,110.81400000000001,59.10080000000001,159.97519999999994,354,0,0.21654556283502074,0.0,CLAM SHELL SMALL,2.1,1.1550000000000002,Monitor
75013B,669.6199999999999,2.7,666.92,353.0175,100.44299999999998,53.5696,159.88989999999995,390,1,0.23974374737599707,0.002564102564102564,"STRING OF 8 BUTTERFLIES,PINK",1.65,0.9075,Monitor
21298,755.8,99.7,656.1,322.575,113.36999999999999,60.464,159.691,52,6,0.24339429964944367,0.11538461538461539,EDWARDIAN 2 DRAWER WALL CABINET,12.75,7.0125,Monitor
84993A,648.61,0.0,648.61,339.80100000000004,97.2915,51.8888,159.62869999999998,1471,0,0.24610890982254355,0.0,75 GREEN PETIT FOUR CASES,0.42,0.231,Monitor
85135A,770.49,31.8,738.69,402.27000000000004,115.5735,61.6392,159.20729999999998,96,4,0.21552654022661735,0.041666666666666664,YELLOW DRAGONFLY HELICOPTER,7.95,4.3725000000000005,Monitor
23550,763.1,0.0,763.1,428.50500000000005,114.46499999999999,61.048,159.08199999999997,1855,0,0.20846809068274139,0.0,WRAP ALPHABET POSTER,0.42,0.231,Monitor
21711,1560.6100000000001,0.0,1560.6100000000001,1042.7175,234.0915,124.84880000000001,158.95219999999998,383,0,0.10185260891574446,0.0,FOLDING UMBRELLA WHITE/RED POLKADOT,4.95,2.7225,Monitor
37474,661.0,0.0,661.0,350.24,99.14999999999999,52.879999999999995,158.72999999999996,64,0,0.24013615733736757,0.0,SET/4 2 TONE EGG SHAPE MIXING BOWLS,9.95,5.4725,Monitor
90200A,762.44,17.0,745.44,411.4000000000001,114.366,60.995200000000004,158.67879999999994,180,4,0.21286595836016303,0.022222222222222223,PURPLE SWEETHEART BRACELET,4.25,2.3375000000000004,Monitor
20659,538.51,0.0,538.51,256.4375,80.7765,43.080799999999996,158.21519999999998,373,0,0.2938017864106516,0.0,ECONOMY LUGGAGE TAG,1.25,0.6875,Monitor
84859A,613.53,0.0,613.53,314.2425,92.0295,49.0824,158.17559999999997,293,0,0.2578123319153097,0.0,SILVER DISCO HANDBAG,1.95,1.0725,Monitor
84569C,584.93,16.25,568.68,276.375,87.73949999999999,46.794399999999996,157.7711,415,13,0.2774338819722867,0.03132530120481928,PACK 4 FLOWER/BUTTERFLY PATCHES,1.25,0.6875,Monitor
84563B,601.84,0.0,601.84,305.646,90.276,48.147200000000005,157.77079999999998,132,0,0.2621474145952412,0.0,BLUE & WHITE BREAKFAST TRAY,4.21,2.3155,Monitor
84986B,685.4599999999999,0.0,685.4599999999999,370.04,102.81899999999999,54.8368,157.76419999999996,464,0,0.23015814197765,0.0,SET OF 36 SILVER PAPER DOILIES,1.45,0.7975,Monitor
84414B,536.24,0.0,536.24,255.25500000000002,80.43599999999999,42.8992,157.6498,78,0,0.2939911233775921,0.0,FUSCHIA/GREEN STRIPE WOOLLY BLANKET,5.95,3.2725000000000004,Monitor
23224,649.02,11.62,637.4,330.50600000000003,97.35299999999998,51.9216,157.61939999999996,738,14,0.24728490743646056,0.018970189701897018,CHERUB HEART DECORATION GOLD,0.83,0.4565,Monitor
21256,588.64,0.0,588.64,295.845,88.29599999999999,47.0912,157.40779999999995,326,0,0.2674092824136993,0.0,"FRENCH BOTTLE, BRASSERIE DES ARTIST",1.65,0.9075,Monitor
21759,1274.47,0.0,1274.47,824.1750000000001,191.1705,101.9576,157.16689999999994,30,0,0.12331941905262575,0.0,METAL WALL SHELF UNIT WITH HOOKS,49.95,27.472500000000004,Monitor
20618,650.64,0.0,650.64,344.19000000000005,97.596,52.0512,156.80279999999993,298,0,0.24099778679454067,0.0,QUEEN OF THE SKIES PASSPORT COVER,2.1,1.1550000000000002,Monitor
22473,3070.92,0.0,3070.92,2207.9475,460.638,245.67360000000002,156.6609,811,0,0.051014321441131646,0.0,TV DINNER TRAY VINTAGE PAISLEY,4.95,2.7225,Review margin
22221,6712.28,119.39999999999999,6592.88,4892.415,1006.842,536.9824,156.6405999999996,906,12,0.023759055223210434,0.013245033112582781,CAKE STAND LOVEBIRD 2 TIER PINK,9.95,5.4725,Review margin
21134,649.74,0.0,649.74,343.9425,97.46099999999998,51.9792,156.35729999999998,379,0,0.24064595068796746,0.0,VICTORIAN METAL POSTCARD CHRISTMAS,1.65,0.9075,Monitor
21373,548.89,9.0,539.89,257.40000000000003,82.33349999999999,43.9112,156.2453,636,12,0.2894021004278649,0.018867924528301886,MIRRORED WALL ART SNOWFLAKES,0.75,0.41250000000000003,Monitor
85202,573.45,10.08,563.37,275.35200000000003,86.0175,45.876,156.12449999999998,1216,24,0.2771260450503221,0.019736842105263157,HANGING WOOD AND FELT HEART,0.42,0.231,Monitor
23123,760.4,4.9799999999999995,755.42,424.545,114.05999999999999,60.832,155.98299999999995,936,6,0.20648513409758804,0.00641025641025641,COCKTAIL SWORDS 50 PIECES,0.83,0.4565,Monitor
21076,715.4,0.85,714.55,394.1025,107.30999999999999,57.232,155.90549999999996,844,1,0.21818697082079627,0.001184834123222749,SET/20 COLLAGE PAPER NAPKIN,0.85,0.4675,Monitor
22033,686.97,0.0,686.97,373.06500000000005,103.0455,54.9576,155.90189999999998,1615,0,0.22694135115070524,0.0,BOTANICAL ROSE GREETING CARD,0.42,0.231,Monitor
23114,737.95,14.850000000000001,723.1,397.485,110.6925,59.036,155.8865,149,3,0.2155808325266215,0.020134228187919462,VINTAGE LEAF CHOPPING BOARD,4.95,2.7225,Monitor
23540,947.0600000000001,0.0,947.0600000000001,573.375,142.059,75.7648,155.86119999999994,150,0,0.16457373344877826,0.0,WALL ART THE MAGIC FOREST,6.95,3.8225000000000002,Monitor
20862,691.1400000000001,2.1,689.0400000000001,374.2200000000001,103.671,55.29120000000001,155.85779999999994,325,1,0.22619557645419702,0.003076923076923077,PINK PATCH PENCIL CASE BLUE HEART,2.1,1.1550000000000002,Monitor
22920,2201.79,841.0500000000001,1360.74,698.9125000000001,330.2685,176.14320000000004,155.41579999999996,3482,1527,0.11421417757984623,0.4385410683515221,HERB MARKER BASIL,0.65,0.35750000000000004,Monitor
22825,799.02,53.25,745.77,406.64250000000004,119.853,63.9216,155.35289999999995,100,7,0.2083120801319441,0.07,DECORATIVE PLANT POT WITH FRIEZE,7.95,4.3725000000000005,Monitor
90200E,878.22,68.0,810.22,453.4750000000001,131.733,70.2576,154.75439999999995,210,16,0.19100293747377248,0.0761904761904762,GREEN SWEETHEART BRACELET,4.25,2.3375000000000004,Monitor
22408,801.17,39.410000000000004,761.76,422.8125,120.1755,64.0936,154.67839999999998,652,37,0.20305398025624866,0.05674846625766871,MONEY BOX CONFECTIONERY DESIGN,1.25,0.6875,Monitor
35600D,497.70000000000005,0.0,497.70000000000005,228.77250000000004,74.655,39.816,154.4565,141,0,0.31034056660638937,0.0,PINK AND WHITE CHRISTMAS TREE 180CM,2.95,1.6225000000000003,Monitor
20943,543.96,1.25,542.71,263.3125,81.594,43.516799999999996,154.2867,384,1,0.28428939949512627,0.0026041666666666665,SET/6 GINGERBREAD STAR T-LIGHTS,1.25,0.6875,Monitor
21816,640.24,1.45,638.79,337.34250000000003,96.036,51.2192,154.19229999999996,424,1,0.2413818312747538,0.0023584905660377358,CHRISTMAS TREE T-LIGHT HOLDER,1.45,0.7975,Monitor
84569A,702.42,1.25,701.17,385.6875,105.363,56.193599999999996,153.92589999999998,562,1,0.21952721879144857,0.0017793594306049821,PACK 3 IRON ON DOG PATCHES,1.25,0.6875,Monitor
21503,740.42,0.42,740.0,415.8,111.063,59.233599999999996,153.90339999999998,1801,1,0.20797756756756752,0.000555247084952804,TOYBOX  WRAP,0.42,0.231,Monitor
21750,665.95,2.1,663.85,356.8950000000001,99.8925,53.27600000000001,153.78649999999996,310,1,0.23165850719288988,0.0032258064516129032,LARGE SKULL WINDMILL,2.1,1.1550000000000002,Monitor
85033S,319.95,0.65,319.3,92.59250000000002,47.9925,25.596,153.119,260,1,0.47954588161603506,0.0038461538461538464,SET/6 SILVER REINDEER T-LIGHTS,0.65,0.35750000000000004,Monitor
79342B,824.95,96.05,728.9,386.1,123.74249999999999,65.99600000000001,153.06149999999997,119,15,0.2099897105227054,0.12605042016806722,BROWN FLOWER LIGHTS,6.75,3.7125000000000004,Monitor
21553,593.17,5.95,587.22,297.7975,88.9755,47.4536,152.99339999999995,92,1,0.26053846939818115,0.010869565217391304,CERAMIC BIRDHOUSE FINCH BLUE  LARGE,5.95,3.2725000000000004,Monitor
85088,723.85,8.4,715.45,396.1650000000001,108.5775,57.90800000000001,152.79949999999994,347,4,0.21357117897826533,0.011527377521613832,CANDY SPOT HAND BAG,2.1,1.1550000000000002,Monitor
23140,766.1,49.800000000000004,716.3000000000001,388.02500000000003,114.915,61.288000000000004,152.072,182,12,0.21230210805528407,0.06593406593406594,TRIPLE WIRE HOOK IVORY HEART,4.15,2.2825,Monitor
23187,695.06,16.49,678.5699999999999,367.0095,104.25899999999999,55.6048,151.69669999999994,2338,37,0.22355350221789932,0.015825491873396064,FRENCH STYLE STORAGE JAR BONBONS,0.29,0.1595,Monitor
21003,647.75,0.0,647.75,347.11050000000006,97.1625,51.82,151.65699999999995,109,0,0.23412890775762246,0.0,ROSE DU SUD CUSHION COVER,5.79,3.1845000000000003,Monitor
90184C,669.79,0.0,669.79,364.26500000000004,100.46849999999999,53.5832,151.47329999999994,74,0,0.22615043521103623,0.0,BLACK CHUNKY BEAD BRACELET W STRAP,8.95,4.9225,Monitor
90161D,687.52,0.0,687.52,377.982,103.128,55.0016,151.40839999999997,138,0,0.2202239934838259,0.0,ANT COPPER PINK BOUDICCA BRACELET,4.98,2.7390000000000003,Monitor
21173,611.26,19.799999999999997,591.4599999999999,299.475,91.689,48.9008,151.39519999999996,342,12,0.2559686200250228,0.03508771929824561,LOO ROLL  METAL SIGN,1.65,0.9075,Monitor
23523,1173.8100000000002,22.5,1151.3100000000002,730.125,176.07150000000001,93.90480000000001,151.20870000000005,360,6,0.13133621700497697,0.016666666666666666,WALL ART TREASURE AHOY,3.75,2.0625,Monitor
72802C,6051.8099999999995,584.06,5467.75,3924.662500000001,907.7715,484.14480000000003,151.17119999999946,2185,506,0.027647789310045166,0.23157894736842105,VANILLA SCENT CANDLE JEWELLED BOX,4.25,2.3375000000000004,Review margin
84360,956.8900000000001,0.0,956.8900000000001,585.7775,143.5335,76.55120000000001,151.02779999999998,179,0,0.15783193470513848,0.0,TABLE LAMP WHITE SHADE WOOD BASE,5.95,3.2725000000000004,Monitor
71270,529.15,0.0,529.15,256.4375,79.3725,42.332,151.00799999999998,373,0,0.28537843711612965,0.0,PHOTO CLIP LINE,1.25,0.6875,Monitor
72122,594.28,0.0,594.28,306.7075,89.142,47.5424,150.88809999999998,587,0,0.2539006865450629,0.0,COFFEE SCENT PILLAR CANDLE,0.95,0.5225,Monitor
21763,1157.8999999999999,81.85,1076.05,658.9,173.68499999999997,92.632,150.83299999999997,43,3,0.14017285442126293,0.06976744186046512,VINTAGE WOODEN BAR STOOL,29.95,16.4725,Monitor
21132,480.86,0.0,480.86,219.72500000000002,72.12899999999999,38.4688,150.53719999999996,94,0,0.3130582705985109,0.0,SILVER STANDING GNOME,4.25,2.3375000000000004,Monitor
90160C,677.0,0.0,677.0,370.7825,101.55,54.160000000000004,150.5075,97,0,0.22231536189069423,0.0,TURQ+RED BOUDICCA LARGE BRACELET,6.95,3.8225000000000002,Monitor
84674,1178.88,20.650000000000002,1158.23,736.6150000000001,176.832,94.3104,150.4726,461,7,0.12991599250580627,0.015184381778741865,FLYING PIG WATERING CAN,2.95,1.6225000000000003,Monitor
85188B,661.7299999999999,20.4,641.3299999999999,338.9375,99.25949999999999,52.938399999999994,150.19459999999995,749,24,0.23419238145728402,0.03204272363150868,PINK METAL SWINGING BUNNY,0.85,0.4675,Monitor
23106,815.59,34.68,780.9100000000001,443.4705,122.3385,65.2472,149.85379999999998,291,12,0.1918963773034024,0.041237113402061855,ZINC HEARTS PLANT POT HOLDER,2.89,1.5895000000000001,Monitor
21412,279.84,3.7800000000000002,276.06,61.908,41.976,22.3872,149.78879999999998,277,9,0.5425950880243424,0.032490974729241874,VINTAGE GOLD TINSEL REEL,0.42,0.231,Monitor
82605,599.27,0.0,599.27,311.8500000000001,89.8905,47.94160000000001,149.58789999999996,270,0,0.2496168671884125,0.0,OLD DOC RUSSEL METAL SIGN,2.1,1.1550000000000002,Monitor
37330,927.4599999999999,23.099999999999998,904.3599999999999,541.6125000000001,139.11899999999997,74.1968,149.4316999999999,517,12,0.16523475164757387,0.02321083172147002,BIG POLKADOT MUG,1.95,1.0725,Monitor
84706D,500.19,1.95,498.23999999999995,233.805,75.0285,40.0152,149.39129999999997,219,1,0.2998380298651252,0.0045662100456621,CHERRY BLOSSOM TABLE CLOCK,1.95,1.0725,Monitor
20893,1328.99,234.45000000000005,1094.54,639.5400000000001,199.3485,106.31920000000001,149.33229999999998,567,111,0.13643384435470607,0.19576719576719576,HANGING BAUBLE T-LIGHT HOLDER SMALL,2.55,1.4025,Monitor
90082D,677.05,12.7,664.3499999999999,359.7275,101.55749999999999,54.163999999999994,148.90099999999993,105,2,0.2241303529765936,0.01904761904761905,DIAMANTE BOW BROOCH BLACK COLOUR,6.35,3.4925,Monitor
21061,1047.4099999999999,10.2,1037.21,647.4875000000001,157.11149999999998,83.7928,148.81819999999993,1397,12,0.1434793339825107,0.008589835361488905,PARTY INVITES FOOTBALL,0.85,0.4675,Monitor
23499,587.49,0.0,587.49,303.76500000000004,88.12349999999999,46.9992,148.60229999999999,1315,0,0.2529443905428177,0.0,SET 12 VINTAGE DOILY CHALK,0.42,0.231,Monitor
16238,559.96,0.0,559.96,282.8595,83.994,44.7968,148.3097,2449,0,0.26485766840488606,0.0,PARTY TIME PENCIL ERASERS,0.21,0.1155,Monitor
35954,865.49,0.0,865.49,518.133,129.8235,69.2392,148.29429999999996,2243,0,0.17134143664282656,0.0,SMALL FOLKART STAR CHRISTMAS DEC,0.42,0.231,Monitor
23519,792.31,0.0,792.31,462.0,118.84649999999999,63.3848,148.0787,224,0,0.18689490224785754,0.0,EMBROIDERED RIBBON REEL CLAIRE,3.75,2.0625,Monitor
84846A,571.75,0.0,571.75,292.2150000000001,85.7625,45.74000000000001,148.03249999999997,253,0,0.2589112374289462,0.0,SCENTED CANDLE IN DIGITALIS TIN,2.1,1.1550000000000002,Monitor
79315W,611.5100000000001,0.0,611.5100000000001,322.87750000000005,91.7265,48.92080000000001,147.9852,199,0,0.24199964023482848,0.0,FLYING SAUCER TABLE LIGHT IN WHITE,2.95,1.6225000000000003,Monitor
82613B,986.8199999999999,9.65,977.17,602.25,148.023,78.9456,147.95139999999998,897,21,0.15140804568294153,0.023411371237458192,"METAL SIGN,CUPCAKE SINGLE HOOK",1.25,0.6875,Monitor
16236,593.29,5.88,587.41,303.072,88.9935,47.4632,147.88129999999998,2652,28,0.25175141723838546,0.010558069381598794,KITTY PENCIL ERASERS,0.21,0.1155,Monitor
20761,1437.46,15.0,1422.46,944.625,215.619,114.9968,147.2192,462,4,0.10349619672960926,0.008658008658008658,BLUE PAISLEY SKETCHBOOK,3.75,2.0625,Monitor
22447,796.34,20.1,776.24,445.88500000000005,119.451,63.7072,147.19679999999994,248,6,0.18962795011851996,0.024193548387096774,PIN CUSHION BABUSHKA BLUE,3.35,1.8425000000000002,Monitor
23027,627.95,0.0,627.95,337.48,94.1925,50.236000000000004,146.04149999999998,295,0,0.23256867584998803,0.0,DRAWER KNOB VINTAGE GLASS HEXAGON,2.08,1.1440000000000001,Monitor
21270,899.93,0.0,899.93,546.975,134.9895,71.9944,145.9711,78,0,0.16220272687875725,0.0,ANTIQUE CREAM CUTLERY CUPBOARD,12.75,7.0125,Monitor
35914,337.43,0.0,337.43,114.07000000000001,50.6145,26.994400000000002,145.7511,244,0,0.43194469964140714,0.0,PINK CHICK EGG WARMER + EGG CUP,0.85,0.4675,Monitor
84929,1020.72,168.49,852.23,471.88075,153.108,81.6576,145.58365000000003,3120,307,0.17082671344590078,0.0983974358974359,ASSTD FRUIT+FLOWERS FRIDGE MAGNETS,0.305,0.16775,Monitor
23547,661.5,0.0,661.5,363.82500000000005,99.225,52.919999999999995,145.52999999999997,1575,0,0.21999999999999995,0.0,WRAP FLOWER SHOP,0.42,0.231,Monitor
84931B,701.48,7.6499999999999995,693.8299999999999,387.09000000000003,105.222,56.1184,145.39959999999994,279,3,0.20956084343427056,0.010752688172043012,BLUE SCOTTIE DOG W FLOWER PATTERN,2.55,1.4025,Monitor
23537,581.13,0.0,581.13,302.1975,87.1695,46.4904,145.2726,111,0,0.24998296422487226,0.0,WALL ART I LOVE LONDON,4.95,2.7225,Monitor
79051A,384.09999999999997,0.0,384.09999999999997,150.887,57.614999999999995,30.728,144.86999999999998,946,0,0.3771674043217912,0.0,SMOKEY GREY COLOUR GLASS,0.29,0.1595,Monitor
84532B,417.58,0.0,417.58,176.71500000000003,62.63699999999999,33.4064,144.8216,54,0,0.3468116289094305,0.0,FAIRY CAKES RECTANGLUAR BOXES,5.95,3.2725000000000004,Monitor
23324,816.0400000000001,67.51,748.5300000000001,416.41600000000005,122.406,65.28320000000001,144.42479999999998,399,35,0.19294457135986529,0.08771929824561403,RUSTIC STRAWBERRY JAM POT LARGE,2.08,1.1440000000000001,Monitor
23492,635.38,0.0,635.38,344.85,95.307,50.830400000000004,144.39259999999996,76,0,0.22725392678397174,0.0,VINTAGE JINGLE BELLS WREATH,8.25,4.5375000000000005,Monitor
22036,705.19,27.3,677.89,371.44800000000004,105.7785,56.4152,144.24829999999997,1673,65,0.2127901281918895,0.038852361028093245,DINOSAUR BIRTHDAY CARD,0.42,0.231,Monitor
85117,600.92,0.0,600.92,318.53249999999997,90.13799999999999,48.0736,144.17589999999998,351,0,0.239925281235439,0.0,NIGHTINGALE COATHOOK WHITE,1.65,0.9075,Monitor
23180,621.09,4.95,616.14,329.4225,93.1635,49.687200000000004,143.86679999999998,122,1,0.2334969325153374,0.00819672131147541,MUM'S KITCHEN CLOCK,4.95,2.7225,Monitor
22034,688.61,10.08,678.53,376.29900000000004,103.2915,55.0888,143.85069999999996,1653,24,0.21200344863160062,0.014519056261343012,ROBIN CHRISTMAS CARD,0.42,0.231,Monitor
23336,521.33,0.0,521.33,258.54400000000004,78.1995,41.7064,142.88009999999997,226,0,0.2740684403352962,0.0,EGG FRYING PAN PINK,2.08,1.1440000000000001,Monitor
46776D,658.07,11.93,646.14,351.956,98.7105,52.6456,142.8279,153,1,0.22104791531247098,0.006535947712418301,WOVEN SUNSET CUSHION COVER,4.21,2.3155,Monitor
85090,559.2800000000001,37.2,522.08,250.63500000000005,83.89200000000001,44.7424,142.81059999999997,106,8,0.2735416028194912,0.07547169811320754,CANDY SPOT APRON,4.65,2.5575000000000006,Monitor
35971,1955.24,21.25,1933.99,1342.0,293.286,156.4192,142.28479999999993,1969,17,0.0735705975728933,0.008633824276282377,ROSE FOLKART HEART DECORATIONS,1.25,0.6875,Review margin
23219,568.6,0.0,568.6,295.625,85.29,45.488,142.197,430,0,0.25008265916285616,0.0,LAUREL STAR ANTIQUE SILVER,1.25,0.6875,Monitor
22211,2025.6499999999999,71.25,1954.3999999999999,1346.73,303.84749999999997,162.052,141.77049999999986,1533,49,0.07253914244781,0.0319634703196347,WOOD STAMP SET FLOWERS,1.65,0.9075,Review margin
84971L,727.26,31.25,696.01,387.0625,109.089,58.1808,141.67770000000002,588,25,0.2035569891237195,0.04251700680272109,LARGE HEART FLOWERS HOOK,1.25,0.6875,Monitor
23042,711.51,66.5,645.01,340.14750000000004,106.7265,56.92080000000001,141.21519999999998,103,10,0.21893490023410486,0.0970873786407767,PAPER LANTERN 7 POINT SNOW STAR,6.65,3.6575000000000006,Monitor
85142,534.38,7.95,526.4300000000001,262.35,80.157,42.7504,141.1726,61,1,0.2681697471648652,0.01639344262295082,JARDIN ETCHED GLASS GINGER JAR,7.95,4.3725000000000005,Monitor
17021,1018.4399999999999,23.4,995.04,619.74,152.766,81.4752,141.05879999999996,3834,78,0.14176193921852384,0.02034428794992175,NAMASTE SWAGAT INCENSE,0.3,0.165,Monitor
84584,696.75,0.0,696.75,395.50500000000005,104.51249999999999,55.739999999999995,140.99249999999992,282,0,0.20235737351991379,0.0,PINK GINGHAM CAT WITH SCARF,2.55,1.4025,Monitor
20856,674.0899999999999,18.15,655.9399999999999,360.2775,101.11349999999999,53.9272,140.62179999999998,408,11,0.2143821081196451,0.02696078431372549,DENIM PATCH PURSE PINK BUTTERFLY,1.65,0.9075,Monitor
85231E,696.0799999999999,10.2,685.88,385.22,104.41199999999999,55.6864,140.56159999999994,836,12,0.20493614043272868,0.014354066985645933,STRAWBERRY SCENTED SET/9 T-LIGHTS,0.85,0.4675,Monitor
17033,867.8399999999999,10.44,857.4,517.418,130.176,69.4272,140.37879999999996,3280,36,0.16372614882202002,0.01097560975609756,"BROCADE PURSE,SMALL ARCH BUTTON",0.29,0.1595,Monitor
84306,557.4799999999999,0.0,557.4799999999999,289.08,83.62199999999999,44.5984,140.17959999999997,48,0,0.2514522494080505,0.0,S/3 PINK SQUARE PLANTERS ROSES,10.95,6.0225,Monitor
23043,543.51,0.0,543.51,278.43750000000006,81.5265,43.4808,140.06519999999998,81,0,0.25770491803278683,0.0,PAPER LANTERN 9 POINT HOLLY STAR L,6.25,3.4375000000000004,Monitor
84632,859.25,59.95,799.3000000000001,461.615,128.8875,68.74000000000001,140.0575,15,1,0.1752251970474165,0.06666666666666667,DECORATIVE HANGING SHELVING UNIT,59.95,32.972500000000004,Monitor
84876B,490.81,0.0,490.81,237.875,73.6215,39.2648,140.0487,346,0,0.28534198569711294,0.0,GREEN HEART COMPACT MIRROR,1.25,0.6875,Monitor
35095B,769.5799999999999,0.0,769.5799999999999,452.52900000000005,115.437,61.5664,140.04759999999993,1959,0,0.18197926141531737,0.0,RED VICTORIAN FABRIC OVAL BOX,0.42,0.231,Monitor
84247G,612.75,0.0,612.75,332.178,91.9125,49.02,139.63949999999997,1438,0,0.2278898408812729,0.0,"DECOUPAGE,GREETING CARD,",0.42,0.231,Monitor
21618,1826.24,0.0,1826.24,1266.65,273.936,146.0992,139.55479999999991,700,0,0.07641646223935514,0.0,4 WILDFLOWER BOTANICAL CANDLES,3.29,1.8095,Review margin
85026B,370.09999999999997,8.5,361.59999999999997,136.97750000000002,55.51499999999999,29.608000000000004,139.49949999999998,303,10,0.38578401548672564,0.033003300330033,EAU DE NILE JEWELLED T-LIGHT HOLDER,0.85,0.4675,Monitor
23453,631.5799999999999,0.0,631.5799999999999,347.49,94.737,50.5264,138.82659999999998,324,0,0.2198084169859717,0.0,OVAL  MINI PORTRAIT FRAME,1.95,1.0725,Monitor
84529C,414.74,0.0,414.74,180.609,62.211,33.1792,138.74079999999998,78,0,0.3345247625018083,0.0,YELLOW KNITTED KIDS RUCKSACK,4.21,2.3155,Monitor
84872a,636.47,0.0,636.47,351.538,95.47049999999999,50.9176,138.5439,58,0,0.21767545995883544,0.0,TEATIME FUNKY FLOWER BACKPACK FOR 2,11.02,6.061,Monitor
20753,509.00000000000006,4.2,504.8,249.48000000000005,76.35,40.720000000000006,138.24999999999997,218,2,0.2738708399366085,0.009174311926605505,RETRO PINK SPOT WASHING UP GLOVES,2.1,1.1550000000000002,Monitor
48195,1642.97,27.0,1615.97,1099.9065,246.4455,131.4376,138.1803999999999,271,4,0.0855092606917207,0.014760147601476014,DOORMAT GREEN PAISLEY,7.49,4.1195,Review margin
23325,740.9399999999999,29.699999999999996,711.2399999999999,402.93,111.14099999999999,59.2752,137.89379999999994,462,18,0.19387801585962539,0.03896103896103896,RUSTIC STRAWBERRY JAM POT SMALL,1.65,0.9075,Monitor
21706,5046.01,148.5,4897.51,3599.145,756.9015,403.68080000000003,137.78269999999992,1352,30,0.028133214633558667,0.022189349112426034,FOLDING UMBRELLA RED/WHITE POLKADOT,4.95,2.7225,Review margin
20854,716.3199999999999,24.749999999999996,691.5699999999999,389.3175,107.448,57.3056,137.49889999999996,444,15,0.19882137744552247,0.033783783783783786,BLUE PATCH PURSE PINK HEART,1.65,0.9075,Monitor
22765,3508.3,14.95,3493.35,2548.975,526.245,280.664,137.46600000000007,311,1,0.03935076645626693,0.003215434083601286,NEWSPAPER STAND,14.95,8.2225,Review margin
22806,1149.02,134.2,1014.82,613.3050000000001,172.353,91.9216,137.24039999999997,430,52,0.1352361995230681,0.12093023255813953,SET OF 6 T-LIGHTS WEDDING CAKE,2.95,1.6225000000000003,Monitor
23539,1227.95,0.0,1227.95,808.3075000000001,184.1925,98.236,137.21399999999994,247,0,0.11174233478561825,0.0,WALL ART LOVES' SECRET,5.95,3.2725000000000004,Monitor
20794,591.02,45.9,545.12,272.08500000000004,88.65299999999999,47.2816,137.10039999999998,212,18,0.25150498972703256,0.08490566037735849,BLUE  TILE HOOK,2.55,1.4025,Monitor
84875B,511.01,0.0,511.01,256.4375,76.6515,40.8808,137.0402,373,0,0.2681751824817518,0.0,GREEN SQUARE COMPACT MIRROR,1.25,0.6875,Monitor
85114c,612.64,0.0,612.64,334.75750000000005,91.896,49.0112,136.9753,185,0,0.22358203839122487,0.0,RED ENCHANTED FOREST PLACEMAT,3.29,1.8095,Monitor
21440,608.81,2.5,606.31,329.3125,91.3215,48.7048,136.97119999999998,481,2,0.225909518233247,0.004158004158004158,12 MINI TOADSTOOL PEGS,1.25,0.6875,Monitor
21060,952.55,0.0,952.55,596.5300000000001,142.8825,76.204,136.93349999999992,1276,0,0.14375465854810765,0.0,PARTY INVITES BALLOON GIRL,0.85,0.4675,Monitor
22538,610.85,0.0,610.85,333.564,91.6275,48.868,136.79049999999998,1444,0,0.22393468118195953,0.0,MINI JIGSAW GO TO THE FAIR,0.42,0.231,Monitor
35833P,343.42,0.0,343.42,127.875,51.513,27.4736,136.5584,186,0,0.39764253683536194,0.0,4 PINK FLOCK CHRISTMAS BALLS,1.25,0.6875,Monitor
16156N,619.5,0.0,619.5,340.725,92.925,49.559999999999995,136.28999999999996,1475,0,0.21999999999999995,0.0,"WRAP, FRIENDSHIP ON GREEN",0.42,0.231,Monitor
23074,555.59,12.48,543.11,279.136,83.3385,44.4472,136.18829999999997,250,6,0.25075638452615484,0.024,EMBOSSED HEART TRINKET BOX,2.08,1.1440000000000001,Monitor
21418,536.39,7.6499999999999995,528.74,269.28000000000003,80.4585,42.9112,136.09029999999996,195,3,0.2573860498543707,0.015384615384615385,STARFISH SOAP DISH,2.55,1.4025,Monitor
79337,502.03000000000003,2.2800000000000002,499.75,248.29200000000003,75.3045,40.162400000000005,135.9911,1194,6,0.2721182591295648,0.005025125628140704,BLUE FLOCK GLASS CANDLEHOLDER,0.38,0.20900000000000002,Monitor
21822,1454.04,16.39,1437.6499999999999,967.3235,218.106,116.3232,135.89730000000006,1088,9,0.09452738844642303,0.008272058823529412,GLITTER CHRISTMAS TREE WITH BELLS,1.63,0.8965,Review margin
16012,618.09,0.0,618.09,340.6095,92.7135,49.4472,135.31979999999996,2949,0,0.21893219434062994,0.0,FOOD/DRINK SPONGE STICKERS,0.21,0.1155,Monitor
23487,795.5799999999999,89.55,706.03,388.5475,119.33699999999999,63.6464,134.49909999999997,80,9,0.19050054530260752,0.1125,SWEET HEART CAKE CARRIER,9.95,5.4725,Monitor
90198A,613.6800000000001,0.0,613.6800000000001,338.14000000000004,92.05199999999999,49.0944,134.39359999999996,145,0,0.21899621952809273,0.0,VINTAGE ROSE BEAD BRACELET RASPBERR,4.24,2.3320000000000003,Monitor
23458,762.4499999999999,74.75,687.6999999999999,378.235,114.36749999999998,60.995999999999995,134.1015,51,5,0.195,0.09803921568627451,DOLLY CABINET 3 DRAWERS,14.95,8.2225,Monitor
22481,1313.09,0.0,1313.09,877.25,196.9635,105.0472,133.8293,1276,0,0.10191936577081541,0.0,BLACK TEA TOWEL CLASSIC DESIGN,1.25,0.6875,Monitor
84592,542.3000000000001,0.0,542.3000000000001,283.93750000000006,81.345,43.384,133.63350000000003,175,0,0.24641987829614606,0.0,CROCHET ROSE PURSE WITH SUEDE BACK,2.95,1.6225000000000003,Monitor
85020,533.48,0.0,533.48,277.20000000000005,80.022,42.6784,133.57959999999997,240,0,0.25039289195471237,0.0,ROUND PINK HEART MIRROR,2.1,1.1550000000000002,Monitor
47594A,678.3,44.85,633.4499999999999,344.27250000000004,101.74499999999999,54.263999999999996,133.16849999999997,344,23,0.2102273265451101,0.06686046511627906,CAROUSEL DESIGN WASHBAG,1.95,1.0725,Monitor
51014C,2760.8599999999997,182.34,2578.52,1810.479,414.12899999999996,220.8688,133.04319999999993,4292,326,0.051596729907078455,0.07595526561043803,"FEATHER PEN,COAL BLACK",0.83,0.4565,Review margin
21350,653.6500000000001,5.9,647.7500000000001,365.06250000000006,98.0475,52.292,132.348,227,2,0.20431956773446544,0.00881057268722467,GINGHAM HEART WREATH,2.95,1.6225000000000003,Monitor
35004P,638.97,0.0,638.97,359.70000000000005,95.8455,51.1176,132.30689999999998,120,0,0.2070627729001361,0.0,SET OF 3 PINK FLYING DUCKS,5.45,2.9975000000000005,Monitor
21341,410.64000000000004,0.0,410.64000000000004,184.14000000000004,61.596000000000004,32.8512,132.05279999999996,72,0,0.32157802454704837,0.0,KASBAH LANTERN WITH GLASS,4.65,2.5575000000000006,Monitor
21757,454.3,0.0,454.3,217.8,68.145,36.344,132.011,80,0,0.2905811138014528,0.0,LIGHTHOUSE PRINTED METAL SIGN,4.95,2.7225,Monitor
84569B,562.18,1.25,560.93,299.75,84.327,44.974399999999996,131.8786,437,1,0.23510705435615856,0.002288329519450801,PACK 3 FIRE ENGINE/CAR PATCHES,1.25,0.6875,Monitor
23451,558.12,0.0,558.12,298.15500000000003,83.71799999999999,44.6496,131.59739999999996,278,0,0.23578692754246391,0.0,SQUARE MINI PORTRAIT FRAME,1.95,1.0725,Monitor
21943,529.16,0.0,529.16,276.2925,79.374,42.3328,131.16069999999996,591,0,0.24786586287701257,0.0,CAKES AND RABBITS DESIGN FLANNEL,0.85,0.4675,Monitor
90010B,578.02,8.95,569.0699999999999,305.19500000000005,86.70299999999999,46.2416,130.93039999999996,63,1,0.23007784631064715,0.015873015873015872,BLACK/WHITE GLASS/SILVER BRACELET,8.95,4.9225,Monitor
20694,626.08,15.0,611.08,336.1875,93.91199999999999,50.0864,130.8941,167,4,0.21420125024546705,0.023952095808383235,FLORAL PINK MONSTER,3.75,2.0625,Monitor
23117,501.23,4.95,496.28000000000003,250.47000000000003,75.1845,40.098400000000005,130.52710000000002,93,1,0.2630110018537922,0.010752688172043012,POPPY FIELDS CHOPPING BOARD,4.95,2.7225,Monitor
84857C,445.03,1.95,443.08,210.21,66.7545,35.602399999999996,130.51309999999998,197,1,0.29455877042520534,0.005076142131979695,PINK MONTE CARLO HANDBAG,1.95,1.0725,Monitor
21676,893.7199999999999,0.0,893.7199999999999,557.7275000000001,134.058,71.4976,130.43689999999995,1193,0,0.14594828357874945,0.0,FLOWERS  STICKERS,0.85,0.4675,Monitor
85131B,731.99,0.0,731.99,433.2185,109.79849999999999,58.5592,130.41379999999998,949,0,0.17816336288747112,0.0,BEADED CRYSTAL HEART GREEN ON STICK,0.83,0.4565,Monitor
23466,498.03,8.25,489.78,245.02500000000003,74.7045,39.8424,130.20809999999997,55,1,0.26585017763077295,0.01818181818181818,TUSCAN VILLA DOVECOTE BIRD FEEDER,8.25,4.5375000000000005,Monitor
20866,1372.66,127.2,1245.46,799.5625,205.899,109.8128,130.18569999999997,1283,120,0.10452820644581116,0.09353078721745908,BLUE ROSE FABRIC MIRROR,1.25,0.6875,Monitor
84934,586.5,0.85,585.65,320.70500000000004,87.975,46.92,130.04999999999995,687,1,0.22206095791001446,0.001455604075691412,ASSTD DESIGN POP ART SLIM PEN,0.85,0.4675,Monitor
21545,1643.0700000000002,5.9,1637.17,1129.2600000000002,246.4605,131.4456,130.0038999999999,698,2,0.07940769742910016,0.0028653295128939827,CERAMIC BIRDHOUSE BUTTERFLY SMALL,2.95,1.6225000000000003,Review margin
90184B,625.48,26.849999999999998,598.63,324.88500000000005,93.82199999999999,50.0384,129.88459999999998,69,3,0.21696974759033122,0.043478260869565216,AMETHYST CHUNKY BEAD BRACELET W STR,8.95,4.9225,Monitor
15056p,577.84,0.0,577.84,315.23800000000006,86.676,46.2272,129.6988,46,0,0.22445452028243112,0.0,EDWARDIAN PARASOL PINK,12.46,6.853000000000001,Monitor
23482,661.02,0.0,661.02,379.33500000000004,99.15299999999999,52.8816,129.65039999999993,418,0,0.19613687936824897,0.0,PEARLISED IVORY HEART LARGE,1.65,0.9075,Monitor
79191C,1296.31,245.64999999999998,1050.6599999999999,623.1775,194.4465,103.70479999999999,129.33119999999994,1622,289,0.12309519730455139,0.1781750924784217,RETRO PLASTIC ELEPHANT TRAY,0.85,0.4675,Monitor
23398,538.75,0.85,537.9,284.70750000000004,80.81249999999999,43.1,129.27999999999997,610,1,0.2403420710169176,0.001639344262295082,HANGING HEART BONHEUR,0.85,0.4675,Monitor
23408,644.8000000000001,29.12,615.6800000000001,338.624,96.72,51.584,128.75199999999998,310,14,0.20912162162162157,0.04516129032258064,PHOTO FRAME LINEN AND LACE SMALL,2.08,1.1440000000000001,Monitor
23069,568.71,0.0,568.71,309.37500000000006,85.3065,45.4968,128.53169999999997,90,0,0.2260056971039721,0.0,EDWARDIAN PHOTO FRAME,6.25,3.4375000000000004,Monitor
21810,4415.36,73.75,4341.61,3197.7825,662.304,353.2288,128.29469999999992,7064,59,0.02955002867599806,0.008352208380520951,CHRISTMAS HANGING STAR WITH BELL,0.83,0.4565,Review margin
35921,330.32,1.25,329.07,125.125,49.548,26.4256,127.9714,183,1,0.38888807852432616,0.00546448087431694,EASTER BUNNY HANGING GARLAND,1.25,0.6875,Monitor
21708,2341.43,19.8,2321.63,1655.2800000000002,351.2145,187.3144,127.82109999999994,612,4,0.05505661970253655,0.006535947712418301,FOLDING UMBRELLA CREAM POLKADOT,4.95,2.7225,Review margin
72529W,918.75,125.05999999999999,793.6899999999999,454.74,137.8125,73.5,127.63749999999996,464,74,0.1608153057238972,0.15948275862068967,WHITE ADVENT CANDLE,2.12,1.1660000000000001,Monitor
84865,645.32,0.0,645.32,369.32500000000005,96.798,51.625600000000006,127.57139999999994,79,0,0.19768703898840875,0.0,NEW BAROQUE BLACK PHOTO ALBUM,8.5,4.675000000000001,Monitor
23484,547.35,0.0,547.35,294.0575,82.1025,43.788000000000004,127.40199999999999,185,0,0.2327614871654334,0.0,HEART TRELLIS TRIPLE T-LIGHT HOLDER,2.89,1.5895000000000001,Monitor
21674,697.8,0.0,697.8,410.19,104.66999999999999,55.824,127.11599999999994,44,0,0.18216680997420456,0.0,RIDGED GLASS PENDANT LAMPSHADE,16.95,9.3225,Monitor
85129A,570.41,15.0,555.41,297.6875,85.5615,45.632799999999996,126.5282,445,12,0.22781044633694028,0.02696629213483146,"WHITE PEARL BEADED HEART, SMALL",1.25,0.6875,Monitor
85113,591.6600000000001,0.0,591.6600000000001,329.17500000000007,88.749,47.332800000000006,126.40319999999996,285,0,0.21364161849710972,0.0,POLKA DOT PISTACHIO PAIL,2.1,1.1550000000000002,Monitor
22643,1019.78,0.0,1019.78,659.1750000000001,152.96699999999998,81.58239999999999,126.0555999999999,470,0,0.12361058267469445,0.0,SET OF 4 NAPKIN CHARMS LEAVES,2.55,1.4025,Monitor
20695,604.58,17.0,587.58,322.57500000000005,90.687,48.3664,125.95159999999996,142,4,0.21435651315565532,0.028169014084507043,FLORAL BLUE MONSTER,4.25,2.3375000000000004,Monitor
21458,849.24,0.0,849.24,528.0,127.386,67.9392,125.91479999999999,768,0,0.14826762752578773,0.0,2 PICTURE BOOK EGGS EASTER BUNNY,1.25,0.6875,Monitor
22861,522.93,0.0,522.93,276.7875,78.4395,41.834399999999995,125.86859999999997,305,0,0.24069875509150362,0.0,EASTER TIN CHICKS IN GARDEN,1.65,0.9075,Monitor
16045,429.44,0.0,429.44,204.864,64.416,34.3552,125.80479999999997,9312,0,0.2929508196721311,0.0,POPART WOODEN PENCILS ASST,0.04,0.022000000000000002,Monitor
85129C,513.98,0.0,513.98,270.1875,77.097,41.1184,125.57709999999999,393,0,0.24432293085334056,0.0,BEADED CRYSTAL HEART BLUE SMALL,1.25,0.6875,Monitor
84601A,638.34,187.5,450.84000000000003,178.47500000000002,95.751,51.0672,125.54679999999999,260,150,0.2784730724869133,0.5769230769230769,NEW BAROQUE IVORY CUSHION COVER,2.95,1.6225000000000003,Monitor
23120,695.41,30.24,665.17,379.764,104.3115,55.632799999999996,125.46169999999995,1716,72,0.18861599290406958,0.04195804195804196,PACK OF 6 SMALL FRUIT STRAWS,0.42,0.231,Monitor
20863,605.73,2.1,603.63,339.57000000000005,90.8595,48.458400000000005,124.74209999999994,295,1,0.20665324785050435,0.003389830508474576,BLUE PATCH PENCIL CASE PINK HEART,2.1,1.1550000000000002,Monitor
16169C,567.0,0.0,567.0,311.85,85.05,45.36,124.73999999999998,1350,0,0.21999999999999997,0.0,WRAP BLUE REINDEER,0.42,0.231,Monitor
23216,630.73,0.0,630.73,360.9375,94.6095,50.4584,124.72459999999998,525,0,0.19774642081397742,0.0,LAUREL HEART ANTIQUE GOLD,1.25,0.6875,Monitor
23422,477.89,0.0,477.89,243.67200000000003,71.6835,38.2312,124.30329999999998,213,0,0.26010860239804134,0.0,PANTRY HOOK BALLOON WHISK,2.08,1.1440000000000001,Monitor
17164B,650.76,0.84,649.92,376.06800000000004,97.61399999999999,52.0608,124.17719999999996,1630,2,0.19106536189069417,0.001226993865030675,ASS COL SMALL SAND GECKO P'WEIGHT,0.42,0.231,Monitor
23456,634.1,8.3,625.8000000000001,356.07,95.11500000000001,50.728,123.887,158,2,0.19796580377117287,0.012658227848101266,MEDIUM PARLOUR PICTURE FRAME,4.15,2.2825,Monitor
23538,1334.49,0.0,1334.49,903.8700000000001,200.1735,106.7592,123.68729999999992,332,0,0.09268507070116667,0.0,WALL ART VINTAGE HEART,4.95,2.7225,Review margin
84596K,543.41,1.25,542.16,293.5625,81.5115,43.4728,123.6132,428,1,0.22800132802124837,0.002336448598130841,JELLY BABIES YELLOW SMALL BOWL,1.25,0.6875,Monitor
84707A,1055.83,0.0,1055.83,689.5350000000001,158.37449999999998,84.4664,123.45409999999998,126,0,0.11692611499957378,0.0,SILVER JEWELLED MIRROR TRINKET TRAY,9.95,5.4725,Monitor
21320,913.34,52.5,860.84,527.34,137.001,73.0672,123.43179999999997,398,22,0.14338529808094416,0.05527638190954774,GLASS CHALICE GREEN  LARGE,2.55,1.4025,Monitor
23532,901.58,0.0,901.58,571.7250000000001,135.23700000000002,72.1264,122.4916,210,0,0.1358632622728987,0.0,WALL ART WORK REST AND PLAY,4.95,2.7225,Monitor
23660,534.66,26.4,508.25999999999993,263.175,80.19899999999998,42.7728,122.11319999999996,306,16,0.24025734860110962,0.05228758169934641,HENRIETTA HEN MUG,1.65,0.9075,Monitor
90209B,732.76,0.0,732.76,442.1505,109.91399999999999,58.6208,122.07469999999995,381,0,0.16659574758447507,0.0,GREEN ENAMEL+GLASS HAIR COMB,2.11,1.1605,Monitor
22641,704.9,0.0,704.9,420.75000000000006,105.735,56.392,122.02299999999994,300,0,0.17310682366293084,0.0,SET OF 4 NAPKIN CHARMS INSTRUMENT,2.55,1.4025,Monitor
22936,895.97,198.0,697.97,370.01250000000005,134.3955,71.6776,121.88439999999996,279,72,0.17462698969869758,0.25806451612903225,BAKING MOULD ROSE WHITE CHOCOLATE,3.25,1.7875,Monitor
23060,528.1700000000001,0.0,528.1700000000001,284.85600000000005,79.2255,42.253600000000006,121.83489999999998,249,0,0.230673646742526,0.0,HEART BEADED TRELLIS DECORATION,2.08,1.1440000000000001,Monitor
84673B,393.26000000000005,0.65,392.61,180.53750000000002,58.989000000000004,31.460800000000003,121.62269999999998,506,1,0.30977993428593253,0.001976284584980237,BLUE FLY SWAT,0.65,0.35750000000000004,Monitor
84051,617.3299999999999,0.0,617.3299999999999,353.89750000000004,92.59949999999999,49.3864,121.44659999999995,757,0,0.19672881603032408,0.0,ASS COLOUR GLOWING TIARAS,0.85,0.4675,Monitor
23471,626.74,0.0,626.74,361.185,94.011,50.139199999999995,121.40479999999998,66,0,0.1937083958260203,0.0,SIX DRAWER OFFICE TIDY,9.95,5.4725,Monitor
84510C,404.09,0.0,404.09,189.75,60.6135,32.3272,121.3993,276,0,0.3004263901606078,0.0,SET OF 4 POLKADOT COASTERS,1.25,0.6875,Monitor
20845,502.27,0.0,502.27,265.43,75.34049999999999,40.181599999999996,121.31789999999995,76,0,0.24153921197762152,0.0,ZINC HEART LATTICE 2 WALL PLANTER,6.35,3.4925,Monitor
21425,1274.93,91.45000000000002,1183.48,769.065,191.2395,101.9944,121.18109999999992,505,31,0.10239387230878419,0.061386138613861385,SKULLS STORAGE BOX LARGE,2.95,1.6225000000000003,Monitor
84247L,508.29,5.04,503.25,265.41900000000004,76.2435,40.6632,120.92429999999997,1161,12,0.24028673621460503,0.0103359173126615,FAWN AND MUSHROOM GREETING CARD,0.42,0.231,Monitor
90129B,329.95,0.0,329.95,133.298,49.4925,26.396,120.76350000000001,146,0,0.3660054553720261,0.0,TURQUOISE GLASS TASSLE BAG CHARM,1.66,0.913,Monitor
23018,612.1600000000001,0.0,612.1600000000001,350.62500000000006,91.824,48.9728,120.73819999999996,51,0,0.19723307631991627,0.0,LARGE APOTHECARY MEASURING JAR,12.5,6.875000000000001,Monitor
84773,560.5,5.9,554.6,305.03000000000003,84.075,44.84,120.655,190,2,0.2175531914893617,0.010526315789473684,RED ROSE AND LACE C/COVER,2.95,1.6225000000000003,Monitor
23549,548.1,0.0,548.1,301.45500000000004,82.215,43.848,120.58199999999998,1305,0,0.21999999999999995,0.0,WRAP BIRD GARDEN,0.42,0.231,Monitor
10134,723.63,12.5,711.13,424.1875,108.5445,57.8904,120.50760000000001,627,10,0.16945931123704527,0.01594896331738437,COLOURING PENCILS BROWN TUBE,1.25,0.6875,Monitor
20906,371.19,0.0,371.19,165.49500000000003,55.6785,29.695200000000003,120.3213,102,0,0.32415016568334276,0.0,VINTAGE NOTEBOOK BEAUTY GIRL,2.95,1.6225000000000003,Monitor
21147,883.08,4.2,878.88,555.5550000000002,132.462,70.6464,120.21659999999989,483,2,0.13678386127799003,0.004140786749482402,JINGLE BELLS TREE DECORATION,2.1,1.1550000000000002,Monitor
20781,594.8100000000001,32.94,561.87,304.96950000000004,89.22149999999999,47.5848,120.09419999999997,107,6,0.21374018901169303,0.056074766355140186,GOLD EAR MUFF HEADPHONES,5.49,3.0195000000000003,Monitor
23457,554.83,0.0,554.83,307.64250000000004,83.2245,44.3864,119.5766,113,0,0.2155193482688391,0.0,LARGE PARLOUR PICTURE FRAME,4.95,2.7225,Monitor
23134,6431.110000000001,0.0,6431.110000000001,4832.437500000001,964.6664999999999,514.4888,119.51719999999949,1065,0,0.01858422574019096,0.0,LARGE ZINC HEART WALL ORGANISER,8.25,4.5375000000000005,Review margin
40046A,472.07,0.0,472.07,244.0625,70.8105,37.7656,119.4314,355,0,0.2529951066579109,0.0,RED DAISY PAPER LAMPSHADE,1.25,0.6875,Monitor
35597B,224.1,0.0,224.1,53.625,33.614999999999995,17.927999999999997,118.93199999999997,78,0,0.5307095046854082,0.0,BLACKCHRISTMAS TREE 30CM,1.25,0.6875,Monitor
23058,430.86,0.0,430.86,212.90500000000003,64.629,34.4688,118.85720000000002,490,0,0.2758603722786985,0.0,CHRISTMAS HANGING SNOWFLAKE,0.79,0.43450000000000005,Monitor
20766,1555.97,15.0,1540.97,1064.25,233.3955,124.4776,118.8469,520,4,0.07712473312264354,0.007692307692307693,GARDEN PATH SKETCHBOOK,3.75,2.0625,Review margin
23520,604.3,0.0,604.3,346.5,90.645,48.344,118.81099999999999,168,0,0.19660930001654808,0.0,EMBROIDERED RIBBON REEL RUBY,3.75,2.0625,Monitor
84762B,837.77,0.0,837.77,526.4105000000001,125.6655,67.0216,118.67239999999993,113,0,0.14165272091385456,0.0,PINK PICNIC BARBECUE BUCKET,8.47,4.658500000000001,Monitor
90114,514.18,0.0,514.18,277.365,77.127,41.1344,118.55359999999999,205,0,0.2305682834804932,0.0,SUMMER DAISIES BAG CHARM,2.46,1.353,Monitor
90203,549.27,7.5,541.77,297.0,82.3905,43.9416,118.4379,73,1,0.21861288000442994,0.0136986301369863,SILVER CHARM NECKLACE 70CM,7.5,4.125,Monitor
16008,422.96,0.0,422.96,207.306,63.443999999999996,33.8368,118.3732,3141,0,0.27986854548893514,0.0,SMALL FOLDING SCISSOR(POINTED EDGE),0.12,0.066,Monitor
79190B,603.08,6.72,596.36,339.339,90.46199999999999,48.2464,118.31259999999999,1485,16,0.19839124019048895,0.010774410774410775,RETRO PLASTIC POLKA TRAY,0.42,0.231,Monitor
21306,343.09,7.319999999999999,335.77,138.567,51.463499999999996,27.447200000000002,118.2923,682,19,0.35230157548321767,0.02785923753665689,SET/4 DAISY MIRROR MAGNETS,0.38,0.20900000000000002,Monitor
22031,493.99,5.04,488.95,257.103,74.0985,39.5192,118.22929999999998,1125,12,0.24180243378668573,0.010666666666666666,BOTANICAL LAVENDER BIRTHDAY CARD,0.42,0.231,Monitor
71101E,627.83,2.55,625.28,362.78000000000003,94.1745,50.2264,118.09909999999998,779,3,0.18887394447287612,0.0038510911424903724,STANDING FAIRY POLE SUPPORT,0.85,0.4675,Monitor
72750C,476.4,0.0,476.4,248.82,71.46,38.112,118.00800000000001,232,0,0.24770780856423177,0.0,"F.FAIRY S/3 CANDLE/GLASS, ROSE",1.95,1.0725,Monitor
84615,748.48,241.68,506.79999999999995,216.64499999999998,112.27199999999999,59.8784,118.00459999999998,240,38,0.23284254143646407,0.15833333333333333,PINK ROUND BUTTERFLY MIRROR,1.95,1.0725,Monitor
84875D,483.75,0.0,483.75,255.0625,72.5625,38.699999999999996,117.425,371,0,0.24273901808785528,0.0,BLUE SQUARE COMPACT MIRROR,1.25,0.6875,Monitor
23019,629.0500000000001,0.0,629.0500000000001,367.5375,94.3575,50.324000000000005,116.83099999999999,81,0,0.18572609490501546,0.0,SMALL APOTHECARY MEASURING JAR,8.25,4.5375000000000005,Monitor
85161,863.85,37.9,825.95,510.70250000000004,129.5775,69.108,116.56199999999994,51,2,0.1411247654216356,0.0392156862745098,ACRYLIC GEOMETRIC LAMP,18.95,10.422500000000001,Monitor
84873A,411.09999999999997,0.0,411.09999999999997,200.013,61.665,32.888,116.53399999999999,33,0,0.2834687423984432,0.0,FUNKY FLOWER PICNIC BAG FOR 4,11.02,6.061,Monitor
23016,575.25,19.950000000000003,555.3,306.5425,86.2875,46.02,116.44999999999999,74,3,0.20970646497388798,0.04054054054054054,GLASS TWIST BON BON JAR,7.85,4.3175,Monitor
35968,363.34000000000003,9.5,353.84000000000003,153.824,54.501,29.067200000000003,116.4478,761,25,0.32909733212751524,0.0328515111695138,FOLK ART METAL HEART T-LIGHT HOLDER,0.38,0.20900000000000002,Monitor
84816,1278.3500000000001,340.6,937.7500000000001,527.3400000000001,191.75250000000003,102.268,116.38949999999998,33,9,0.12411570247933881,0.2727272727272727,DANISH ROSE BEDSIDE CABINET,39.95,21.972500000000004,Monitor
20654,507.91,0.0,507.91,275.0,76.1865,40.6328,116.0907,400,0,0.22856549388671218,0.0,FIRST CLASS LUGGAGE TAG,1.25,0.6875,Monitor
21764,659.1500000000001,39.95,619.2,351.56000000000006,98.8725,52.732,116.03549999999998,17,1,0.1873958333333333,0.058823529411764705,VINTAGE WOODEN PLATE RACK,39.95,21.972500000000004,Monitor
22764,3462.49,93.8,3368.6899999999996,2456.3275,519.3734999999999,276.9992,115.98979999999993,183,4,0.03443172271713929,0.02185792349726776,"RUSTIC WOODEN CABINET, GLASS DOORS",24.95,13.7225,Review margin
21250,997.5500000000001,0.0,997.5500000000001,652.2450000000001,149.6325,79.804,115.86849999999993,402,0,0.1161530750338328,0.0,SET OF SKULL WALL STICKERS,2.95,1.6225000000000003,Monitor
23473,552.85,0.0,552.85,309.9635,82.9275,44.228,115.73099999999998,679,0,0.20933526272949257,0.0,WOODLAND SMALL RED FELT HEART,0.83,0.4565,Monitor
23136,511.89,0.0,511.89,278.4375,76.7835,40.9512,115.7178,135,0,0.22605989568071266,0.0,IVORY WIRE SWEETHEART LETTER TRAY,3.75,2.0625,Monitor
84629,237.8,4.95,232.85,62.61750000000001,35.67,19.024,115.53849999999998,24,1,0.49619282800085884,0.041666666666666664,WHITE 3 FRAME BIRDS AND TREE,4.95,2.7225,Monitor
16015,711.38,0.0,711.38,432.3,106.707,56.9104,115.46259999999998,1572,0,0.16230790857207117,0.0,MEDIUM CHINESE STYLE SCISSOR,0.5,0.275,Monitor
21223,592.08,0.0,592.08,341.0,88.812,47.3664,114.9016,496,0,0.19406431563302257,0.0,SET/4 BADGES WOODLAND ANIMAL,1.25,0.6875,Monitor
37464,431.18,0.0,431.18,217.25,64.67699999999999,34.4944,114.7586,316,0,0.2661500997263324,0.0,ROBOT MUG IN DISPLAY BOX,1.25,0.6875,Monitor
72807c,511.98,0.0,511.98,279.51000000000005,76.797,40.958400000000005,114.71459999999996,60,0,0.22406070549630835,0.0,SET/3 VANILLA SCENTED CANDLE IN BOX,8.47,4.658500000000001,Monitor
90175D,527.8199999999999,0.0,527.8199999999999,291.88500000000005,79.173,42.2256,114.53639999999996,58,0,0.2169989769239513,0.0,TIGRIS EYE CHUNKY CHARM BRACELET,9.15,5.032500000000001,Monitor
90209C,754.46,12.600000000000001,741.86,453.91500000000013,113.169,60.35680000000001,114.41919999999989,399,6,0.15423287412719366,0.015037593984962405,PINK ENAMEL+GLASS HAIR COMB,2.1,1.1550000000000002,Monitor
20619,1016.52,0.0,1016.52,668.7450000000001,152.47799999999998,81.3216,113.97539999999987,579,0,0.11212312595915463,0.0,TROPICAL PASSPORT COVER,2.1,1.1550000000000002,Monitor
90160D,529.22,6.95,522.27,286.6875,79.383,42.3376,113.8619,76,1,0.21801347961782222,0.013157894736842105,PINK BOUDICCA LARGE BRACELET,6.95,3.8225000000000002,Monitor
23381,567.9499999999999,0.0,567.9499999999999,323.68050000000005,85.1925,45.436,113.64099999999993,1509,0,0.2000897966370278,0.0,PACK OF 12 VINTAGE LEAF TISSUES,0.39,0.21450000000000002,Monitor
90120D,554.13,0.0,554.13,313.225,83.1195,44.3304,113.45509999999996,134,0,0.204744554526916,0.0,WHITE MURANO TWIST BRACELET,4.25,2.3375000000000004,Monitor
20950,353.39,0.0,353.39,158.697,53.0085,28.2712,113.41329999999999,687,0,0.3209295678994878,0.0,SET/6  ANGEL T-LIGHTS WHITE/GOLD,0.42,0.231,Monitor
23021,504.97,0.0,504.97,276.1825,75.7455,40.397600000000004,112.6444,121,0,0.223071469592253,0.0,GLASS BONNE JAM JAR,4.15,2.2825,Monitor
84931A,526.4399999999999,0.0,526.4399999999999,293.1225,78.966,42.1152,112.23629999999996,209,0,0.21319865511739225,0.0,PINK SCOTTIE DOG W FLOWER PATTERN,2.55,1.4025,Monitor
23597,684.97,17.700000000000003,667.27,397.51250000000005,102.74549999999999,54.7976,112.21439999999998,251,6,0.1681694066869483,0.02390438247011952,PAPER BUNTING PAISLEY PARK,2.95,1.6225000000000003,Monitor
47559b,511.46,0.0,511.46,281.62750000000005,76.719,40.9168,112.19669999999996,154,0,0.21936554178234852,0.0,TEA TIME OVEN GLOVE,3.325,1.8287500000000003,Monitor
84658,1227.46,0.0,1227.46,833.3050000000001,184.119,98.19680000000001,111.83919999999996,218,0,0.09111433366464076,0.0,WHITE STITCHED CUSHION COVER,6.95,3.8225000000000002,Review margin
90143,614.13,60.0,554.13,301.125,92.1195,49.1304,111.75510000000001,81,8,0.20167668236695363,0.09876543209876543,SILVER BRACELET W PASTEL FLOWER,7.5,4.125,Monitor
23339,405.0,0.0,405.0,200.20000000000002,60.75,32.4,111.64999999999998,175,0,0.27567901234567893,0.0,EGG FRYING PAN BLUE,2.08,1.1440000000000001,Monitor
23560,502.07000000000005,0.0,502.07000000000005,274.98350000000005,75.3105,40.1656,111.61039999999998,173,0,0.22230047602923889,0.0,SET OF 6 RIBBONS COUNTRY STYLE,2.89,1.5895000000000001,Monitor
79030D,713.98,0.39,713.59,437.7944999999999,107.097,57.1184,111.58010000000006,1015,1,0.15636443896355057,0.0009852216748768472,TUMBLER BAROQUE,0.7849999999999999,0.43174999999999997,Monitor
84901,482.38,0.0,482.38,259.875,72.357,38.590399999999995,111.5576,126,0,0.2312649778183175,0.0,BLACK FACE LAMB WITH PANTS,3.75,2.0625,Monitor
23022,808.16,62.400000000000006,745.76,448.44800000000004,121.224,64.6528,111.43519999999998,422,30,0.1494250160909676,0.07109004739336493,SMALL BONNE JAM JAR  T-LIGHT HOLDER,2.08,1.1440000000000001,Monitor
23218,483.03,0.0,483.03,260.5625,72.4545,38.6424,111.3706,379,0,0.2305666314721653,0.0,LAUREL STAR ANTIQUE GOLD,1.25,0.6875,Monitor
79071B,469.1,0.0,469.1,249.86500000000004,70.36500000000001,37.528000000000006,111.342,154,0,0.23735237689192068,0.0,ENGLISH ROSE METAL WASTE BIN,2.95,1.6225000000000003,Monitor
85014b,491.42,0.0,491.42,267.26700000000005,73.713,39.3136,111.12639999999999,39,0,0.22613324651011352,0.0,RED RETROSPOT UMBRELLA,12.46,6.853000000000001,Monitor
46776C,905.1,0.0,905.1,586.047,135.765,72.408,110.88,258,0,0.12250580046403711,0.0,WOVEN FROST CUSHION COVER,4.13,2.2715,Monitor
17165D,689.6700000000001,6.300000000000001,683.37,414.0675000000001,103.4505,55.17360000000001,110.6783999999999,723,6,0.16195969972342933,0.008298755186721992,ASS COL LARGE SAND FROG P'WEIGHT,1.05,0.5775000000000001,Monitor
84429A,374.73,0.0,374.73,178.47500000000002,56.209500000000006,29.9784,110.06710000000001,110,0,0.2937237477650575,0.0,MEDIUM PINK BUDDHA HEAD,2.95,1.6225000000000003,Monitor
17165B,754.83,4.2,750.63,467.1975000000001,113.2245,60.3864,109.82159999999986,813,4,0.146305903041445,0.004920049200492005,ASS COL LARGE SAND GECKO P'WEIGHT,1.05,0.5775000000000001,Monitor
21268,261.66,0.0,261.66,91.70700000000001,39.249,20.9328,109.7712,397,0,0.4195184590690208,0.0,VINTAGE BLUE TINSEL REEL,0.42,0.231,Monitor
47579,420.87,2.1,418.77000000000004,212.52000000000004,63.130500000000005,33.6696,109.44989999999997,185,1,0.26136041263700827,0.005405405405405406,TEA TIME BREAKFAST BASKET,2.1,1.1550000000000002,Monitor
23455,569.4300000000001,0.0,569.4300000000001,329.02650000000006,85.4145,45.55440000000001,109.43459999999999,207,0,0.19218270902481424,0.0,SMALL PARLOUR PICTURE FRAME,2.89,1.5895000000000001,Monitor
21910,1398.1799999999998,0.0,1398.1799999999998,967.395,209.72699999999998,111.8544,109.20359999999992,1066,0,0.07810410676736897,0.0,WAY OUT METAL SIGN,1.65,0.9075,Review margin
20621,453.77000000000004,0.0,453.77000000000004,240.24000000000007,68.0655,36.3016,109.16289999999995,208,0,0.2405687903563478,0.0,ECONOMY PASSPORT COVER,2.1,1.1550000000000002,Monitor
84970l,487.14,0.0,487.14,266.552,73.071,38.9712,108.54579999999997,233,0,0.2228225971999835,0.0,SINGLE HEART ZINC T-LIGHT HOLDER,2.08,1.1440000000000001,Monitor
21663,488.16,41.65,446.51000000000005,225.8025,73.224,39.052800000000005,108.4307,76,7,0.24284047389756105,0.09210526315789473,VINTAGE GLASS SUGAR CADDY,5.95,3.2725000000000004,Monitor
84509c,505.26,0.0,505.26,280.797,75.789,40.4208,108.25319999999996,67,0,0.2142524640779004,0.0,SET OF 4 POLKADOT PLACEMATS,7.62,4.191000000000001,Monitor
84218,507.40999999999997,1.95,505.46,280.995,76.11149999999999,40.5928,107.76069999999997,263,1,0.21319332884896922,0.0038022813688212928,BOX/12 CHICK & EGG IN BASKET,1.95,1.0725,Monitor
84858B,431.0,0.0,431.0,224.125,64.65,34.480000000000004,107.745,326,0,0.24998839907192577,0.0,BLUE RIVIERA HANDBAG,1.25,0.6875,Monitor
23024,667.8500000000001,4.98,662.8700000000001,402.1435,100.17750000000001,53.42800000000001,107.12100000000001,255,2,0.16160182237844523,0.00784313725490196,LARGE BONNE JAM JAR  T-LIGHT HOLDER,2.89,1.5895000000000001,Monitor
21518,474.32,0.0,474.32,258.48900000000003,71.148,37.9456,106.73739999999998,1119,0,0.2250324675324675,0.0,BANK ACCOUNT  GREETING  CARD,0.42,0.231,Monitor
90160B,490.92,0.0,490.92,271.39750000000004,73.63799999999999,39.2736,106.6109,71,0,0.21716552595127514,0.0,RED BOUDICCA LARGE BRACELET,6.95,3.8225000000000002,Monitor
82613C,821.26,10.9,810.36,514.9375,123.189,65.7008,106.53269999999999,771,22,0.13146342366355693,0.028534370946822308,"METAL SIGN,CUPCAKE SINGLE HOOK",1.25,0.6875,Monitor
85169D,603.98,1.25,602.73,357.5,90.597,48.3184,106.31459999999998,521,1,0.1763884326315265,0.0019193857965451055,PINK LOVE BIRD CANDLE,1.25,0.6875,Monitor
84932B,401.3,0.0,401.3,202.7025,60.19499999999999,32.104,106.2985,189,0,0.26488537253924743,0.0,SMALL PINK PEONY FOLDING STOOL,1.95,1.0725,Monitor
20768,1536.74,0.0,1536.74,1077.1200000000001,230.511,122.9392,106.16979999999991,768,0,0.0690876791129273,0.0,GREEN FERN JOURNAL,2.55,1.4025,Review margin
35981C,298.0,0.0,298.0,123.31,44.7,23.84,106.15,590,0,0.3562080536912752,0.0,WHITE SNOW SCANDINAVIAN STOCKING,0.38,0.20900000000000002,Monitor
84508B,456.30999999999995,15.299999999999999,441.01,230.01000000000002,68.4465,36.504799999999996,106.04869999999995,170,6,0.24046778984603515,0.03529411764705882,STRIPES DESIGN TEDDY,2.55,1.4025,Monitor
72267,546.96,0.0,546.96,315.31500000000005,82.044,43.756800000000005,105.84419999999996,273,0,0.193513602457218,0.0,PREMIUM CHURCH CANDLE,2.1,1.1550000000000002,Monitor
21144,287.47,4.5600000000000005,282.91,110.979,43.1205,22.997600000000002,105.81290000000001,543,12,0.3740161182001343,0.022099447513812154,PINK POODLE HANGING DECORATION,0.38,0.20900000000000002,Monitor
90145,455.86,0.0,455.86,245.43750000000003,68.379,36.4688,105.57469999999998,75,0,0.23159456850787516,0.0,SILVER HOOP EARRINGS WITH FLOWER,5.95,3.2725000000000004,Monitor
46126A,419.99,0.0,419.99,217.9375,62.9985,33.5992,105.45479999999999,317,0,0.25108883544846305,0.0,ELVIS WALLHANGING / CURTAIN,1.25,0.6875,Monitor
22289,822.48,0.0,822.48,528.0,123.372,65.7984,105.30959999999999,768,0,0.12803910125474174,0.0,HANGING METAL CHICKEN DECORATION,1.25,0.6875,Monitor
84948,469.10999999999996,6.6,462.50999999999993,249.5625,70.36649999999999,37.5288,105.05219999999996,279,4,0.22713498086527853,0.014336917562724014,SILVER HANGING T-LIGHT HOLDER DOME,1.65,0.9075,Monitor
47310M,1004.94,0.0,1004.94,668.789,150.74099999999999,80.3952,105.01480000000006,746,0,0.10449857702947446,0.0,SMALL POP BOX FUNKY MONKEY,1.63,0.8965,Monitor
22038,481.0,0.0,481.0,265.65000000000003,72.14999999999999,38.48,104.71999999999998,1150,0,0.2177130977130977,0.0,BOTANICAL LAVENDER GIFT WRAP,0.42,0.231,Monitor
21705,3145.7099999999996,41.49999999999999,3104.2099999999996,2276.01,471.8564999999999,251.65679999999998,104.68669999999975,2534,26,0.033724103717209776,0.010260457774269928,BAG 500g SWIRLY MARBLES,1.65,0.9075,Review margin
21536,478.94000000000005,14.700000000000001,464.24,249.48000000000005,71.84100000000001,38.315200000000004,104.60379999999998,223,7,0.22532267792521105,0.03139013452914798,DAIRY MAID  SMALL  MILK JUG,2.1,1.1550000000000002,Monitor
70007,1691.1799999999998,19.799999999999997,1671.3799999999999,1177.935,253.67699999999996,135.2944,104.47360000000003,1310,12,0.062507389103615,0.00916030534351145,HI TEC ALPINE HAND WARMER,1.65,0.9075,Review margin
21028,423.9,0.0,423.9,222.0625,63.585,33.912,104.3405,323,0,0.24614413776834163,0.0,NINJA RABBIT BLACK,1.25,0.6875,Monitor
20840,1419.09,365.85,1053.2399999999998,622.71,212.8635,113.5272,104.13929999999993,885,219,0.0988751851429873,0.24745762711864408,FRENCH FLORAL CUSHION COVER,1.7,0.935,Review margin
21729,422.9,0.0,422.9,221.65,63.434999999999995,33.832,103.983,124,0,0.24588082288957203,0.0,SMALL MARAKESH METAL  LANTERN,3.25,1.7875,Monitor
85226C,523.41,0.0,523.41,299.77750000000003,78.5115,41.8728,103.24819999999997,991,0,0.19726065608222995,0.0,BLUE PULL BACK RACING CAR,0.55,0.30250000000000005,Monitor
85136B,473.77000000000004,7.95,465.82,253.60500000000002,71.0655,37.9016,103.24789999999997,59,1,0.22164763213258334,0.01694915254237288,BLUE SHARK HELICOPTER,7.95,4.3725000000000005,Monitor
21459,520.55,35.1,485.45,262.7625,78.0825,41.644,102.96099999999997,263,18,0.21209393346379643,0.06844106463878327,YELLOW EASTER EGG HUNT START POST,1.95,1.0725,Monitor
23509,452.72,0.0,452.72,246.01500000000001,67.908,36.2176,102.5794,1065,0,0.22658464393002298,0.0,MINI PLAYING CARDS FUN FAIR,0.42,0.231,Monitor
23272,562.2199999999999,0.0,562.2199999999999,330.33000000000004,84.33299999999998,44.977599999999995,102.57939999999996,364,0,0.1824541994237131,0.0,TREE T-LIGHT HOLDER WILLIE WINKIE,1.65,0.9075,Monitor
84951B,802.73,0.0,802.73,515.845,120.4095,64.2184,102.2571,565,0,0.12738666799546547,0.0,SET OF 4 BLACK LOVEBIRD COASTERS,1.66,0.913,Monitor
84760S,368.90999999999997,0.0,368.90999999999997,181.83,55.3365,29.5128,102.23069999999998,228,0,0.27711555663983084,0.0,SMALL HANGING GLASS+ZINC LANTERN,1.45,0.7975,Monitor
72728,523.15,0.0,523.15,300.6025,78.4725,41.852,102.22299999999993,643,0,0.1953990251361941,0.0,ROSE SCENT CANDLES IN GLASS,0.85,0.4675,Monitor
84402D,358.92999999999995,0.0,358.92999999999995,174.3775,53.8395,28.714399999999998,101.99859999999997,373,0,0.28417407293901314,0.0,PINK DRESS JEWELLERY STAND,0.85,0.4675,Monitor
90120C,462.32,0.0,462.32,254.18800000000005,69.348,36.9856,101.79839999999997,109,0,0.22019034435023355,0.0,GREEN MURANO TWIST BRACELET,4.24,2.3320000000000003,Monitor
84972L,462.15000000000003,0.0,462.15000000000003,254.18250000000003,69.3225,36.972,101.67299999999997,117,0,0.21999999999999992,0.0,GIANT PINK HEART MEMO HOLDER,3.95,2.1725000000000003,Monitor
84292,385.98,7.95,378.03000000000003,188.01750000000004,57.89699999999999,30.8784,101.23709999999998,44,1,0.26780176176493925,0.022727272727272728,ROSE PINK METAL FOLDING CHAIR,7.95,4.3725000000000005,Monitor
47421,576.9,6.72,570.18,336.567,86.535,46.151999999999994,100.92599999999996,1473,16,0.17700726086498994,0.010862186014935505,ASSORTED COLOUR LIZARD SUCTION HOOK,0.42,0.231,Monitor
90199C,591.64,12.7,578.9399999999999,342.265,88.746,47.3312,100.59779999999998,100,2,0.17376204788060937,0.02,5 STRAND GLASS NECKLACE CRYSTAL,6.35,3.4925,Monitor
21780,1745.85,0.0,1745.85,1243.7810000000002,261.8775,139.668,100.52349999999987,203,0,0.05757854340292687,0.0,MA CAMPAGNE 4 DRAWER WALL SHELF,11.14,6.127000000000001,Review margin
22541,504.34,0.0,504.34,287.826,75.651,40.3472,100.51579999999996,1246,0,0.19930166157750717,0.0,MINI JIGSAW LEAP FROG,0.42,0.231,Monitor
22116,1103.88,27.900000000000002,1075.98,721.6824999999999,165.582,88.3104,100.4051000000001,823,18,0.0933150244428336,0.02187120291616039,METAL SIGN HIS DINNER IS SERVED,1.63,0.8965,Review margin
84859C,552.72,0.0,552.72,326.04,82.908,44.2176,99.55439999999999,304,0,0.18011723838471555,0.0,PINK DISCO HANDBAG,1.95,1.0725,Monitor
90192,469.18,9.9,459.28000000000003,251.98800000000003,70.377,37.534400000000005,99.38059999999999,94,2,0.21638346977878414,0.02127659574468085,JADE DROP EARRINGS W FILIGREE,4.98,2.7390000000000003,Monitor
23548,451.5,0.0,451.5,248.32500000000002,67.725,36.12,99.32999999999998,1075,0,0.21999999999999997,0.0,WRAP MAGIC FOREST,0.42,0.231,Monitor
23691,481.5,0.0,481.5,271.425,72.225,38.519999999999996,99.32999999999998,1175,0,0.2062928348909657,0.0,WRAP KEEP CALM BIRTHDAY,0.42,0.231,Monitor
47504G,368.06,1.25,366.81,182.875,55.209,29.4448,99.2812,267,1,0.27066110520432923,0.003745318352059925,ENGLISH ROSE TAPE MEASURE,1.25,0.6875,Monitor
20936,849.2900000000001,25.750000000000004,823.5400000000001,528.9350000000001,127.3935,67.9432,99.26829999999998,335,9,0.12053852879034409,0.026865671641791045,FORKED CACTUS CANDLE,2.95,1.6225000000000003,Monitor
21025,397.37,0.0,397.37,206.9375,59.6055,31.7896,99.03739999999999,301,0,0.24923220172635074,0.0,SPACE FROG,1.25,0.6875,Monitor
84007,418.21999999999997,0.0,418.21999999999997,222.99750000000003,62.733,33.4576,99.03189999999996,159,0,0.23679379274066273,0.0,MAGIC GARDEN MOUNT FUJI,2.55,1.4025,Monitor
21880,1289.8300000000002,15.600000000000001,1274.23,879.0925000000002,193.4745,103.1864,98.47659999999992,2483,24,0.07728322202428127,0.009665726943213854,RED RETROSPOT TAPE,0.65,0.35750000000000004,Review margin
90195B,532.29,35.8,496.48999999999995,275.66,79.84349999999999,42.5832,98.40329999999996,60,4,0.1981979496062357,0.06666666666666667,BLACK GEMSTONE BRACELET,8.95,4.9225,Monitor
21552,843.5500000000001,17.85,825.7,533.4175,126.5325,67.484,98.26599999999996,166,3,0.11900932542085498,0.018072289156626505,CERAMIC BIRDHOUSE BLACK ROSE  LARGE,5.95,3.2725000000000004,Monitor
23044,435.74000000000007,0.0,435.74000000000007,237.38000000000002,65.361,34.8592,98.13980000000001,104,0,0.2252255932436774,0.0,PAPER LANTERN 9 POINT HOLLY STAR S,4.15,2.2825,Monitor
90198B,446.15,0.0,446.15,245.43750000000003,66.9225,35.692,98.09799999999997,105,0,0.21987672307519887,0.0,VINTAGE ROSE BEAD BRACELET BLACK,4.25,2.3375000000000004,Monitor
84497,387.13,0.0,387.13,200.0625,58.0695,30.9704,98.0276,97,0,0.25321623227339657,0.0,BUTTONS AND STRIPES NOTEBOOK,3.75,2.0625,Monitor
84952A,392.53,0.0,392.53,204.31400000000002,58.8795,31.4024,97.93409999999996,148,0,0.2494945609252795,0.0,CLEAR LOVE BIRD T-LIGHT HOLDER,2.51,1.3805,Monitor
84533B,377.93,0.0,377.93,193.07750000000001,56.689499999999995,30.2344,97.92859999999999,59,0,0.2591183552509724,0.0,FAIRY CAKES ROUND NESTING BOXES,5.95,3.2725000000000004,Monitor
84706F,208.3,8.95,199.35,53.54250000000001,31.244999999999997,16.664,97.89849999999998,34,1,0.4910885377476799,0.029411764705882353,RED PEONY TABLE CLOCK,2.95,1.6225000000000003,Monitor
21376,854.91,0.0,854.91,560.5325,128.2365,68.39280000000001,97.74819999999994,187,0,0.1143374156343942,0.0,LARGE  TALL CAMPHOR WOOD TOADSTOOL,5.45,2.9975000000000005,Monitor
90120B,451.44,0.0,451.44,250.11250000000004,67.716,36.1152,97.49629999999998,107,0,0.2159673489278752,0.0,BLUE MURANO TWIST BRACELET,4.25,2.3375000000000004,Monitor
23429,400.01,0.0,400.01,210.67750000000004,60.0015,32.0008,97.33019999999996,47,0,0.24331941701457455,0.0,RED RETRO KITCHEN WALL CLOCK,8.15,4.482500000000001,Monitor
23150,390.75000000000006,2.49,388.26000000000005,201.31650000000002,58.612500000000004,31.26,97.07100000000003,148,1,0.2500154535620461,0.006756756756756757,IVORY SWEETHEART SOAP DISH,2.49,1.3695000000000002,Monitor
72803B,416.38,8.5,407.88,215.05000000000004,62.456999999999994,33.3104,97.06259999999997,94,2,0.2379685201529861,0.02127659574468085,OCEAN SCENT CANDLE JEWELLED DRAWER,4.25,2.3375000000000004,Monitor
84762C,761.25,0.0,761.25,489.1425000000001,114.1875,60.900000000000006,97.01999999999992,105,0,0.12744827586206886,0.0,GREEN PICNIC BARBECUE BUCKET,8.47,4.658500000000001,Monitor
35965,1429.53,18.96,1410.5700000000002,984.8575000000002,214.4295,114.36240000000001,96.92059999999992,631,24,0.06871023770532474,0.03803486529318542,FOLKART HEART NAPKIN RINGS,2.95,1.6225000000000003,Review margin
23379,465.36,0.0,465.36,261.69000000000005,69.804,37.2288,96.63719999999995,1220,0,0.20766116554925207,0.0,PACK OF 12 RED APPLE TISSUES,0.39,0.21450000000000002,Monitor
23561,476.0,0.0,476.0,270.21500000000003,71.4,38.08,96.30499999999999,170,0,0.20232142857142857,0.0,SET OF 6 RIBBONS PARTY,2.89,1.5895000000000001,Monitor
23579,362.65,0.0,362.65,183.3975,54.397499999999994,29.012,95.84299999999998,171,0,0.2642851233972149,0.0,SNACK TRAY I LOVE LONDON,1.95,1.0725,Monitor
23576,400.03999999999996,0.0,400.03999999999996,212.35500000000002,60.00599999999999,32.0032,95.67579999999998,198,0,0.2391655834416558,0.0,SNACK TRAY RED VINTAGE DOILY,1.95,1.0725,Monitor
22032,418.12,0.0,418.12,226.38000000000002,62.718,33.4496,95.57239999999999,980,0,0.22857648521955418,0.0,BOTANICAL LILY GREETING CARD,0.42,0.231,Monitor
21520,411.63,0.84,410.79,220.60500000000002,61.7445,32.9304,95.51009999999998,957,2,0.2325034689257284,0.0020898641588296763,BOOZE & WOMEN GREETING CARD,0.42,0.231,Monitor
85230B,568.0,0.0,568.0,341.968,85.19999999999999,45.44,95.39199999999995,2144,0,0.16794366197183092,0.0,CINNAMON SCENTED VOTIVE CANDLE,0.29,0.1595,Monitor
84675,571.71,23.6,548.11,321.25500000000005,85.7565,45.7368,95.3617,206,8,0.17398277717976318,0.038834951456310676,FROG KING WATERING CAN,2.95,1.6225000000000003,Monitor
85163A,1070.92,0.0,1070.92,729.3000000000001,160.63799999999998,85.67360000000001,95.30839999999998,104,0,0.0889967504575505,0.0,WHITE BAROQUE WALL CLOCK,12.75,7.0125,Review margin
84597C,450.98,5.0,445.98,247.5,67.647,36.0784,94.7546,364,4,0.21246378761379434,0.01098901098901099,RETRO PINK BALL ASHTRAY,1.25,0.6875,Monitor
90010E,501.65,35.8,465.84999999999997,255.97000000000003,75.24749999999999,40.132,94.50049999999997,56,4,0.20285606955028437,0.07142857142857142,AMBER GLASS/SILVER BRACELET,8.95,4.9225,Monitor
47593A,306.67,0.0,306.67,141.6525,46.000499999999995,24.5336,94.48339999999999,303,0,0.30809469462288447,0.0,CAROUSEL PONIES BABY BIB,0.85,0.4675,Monitor
20615,1077.81,0.0,1077.81,735.7350000000001,161.6715,86.2248,94.17869999999985,637,0,0.08737968658668954,0.0,BLUE POLKADOT PASSPORT COVER,2.1,1.1550000000000002,Review margin
16207A,423.53000000000003,0.0,423.53000000000003,232.01750000000004,63.5295,33.882400000000004,94.10059999999999,143,0,0.22218166363657824,0.0,PINK STRAWBERRY HANDBAG,2.95,1.6225000000000003,Monitor
23425,621.44,17.43,604.01,367.026,93.21600000000001,49.7152,94.05280000000002,275,7,0.15571397824539332,0.025454545454545455,STORAGE TIN HOME SWEET HOME,2.49,1.3695000000000002,Monitor
85230E,628.41,0.0,628.41,389.9775,94.26149999999998,50.2728,93.89819999999995,2445,0,0.14942187425406972,0.0,STRAWBRY SCENTED VOTIVE CANDLE,0.29,0.1595,Monitor
20976,376.99,0.0,376.99,196.62500000000003,56.548500000000004,30.159200000000002,93.65729999999999,550,0,0.2484344412318629,0.0,12 PENCILS SMALL TUBE POSY,0.65,0.35750000000000004,Monitor
85169B,505.40999999999997,0.0,505.40999999999997,295.625,75.8115,40.4328,93.54069999999999,430,0,0.18507884687679307,0.0,BLACK LOVE BIRD CANDLE,1.25,0.6875,Monitor
23337,388.75,0.0,388.75,205.92000000000002,58.3125,31.1,93.41749999999999,180,0,0.2403022508038585,0.0,EGG FRYING PAN MINT,2.08,1.1440000000000001,Monitor
84884a,410.89,0.0,410.89,223.4155,61.6335,32.8712,92.9698,49,0,0.22626445033950696,0.0,ANT WHITE WIRE HEART SPIRAL,8.29,4.5595,Monitor
84596G,1441.6,0.0,1441.6,1017.082,216.24,115.328,92.94999999999996,2228,0,0.06447697003329632,0.0,SMALL CHOCOLATES PINK BOWL,0.83,0.4565,Review margin
21444,902.0300000000001,3.75,898.2800000000001,598.125,135.3045,72.1624,92.6881,291,1,0.10318397381662733,0.003436426116838488,BLUE CHALET BIRDFEEDER,3.75,2.0625,Monitor
84726,394.84999999999997,0.0,394.84999999999997,211.4475,59.22749999999999,31.587999999999997,92.58699999999999,233,0,0.23448651386602506,0.0,LILLIES CANVAS PICTURE,1.65,0.9075,Monitor
85179A,515.72,13.950000000000001,501.77,290.895,77.358,41.257600000000004,92.2594,218,3,0.18386790760707097,0.013761467889908258,GREEN BITTY LIGHT CHAIN,2.46,1.353,Monitor
72127,449.69,1.25,448.44,253.0,67.4535,35.9752,92.0113,369,1,0.2051808491659977,0.0027100271002710027,COLUMBIAN CANDLE ROUND,1.25,0.6875,Monitor
90206C,407.56,0.0,407.56,221.85900000000004,61.134,32.604800000000004,91.96219999999998,81,0,0.22564088723132786,0.0,CRYSTAL DIAMANTE STAR BROOCH,4.98,2.7390000000000003,Monitor
84247E,1081.75,293.5,788.2500000000001,447.81000000000006,162.26250000000002,86.54,91.63750000000002,382,106,0.11625436092610213,0.2774869109947644,PACK OF 12 CHRISTMAS FUN CARDS,2.95,1.6225000000000003,Monitor
20864,498.14000000000004,2.1,496.04,289.9050000000001,74.72099999999999,39.851200000000006,91.56279999999994,252,1,0.18458753326344637,0.003968253968253968,DENIM PATCH PENCIL CASE BUTTERFLY,2.1,1.1550000000000002,Monitor
35240,416.01,0.0,416.01,228.80550000000002,62.401500000000006,33.2808,91.52219999999998,49,0,0.21999999999999997,0.0,ENAMEL BLUE RIM OVAL TRAY SET/2,8.49,4.6695,Monitor
21027,441.11,0.0,441.11,248.1875,66.1665,35.2888,91.4672,361,0,0.20735689510552924,0.0,NINJA RABBIT PINK,1.25,0.6875,Monitor
16212,292.86,0.0,292.86,134.0625,43.929,23.428800000000003,91.4397,375,0,0.3122300758041385,0.0,FUNKY GIRLZ ASST MAGNETIC MEMO PAD,0.65,0.35750000000000004,Monitor
23023,457.61999999999995,3.3,454.31999999999994,257.73,68.64299999999999,36.6096,91.33739999999996,286,2,0.20104199683042784,0.006993006993006993,RIDGED BONNE JAM JAR T-LIGHT HOLDER,1.65,0.9075,Monitor
79190A,364.25,14.67,349.58,174.63600000000002,54.637499999999996,29.14,91.16649999999998,790,34,0.2607886606785285,0.043037974683544304,RETRO PLASTIC 70'S TRAY,0.42,0.231,Monitor
23575,367.34999999999997,0.0,367.34999999999997,191.9775,55.10249999999999,29.387999999999998,90.88199999999998,179,0,0.24739893834218044,0.0,SNACK TRAY PAISLEY PARK,1.95,1.0725,Monitor
16161M,439.0,10.5,428.5,236.775,65.85,35.12,90.75499999999998,1050,25,0.2117969661610268,0.023809523809523808,WRAP  PINK FLOCK,0.42,0.231,Monitor
84933A,314.35,0.0,314.35,151.30500000000004,47.1525,25.148000000000003,90.74449999999997,131,0,0.28867345315730863,0.0,LARGE GREEN PEONY FOLDING STOOL,2.1,1.1550000000000002,Monitor
21339,544.5,0.0,544.5,329.175,81.675,43.56,90.08999999999999,30,0,0.16545454545454544,0.0,MARAKESH LANTERN LARGE,19.95,10.9725,Monitor
16169F,409.5,0.0,409.5,225.22500000000002,61.425,32.76,90.08999999999999,975,0,0.21999999999999997,0.0,WRAP BLIZZARD,0.42,0.231,Monitor
21319,743.6099999999999,56.949999999999996,686.66,425.6175,111.54149999999998,59.4888,90.01219999999995,508,39,0.13108700084466832,0.07677165354330709,GLASS CHALICE GREEN  SMALL,1.65,0.9075,Monitor
35645,301.81,0.0,301.81,142.58750000000003,45.271499999999996,24.144800000000004,89.80619999999998,61,0,0.2975587290016897,0.0,VINTAGE BEAD PINK JEWEL BOX,4.25,2.3375000000000004,Monitor
23116,392.34000000000003,0.0,392.34000000000003,212.35500000000002,58.851,31.3872,89.7468,78,0,0.22874751491053674,0.0,VEGETABLE GARDEN CHOPPING BOARD,4.95,2.7225,Monitor
90129C,243.38,0.0,243.38,97.691,36.507,19.4704,89.7116,107,0,0.3686071164434218,0.0,GREEN GLASS TASSLE BAG CHARM,1.66,0.913,Monitor
21456,776.05,1.25,774.8,506.6875,116.4075,62.083999999999996,89.621,738,1,0.11566985028394425,0.0013550135501355014,2 PICTURE BOOK EGGS EASTER CHICKS,1.25,0.6875,Monitor
90129A,295.38,0.0,295.38,137.863,44.306999999999995,23.6304,89.5796,151,0,0.3032690094116054,0.0,PINK GLASS TASSLE BAG CHARM,1.66,0.913,Monitor
85097B,420.92,38.6,382.32,195.9375,63.138,33.6736,89.5709,107,12,0.2342825381879054,0.11214953271028037,BLUE ROCKING SINGING CANARY,3.75,2.0625,Monitor
85014a,416.12,0.0,416.12,230.86800000000005,62.418,33.2896,89.54439999999997,33,0,0.21518888782082082,0.0,BLACK/BLUE POLKADOT UMBRELLA,12.72,6.996000000000001,Monitor
23661,393.59,33.0,360.59,180.5925,59.038499999999985,31.487199999999998,89.47179999999997,219,20,0.24812612662580766,0.091324200913242,MILK MAIDS MUG,1.65,0.9075,Monitor
84951A,852.1,18.96,833.14,547.8,127.815,68.168,89.357,624,24,0.10725328276160069,0.038461538461538464,SET OF 4 PISTACHIO LOVEBIRD COASTER,1.66,0.913,Monitor
22640,767.9399999999999,0.0,767.9399999999999,502.095,115.19099999999999,61.4352,89.21879999999993,358,0,0.1161793890147667,0.0,SET OF 4 NAPKIN CHARMS 3 KEYS,2.55,1.4025,Monitor
23039,399.71,11.7,388.01,206.9925,59.9565,31.976799999999997,89.08419999999997,199,6,0.2295925362748382,0.03015075376884422,T-LIGHT HOLDER SILVER HEART HANDLE,1.95,1.0725,Monitor
21722,327.75,2.55,325.2,160.82,49.162499999999994,26.22,88.99749999999997,347,3,0.2736700492004919,0.008645533141210375,SWEET PUDDING STICKER SHEET,0.85,0.4675,Monitor
22599,1976.8799999999999,20.4,1956.4799999999998,1412.8675,296.532,158.1504,88.93009999999985,3119,24,0.04545413191036957,0.0076947739660147485,CHRISTMAS MUSICAL ZINC STAR,0.83,0.4565,Review margin
85230F,725.6999999999999,0.0,725.6999999999999,469.88700000000006,108.85499999999999,58.056,88.90199999999993,2946,0,0.12250516742455551,0.0,JASMINE VOTIVE CANDLE,0.29,0.1595,Monitor
37461,778.64,1.25,777.39,509.4375,116.79599999999999,62.291199999999996,88.86529999999998,742,1,0.11431237860018778,0.0013477088948787063,FUNKY MONKEY MUG,1.25,0.6875,Monitor
21442,708.37,0.0,708.37,456.74750000000006,106.25549999999998,56.669599999999996,88.69739999999994,977,0,0.12521337718988657,0.0,GREEN BIRDHOUSE DECORATION,0.85,0.4675,Monitor
84741C,374.09,0.0,374.09,199.485,56.113499999999995,29.9272,88.56429999999999,186,0,0.23674597022106977,0.0,CITRUS GARLAND FELT FLOWERS,1.95,1.0725,Monitor
84882,296.93,0.0,296.93,140.25,44.5395,23.7544,88.3861,68,0,0.2976664533728488,0.0,GREEN WIRE STANDING CANDLE HOLDER,3.75,2.0625,Monitor
21736,418.89000000000004,1.17,417.72,233.31000000000006,62.8335,33.5112,88.06529999999997,205,3,0.2108237575409364,0.014634146341463415,GOLD SCROLL GLASS T-LIGHT HOLDER,2.1,1.1550000000000002,Monitor
37479P,164.76,0.0,164.76,39.039,24.714,13.1808,87.82619999999999,182,0,0.5330553532410779,0.0,CUBIC MUG FLOCK PINK ON BROWN,0.39,0.21450000000000002,Monitor
16156L,399.0,0.0,399.0,219.45000000000002,59.85,31.919999999999998,87.77999999999999,950,0,0.21999999999999997,0.0,WRAP CAROUSEL,0.42,0.231,Monitor
90013B,428.92,0.0,428.92,242.52800000000002,64.33800000000001,34.3136,87.74039999999998,104,0,0.2045612235381889,0.0,BLACK VINTAGE EARRINGS,4.24,2.3320000000000003,Monitor
37345,561.05,0.0,561.05,344.27250000000004,84.1575,44.884,87.73599999999999,321,0,0.15637821941003474,0.0,ASSTD HEARTS DESIGN MUGS,1.95,1.0725,Monitor
84989B,510.7,0.0,510.7,305.52500000000003,76.605,40.856,87.71399999999997,1010,0,0.17175249657333067,0.0,75 BLACK FAIRY CAKE CASES,0.55,0.30250000000000005,Monitor
47503G,367.36,0.0,367.36,195.25,55.104,29.3888,87.6172,284,0,0.23850500871080138,0.0,ASS FLORAL PRINT TAPE MEASURE,1.25,0.6875,Monitor
90124B,391.18,0.0,391.18,213.64200000000002,58.677,31.2944,87.56659999999997,39,0,0.22385244644409213,0.0,BLUE MURANO TWIST NECKLACE,9.96,5.478000000000001,Monitor
20616,449.26,0.0,449.26,258.379,67.389,35.9408,87.5512,283,0,0.19487868940034722,0.0,CHERRY BLOSSOM PASSPORT COVER,1.66,0.913,Monitor
90120A,395.68,0.0,395.68,217.38750000000005,59.352,31.654400000000003,87.28609999999996,93,0,0.22059770521633634,0.0,PINK MURANO TWIST BRACELET,4.25,2.3375000000000004,Monitor
85089,332.29,0.0,332.29,168.74000000000004,49.8435,26.5832,87.1233,104,0,0.2621905564416624,0.0,CANDY SPOT BUNNY,2.95,1.6225000000000003,Monitor
20867,1094.39,0.0,1094.39,755.5625,164.1585,87.5512,87.11779999999999,1099,0,0.07960398029952757,0.0,PINK ROSE FABRIC MIRROR,1.25,0.6875,Review margin
84707B,618.52,39.8,578.72,349.3875000000001,92.77799999999999,49.4816,87.07289999999993,79,4,0.1504577343102017,0.05063291139240506,PINK JEWELLED MIRROR TRINKET TRAY,8.47,4.658500000000001,Monitor
84933C,317.0,0.0,317.0,157.08000000000004,47.55,25.360000000000003,87.00999999999998,136,0,0.27447949526813875,0.0,LARGE BLUE ORIENTAL FOLDING STOOL,2.1,1.1550000000000002,Monitor
22407,522.37,38.160000000000004,484.21,277.0625,78.3555,41.7896,87.0024,439,36,0.17967906486854876,0.08200455580865604,MONEY BOX FIRST AID DESIGN,1.25,0.6875,Monitor
20847,334.35,7.62,326.73,162.9375,50.1525,26.748,86.892,80,1,0.26594435772656316,0.0125,ZINC HEART LATTICE CHARGER LARGE,3.75,2.0625,Monitor
72789,461.53,37.5,424.03,231.0,69.2295,36.9224,86.8781,122,10,0.20488668254604628,0.08196721311475409,BASKET/8 SCENTED LOVE TOKEN CANDLES,3.75,2.0625,Monitor
84968e,404.13,0.0,404.13,224.312,60.619499999999995,32.330400000000004,86.86809999999998,16,0,0.214950882141885,0.0,SET OF 16 VINTAGE BLACK CUTLERY,25.49,14.0195,Monitor
23421,353.36,0.0,353.36,185.32800000000003,53.004,28.268800000000002,86.75919999999999,162,0,0.24552637536789673,0.0,PANTRY HOOK SPATULA,2.08,1.1440000000000001,Monitor
90158,386.32,0.0,386.32,210.90300000000002,57.948,30.905600000000003,86.56339999999999,77,0,0.22407175398633256,0.0,ST TROPEZ NECKLACE,4.98,2.7390000000000003,Monitor
35991,232.5,0.0,232.5,93.093,34.875,18.6,85.932,403,0,0.3696,0.0,SET/6 BLACK SNOWFLAKE T-LIGHTS,0.42,0.231,Monitor
90195A,585.1999999999999,44.75,540.4499999999999,319.96250000000003,87.77999999999999,46.816,85.89149999999997,70,5,0.1589258950874271,0.07142857142857142,PURPLE GEMSTONE BRACELET,8.95,4.9225,Monitor
90201D,391.37,0.0,391.37,215.79250000000005,58.7055,31.309600000000003,85.56239999999998,133,0,0.2186227866213557,0.0,GREEN ENAMEL FLOWER RING,2.95,1.6225000000000003,Monitor
90014A,502.01,0.0,502.01,300.9875,75.30149999999999,40.160799999999995,85.56019999999998,55,0,0.1704352502938188,0.0,SILVER M.O.P. ORBIT NECKLACE,9.95,5.4725,Monitor
90129E,263.14,0.0,263.14,117.777,39.471,21.0512,84.8408,129,0,0.3224169643535761,0.0,PURPLE GLASS TASSLE BAG CHARM,1.66,0.913,Monitor
21883,1200.13,0.19,1199.94,839.4100000000002,180.01950000000002,96.01040000000002,84.50009999999992,2349,1,0.07042027101355061,0.0004257130693912303,STARS GIFT TAPE,0.65,0.35750000000000004,Review margin
84671B,311.87,0.0,311.87,155.6775,46.780499999999996,24.9496,84.46239999999997,111,0,0.27082566453971196,0.0,CROCHET BEAR WITH BLUE STRIPES,2.55,1.4025,Monitor
35811A,762.97,4.2,758.77,498.9600000000001,114.4455,61.037600000000005,84.32689999999991,434,2,0.11113631271663338,0.004608294930875576,ENAMEL PINK SUGAR CONTAINER,2.1,1.1550000000000002,Monitor
22263,632.48,32.34,600.14,370.7275,94.87199999999999,50.5984,83.94209999999995,842,49,0.13987086346519137,0.05819477434679335,FELT EGG COSY LADYBIRD,0.85,0.4675,Monitor
90082B,380.99999999999994,0.0,380.99999999999994,209.55,57.14999999999999,30.48,83.81999999999995,60,0,0.2199999999999999,0.0,DIAMANTE BOW BROOCH RED COLOUR,6.35,3.4925,Monitor
84596E,1142.01,40.0,1102.01,755.5625,171.3015,91.3608,83.7852,1131,32,0.07602943711944538,0.028293545534924844,SMALL LICORICE DES PINK BOWL,1.25,0.6875,Review margin
23420,353.45,0.0,353.45,188.76000000000002,53.0175,28.276000000000003,83.39649999999999,165,0,0.23594992219550145,0.0,PANTRY HOOK TEA STRAINER,2.08,1.1440000000000001,Monitor
20762,1343.79,15.0,1328.79,936.375,201.5685,107.50319999999999,83.34330000000001,458,4,0.06272119748041452,0.008733624454148471,GREEN FERN SKETCHBOOK,3.75,2.0625,Review margin
21193,274.37,0.0,274.37,128.20500000000004,41.155499999999996,21.9496,83.05989999999997,111,0,0.30272952582279394,0.0,WHITE HONEYCOMB PAPER FAN,2.1,1.1550000000000002,Monitor
21197,661.81,34.65,627.16,392.04,99.27149999999999,52.944799999999994,82.90369999999994,453,21,0.13218907455832635,0.046357615894039736,MULTICOLOUR  CONFETTI IN TUBE,1.65,0.9075,Monitor
84918,995.12,13.9,981.22,669.6030000000001,149.268,79.6096,82.73940000000003,208,2,0.08432298567089952,0.009615384615384616,CREAM CUSHION COVER WITH FLOWERS,5.91,3.2505,Review margin
85169C,566.82,15.0,551.82,338.9375,85.023,45.345600000000005,82.5139,505,12,0.14953046283208293,0.023762376237623763,EAU DE NIL LOVE BIRD CANDLE,1.25,0.6875,Monitor
85129B,315.11,0.0,315.11,160.1875,47.2665,25.2088,82.4472,233,0,0.2616457744914474,0.0,BEADED CRYSTAL HEART GREEN SMALL,1.25,0.6875,Monitor
21551,824.95,0.0,824.95,553.0525,123.74249999999999,65.99600000000001,82.15899999999996,169,0,0.09959270258803558,0.0,CERAMIC BIRDHOUSE BUTTERFLY LARGE,5.95,3.2725000000000004,Review margin
85106,2281.44,0.0,2281.44,1674.585,342.21599999999995,182.5152,82.12379999999987,1194,0,0.03599647590995155,0.0,CUT GLASS HEXAGON T-LIGHT HOLDER,2.55,1.4025,Review margin
21369,225.36,0.0,225.36,91.4375,33.804,18.0288,82.0897,133,0,0.36426029463968757,0.0,MIRRORED WALL ART SPLODGES,1.25,0.6875,Monitor
21368,215.33999999999997,0.0,215.33999999999997,83.73750000000001,32.300999999999995,17.2272,82.0743,203,0,0.38113820005572585,0.0,MIRRORED WALL ART LADIES,0.75,0.41250000000000003,Monitor
85017A,793.0,0.0,793.0,528.627,118.94999999999999,63.44,81.98299999999998,1158,0,0.10338335435056743,0.0,ENVELOPE 50 ROMANTIC IMAGES,0.83,0.4565,Monitor
90201B,454.31000000000006,38.35000000000001,415.96000000000004,229.548,68.1465,36.3448,81.92070000000001,154,13,0.19694369650927976,0.08441558441558442,BLACK ENAMEL FLOWER RING,2.96,1.6280000000000001,Monitor
90184A,380.82,0.0,380.82,211.365,57.123,30.4656,81.86639999999997,42,0,0.21497400346620443,0.0,AMBER CHUNKY BEAD BRACELET W STRAP,9.15,5.032500000000001,Monitor
22230,1135.78,38.18,1097.6,754.5450000000001,170.367,90.8624,81.82559999999991,1659,45,0.07454956268221567,0.027124773960216998,JIGSAW TREE WITH WATERING CAN,0.85,0.4675,Review margin
20987,288.35,0.0,288.35,140.4975,43.2525,23.068,81.532,131,0,0.28275359805791567,0.0,GEISHA GIRL CHOPSTICKS SET/5,1.95,1.0725,Monitor
23495,306.66,0.0,306.66,154.6875,45.999,24.532799999999998,81.44069999999999,225,0,0.2655732733320289,0.0,SET OF 3 PANTRY WOODEN SPOONS,1.25,0.6875,Monitor
21549,1270.39,20.650000000000002,1249.74,876.1500000000002,190.5585,101.6312,81.40029999999989,547,7,0.0651337878278681,0.012797074954296161,CERAMIC BIRDHOUSE RED ROOF SMALL,2.95,1.6225000000000003,Review margin
84898F,352.75,0.0,352.75,190.57500000000005,52.9125,28.220000000000006,81.04249999999998,165,0,0.22974486180014167,0.0,YELLOW FLOWERS FELT HANDBAG KIT,2.1,1.1550000000000002,Monitor
35471A,499.31,31.25,468.06,272.25,74.8965,39.9448,80.96869999999998,421,25,0.1729878648036576,0.05938242280285035,SET OF 3 BIRD L.BLUE FEATHER,1.25,0.6875,Monitor
84933B,309.15000000000003,0.0,309.15000000000003,157.08000000000004,46.3725,24.732000000000003,80.96549999999998,136,0,0.2618971373119844,0.0,LARGE PINK PEONY FOLDING STOOL,2.1,1.1550000000000002,Monitor
21457,717.25,0.0,717.25,471.625,107.5875,57.38,80.65749999999998,686,0,0.11245381666085742,0.0,2 PICTURE BOOK EGGS EASTER DUCKS,1.25,0.6875,Monitor
85211,469.04999999999995,6.529999999999999,462.52,274.065,70.35749999999999,37.524,80.57349999999998,307,5,0.1742054397647669,0.016286644951140065,S/4 GROOVY CAT MAGNETS,1.65,0.9075,Monitor
90134,370.92,0.0,370.92,205.12800000000001,55.638,29.6736,80.48039999999999,126,0,0.2169750889679715,0.0,OLD ROSE COMBO BEAD NECKLACE,2.96,1.6280000000000001,Monitor
35915A,365.76,0.0,365.76,201.16800000000003,54.864,29.2608,80.46719999999995,288,0,0.21999999999999986,0.0,CREAM KNITTED HEN,1.27,0.6985000000000001,Monitor
84596L,1016.88,0.0,1016.88,702.5535,152.53199999999998,81.3504,80.44409999999996,1539,0,0.0791087443946188,0.0,BISCUITS SMALL BOWL LIGHT BLUE,0.83,0.4565,Review margin
90082A,353.71,0.0,353.71,192.0875,53.05649999999999,28.296799999999998,80.26919999999997,55,0,0.22693505979474704,0.0,DIAMANTE BOW BROOCH GREEN COLOUR,6.35,3.4925,Monitor
22042,642.3100000000001,10.08,632.23,404.25000000000006,96.3465,51.3848,80.24869999999997,1774,24,0.12692959840564347,0.013528748590755355,CHRISTMAS CARD SINGING ANGEL,0.42,0.231,Monitor
90013A,434.27,30.0,404.27,224.21850000000003,65.1405,34.7416,80.16939999999997,115,8,0.19830657728745632,0.06956521739130435,MIDNIGHT BLUE VINTAGE EARRINGS,3.81,2.0955000000000004,Monitor
85184C,4912.360000000001,0.0,4912.360000000001,3702.5450000000005,736.854,392.9888,79.97219999999967,2282,0,0.01627979219764017,0.0,SET 4 VALENTINE DECOUPAGE HEART BOX,2.95,1.6225000000000003,Review margin
47562,390.0,14.2,375.8,206.25,58.5,31.2,79.85,104,4,0.2124800425758382,0.038461538461538464,ENGLISH ROSE IRONING BOARD COVER,3.75,2.0625,Monitor
84881,342.94,6.35,336.59,178.1175,51.440999999999995,27.435200000000002,79.59629999999999,52,1,0.23647850500609047,0.019230769230769232,BLUE WIRE SPIRAL CANDLE HOLDER,6.35,3.4925,Monitor
20857,415.79999999999995,26.4,389.4,214.17,62.36999999999999,33.264,79.59599999999999,252,16,0.20440677966101695,0.06349206349206349,BLUE ROSE PATCH PURSE PINK BUTTERFL,1.65,0.9075,Monitor
90036E,358.87,0.0,358.87,196.76250000000002,53.8305,28.709600000000002,79.56739999999999,45,0,0.22171649901078383,0.0,"FLOWER GLASS GARLD NECKL36""AMETHYST",7.95,4.3725000000000005,Monitor
85008,1063.67,9.9,1053.77,729.63,159.5505,85.09360000000001,79.49589999999998,270,2,0.07543951716218908,0.007407407407407408,SET OF 3 CONEY ISLAND OVAL BOXES,4.95,2.7225,Review margin
17164D,450.78000000000003,0.0,450.78000000000003,267.72900000000004,67.617,36.062400000000004,79.37159999999997,1159,0,0.1760761346998535,0.0,ASS COL SMALL SAND FROG P'WEIGHT,0.42,0.231,Monitor
79190D,296.58,2.1,294.48,146.916,44.486999999999995,23.7264,79.35059999999999,641,5,0.2694600651996739,0.0078003120124804995,RETRO PLASTIC DAISY TRAY,0.42,0.231,Monitor
35817P,216.7,0.0,216.7,87.78,32.505,17.336000000000002,79.079,420,0,0.3649238578680203,0.0,PINK ACRYLIC JEWEL SNOWFLAKE,0.38,0.20900000000000002,Monitor
84457,280.43,0.0,280.43,136.97750000000002,42.064499999999995,22.4344,78.95359999999998,293,0,0.2815447705309702,0.0,SET/3 RABBITS FLOWER SKIPPPING ROPE,0.85,0.4675,Monitor
23567,291.58,1.25,290.33,144.375,43.737,23.3264,78.8916,211,1,0.2717307891020563,0.004739336492890996,EGG CUP HENRIETTA HEN PINK,1.25,0.6875,Monitor
21388,293.57,0.0,293.57,147.26250000000002,44.0355,23.485599999999998,78.78639999999999,315,0,0.2683734714037537,0.0,IVORY HANGING DECORATION  CHICKEN,0.85,0.4675,Monitor
90201A,382.84000000000003,11.8,371.04,204.43500000000003,57.426,30.627200000000002,78.55179999999999,130,4,0.21170709357481668,0.03076923076923077,PURPLE ENAMEL FLOWER RING,2.95,1.6225000000000003,Monitor
84806B,568.02,0.0,568.02,358.875,85.203,45.441599999999994,78.50039999999997,450,0,0.13820006337805002,0.0,WHITE CANDYSTUFT ARTIFICIAL FLOWER,1.45,0.7975,Monitor
84902,326.33,0.0,326.33,173.25,48.9495,26.106399999999997,78.02409999999999,84,0,0.23909570067109978,0.0,PINK KNITTED COW STUFFED TOY,3.75,2.0625,Monitor
35833G,220.66,0.0,220.66,92.125,33.099000000000004,17.6528,77.78320000000001,134,0,0.35250249252243276,0.0,4 GOLD FLOCK CHRISTMAS BALLS,1.25,0.6875,Monitor
90161A,349.96000000000004,0.0,349.96000000000004,191.73000000000002,52.494,27.9968,77.73919999999998,70,0,0.22213738712995765,0.0,ANT COPPER RED BOUDICCA BRACELET,4.98,2.7390000000000003,Monitor
84802A,353.21000000000004,0.0,353.21000000000004,194.2655,52.981500000000004,28.256800000000002,77.70620000000002,209,0,0.22000000000000006,0.0,WHITE ANEMONE ARTIFICIAL FLOWER,1.69,0.9295,Monitor
46000R,352.34999999999997,0.0,352.34999999999997,193.7925,52.8525,28.188,77.517,243,0,0.22,0.0,POLYESTER FILLER PAD 45x30cm,1.45,0.7975,Monitor
72780,418.18,10.2,407.98,234.685,62.727,33.4544,77.11359999999998,514,12,0.18901318692092742,0.023346303501945526,BLACK SILOUETTE CANDLE PLATE,0.85,0.4675,Monitor
85095,259.09,0.0,259.09,122.49600000000001,38.863499999999995,20.7272,77.0033,174,0,0.29720676212898994,0.0,THREE CANVAS LUGGAGE TAGS,1.28,0.7040000000000001,Monitor
82011B,348.8,0.0,348.8,191.8125,52.32,27.904,76.76350000000001,93,0,0.22007884174311929,0.0,BATHROOM SCALES RUBBER DUCKS,3.75,2.0625,Monitor
23045,497.9800000000001,83.0,414.9800000000001,223.685,74.697,39.8384,76.75960000000002,118,20,0.18497180587016243,0.1694915254237288,PAPER LANTERN 5 POINT STAR MOON,4.15,2.2825,Monitor
37491C,169.17,0.0,169.17,53.5425,25.3755,13.533600000000002,76.71840000000002,59,0,0.45349884731335355,0.0,GREEN/BLUE CERAMIC CANDLE HOLDER,1.65,0.9075,Monitor
90010A,443.84999999999997,53.699999999999996,390.15,211.66750000000002,66.5775,35.507999999999996,76.39699999999998,49,6,0.19581443034730228,0.12244897959183673,MIDNIGHT BLUE GLASS/SILVER BRACELET,8.95,4.9225,Monitor
35912B,358.08000000000004,0.0,358.08000000000004,199.375,53.712,28.6464,76.34660000000001,290,0,0.2132110142984808,0.0,WHITE/PINK CHICK DECORATION,1.25,0.6875,Monitor
79328,260.76,1.52,259.24,123.31,39.114000000000004,20.860800000000005,75.9552,594,4,0.29299182224965287,0.006734006734006734,BLUE FLOCK GLASS CANDLEHOLDER,0.38,0.20900000000000002,Monitor
84711B,357.71,0.0,357.71,199.48500000000004,53.656499999999994,28.6168,75.95169999999996,39,0,0.21232758379693037,0.0,PINK OVAL SHAPE TRINKET BOX,9.3,5.115000000000001,Monitor
35004c,343.72,0.0,343.72,188.89200000000002,51.558,27.497600000000002,75.77239999999998,27,0,0.22044803910159425,0.0,SET OF 3 COLOURED  FLYING DUCKS,12.72,6.996000000000001,Monitor
22868,272.33,0.0,272.33,134.0625,40.8495,21.7864,75.63159999999999,125,0,0.27772041273455,0.0,NUMBER TILE COTTAGE GARDEN 0,1.95,1.0725,Monitor
72023F,669.62,0.0,669.62,440.0,100.443,53.5696,75.6074,640,0,0.11291090469221349,0.0,RED ORGANIC CANDLE IN GLASS,1.25,0.6875,Monitor
47422,475.14,20.580000000000002,454.56,269.80800000000005,71.271,38.0112,75.46979999999998,1217,49,0.16602824709609287,0.04026294165981923,ASSORTED MONKEY SUCTION CUP HOOK,0.42,0.231,Monitor
85146,599.38,0.0,599.38,386.15500000000003,89.907,47.9504,75.36759999999998,118,0,0.12574260068737692,0.0,JARDIN ETCHED GLASS SMALL BELL JAR,5.95,3.2725000000000004,Monitor
20795,308.7,14.7,294.0,147.84000000000003,46.305,24.696,75.15899999999998,135,7,0.25564285714285706,0.05185185185185185,LARGE BLUE PROVENCAL CERAMIC BALL,2.1,1.1550000000000002,Monitor
21196,308.53999999999996,0.0,308.53999999999996,162.4425,46.28099999999999,24.6832,75.13329999999998,179,0,0.24351234847993772,0.0,ROUND WHITE CONFETTI IN TUBE,1.65,0.9075,Monitor
47471,297.67,0.0,297.67,154.08250000000004,44.6505,23.8136,75.12339999999999,431,0,0.2523714180132361,0.0,RAINBOW PEGS PHOTO CLIP STRING,0.65,0.35750000000000004,Monitor
75149N,340.0,0.0,340.0,187.0,51.0,27.2,74.8,272,0,0.22,0.0,STRING CRYSTALS NATURAL,1.25,0.6875,Monitor
84313A,212.42,0.0,212.42,88.82500000000002,31.863,16.9936,74.73839999999998,38,0,0.3518425760286225,0.0,PINK TV TRAY TABLE,4.25,2.3375000000000004,Monitor
22875,268.34999999999997,0.0,268.34999999999997,131.91750000000002,40.2525,21.468,74.71199999999999,123,0,0.278412520961431,0.0,NUMBER TILE COTTAGE GARDEN 7,1.95,1.0725,Monitor
81952V,160.25,0.0,160.25,48.697,24.037499999999998,12.82,74.6955,466,0,0.46611856474258967,0.0,ROUND PURPLE CLOCK WITH SUCKER,0.19,0.10450000000000001,Monitor
22874,272.02,0.0,272.02,135.13500000000002,40.803,21.761599999999998,74.32039999999999,126,0,0.2732166752444673,0.0,NUMBER TILE COTTAGE GARDEN 6,1.95,1.0725,Monitor
90175C,332.95,0.0,332.95,182.13250000000002,49.942499999999995,26.636,74.23899999999998,37,0,0.22297341943234714,0.0,BLUE GLASS CHUNKY CHARM BRACELET,8.95,4.9225,Monitor
72799D,260.67,0.0,260.67,126.55500000000002,39.1005,20.8536,74.16089999999998,78,0,0.2845010933364023,0.0,BLUE PILLAR CANDLE SILVER FLOCK,2.95,1.6225000000000003,Monitor
84249D,352.34,10.08,342.26,187.341,52.851,28.1872,73.88079999999998,835,24,0.2158616256646993,0.02874251497005988,FAIRY CAKE GREETINGS CARD,0.42,0.231,Monitor
23459,412.5,37.5,375.0,206.25000000000003,61.875,33.0,73.87499999999997,33,3,0.19699999999999993,0.09090909090909091,DOLLY CABINET 2 DRAWERS,12.5,6.875000000000001,Monitor
47578A,287.53,0.0,287.53,147.73000000000002,43.1295,23.0024,73.66809999999998,316,0,0.256210134594651,0.0,ENGLISH ROSE SMALL SCENTED FLOWER,0.85,0.4675,Monitor
16202C,230.59,0.0,230.59,104.03250000000001,34.588499999999996,18.4472,73.52179999999998,97,0,0.3188421006982089,0.0,BEIGE PHOTO ALBUM,1.95,1.0725,Monitor
21095,274.57,0.0,274.57,137.91250000000002,41.1855,21.9656,73.50639999999999,295,0,0.2677146082966092,0.0,SET/6 POSIES PAPER PLATES,0.85,0.4675,Monitor
90178A,334.36,0.0,334.36,184.03,50.153999999999996,26.7488,73.4272,28,0,0.21960521593492044,0.0,AMBER CHUNKY GLASS+BEAD NECKLACE,11.95,6.5725,Monitor
22873,262.5,0.0,262.5,128.70000000000002,39.375,21.0,73.42499999999998,120,0,0.27971428571428564,0.0,NUMBER TILE COTTAGE GARDEN 5,1.95,1.0725,Monitor
23047,333.5,0.0,333.5,183.425,50.025,26.68,73.37,58,0,0.22,0.0,PAPER LANTERN 5 POINT SEQUIN STAR,5.75,3.1625,Monitor
85107,2315.59,0.0,2315.59,1709.6475,347.3385,185.2472,73.3567999999998,1219,0,0.03167952875940896,0.0,CUT GLASS T-LIGHT HOLDER OCTAGON,2.55,1.4025,Review margin
90014B,343.65999999999997,0.0,343.65999999999997,191.5375,51.549,27.4928,73.0807,35,0,0.2126540767037188,0.0,GOLD M.O.P. ORBIT NECKLACE,9.95,5.4725,Monitor
84563A,685.15,0.0,685.15,454.87750000000005,102.7725,54.812000000000005,72.68799999999995,139,0,0.10609063708676925,0.0,PINK & WHITE BREAKFAST TRAY,5.95,3.2725000000000004,Monitor
21792,2538.13,84.95,2453.18,1796.8500000000001,380.7195,203.05040000000002,72.56009999999986,497,13,0.029577976340912557,0.026156941649899398,CLASSIC FRENCH STYLE BASKET GREEN,6.75,3.7125000000000004,Review margin
23037,325.15999999999997,0.0,325.15999999999997,177.87,48.77399999999999,26.0128,72.50319999999996,196,0,0.22297699594046,0.0,CANDLE HOLDER SILVER MADELINE,1.65,0.9075,Monitor
23695,323.32,0.0,323.32,176.715,48.498,25.8656,72.24139999999998,765,0,0.2234362241741927,0.0,DOILY THANK YOU CARD,0.42,0.231,Monitor
20892,1108.1,206.15,901.9499999999999,575.025,166.215,88.648,72.06199999999997,103,21,0.07989578136260322,0.20388349514563106,SET/3 TALL GLASS CANDLE HOLDER PINK,12.75,7.0125,Review margin
84520b,257.4,0.0,257.4,126.14250000000001,38.60999999999999,20.592,72.05549999999995,110,0,0.27993589743589725,0.0,PACK 20 ENGLISH ROSE PAPER NAPKINS,2.085,1.1467500000000002,Monitor
84255B,192.26000000000002,0.0,192.26000000000002,76.23000000000002,28.839,15.3808,71.8102,66,0,0.37350566940601265,0.0,ORANGE COCKTAIL GLASS LAMP,2.1,1.1550000000000002,Monitor
20832,1132.01,6.8,1125.21,793.3475000000001,169.80149999999998,90.5608,71.50019999999991,1705,8,0.06354387181059527,0.00469208211143695,RED FLOCK LOVE HEART PHOTO FRAME,0.85,0.4675,Review margin
84711A,390.95,0.0,390.95,229.845,58.6425,31.275999999999996,71.18649999999998,42,0,0.1820859444941808,0.0,SILVER OVAL SHAPE TRINKET BOX,9.95,5.4725,Monitor
23430,301.88,0.0,301.88,161.37000000000003,45.282,24.1504,71.07759999999998,36,0,0.2354498476215714,0.0,BLUE RETRO KITCHEN WALL CLOCK,8.15,4.482500000000001,Monitor
90019A,354.59000000000003,0.0,354.59000000000003,201.96000000000004,53.188500000000005,28.3672,71.07429999999997,68,0,0.20044079077244129,0.0,SILVER M.O.P ORBIT BRACELET,5.4,2.9700000000000006,Monitor
35979,311.03000000000003,35.400000000000006,275.63000000000005,133.04500000000002,46.6545,24.8824,71.0481,94,12,0.2577662083227515,0.1276595744680851,SIX STRING SCANDINAVIAN HEART DECS,2.95,1.6225000000000003,Monitor
21441,655.4599999999999,0.0,655.4599999999999,433.84000000000003,98.31899999999999,52.4368,70.86419999999995,928,0,0.1081136911482012,0.0,BLUE BIRDHOUSE DECORATION,0.85,0.4675,Monitor
84795b,317.71999999999997,0.0,317.71999999999997,173.7835,47.658,25.4176,70.86089999999999,19,0,0.22302939695329219,0.0,SUNSET CHECK HAMMOCK,16.63,9.1465,Monitor
10133,2377.88,12.7,2365.18,1747.4820000000002,356.68199999999996,190.2304,70.78559999999989,3848,20,0.029928208423883128,0.005197505197505198,COLOURING PENCILS BROWN TUBE,0.83,0.4565,Review margin
22039,353.0,10.5,342.5,190.57500000000002,52.949999999999996,28.24,70.73499999999999,850,25,0.20652554744525542,0.029411764705882353,BOTANICAL LILY GIFT WRAP,0.42,0.231,Monitor
22486,856.4,178.5,677.9,410.355,128.45999999999998,68.512,70.57300000000002,104,14,0.10410532526921379,0.1346153846153846,PLASMATRONIC LAMP,8.29,4.5595,Monitor
77081,308.38,1.25,307.13,165.6875,46.257,24.6704,70.5151,242,1,0.2295936574089148,0.004132231404958678,FLOWER WINDMILL,1.25,0.6875,Monitor
84508C,282.37,2.55,279.82,144.4575,42.3555,22.589599999999997,70.41739999999997,104,1,0.2516524908869987,0.009615384615384616,BLUE CIRCLES DESIGN TEDDY,2.55,1.4025,Monitor
22877,271.64,3.9,267.74,135.135,40.745999999999995,21.7312,70.1278,128,2,0.26192500186748335,0.015625,NUMBER TILE COTTAGE GARDEN 9,1.95,1.0725,Monitor
21000,1749.23,0.0,1749.23,1276.968,262.3845,139.9384,69.9391,691,0,0.03998279242866861,0.0,ROSE DU SUD COSMETICS BAG,3.36,1.848,Review margin
90013C,353.55,3.75,349.8,198.57750000000001,53.0325,28.284,69.90599999999999,88,1,0.19984562607204115,0.011363636363636364,GREEN VINTAGE EARRINGS,4.15,2.2825,Monitor
35818P,243.29,0.0,243.29,117.45800000000001,36.4935,19.4632,69.87529999999998,562,0,0.2872099140942907,0.0,"ACRYLIC JEWEL ICICLE, PINK",0.38,0.20900000000000002,Monitor
22209,1759.7399999999998,36.36,1723.3799999999999,1248.8245,263.96099999999996,140.7792,69.81529999999998,1421,28,0.04051068249602524,0.019704433497536946,WOOD STAMP SET HAPPY BIRTHDAY,1.63,0.8965,Review margin
79191B,397.37,27.199999999999996,370.16999999999996,208.97250000000003,59.60549999999999,31.7896,69.80239999999998,479,32,0.1885684955560958,0.06680584551148225,RETRO PLASTIC POLKA TRAY,0.85,0.4675,Monitor
20837,188.07,0.0,188.07,75.32249999999999,28.210499999999996,15.0456,69.4914,165,0,0.3694975275163503,0.0,FRENCH FLORAL CUSHION COVER,0.83,0.4565,Monitor
23139,530.15,17.4,512.75,321.3925,79.5225,42.412,69.42299999999999,415,12,0.1353934666016577,0.02891566265060241,SINGLE WIRE HOOK PINK HEART,1.45,0.7975,Monitor
72800E,2648.8,9.48,2639.32,1960.6950000000002,397.32,211.904,69.40099999999978,1410,12,0.02629503053816884,0.00851063829787234,4 IVORY DINNER CANDLES SILVER FLOCK,2.55,1.4025,Review margin
90201C,350.94000000000005,17.700000000000003,333.24,183.34250000000003,52.641000000000005,28.075200000000002,69.18130000000001,119,6,0.20760202856799906,0.05042016806722689,RED ENAMEL FLOWER RING,2.95,1.6225000000000003,Monitor
90197B,322.52000000000004,0.0,322.52000000000004,179.168,48.378,25.8016,69.17240000000001,64,0,0.21447476125511597,0.0,BLACK GLASS BRACELET W HEART CHARMS,5.09,2.7995,Monitor
90018A,325.49,4.25,321.24,177.23200000000003,48.8235,26.0392,69.14529999999999,77,1,0.21524498817083798,0.012987012987012988,SILVER M.O.P ORBIT DROP EARRINGS,4.24,2.3320000000000003,Monitor
46000U,313.75,0.0,313.75,172.5625,47.0625,25.1,69.025,251,0,0.22000000000000003,0.0,POLYESTER FILLER PAD 30CMx30CM,1.25,0.6875,Monitor
84919,1619.84,723.4,896.44,454.87750000000005,242.97599999999997,129.5872,68.99929999999999,291,172,0.0769703493819999,0.5910652920962199,BLUE CUSHION COVER WITH FLOWER,6.95,3.8225000000000002,Review margin
90208,386.83,15.299999999999999,371.53,213.74100000000004,58.024499999999996,30.9464,68.81809999999996,159,6,0.18522891825693744,0.03773584905660377,PAIR OF PINK FLOWER CLUSTER SLIDE,2.54,1.3970000000000002,Monitor
51014L,2242.75,167.88,2074.87,1490.4724999999999,336.41249999999997,179.42,68.56499999999994,3469,204,0.033045443810937526,0.058806572499279335,"FEATHER PEN,LIGHT PINK",0.83,0.4565,Review margin
37413,284.49,0.0,284.49,150.79350000000002,42.6735,22.7592,68.26379999999997,703,0,0.23995149214383624,0.0,ICON MUG REVOLUTIONARY,0.39,0.21450000000000002,Monitor
20897,848.7,35.400000000000006,813.3000000000001,550.0275,127.30499999999999,67.896,68.07149999999992,351,12,0.08369789745481361,0.03418803418803419,VINTAGE NOTEBOOK PARIS DAYS,2.95,1.6225000000000003,Review margin
35819B,193.06,0.0,193.06,80.88300000000001,28.959,15.4448,67.7732,387,0,0.351047342794986,0.0,"ACRYLIC HANGING JEWEL,BLUE",0.38,0.20900000000000002,Monitor
22876,252.22,0.0,252.22,126.555,37.833,20.177599999999998,67.65439999999998,118,0,0.26823566727460146,0.0,NUMBER TILE COTTAGE GARDEN 8,1.95,1.0725,Monitor
84661B,530.22,0.0,530.22,340.80750000000006,79.533,42.4176,67.46189999999996,243,0,0.12723378974765184,0.0,BLACK SQUARE TABLE CLOCK,2.55,1.4025,Monitor
90016B,312.14,0.0,312.14,172.97500000000002,46.821,24.971200000000003,67.37279999999997,37,0,0.2158416095341833,0.0,GOLD/M.O.P PENDANT ORBIT NECKLACE,8.5,4.675000000000001,Monitor
21493,252.45,0.0,252.45,127.16000000000001,37.8675,20.195999999999998,67.22649999999999,272,0,0.26629629629629625,0.0,VINTAGE DESIGN GIFT TAGS,0.85,0.4675,Monitor
90129F,183.26000000000002,0.0,183.26000000000002,73.953,27.489,14.6608,67.1572,81,0,0.36645858343337334,0.0,RED GLASS TASSLE BAG CHARM,1.66,0.913,Monitor
90148,356.73,25.5,331.23,182.32500000000002,53.509499999999996,28.5384,66.8571,28,2,0.2018449415813785,0.07142857142857142,LONG SILVER NECKLACE PASTEL FLOWER,12.75,7.0125,Monitor
90000D,313.75,0.0,313.75,174.75150000000002,47.0625,25.1,66.836,51,0,0.21302310756972112,0.0,COPPER/OLIVE GREEN FLOWER NECKLACE,6.23,3.4265000000000003,Monitor
90036D,302.29,0.0,302.29,166.15500000000003,45.3435,24.183200000000003,66.60829999999999,38,0,0.220345694531741,0.0,"FLOWER GLASS GARLAND NECKL.36""BLACK",7.95,4.3725000000000005,Monitor
82011A,246.58,3.75,242.83,119.625,36.987,19.7264,66.4916,59,1,0.27381954453733065,0.01694915254237288,"BATHROOM SCALES, TROPICAL BEACH",3.75,2.0625,Monitor
90124A,299.28,0.0,299.28,164.175,44.891999999999996,23.9424,66.27059999999999,30,0,0.22143344025661585,0.0,PINK MURANO TWIST NECKLACE,9.95,5.4725,Monitor
90035C,301.0,0.0,301.0,165.55,45.15,24.08,66.21999999999998,28,0,0.21999999999999995,0.0,"PEARL & SHELL 42""NECKL. IVORY",10.75,5.9125000000000005,Monitor
23474,270.96,0.0,270.96,142.428,40.64399999999999,21.6768,66.21119999999998,312,0,0.24435783879539408,0.0,WOODLAND SMALL BLUE FELT HEART,0.83,0.4565,Monitor
21619,2085.27,0.0,2085.27,1539.714,312.7905,166.8216,65.94389999999997,1138,0,0.03162367463206202,0.0,4 VANILLA BOTANICAL CANDLES,2.46,1.353,Review margin
46776A,1283.23,0.0,1283.23,922.229,192.4845,102.6584,65.8581,406,0,0.05132213243144253,0.0,WOVEN BUBBLE GUM CUSHION COVER,4.13,2.2715,Review margin
90115,278.96,0.0,278.96,149.09400000000002,41.843999999999994,22.316799999999997,65.70519999999998,108,0,0.2355362776025236,0.0,SUMMER BUTTERFLIES BAG CHARM,2.51,1.3805,Monitor
23533,998.64,0.0,998.64,703.5875000000001,149.796,79.8912,65.36529999999993,215,0,0.06545431787230627,0.0,WALL ART GARDEN HAVEN,5.95,3.2725000000000004,Review margin
85017C,723.92,120.96,602.9599999999999,371.44800000000004,108.588,57.9136,65.01039999999996,1092,288,0.10781876078015121,0.26373626373626374,ENVELOPE 50 CURIOUS IMAGES,0.84,0.462,Monitor
85230A,497.03999999999996,0.0,497.03999999999996,317.72400000000005,74.556,39.7632,64.99679999999996,1992,0,0.13076774505070007,0.0,OPIUM SCENTED VOTIVE CANDLE,0.29,0.1595,Monitor
90173,306.64,3.75,302.89,167.64000000000004,45.996,24.531200000000002,64.72279999999998,81,1,0.213684175773383,0.012345679012345678,PAIR BUTTERFLY HAIR CLIPS,3.81,2.0955000000000004,Monitor
62096B,441.99,0.0,441.99,275.6325,66.2985,35.3592,64.69979999999998,257,0,0.14638294984049408,0.0,PURPLE/TURQ FLOWERS HANDBAG,1.95,1.0725,Monitor
90129D,164.52,0.0,164.52,62.084,24.678,13.161600000000002,64.59640000000002,68,0,0.39263554583029425,0.0,AMBER GLASS TASSLE BAG CHARM,1.66,0.913,Monitor
72801F,292.5,0.0,292.5,160.875,43.875,23.4,64.35,234,0,0.21999999999999997,0.0,S/4 FESTIVE RED DINNER CANDLES,1.25,0.6875,Monitor
84081,389.3,4.25,385.05,231.41250000000002,58.394999999999996,31.144000000000002,64.09849999999997,100,1,0.16646799116997785,0.01,WHITE CERAMIC PARTY SET (5PCS),4.25,2.3375000000000004,Monitor
21460,249.64999999999998,15.6,234.04999999999998,112.61250000000001,37.4475,19.971999999999998,64.01799999999999,113,8,0.27352275154881434,0.07079646017699115,GREEN EASTER EGG HUNT START POST,1.95,1.0725,Monitor
21397,2017.74,15.0,2002.74,1474.6875,302.661,161.4192,63.972300000000025,2157,12,0.03194238892716979,0.005563282336578581,BLUE POLKADOT EGG CUP,1.25,0.6875,Review margin
90002D,365.74,7.5,358.24,210.375,54.861,29.2592,63.7448,104,2,0.1779388119696293,0.019230769230769232,FLOWER BURST SILVER RING CRYSTAL,3.75,2.0625,Monitor
84673A,316.14000000000004,0.65,315.49,179.10750000000004,47.421,25.291200000000003,63.67029999999998,502,1,0.20181400361342666,0.00199203187250996,PINK FLY SWAT,0.65,0.35750000000000004,Monitor
84621,247.26,0.0,247.26,126.80250000000001,37.089,19.7808,63.58769999999999,29,0,0.25716937636495996,0.0,BLUE GINGHAM ROSE FLOOR CUSHION,7.95,4.3725000000000005,Monitor
84977,282.58,0.0,282.58,154.0,42.387,22.6064,63.5866,224,0,0.22502158680727583,0.0,WIRE FLOWER T-LIGHT HOLDER,1.25,0.6875,Monitor
22954,300.14,1.25,298.89,166.375,45.021,24.0112,63.4828,243,1,0.21239519555689385,0.00411522633744856,HEN PARTY CORDON BARRIER TAPE,1.25,0.6875,Monitor
46776B,1369.23,0.0,1369.23,991.0340000000001,205.3845,109.5384,63.273099999999964,428,0,0.04621071697231288,0.0,WOVEN BERRIES CUSHION COVER,4.21,2.3155,Review margin
23476,264.72,0.0,264.72,140.9375,39.708,21.177599999999998,62.896899999999995,205,0,0.23759783922635233,0.0,WOODLAND LARGE RED FELT HEART,1.25,0.6875,Monitor
84870C,330.36,0.0,330.36,191.8125,49.554,26.4288,62.564699999999995,93,0,0.18938339992735195,0.0,GREEN GEISHA GIRL,3.75,2.0625,Monitor
21030,303.4,0.0,303.4,171.1875,45.51,24.272,62.4305,249,0,0.20576961107448916,0.0,SPACE CADET RED,1.25,0.6875,Monitor
82585,237.15,15.0,222.15,105.1875,35.5725,18.972,62.41799999999999,165,12,0.28097231600270084,0.07272727272727272,SWEET VALENCIA CANDLE+CUP,1.25,0.6875,Monitor
85147,301.95,9.9,292.05,160.6275,45.292500000000004,24.156000000000002,61.974,61,2,0.21220338983050846,0.03278688524590164,JARDIN ETCHED GLASS CANDLEHLDR LONG,4.95,2.7225,Monitor
85023B,682.35,156.3,526.05,307.14750000000004,102.3525,54.588,61.96199999999997,293,74,0.11778728257770169,0.2525597269624573,EAU DE NILE JEWELLED PHOTOFRAME,2.55,1.4025,Monitor
90122A,278.84000000000003,0.0,278.84000000000003,152.922,41.826,22.3072,61.78480000000002,56,0,0.2215779658585569,0.0,PINK CRYSTAL+GLASS BRACELET,4.965,2.73075,Monitor
44234,265.84999999999997,0.42,265.43,142.8735,39.8775,21.268,61.41099999999998,1239,2,0.23136420148438375,0.0016142050040355124,ASSORTED CIRCULAR MOBILE,0.21,0.1155,Monitor
85049g,281.44,0.0,281.44,155.595,42.216,22.5152,61.1138,115,0,0.21714681637293917,0.0,CHOCOLATE BOX RIBBONS,2.46,1.353,Monitor
84870B,322.61,3.75,318.86,183.5625,48.3915,25.808799999999998,61.097199999999994,90,1,0.1916113654895565,0.011111111111111112,BLUE GEISHA GIRL,3.75,2.0625,Monitor
84966C,276.0,0.0,276.0,151.8,41.39999999999999,22.080000000000002,60.72,23,0,0.22,0.0,GREEN KASHMIRI BOXED MIRROR,12.0,6.6000000000000005,Monitor
90163A,280.71,0.0,280.71,155.474,42.1065,22.4568,60.6727,37,0,0.2161401446332514,0.0,PINK ROSEBUD & PEARL NECKLACE,7.64,4.202,Monitor
21489,157.60000000000002,0.0,157.60000000000002,60.83000000000001,23.64,12.608,60.522,28,0,0.38402284263959385,0.0,BLUE WHITE SCARF HOT WATER BOTTLE,3.95,2.1725000000000003,Monitor
90014C,284.67999999999995,0.0,284.67999999999995,158.70250000000001,42.702,22.7744,60.50109999999999,29,0,0.21252318392581143,0.0,SILVER AND BLACK ORBIT NECKLACE,9.95,5.4725,Monitor
84993B,244.08,0.0,244.08,127.51200000000001,36.612,19.5264,60.42959999999999,552,0,0.24758112094395276,0.0,75 BLACK PETIT FOUR CASES,0.42,0.231,Monitor
90214A,213.65,7.5,206.15,96.77250000000001,32.0475,17.092,60.23799999999999,213,6,0.2922047053116662,0.028169014084507043,"LETTER ""A"" BLING KEY RING",0.85,0.4675,Monitor
90149,410.26000000000005,0.0,410.26000000000005,255.75,61.539,32.820800000000006,60.15020000000003,62,0,0.14661482962024086,0.0,SILVER FLOWR PINK SHELL NECKLACE,7.5,4.125,Monitor
90180A,396.64,9.95,386.69,235.3175,59.495999999999995,31.731199999999998,60.145299999999985,44,1,0.15553880369288056,0.022727272727272728,BLACK+WHITE NECKLACE W TASSEL,9.95,5.4725,Monitor
20672,201.0,0.0,201.0,94.875,30.15,16.080000000000002,59.894999999999996,138,0,0.29798507462686563,0.0,PINK TEATIME PRINT BOWL,1.25,0.6875,Monitor
23481,281.17,0.0,281.17,156.75,42.1755,22.4936,59.7509,228,0,0.21250809119038302,0.0,PEARLISED IVORY HEART SMALL,1.25,0.6875,Monitor
90122C,269.1,0.0,269.1,147.4605,40.365,21.528000000000002,59.74650000000001,54,0,0.2220234113712375,0.0,TURQUOISE CRYSTAL+GLASS BRACELET,4.965,2.73075,Monitor
90175B,322.84999999999997,17.9,304.95,171.10500000000002,48.4275,25.828,59.58949999999997,36,2,0.1954074438432529,0.05555555555555555,PINK GLASS CHUNKY CHARM BRACELET,9.15,5.032500000000001,Monitor
90157,268.23,0.0,268.23,147.01500000000001,40.234500000000004,21.4584,59.5221,54,0,0.2219069455318197,0.0,RIVIERA NECKLACE,4.95,2.7225,Monitor
21016,584.55,1.68,582.87,388.96000000000004,87.68249999999999,46.763999999999996,59.46349999999997,836,4,0.10201846037709947,0.004784688995215311,LIGHT BIRD HOUSE TREE DECORATION,0.85,0.4675,Monitor
23465,247.63,0.0,247.63,131.5875,37.1445,19.8104,59.08759999999998,29,0,0.23861244598796585,0.0,TUSCAN VILLA BIRD FEEDER,8.25,4.5375000000000005,Monitor
15058C,2753.72,23.8,2729.92,2037.5850000000003,413.058,220.29760000000002,58.97939999999964,470,4,0.021604808932129748,0.00851063829787234,ICE CREAM DESIGN GARDEN PARASOL,7.95,4.3725000000000005,Review margin
90185D,293.33,12.75,280.58,154.27500000000003,43.9995,23.4664,58.83909999999998,69,3,0.20970525340366378,0.043478260869565216,CRYSTAL DIAMANTE EXPANDABLE RING,4.25,2.3375000000000004,Monitor
35001G,2267.97,37.29,2230.68,1650.2750000000003,340.1955,181.4376,58.7718999999998,717,11,0.02634707802105179,0.015341701534170154,HAND OPEN SHAPE GOLD,4.25,2.3375000000000004,Review margin
21678,424.7,0.0,424.7,268.345,63.70499999999999,33.976,58.67399999999998,574,0,0.1381539910525076,0.0,PAISLEY PATTERN  STICKERS,0.85,0.4675,Monitor
90160A,362.51,48.65,313.86,172.01250000000002,54.3765,29.0008,58.470200000000006,52,7,0.18629388899509336,0.1346153846153846,PURPLE BOUDICCA LARGE BRACELET,6.95,3.8225000000000002,Monitor
85132a,135.13,0.0,135.13,45.595,20.269499999999997,10.8104,58.4551,10,0,0.4325841781987716,0.0,CHARLIE + LOLA BISCUITS TINS,8.29,4.5595,Monitor
23410,290.1,8.15,281.95,156.88750000000002,43.515,23.208000000000002,58.33949999999998,36,1,0.20691434651533955,0.027777777777777776,CURIO CABINET LINEN AND LACE,8.15,4.482500000000001,Monitor
47518F,153.14,0.0,153.14,59.598000000000006,22.971,12.2512,58.319799999999994,903,0,0.380826694527883,0.0,ICON PLACEMAT POP ART ELVIS,0.12,0.066,Monitor
85071C,837.23,0.0,837.23,586.6025,125.58449999999999,66.97840000000001,58.06459999999999,1285,0,0.06935322432306533,0.0,"CHARLIE+LOLA""EXTREMELY BUSY"" SIGN",0.83,0.4565,Review margin
35838A,185.25,0.0,185.25,84.6175,27.7875,14.82,58.02499999999999,181,0,0.3132253711201079,0.0,S/6 MULTICOLOUR ORNAMENETAL CANDLE,0.85,0.4675,Monitor
90070,385.15000000000003,53.550000000000004,331.6,185.031,57.7725,30.812000000000005,57.9845,63,9,0.17486278648974665,0.14285714285714285,RUBY GLASS CLUSTER BRACELET,6.23,3.4265000000000003,Monitor
16256B,232.35,0.0,232.35,121.04400000000001,34.8525,18.588,57.86549999999999,524,0,0.2490445448676565,0.0,FLOWER PENCIL/RUBBER+5 MINI PENCILS,0.42,0.231,Monitor
20765,1280.06,18.75,1261.31,909.5625,192.009,102.4048,57.3337,446,5,0.04545567703419461,0.011210762331838564,CHRYSANTHEMUM SKETCHBOOK,3.75,2.0625,Review margin
84499,272.16999999999996,0.0,272.16999999999996,152.405,40.8255,21.7736,57.16589999999997,326,0,0.21003747657713923,0.0,BLACK FLOWER CANDLE PLATE,0.85,0.4675,Monitor
84597B,259.37,3.75,255.62,138.875,38.905499999999996,20.7496,57.08989999999999,205,3,0.22333894061497533,0.014634146341463415,RETRO BROWN BALL ASHTRAY,1.25,0.6875,Monitor
21794,3552.09,79.35,3472.7400000000002,2598.75,532.8135,284.16720000000004,57.009299999999804,713,13,0.016416230411720946,0.0182328190743338,CLASSIC FRENCH STYLE BASKET NATURAL,6.75,3.7125000000000004,Review margin
72801d,254.98,0.0,254.98,139.359,38.247,20.3984,56.9756,103,0,0.22345125107851596,0.0,4 SKY BLUE DINNER CANDLES,2.46,1.353,Monitor
85024B,330.9,0.0,330.9,197.83500000000004,49.635,26.472,56.95799999999998,218,0,0.17213055303717129,0.0,EAU DE NILE JEWELLED PHOTOFRAME,1.65,0.9075,Monitor
75131,1543.03,0.0,1543.03,1131.2015,231.4545,123.44239999999999,56.931600000000046,1217,0,0.03689597739512521,0.0,METAL TUBE CHIME ON BAMBOO,1.69,0.9295,Review margin
23580,236.87,0.0,236.87,125.4825,35.530499999999996,18.9496,56.907399999999996,117,0,0.24024739308481444,0.0,SNACK TRAY HAPPY FOREST,1.95,1.0725,Monitor
84466,1352.11,391.85,960.26,592.625,202.8165,108.16879999999999,56.649699999999946,1259,397,0.05899412659071496,0.3153296266878475,TOP SECRET PEN SET,1.25,0.6875,Review margin
90119,245.61999999999998,0.0,245.61999999999998,132.594,36.842999999999996,19.6496,56.5334,98,0,0.23016611025160819,0.0,METALIC LEAVES BAG CHARMS,2.46,1.353,Monitor
72750D,226.5,0.0,226.5,117.975,33.974999999999994,18.12,56.42999999999999,110,0,0.24913907284768208,0.0,F.FAIRY S/3 CANDLE/GLASS,1.95,1.0725,Monitor
90035A,257.55,0.0,257.55,141.9,38.6325,20.604,56.41349999999999,24,0,0.2190390215492137,0.0,"PEARL & SHELL 42""NECKL. GREEN",10.75,5.9125000000000005,Monitor
20771,1222.08,15.299999999999999,1206.78,869.5500000000001,183.31199999999998,97.7664,56.1515999999999,626,6,0.04653010490727382,0.009584664536741214,CHRYSANTHEMUM  JOURNAL,2.55,1.4025,Review margin
85232b,254.47,0.0,254.47,139.8375,38.1705,20.357599999999998,56.104399999999984,25,0,0.22047549809407782,0.0,SET OF 3 BABUSHKA STACKING TINS,10.17,5.593500000000001,Monitor
17091B,324.48,0.0,324.48,193.875,48.672,25.9584,55.97459999999999,282,0,0.17250554733727805,0.0,JASMINE TEA INCENSE IN TIN,1.25,0.6875,Monitor
21032,265.91,3.75,262.16,145.0625,39.8865,21.2728,55.9382,214,3,0.21337427525175465,0.014018691588785047,SPACE CADET WHITE,1.25,0.6875,Monitor
23475,242.17999999999998,0.0,242.17999999999998,130.559,36.327,19.374399999999998,55.91959999999998,286,0,0.23090098274011062,0.0,WOODLAND SMALL PINK FELT HEART,0.83,0.4565,Monitor
90081C,250.47000000000003,0.0,250.47000000000003,136.95000000000002,37.5705,20.0376,55.911899999999996,50,0,0.22322793148880102,0.0,LILY BROOCH OLIVE COLOUR,4.98,2.7390000000000003,Monitor
35609A,133.23,0.0,133.23,46.7115,19.9845,10.6584,55.8756,447,0,0.41939202882233734,0.0,PINK FEATHER CHRISTMAS DECORATION,0.19,0.10450000000000001,Monitor
20836,250.0,45.36000000000001,204.64,91.3,37.5,20.0,55.83999999999999,224,24,0.27286942924159496,0.10714285714285714,FRENCH PAISLEY CUSHION COVER,0.83,0.4565,Monitor
18096C,314.0,30.599999999999998,283.4,155.6775,47.099999999999994,25.119999999999997,55.50249999999997,123,12,0.1958450952717007,0.0975609756097561,WHITE ROUND PORCELAIN TLIGHT HOLDER,2.55,1.4025,Monitor
84192,279.85,0.0,279.85,160.1875,41.9775,22.387999999999998,55.297000000000004,233,0,0.19759514025370734,0.0,ASSORTED COLOUR METAL CAT,1.25,0.6875,Monitor
17038,254.51000000000002,0.0,254.51000000000002,140.74500000000003,38.1765,20.3608,55.227699999999984,2559,0,0.2169961887548622,0.0,PORCELAIN BUDAH INCENSE HOLDER,0.1,0.05500000000000001,Monitor
35809B,227.54000000000002,0.0,227.54000000000002,120.12000000000003,34.131,18.203200000000002,55.08579999999998,104,0,0.2420928188450381,0.0,ENAMEL BLUE RIM TEA CONTAINER,2.1,1.1550000000000002,Monitor
90028,253.29,0.0,253.29,140.085,37.9935,20.2632,54.948299999999996,30,0,0.21693829207627618,0.0,NEW BAROQUE LARGE NECKLACE BLK/WHIT,8.49,4.6695,Monitor
84482,296.77,37.5,259.27,136.125,44.5155,23.7416,54.8879,76,10,0.21170170092953294,0.13157894736842105,BUTTONS DESIGN JEWELLERY BOX,3.75,2.0625,Monitor
23015,346.63,57.75,288.88,154.275,51.9945,27.7304,54.880099999999985,41,7,0.18997542232068673,0.17073170731707318,CORDIAL GLASS JUG,8.25,4.5375000000000005,Monitor
90081A,247.75000000000003,0.0,247.75000000000003,136.125,37.1625,19.820000000000004,54.642500000000005,50,0,0.22055499495459133,0.0,LILY BROOCH AMETHYST COLOUR,4.95,2.7225,Monitor
90036C,246.83,0.0,246.83,135.5475,37.0245,19.7464,54.51159999999999,31,0,0.22084673662034593,0.0,"FLOWER GLASS GARLAND NECKL.36""BLUE",7.95,4.3725000000000005,Monitor
47591A,269.53999999999996,11.549999999999999,257.99,141.57,40.431,21.563200000000002,54.42579999999999,163,7,0.210960889956975,0.04294478527607362,CAROUSEL CHILDRENS APRON,1.65,0.9075,Monitor
90073,250.34,0.0,250.34,138.46250000000003,37.551,20.0272,54.29929999999998,50,0,0.21690221299033308,0.0,VINTAGE ENAMEL & CRYSTAL EARRINGS,5.035,2.7692500000000004,Monitor
16201A,213.37,3.9,209.47,106.1775,32.0055,17.0696,54.21739999999999,101,2,0.25883133622953164,0.019801980198019802,PASTEL PINK PHOTO ALBUM,1.95,1.0725,Monitor
75011,172.51,0.0,172.51,78.64450000000001,25.8765,13.8008,54.1882,181,0,0.3141162831140224,0.0,BLUE DAISY MOBILE,0.79,0.43450000000000005,Monitor
84030c,248.0,0.0,248.0,136.92800000000003,37.2,19.84,54.03199999999998,32,0,0.2178709677419354,0.0,KNITTED RAINBOW HOT WATER BOTTLE,7.78,4.279000000000001,Monitor
17039,837.88,0.0,837.88,591.2665000000001,125.68199999999999,67.0304,53.90109999999996,3707,0,0.06433033369933637,0.0,INLAID WOOD INCENSE HOLDER,0.29,0.1595,Review margin
23478,324.40000000000003,0.0,324.40000000000003,195.9375,48.66,25.952,53.850500000000004,285,0,0.16600030826140566,0.0,WOODLAND LARGE PINK FELT HEART,1.25,0.6875,Monitor
20968,185.11,0.0,185.11,88.6875,27.7665,14.8088,53.8472,43,0,0.29089298255091567,0.0,GREEN FLORAL FELTCRAFT SHOULDER BAG,3.75,2.0625,Monitor
84678,1115.9299999999998,22.9,1093.03,782.5950000000001,167.3895,89.2744,53.771099999999876,568,10,0.049194532629479405,0.017605633802816902,CLASSICAL ROSE SMALL VASE,2.55,1.4025,Review margin
37508,237.21999999999997,0.0,237.21999999999997,129.03,35.583,18.9776,53.629399999999976,92,0,0.22607452997217764,0.0,NEW ENGLAND CERAMIC CAKE SERVER,2.55,1.4025,Monitor
85230G,425.75999999999993,13.919999999999998,411.84,260.30400000000003,63.86399999999999,34.0608,53.61119999999997,1680,48,0.1301748251748251,0.02857142857142857,ORANGE VOTIVE CANDLE,0.29,0.1595,Monitor
21378,730.62,0.0,730.62,509.1075,109.59299999999999,58.4496,53.46989999999996,561,0,0.07318428184281837,0.0,SMALL TALL CAMPHOR WOOD TOADSTOOL,1.65,0.9075,Review margin
84855,196.70000000000002,0.0,196.70000000000002,98.01,29.505000000000003,15.736000000000002,53.449,36,0,0.2717285205897305,0.0,BLOKEY SILVER TOOL SET,4.95,2.7225,Monitor
35818B,180.05,0.0,180.05,85.272,27.0075,14.404,53.36649999999999,408,0,0.29639822271591215,0.0,"ACRYLIC JEWEL ICICLE, BLUE",0.38,0.20900000000000002,Monitor
90196B,241.98,0.0,241.98,133.2375,36.297,19.3584,53.0871,19,0,0.219386312918423,0.0,BLACK GEMSTONE NECKLACE 45CM,12.75,7.0125,Monitor
21089,112.54,0.0,112.54,33.7535,16.881,9.003200000000001,52.902300000000004,323,0,0.47007552870090635,0.0,SET/6 GREEN SPRING PAPER CUPS,0.19,0.10450000000000001,Monitor
23036,233.67000000000002,0.0,233.67000000000002,127.1875,35.0505,18.6936,52.7384,185,0,0.2256960671031797,0.0,T-LIGHT HOLDER SILVER PETIT FOUR,1.25,0.6875,Monitor
84796a,234.28,0.0,234.28,127.666,35.141999999999996,18.7424,52.7296,28,0,0.22507085538671673,0.0,PINK HAWAIIAN PICNIC HAMPER FOR 2,8.29,4.5595,Monitor
20903,919.8,6.35,913.45,649.605,137.97,73.584,52.29099999999999,187,1,0.05724560731293447,0.0053475935828877,VINTAGE KEEPSAKE BOX TRAVELOGUE,6.35,3.4925,Review margin
20871,1984.3500000000001,4.2,1980.15,1471.4700000000003,297.6525,158.74800000000002,52.2794999999997,1276,2,0.026401787743352625,0.001567398119122257,OPULENT VELVET SET/3 CANDLES,2.1,1.1550000000000002,Review margin
90181B,231.27,0.0,231.27,125.81250000000001,34.6905,18.5016,52.265399999999985,25,0,0.22599299520041502,0.0,AMETHYST GLASS/SHELL/PEARL NECKLACE,9.15,5.032500000000001,Monitor
47481,266.25,0.0,266.25,152.87250000000003,39.93749999999999,21.3,52.139999999999986,327,0,0.19583098591549292,0.0,50CM METAL STRING WITH  7 CLIPS,0.85,0.4675,Monitor
20980,282.31,11.25,271.06,154.0,42.3465,22.5848,52.1287,233,9,0.19231424776802183,0.03862660944206009,36 PENCILS TUBE POSY,1.25,0.6875,Monitor
21639,228.64999999999998,6.8,221.85,117.3425,34.2975,18.291999999999998,51.917999999999985,259,8,0.23402298850574707,0.03088803088803089,ASSORTED TUTTI FRUTTI KEYRING,0.85,0.4675,Monitor
20855,239.24999999999997,1.65,237.59999999999997,130.68,35.887499999999996,19.14,51.89249999999999,145,1,0.21840277777777778,0.006896551724137931,PINK PATCH PURSE BLUE HEART,1.65,0.9075,Monitor
84797b,232.62,0.0,232.62,127.281,34.892999999999994,18.6096,51.836400000000005,21,0,0.22283724529275215,0.0,BLUE SAVANNAH PICNIC HAMPER FOR 4,11.02,6.061,Monitor
90040B,255.97,0.0,255.97,145.65650000000002,38.3955,20.4776,51.44039999999998,71,0,0.20096261280618816,0.0,MURANO STYLE GLASS BRACELET BLACK,3.73,2.0515000000000003,Monitor
72753D,302.40000000000003,33.6,268.8,147.84000000000003,45.36,24.192000000000004,51.40799999999997,144,16,0.1912499999999999,0.1111111111111111,S/3 FLWR FAIRY SUMMER CANDLES,2.1,1.1550000000000002,Monitor
84519B,1899.5700000000002,2.95,1896.6200000000001,1408.3300000000002,284.9355,151.9656,51.38889999999985,869,1,0.027094990034904117,0.0011507479861910242,CARROT CHARLIE+LOLA COASTER SET,2.95,1.6225000000000003,Review margin
22598,1133.01,5.1,1127.9099999999999,816.222,169.95149999999998,90.6408,51.09569999999993,1794,6,0.04530122084208841,0.0033444816053511705,CHRISTMAS MUSICAL ZINC TREE,0.83,0.4565,Review margin
90122B,228.99,0.0,228.99,125.23500000000001,34.3485,18.319200000000002,51.0873,46,0,0.22309838857592032,0.0,JADE CRYSTAL+GLASS BRACELET,4.95,2.7225,Monitor
17003,14776.86,215.78,14561.08,11111.5675,2216.529,1182.1488,50.83469999999984,70405,740,0.003491135272933041,0.010510617143668773,BROCADE RING PURSE,0.29,0.1595,Review margin
72754A,201.24,0.0,201.24,104.39000000000001,30.186,16.0992,50.56479999999999,292,0,0.251266149870801,0.0,FLOWER FAIRY POTPOURRI CUSHION LILY,0.65,0.35750000000000004,Monitor
21893,587.8,0.0,587.8,402.0500000000001,88.17,47.024,50.555999999999926,172,0,0.08600884654644425,0.0,POTTING SHED SEED TIN,4.25,2.3375000000000004,Review margin
90133,236.46,0.0,236.46,131.5765,35.469,18.916800000000002,50.497699999999995,47,0,0.21355704981815105,0.0,TEAL/FUSCHIA COL BEAD NECKLACE,5.09,2.7995,Monitor
20796,182.15999999999997,0.0,182.15999999999997,89.8425,27.323999999999998,14.572799999999999,50.42069999999999,99,0,0.27679347826086953,0.0,SMALL BLUE PROVENCAL CERAMIC BALL,1.65,0.9075,Monitor
90155,226.16,0.0,226.16,123.75,33.924,18.0928,50.3932,30,0,0.22282101167315174,0.0,RESIN NECKLACE W PASTEL BEADS,7.5,4.125,Monitor
90199B,228.60999999999999,0.0,228.60999999999999,125.73,34.2915,18.288800000000002,50.29969999999999,36,0,0.2200240584401382,0.0,5 STRAND GLASS NECKLACE AMETHYST,6.35,3.4925,Monitor
84660c,233.98,0.0,233.98,129.92100000000002,35.097,18.7184,50.24359999999999,31,0,0.21473459270023074,0.0,PINK STITCHED WALL CLOCK,7.62,4.191000000000001,Monitor
84535A,346.93,0.0,346.93,217.00250000000003,52.039500000000004,27.7544,50.13359999999999,607,0,0.14450638457325682,0.0,ENGLISH ROSE NOTEBOOK A6 SIZE,0.65,0.35750000000000004,Monitor
90186A,224.38000000000002,0.0,224.38000000000002,123.31000000000002,33.657000000000004,17.950400000000002,49.462599999999995,76,0,0.22044121579463405,0.0,AMETHYST HOOP EARRING FLORAL LEAF,2.95,1.6225000000000003,Monitor
90214S,182.59,7.5,175.09,83.6825,27.3885,14.6072,49.41179999999999,185,6,0.282208007310526,0.032432432432432434,"LETTER ""S"" BLING KEY RING",0.85,0.4675,Monitor
90124C,220.20999999999998,0.0,220.20999999999998,120.39500000000001,33.0315,17.616799999999998,49.16669999999999,22,0,0.2232718768448299,0.0,GREEN MURANO TWIST NECKLACE,9.95,5.4725,Monitor
72807b,220.94000000000003,0.0,220.94000000000003,121.12100000000002,33.141,17.6752,49.00279999999998,26,0,0.2217923418122566,0.0,SET/3 OCEAN SCENT CANDLE JEWEL BOX,8.47,4.658500000000001,Monitor
23003,226.2,0.0,226.2,125.20200000000001,33.93,18.096,48.971999999999994,542,0,0.21649867374005305,0.0,TRAVEL CARD WALLET VINTAGE ROSE,0.42,0.231,Monitor
62086A,220.35,0.0,220.35,121.1925,33.052499999999995,17.628,48.47699999999999,113,0,0.21999999999999995,0.0,PINK RETRO BIG FLOWER BAG,1.95,1.0725,Monitor
90123A,220.02,0.0,220.02,121.08250000000001,33.003,17.6016,48.332899999999995,37,0,0.2196750295427688,0.0,PINK HEART OF GLASS BRACELET,5.95,3.2725000000000004,Monitor
84926C,192.1,7.5,184.6,92.125,28.814999999999998,15.368,48.291999999999994,140,6,0.2616034669555796,0.04285714285714286,FAIRY CAKES TILE COASTER,1.25,0.6875,Monitor
85168A,218.89999999999998,0.0,218.89999999999998,120.39500000000001,32.835,17.511999999999997,48.157999999999994,22,0,0.22,0.0,WHITE BAROQUE CARRIAGE CLOCK,9.95,5.4725,Monitor
21321,301.8,34.2,267.59999999999997,150.06750000000002,45.269999999999996,24.144000000000002,48.118499999999976,122,15,0.17981502242152458,0.12295081967213115,GLASS CHALICE BLUE  LARGE,2.55,1.4025,Monitor
90154,439.65,0.0,439.65,290.4275,65.94749999999999,35.172,48.10299999999997,59,0,0.10941203229841914,0.0,LAZER CUT NECKLACE W PASTEL BEADS,8.95,4.9225,Monitor
90036A,215.76000000000002,0.0,215.76000000000002,118.05750000000002,32.364,17.2608,48.07769999999999,27,0,0.22282953281423798,0.0,FLOWER GARLAND NECKLACE RED,7.95,4.3725000000000005,Monitor
84985B,194.95999999999998,0.0,194.95999999999998,102.08,29.244,15.596799999999998,48.039199999999994,128,0,0.24640541649569142,0.0,SET OF 72 BLACK PAPER DOILIES,1.45,0.7975,Monitor
79323GR,3209.36,1168.5,2040.8600000000001,1254.825,481.404,256.7488,47.882199999999926,532,194,0.023461775917995316,0.36466165413533835,GREEN CHERRY LIGHTS,6.75,3.7125000000000004,Review margin
85039a,212.45,0.0,212.45,115.808,31.8675,16.996,47.778499999999994,64,0,0.22489291598023062,0.0,SET/4 RED MINI ROSE CANDLE IN BOWL,3.29,1.8095,Monitor
85194S,889.46,18.39,871.07,618.8325000000001,133.419,71.1568,47.66169999999994,1760,29,0.05471626849736524,0.016477272727272726,HANGING SPRING FLOWER EGG SMALL,0.65,0.35750000000000004,Review margin
90196A,242.25,12.75,229.5,126.22500000000001,36.3375,19.38,47.5575,19,1,0.20722222222222222,0.05263157894736842,PURPLE GEMSTONE NECKLACE 45CM,12.75,7.0125,Monitor
22336,2235.34,14.950000000000001,2220.3900000000003,1658.8000000000002,335.30100000000004,178.82720000000003,47.46179999999983,4663,23,0.02137543404537033,0.004932446922582029,DOVE DECORATION PAINTED ZINC,0.65,0.35750000000000004,Review margin
85017B,1390.3899999999999,10.2,1380.1899999999998,1012.9735000000001,208.55849999999998,111.2312,47.42679999999997,2231,12,0.03436251530586367,0.005378753922008068,ENVELOPE 50 BLOSSOM IMAGES,0.83,0.4565,Review margin
84247C,215.35000000000002,0.0,215.35000000000002,118.44250000000001,32.3025,17.228,47.377,73,0,0.22,0.0,PACK/12 BLUE REINDEER CARD,2.95,1.6225000000000003,Monitor
90170,249.57999999999998,19.799999999999997,229.78,125.235,37.437,19.9664,47.14159999999999,150,12,0.2051597179911219,0.08,DAISY HAIR BAND,1.65,0.9075,Monitor
46138B,156.29,11.05,145.24,62.205,23.443499999999997,12.5032,47.088300000000004,71,13,0.32421027265216196,0.18309859154929578,BLUE CHENILLE SHAGGY CUSHION COVER,1.95,1.0725,Monitor
79403,199.01999999999998,11.899999999999999,187.11999999999998,94.435,29.852999999999998,15.9216,46.91039999999999,216,14,0.2506968790081231,0.06481481481481481,FROSTED WHITE BASE,0.85,0.4675,Monitor
90096,243.60999999999999,0.0,243.60999999999999,140.712,36.5415,19.4888,46.86769999999999,104,0,0.19238824350396122,0.0,NECKLACE+BRACELET SET BLUE BLOSSOM,2.46,1.353,Monitor
21202,1105.1299999999999,74.55,1030.58,729.63,165.7695,88.4104,46.77009999999994,855,51,0.04538230899105353,0.05964912280701754,DOLLY HONEYCOMB GARLAND,1.65,0.9075,Review margin
47574B,212.5,0.0,212.5,116.87500000000001,31.874999999999996,17.0,46.74999999999998,50,0,0.2199999999999999,0.0,ENGLISH ROSE SCENTED HANGING HEART,4.25,2.3375000000000004,Monitor
85131C,321.4,0.0,321.4,200.85999999999999,48.21,25.712,46.618,440,0,0.14504667081518358,0.0,BEADED CRYSTAL HEART BLUE ON STICK,0.83,0.4565,Monitor
35648,1272.59,20.749999999999996,1251.84,912.637,190.8885,101.8072,46.50730000000006,1043,25,0.03715115350204504,0.023969319271332695,VINTAGE BEAD PINK PURSE,1.63,0.8965,Review margin
35916B,119.67,0.0,119.67,45.73800000000001,17.950499999999998,9.573599999999999,46.40789999999999,132,0,0.3877989471045374,0.0,BLUE FELT HANGING HEART WITH FLOWER,0.63,0.34650000000000003,Monitor
90214J,161.47,7.5,153.97,70.5925,24.220499999999998,12.9176,46.239399999999996,157,6,0.30031434695070464,0.03821656050955414,"LETTER ""J"" BLING KEY RING",0.85,0.4675,Monitor
35824B,203.24,0.0,203.24,110.35200000000002,30.486,16.2592,46.1428,528,0,0.2270360165321787,0.0,"HANGING FLOWERS+MIRROR,BLUE",0.38,0.20900000000000002,Monitor
84231,166.21,0.0,166.21,82.22500000000001,24.931500000000003,13.296800000000001,45.75669999999999,230,0,0.2752945069490403,0.0,EASTER BUNNY WITH BASKET ON BACK,0.65,0.35750000000000004,Monitor
44235,305.1,0.0,305.1,189.189,45.76499999999999,24.408,45.73799999999997,819,0,0.14991150442477866,0.0,ASSORTED COLOURED CIRCLE MOBILE,0.42,0.231,Monitor
84798A,432.45000000000005,30.599999999999998,401.85,256.6575,64.8675,34.596000000000004,45.729000000000006,195,12,0.11379619260918254,0.06153846153846154,PINK FOXGLOVE ARTIIFCIAL FLOWER,2.55,1.4025,Monitor
23149,251.45000000000002,27.39,224.06000000000003,120.516,37.7175,20.116,45.71050000000002,99,11,0.20401008658395078,0.1111111111111111,ANTIQUE IVORY WIRE BOWL SMALL,2.49,1.3695000000000002,Monitor
62096A,592.79,0.0,592.79,410.76750000000004,88.9185,47.4232,45.68079999999997,383,0,0.07706067916125436,0.0,PINK/YELLOW FLOWERS HANDBAG,1.95,1.0725,Review margin
72225C,466.38,13.919999999999998,452.46,299.541,69.957,37.3104,45.65159999999997,1926,48,0.10089643283384161,0.024922118380062305,LAVENDER SCENT CAKE CANDLE,0.29,0.1595,Monitor
20693,161.89000000000001,4.25,157.64000000000001,74.80000000000001,24.2835,12.951200000000002,45.60529999999999,33,1,0.28930030449124583,0.030303030303030304,FLORAL DINOSAUR GREEN,4.25,2.3375000000000004,Monitor
84627,303.45,47.6,255.85,140.71750000000003,45.5175,24.276,45.338999999999984,51,8,0.17720930232558132,0.1568627450980392,CANDY STRIPE ROSE C/COVER,5.95,3.2725000000000004,Monitor
51012C,213.75,3.75,210.0,115.5,32.0625,17.1,45.3375,171,3,0.21589285714285714,0.017543859649122806,"FEATHER DUSTER, COAL BLACK",1.25,0.6875,Monitor
22882,255.07999999999998,1.95,253.13,149.1875,38.26199999999999,20.406399999999998,45.27409999999999,126,1,0.17885710899537782,0.007936507936507936,NUMBER TILE VINTAGE FONT 3,2.17,1.1935,Monitor
90000A,198.98000000000002,0.0,198.98000000000002,107.9925,29.847,15.918400000000002,45.22209999999999,33,0,0.2272695748316413,0.0,RASPBERRY ANT COPPER FLOWER NECKLAC,5.95,3.2725000000000004,Monitor
84725,216.49999999999997,0.0,216.49999999999997,121.605,32.474999999999994,17.32,45.09999999999999,134,0,0.20831408775981522,0.0,FREESTYLE CANVAS ART PICTURE,1.65,0.9075,Monitor
84809A,474.84000000000003,4.2,470.64000000000004,316.4700000000001,71.226,37.9872,44.95679999999992,276,2,0.0955226925038244,0.007246376811594203,WHITE CHRYSANTHEMUMS ART FLOWER,2.1,1.1550000000000002,Review margin
16258A,380.96999999999997,0.42,380.55,248.09400000000002,57.1455,30.4776,44.832899999999974,1075,1,0.11781080015766646,0.0009302325581395349,SWIRLY CIRCULAR RUBBERS IN BAG,0.42,0.231,Monitor
21633,1675.86,25.5,1650.36,1220.175,251.379,134.0688,44.737199999999966,176,2,0.027107540173053134,0.011363636363636364,SUNFLOWER DECORATIVE PARASOL,12.75,7.0125,Review margin
20865,500.49,145.47,355.02,195.19500000000005,75.0735,40.0392,44.712299999999956,251,82,0.12594304546222737,0.32669322709163345,PATCHWORK PENCIL CASE BUTTERFLY,2.1,1.1550000000000002,Monitor
84452,186.16,13.6,172.56,85.08500000000001,27.923999999999996,14.8928,44.65819999999999,198,16,0.25879809921186825,0.08080808080808081,METAL RABBIT LADDER EASTER,0.85,0.4675,Monitor
90056,207.94,0.0,207.94,115.47250000000001,31.191,16.6352,44.641299999999994,19,0,0.2146835625661248,0.0,CHUNKY CRACKED GLAZE NECKLACE IVORY,11.05,6.077500000000001,Monitor
21317,1464.3,15.850000000000001,1448.45,1067.1100000000001,219.645,117.144,44.55099999999989,359,3,0.030757706513859565,0.008356545961002786,GLASS SPHERE CANDLE STAND MEDIUM,5.45,2.9975000000000005,Review margin
37506,202.3,0.0,202.3,111.26500000000001,30.345,16.184,44.50599999999999,34,0,0.21999999999999995,0.0,NEW ENGLAND MILK JUG W GIFT BOX,5.95,3.2725000000000004,Monitor
23697,194.58,0.0,194.58,105.33600000000001,29.186999999999998,15.5664,44.490599999999986,456,0,0.22864939870490278,0.0,A PRETTY THANK YOU CARD,0.42,0.231,Monitor
20736,234.35,0.0,234.35,136.04250000000002,35.152499999999996,18.748,44.407,291,0,0.18949007894175376,0.0,PINK MINI TAPE MEASURE,0.85,0.4675,Monitor
90032,271.88,0.0,271.88,165.00000000000003,40.782,21.7504,44.34759999999998,48,0,0.16311460938649397,0.0,IVORY SHELL HEART NECKLACE,6.25,3.4375000000000004,Monitor
90144,199.45,0.0,199.45,109.3125,29.9175,15.956,44.264,53,0,0.2219303083479569,0.0,SILVER DROP EARRINGS WITH FLOWER,3.75,2.0625,Monitor
90030A,113.76,0.0,113.76,43.45,17.064,9.1008,44.1452,79,0,0.38805555555555554,0.0,SPOTTED WHITE NATURAL SEED NECKLACE,1.0,0.55,Monitor
84247K,236.43000000000004,32.45,203.98000000000002,105.4625,35.4645,18.9144,44.138600000000004,76,11,0.2163869006765369,0.14473684210526316,"FOLK ART GREETING CARD,pack/12",2.95,1.6225000000000003,Monitor
84797a,198.84,0.0,198.84,109.098,29.825999999999997,15.9072,44.00880000000001,18,0,0.22132770066385038,0.0,PINK HAWAIIAN PICNIC HAMPER FOR 4,11.02,6.061,Monitor
90005A,216.87,0.0,216.87,123.01300000000002,32.530499999999996,17.3496,43.97689999999998,106,0,0.20278000645548014,0.0,JADE GREEN ENAMEL HAIR COMB,2.11,1.1605,Monitor
84461,253.79,28.049999999999997,225.73999999999998,123.42,38.0685,20.3032,43.948299999999975,99,11,0.19468547886949578,0.1111111111111111,12 PINK HEN+CHICKS IN BASKET,2.55,1.4025,Monitor
84219,311.51,0.0,311.51,196.35,46.726499999999994,24.9208,43.512699999999995,140,0,0.13968315623896502,0.0,BOX/12 MOTHER & CHICK IN BASKET/BOW,2.55,1.4025,Monitor
35265,86.95,0.0,86.95,23.595,13.0425,6.956,43.356500000000004,22,0,0.498637147786084,0.0,COLOURFUL FLOWER FRUIT BOWL,1.95,1.0725,Monitor
90214C,162.53,7.5,155.03,74.33250000000001,24.3795,13.0024,43.315599999999996,165,6,0.2794014061794491,0.03636363636363636,"LETTER ""C"" BLING KEY RING",0.85,0.4675,Monitor
84564,175.48000000000002,0.0,175.48000000000002,91.8225,26.322,14.038400000000001,43.29709999999999,21,0,0.24673524048324588,0.0,6 SEGMENT COLOURED SNACK BOWL,7.95,4.3725000000000005,Monitor
84531A,169.35999999999999,0.0,169.35999999999999,87.1915,25.404,13.5488,43.21569999999999,191,0,0.2551706424185167,0.0,PINK KNITTED EGG COSY,0.83,0.4565,Monitor
84744,190.02,0.0,190.02,103.125,28.503,15.2016,43.1904,150,0,0.22729396905588883,0.0,S/6 SEW ON CROCHET FLOWERS,1.25,0.6875,Monitor
90019C,213.38,0.0,213.38,121.22,32.007,17.0704,43.082600000000006,40,0,0.20190552066735404,0.0,SILVER BLACK ORBIT BRACELET,5.51,3.0305,Monitor
23440,299.36,0.0,299.36,187.616,44.903999999999996,23.9488,42.891199999999984,164,0,0.14327632282202024,0.0,PAINT YOUR OWN EGGS IN CRATE,2.08,1.1440000000000001,Monitor
84770,419.25000000000006,135.70000000000002,283.55000000000007,144.40250000000003,62.8875,33.54,42.72,135,46,0.1506612590372068,0.34074074074074073,ROUND GEORGIAN SILVER MIRROR,2.95,1.6225000000000003,Monitor
21420,338.66,0.0,338.66,218.07500000000002,50.799,27.0928,42.693199999999976,122,0,0.12606508002126018,0.0,OYSTER TRINKET BOX,3.25,1.7875,Monitor
85114b,186.76000000000002,0.0,186.76000000000002,101.33200000000001,28.014,14.9408,42.4732,56,0,0.2274212893553223,0.0,IVORY ENCHANTED FOREST PLACEMAT,3.29,1.8095,Monitor
22330,197.89999999999998,17.4,180.5,92.51,29.685,15.831999999999999,42.47299999999999,128,12,0.2353074792243767,0.09375,72 ROUND PINK DOILIES,1.45,0.7975,Monitor
21582,193.04999999999998,0.0,193.04999999999998,106.1775,28.9575,15.444,42.471000000000004,117,0,0.22000000000000003,0.0,KINGS CHOICE SMALL TUBE MATCHES,1.65,0.9075,Monitor
90209A,325.5,18.900000000000002,306.6,189.42000000000004,48.825,26.04,42.314999999999955,173,9,0.13801369863013682,0.05202312138728324,PURPLE ENAMEL+GLASS HAIR COMB,2.1,1.1550000000000002,Monitor
90178B,191.40999999999997,0.0,191.40999999999997,105.16,28.711499999999997,15.3128,42.225699999999996,16,0,0.22060341674938616,0.0,PURPLE CHUNKY GLASS+BEAD NECKLACE,11.95,6.5725,Monitor
21252,408.66,0.0,408.66,272.58000000000004,61.299,32.6928,42.08819999999995,168,0,0.10299075025693719,0.0,SET OF MEADOW  FLOWER STICKERS,2.95,1.6225000000000003,Monitor
90058A,218.88,13.68,205.2,112.86000000000001,32.832,17.5104,41.997599999999984,576,36,0.2046666666666666,0.0625,CRYSTAL STUD EARRINGS CLEAR DISPLAY,0.38,0.20900000000000002,Monitor
23496,154.52,0.0,154.52,77.0,23.178,12.361600000000001,41.980399999999996,112,0,0.27168263008024846,0.0,PANTRY KITCHEN THERMOMETER,1.25,0.6875,Monitor
21817,1086.01,0.0,1086.01,794.2825,162.9015,86.88080000000001,41.9451999999999,1699,0,0.03862321709744836,0.0,GLITTER CHRISTMAS TREE,0.85,0.4675,Review margin
90065A,193.96,7.22,186.74,100.23750000000001,29.094,15.5168,41.89169999999999,28,1,0.22433169112134513,0.03571428571428571,WHITE VINTAGE CRYSTAL BRACELET,6.75,3.7125000000000004,Monitor
84690,222.6,15.9,206.70000000000002,113.68500000000002,33.39,17.808,41.81699999999999,28,2,0.20230769230769224,0.07142857142857142,S/2 BEACH HUT STOOLS,7.95,4.3725000000000005,Monitor
90159,188.58,0.0,188.58,103.45500000000001,28.287000000000003,15.086400000000001,41.7516,38,0,0.2213999363665288,0.0,COTE D'AZURE NECKLACE,4.95,2.7225,Monitor
85114a,185.64000000000001,0.0,185.64000000000001,101.33200000000001,27.846,14.8512,41.6108,56,0,0.22414781297134234,0.0,BLACK ENCHANTED FOREST PLACEMAT,3.29,1.8095,Monitor
84510a,185.7,0.0,185.7,101.475,27.854999999999997,14.856,41.513999999999996,75,0,0.2235541195476575,0.0,SET OF 4 ENGLISH ROSE COASTERS,2.46,1.353,Monitor
84576,337.04,0.0,337.04,218.06400000000002,50.556,26.9632,41.45679999999999,96,0,0.1230026109660574,0.0,BLUE CAT BISCUIT BARREL PINK HEART,4.13,2.2715,Monitor
90036F,192.17000000000002,0.0,192.17000000000002,106.524,28.825499999999998,15.3736,41.4469,24,0,0.21567830566685744,0.0,"FLOWER GLASS GARLD NECKL36""TURQUOIS",8.07,4.4385,Monitor
84706C,170.8,0.0,170.8,90.09,25.619999999999997,13.664,41.42599999999999,84,0,0.2425409836065573,0.0,PINK FLOCK TABLE CLOCK,1.95,1.0725,Monitor
22258,1294.8,68.75,1226.05,886.875,194.22,103.584,41.37099999999999,1345,55,0.03374332205048733,0.040892193308550186,FELT FARM ANIMAL RABBIT,1.25,0.6875,Review margin
21018,183.56,0.0,183.56,100.045,27.534,14.684800000000001,41.296199999999985,214,0,0.22497385051209406,0.0,BIRD BOX CHRISTMAS TREE DECORATION,0.85,0.4675,Monitor
90094,190.17,0.0,190.17,105.1875,28.525499999999997,15.2136,41.24339999999999,75,0,0.21687647893989584,0.0,NECKLACE+BRACELET SET FRUIT SALAD,2.55,1.4025,Monitor
85179C,257.15,0.0,257.15,156.948,38.5725,20.572,41.057500000000005,116,0,0.1596636204549874,0.0,PINK BITTY LIGHT CHAIN,2.46,1.353,Monitor
23137,275.62,0.0,275.62,171.1875,41.343,22.0496,41.0399,83,0,0.14890029751106598,0.0,ZINC WIRE SWEETHEART LETTER TRAY,3.75,2.0625,Monitor
20957,184.60999999999999,1.45,183.16,99.6875,27.691499999999998,14.768799999999999,41.01219999999999,126,1,0.22391461017689449,0.007936507936507936,PORCELAIN HANGING BELL SMALL,1.45,0.7975,Monitor
90130B,188.09,0.0,188.09,103.84000000000002,28.2135,15.0472,40.989299999999986,64,0,0.21792386623424947,0.0,TURQ STONE/CRYSTAL EARRINGS,2.95,1.6225000000000003,Monitor
90099,129.69,0.0,129.69,58.905,19.4535,10.3752,40.95629999999999,42,0,0.3158015267175572,0.0,NECKLACE+BRACELET SET BLUE HIBISCUS,2.55,1.4025,Monitor
85119,567.48,27.04,540.44,369.0115,85.122,45.3984,40.90810000000002,413,16,0.07569406409592187,0.0387409200968523,WATERING CAN SINGLE HOOK PISTACHIO,1.69,0.9295,Review margin
90024B,220.74,17.0,203.74,112.068,33.111,17.659200000000002,40.901799999999994,26,2,0.20075488367527236,0.07692307692307693,NEW BAROQUE B'FLY NECKLACE RED,8.49,4.6695,Monitor
84522,311.86,0.0,311.86,199.485,46.779,24.948800000000002,40.64719999999999,186,0,0.13033797216699797,0.0,PINK PARTY SUNGLASSES,1.95,1.0725,Monitor
90211B,208.21,11.9,196.31,107.811,31.2315,16.6568,40.610699999999994,35,2,0.2068702562273954,0.05714285714285714,JET BLACK LAS VEGAS NECKLACE 45CM,5.94,3.2670000000000003,Monitor
90065B,168.37,0.0,168.37,89.10000000000001,25.255499999999998,13.4696,40.54489999999999,24,0,0.24080833877769192,0.0,BLACK VINT ART DEC CRYSTAL BRACELET,6.75,3.7125000000000004,Monitor
79191D,143.87,11.86,132.01,58.4375,21.580499999999997,11.509599999999999,40.48239999999999,138,13,0.30666161654420115,0.09420289855072464,RETRO PLASTIC DAISY TRAY,0.85,0.4675,Monitor
21353,160.45,0.0,160.45,83.07750000000001,24.0675,12.836,40.468999999999994,19,0,0.2522218759738236,0.0,SILVER SLEIGHBELL  WREATH,7.95,4.3725000000000005,Monitor
84800M,357.22,5.07,352.15000000000003,229.5865,53.583000000000006,28.5776,40.40290000000002,250,3,0.11473207440011363,0.012,MEDIUM WHITE/PINK ROSE ART FLOWER,1.69,0.9295,Monitor
23694,165.07999999999998,0.0,165.07999999999998,86.85600000000001,24.762,13.2064,40.25559999999999,376,0,0.2438551005573055,0.0,PAISLEY PARK CARD,0.42,0.231,Monitor
84613C,258.06,0.0,258.06,158.56500000000003,38.709,20.6448,40.14119999999997,62,0,0.15554987212276203,0.0,BLUE NEW BAROQUE FLOCK CANDLESTICK,4.65,2.5575000000000006,Monitor
90180B,179.88,0.0,179.88,98.505,26.982,14.3904,40.002599999999994,18,0,0.2223849232821881,0.0,PURPLE AMETHYST NECKLACE W TASSEL,9.95,5.4725,Monitor
84531B,167.91,0.0,167.91,89.474,25.1865,13.4328,39.81669999999999,196,0,0.2371312012387588,0.0,BLUE KNITTED EGG COSY,0.83,0.4565,Monitor
21461,172.98999999999998,9.75,163.23999999999998,83.655,25.9485,13.8392,39.79729999999999,83,5,0.24379625091889243,0.060240963855421686,BLUE EASTER EGG HUNT START POST,1.95,1.0725,Monitor
21728,2798.61,25.5,2773.11,2089.725,419.7915,223.8888,39.70470000000003,300,2,0.014317751549704133,0.006666666666666667,METAL MEDINA LANTERN,12.75,7.0125,Review margin
21426,1647.0700000000002,161.40000000000003,1485.67,1067.2200000000003,247.06050000000002,131.7656,39.62389999999988,1028,104,0.02667072768515207,0.10116731517509728,WOODLAND STORAGE BOX SMALL,2.1,1.1550000000000002,Review margin
84962,179.85000000000002,0.0,179.85000000000002,98.91750000000002,26.9775,14.388000000000002,39.567,3,0,0.21999999999999997,0.0,SET/3 COLOUR PAINTED KASHMIRI STOOL,59.95,32.972500000000004,Monitor
84622,152.6,5.95,146.65,71.995,22.889999999999997,12.208,39.556999999999995,23,1,0.2697374701670644,0.043478260869565216,PINK GINGHAM ROSE CUSHION COVER,5.95,3.2725000000000004,Monitor
84803A,189.28,5.07,184.21,101.3155,28.392,15.1424,39.36010000000001,112,3,0.21366972477064225,0.026785714285714284,PINK ALLIUM  ARTIFICIAL FLOWER,1.69,0.9295,Monitor
90214L,166.06,10.0,156.06,78.54,24.909,13.2848,39.32619999999999,176,8,0.25199410483147505,0.045454545454545456,"LETTER ""L"" BLING KEY RING",0.85,0.4675,Monitor
90063A,178.48,0.0,178.48,98.17500000000001,26.772,14.278400000000001,39.25459999999998,21,0,0.21993836844464357,0.0,WHITE VINT ART DECO CRYSTAL NECKLAC,8.5,4.675000000000001,Monitor
84966B,428.0,0.0,428.0,290.40000000000003,64.19999999999999,34.239999999999995,39.15999999999997,33,0,0.09149532710280367,0.0,BLUE KASHMIRI BOXED MIRROR,16.0,8.8,Review margin
90035B,380.89,0.0,380.89,254.23750000000004,57.1335,30.4712,39.04779999999996,43,0,0.10251726220168543,0.0,"PEARL & SHELL 42""NECKL. PINK",10.75,5.9125000000000005,Monitor
90000B,177.29000000000002,5.95,171.34,91.63000000000001,26.5935,14.183200000000001,38.933299999999996,29,1,0.22722831796428153,0.034482758620689655,MIDNIGHT BLUE COPPER FLOWER NECKLAC,5.95,3.2725000000000004,Monitor
48179,214.47,0.0,214.47,126.22500000000001,32.1705,17.1576,38.91689999999998,34,0,0.18145614771296675,0.0,DOOR MAT SWEET HOME,6.75,3.7125000000000004,Monitor
90029,195.14,8.5,186.64,102.85000000000002,29.270999999999997,15.6112,38.90779999999999,23,1,0.20846442348906982,0.043478260869565216,NEW BAROQUE SMALL NECKLACE BLACK,8.5,4.675000000000001,Monitor
84706B,188.73,17.9,170.82999999999998,88.605,28.309499999999996,15.0984,38.81709999999998,20,2,0.22722648246795052,0.1,FAIRY CAKES TABLE CLOCK,8.95,4.9225,Monitor
90003D,226.17,26.25,199.92,109.3125,33.9255,18.0936,38.5884,60,7,0.19301920768307324,0.11666666666666667,CRYSTAL PAIR HEART HAIR SLIDES,3.75,2.0625,Monitor
85040a,169.75,0.0,169.75,92.28450000000001,25.4625,13.58,38.422999999999995,51,0,0.2263505154639175,0.0,S/4 PINK FLOWER CANDLES IN BOWL,3.29,1.8095,Monitor
84562B,106.59,0.0,106.59,43.72500000000001,15.9885,8.5272,38.3493,10,0,0.35978328173374613,0.0,BLUE/WHITE RIBBED MELAMINE JUG,7.95,4.3725000000000005,Monitor
22391,645.39,0.0,645.39,458.61750000000006,96.8085,51.6312,38.33279999999993,327,0,0.05939478454887731,0.0,PAPERWEIGHT HOME SWEET HOME,2.55,1.4025,Review margin
84529A,290.78,0.0,290.78,185.62500000000003,43.617,23.2624,38.275599999999976,50,0,0.13163078616135904,0.0,PINK KNITTED KIDS RUCKSACK,6.75,3.7125000000000004,Monitor
90090,227.72,31.45,196.26999999999998,105.65500000000002,34.158,18.2176,38.23939999999998,263,37,0.19483059051306867,0.14068441064638784,PINK CRYSTAL HEART PHONE CHARM,0.85,0.4675,Monitor
23185,116.58999999999999,0.29,116.29999999999998,51.359,17.4885,9.3272,38.125299999999996,323,1,0.32781857265692177,0.0030959752321981426,FRENCH STYLE STORAGE JAR JAM,0.29,0.1595,Monitor
21554,773.7,17.85,755.85,539.9625000000001,116.05499999999999,61.895999999999994,37.936499999999945,168,3,0.050190513990871134,0.017857142857142856,CERAMIC BIRDHOUSE RED ROOF LARGE,5.95,3.2725000000000004,Review margin
85195,269.44000000000005,2.1,267.34000000000003,167.47500000000005,40.416000000000004,21.5552,37.89379999999998,146,1,0.14174384678686308,0.00684931506849315,HANGING HEART BASKET,2.1,1.1550000000000002,Monitor
90123D,172.39,0.0,172.39,94.90250000000002,25.8585,13.7912,37.8378,29,0,0.21948952955507864,0.0,WHITE HEART OF GLASS BRACELET,5.95,3.2725000000000004,Monitor
90060F,172.09,0.0,172.09,94.74300000000001,25.8135,13.7672,37.766299999999994,29,0,0.2194566796443721,0.0,FIRE POLISHED GLASS NECKL GREEN,5.94,3.2670000000000003,Monitor
85033G,376.05,1.95,374.1,249.8925,56.4075,30.084,37.715999999999994,236,3,0.1008179631114675,0.012711864406779662,SET/6 GOLD REINDEER T-LIGHT CANDLES,1.95,1.0725,Monitor
90156,137.37,0.0,137.37,68.0625,20.6055,10.989600000000001,37.712399999999995,25,0,0.27453155710853894,0.0,RESIN BRACELET W PASTEL BEADS,4.95,2.7225,Monitor
85185C,171.10000000000002,0.0,171.10000000000002,94.10500000000002,25.665,13.688,37.641999999999996,58,0,0.21999999999999995,0.0,COW  SOCK PUPPET,2.95,1.6225000000000003,Monitor
84549,137.26999999999998,0.0,137.26999999999998,68.0625,20.5905,10.9816,37.63539999999999,75,0,0.27417061266117865,0.0,CROCHET WHITE RABBIT KEYRING,1.65,0.9075,Monitor
90063B,170.17000000000002,0.0,170.17000000000002,93.50000000000001,25.525499999999997,13.613600000000002,37.53089999999999,20,0,0.22054945054945047,0.0,BLACK VINT ART DEC CRYSTAL NECKLACE,8.5,4.675000000000001,Monitor
35824P,136.44,0.0,136.44,67.71600000000001,20.465999999999998,10.9152,37.34279999999999,324,0,0.2736939313984168,0.0,"HANGING FLOWERS+MIRROR,PINK",0.38,0.20900000000000002,Monitor
21293,872.34,4.2,868.1400000000001,630.168,130.851,69.78720000000001,37.333800000000004,343,2,0.043004354136429605,0.0058309037900874635,MIRRORED DOVE WALL DECORATION,3.36,1.848,Review margin
35594,105.58,10.08,95.5,33.957,15.837,8.4464,37.25959999999999,171,24,0.39015287958115175,0.14035087719298245,WOODEN CHRISTMAS TREE 3 HANGING,0.42,0.231,Monitor
84720,147.05,0.0,147.05,76.03750000000001,22.0575,11.764000000000001,37.190999999999995,35,0,0.25291397483849026,0.0,DOT MATRIX CANVAS ART PICTURE,3.95,2.1725000000000003,Monitor
90186B,168.26000000000002,0.0,168.26000000000002,92.48250000000002,25.239,13.4608,37.0777,57,0,0.22035956258171874,0.0,CRYSTAL HOOP EARRING FLORAL LEAF,2.95,1.6225000000000003,Monitor
47570b,169.4,0.0,169.4,93.412,25.41,13.552000000000001,37.025999999999996,8,0,0.21857142857142856,0.0,TEA TIME TABLE CLOTH,21.23,11.6765,Monitor
85205A,168.29999999999998,0.0,168.29999999999998,92.56500000000001,25.244999999999997,13.463999999999999,37.02599999999999,66,0,0.21999999999999995,0.0,IVORY FELT EASTER RABBIT GARLAND,2.55,1.4025,Monitor
90146,276.49,15.0,261.49,160.875,41.4735,22.1192,37.0223,41,2,0.14158208726911162,0.04878048780487805,FINE SILVER NECKLACE W PASTEL FLOWE,7.5,4.125,Monitor
84893,192.3,0.0,192.3,111.26500000000001,28.845,15.384,36.806,34,0,0.19139885595423814,0.0,ANT WHITE IRON BASKET,5.95,3.2725000000000004,Monitor
90211A,166.57000000000002,0.0,166.57000000000002,91.47600000000001,24.9855,13.325600000000001,36.7829,28,0,0.22082547877769101,0.0,DIAMOND LAS VEGAS NECKLACE 45CM,5.94,3.2670000000000003,Monitor
21031,177.95,1.25,176.7,99.0,26.6925,14.236,36.7715,145,1,0.2081013016411998,0.006896551724137931,SPACE CADET BLACK,1.25,0.6875,Monitor
16054,159.0,12.959999999999999,146.04000000000002,72.73200000000001,23.85,12.72,36.73799999999999,1210,108,0.25156121610517657,0.08925619834710743,POPART RECT PENCIL SHARPENER ASST,0.12,0.066,Monitor
90123B,166.59,0.0,166.59,91.63000000000001,24.9885,13.327200000000001,36.644299999999994,28,0,0.21996698481301394,0.0,TURQUOISE HEART OF GLASS BRACELET,5.95,3.2725000000000004,Monitor
17001,299.34999999999997,1.7399999999999998,297.61,192.1975,44.902499999999996,23.948,36.562,1211,6,0.12285205470246294,0.00495458298926507,HEAVENS SCENT FRAGRANCE OILS ASSTD,0.29,0.1595,Monitor
84029D,183.98000000000002,0.0,183.98000000000002,105.1875,27.597,14.7184,36.47710000000001,51,0,0.19826665941950214,0.0,LEOPARD PRINT HOT WATER BOTTLE,3.75,2.0625,Monitor
21087,168.08,0.0,168.08,92.95000000000002,25.212,13.4464,36.47159999999999,260,0,0.21698952879581143,0.0,SET/6 POSIES PAPER CUPS,0.65,0.35750000000000004,Monitor
23463,139.39999999999998,0.0,139.39999999999998,71.1425,20.91,11.152,36.195499999999996,13,0,0.25965208034433285,0.0,VINTAGE ZINC WATERING CAN,9.95,5.4725,Monitor
90214E,139.28,7.5,131.78,63.580000000000005,20.892,11.1424,36.1656,142,6,0.2744392168766125,0.04225352112676056,"LETTER ""E"" BLING KEY RING",0.85,0.4675,Monitor
90018B,164.62,0.0,164.62,90.94800000000001,24.693,13.1696,35.80939999999999,39,0,0.21752763941197903,0.0,GOLD M.O.P ORBIT DROP EARRINGS,4.24,2.3320000000000003,Monitor
90042A,160.79,0.0,160.79,88.01100000000001,24.118499999999997,12.8632,35.79729999999998,63,0,0.22263387026556367,0.0,FRESHWATER PEARL BRACELET GOLD,2.54,1.3970000000000002,Monitor
20887,118.39,0.0,118.39,55.5885,17.758499999999998,9.4712,35.571799999999996,18,0,0.3004628769321733,0.0,BOX OF 6 PEBBLE CANDLES,5.615,3.0882500000000004,Monitor
90123C,160.75,0.0,160.75,88.35750000000002,24.1125,12.860000000000001,35.419999999999995,27,0,0.22034214618973558,0.0,GREEN HEART OF GLASS BRACELET,5.95,3.2725000000000004,Monitor
90190C,161.82,0.0,161.82,89.23750000000001,24.273,12.9456,35.36389999999999,55,0,0.21853849956742052,0.0,SILVER/AMETHYST DROP EARRINGS LEAF,2.95,1.6225000000000003,Monitor
90098,311.47999999999996,15.299999999999999,296.18,189.3375,46.721999999999994,24.9184,35.20209999999997,141,6,0.11885373759200477,0.0425531914893617,NECKLACE+BRACELET PINK BUTTERFLY,2.55,1.4025,Monitor
85024C,163.35,1.65,161.7,88.935,24.502499999999998,13.068,35.1945,99,1,0.2176530612244898,0.010101010101010102,PINK SMALL JEWELLED PHOTOFRAME,1.65,0.9075,Monitor
23305,159.9,0.0,159.9,87.94500000000001,23.985,12.792,35.17799999999999,82,0,0.21999999999999992,0.0,SET 4 PICNIC CUTLERY BLUEBERRY,1.95,1.0725,Monitor
23447,231.89999999999998,0.0,231.89999999999998,143.38500000000002,34.785,18.552,35.17799999999998,158,0,0.15169469598965066,0.0,PINK BUNNY EASTER EGG BASKET,1.65,0.9075,Monitor
90039D,162.66,0.0,162.66,90.10650000000001,24.399,13.0128,35.141699999999986,43,0,0.2160438952416082,0.0,FIRE POLISHED GLASS BRACELET GREEN,3.81,2.0955000000000004,Monitor
46776E,662.1,0.0,662.1,474.6775,99.315,52.967999999999996,35.13949999999997,205,0,0.053072798670895587,0.0,WOVEN CANDY CUSHION COVER,4.21,2.3155,Review margin
84614A,124.83,11.9,112.93,49.087500000000006,18.7245,9.9864,35.13159999999999,17,2,0.31109182679535985,0.11764705882352941,PINK BAROQUE FLOCK CANDLE HOLDER,5.95,3.2725000000000004,Monitor
75172,100.31,0.0,100.31,42.1465,15.0465,8.0248,35.092200000000005,97,0,0.349837503738411,0.0,PAINTED SEA SHELL METAL WINDCHIME,0.79,0.43450000000000005,Monitor
82587,173.03,15.0,158.03,83.1875,25.9545,13.8424,35.0456,133,12,0.2217654875656521,0.09022556390977443,TEXRIO TOMATOES CANDLE+CUP,1.25,0.6875,Monitor
22864,158.76,0.0,158.76,87.31800000000001,23.814,12.7008,34.92719999999999,378,0,0.21999999999999997,0.0,MUG AND COASTER SET RED CIRCLES,0.42,0.231,Monitor
90166,168.94,4.25,164.69,90.94800000000001,25.341,13.5152,34.885799999999996,40,1,0.21182706903880014,0.025,PINK & WHITE ROSEBUD RING,4.24,2.3320000000000003,Monitor
35015,134.08,0.0,134.08,68.376,20.112000000000002,10.7264,34.86559999999999,2072,0,0.260035799522673,0.0,JACOBS LADDER SMALL,0.06,0.033,Monitor
23446,230.24999999999997,0.0,230.24999999999997,142.47750000000002,34.537499999999994,18.42,34.81499999999998,157,0,0.15120521172638432,0.0,BLUE BUNNY EASTER EGG BASKET,1.65,0.9075,Monitor
90019B,168.62,0.0,168.62,95.04000000000002,25.293,13.489600000000001,34.79739999999999,32,0,0.2063657929071284,0.0,GOLD M.O.P ORBIT BRACELET,5.4,2.9700000000000006,Monitor
79192A,152.64,10.0,142.64,72.875,22.896,12.2112,34.657799999999995,114,8,0.24297392035894558,0.07017543859649122,RETRO PLASTIC 70'S TRAY,1.25,0.6875,Monitor
37485,207.69,0.0,207.69,125.31750000000002,31.1535,16.6152,34.60379999999998,49,0,0.16661274014155703,0.0,ENGLISH ROSE TEA SET IN GIFT BOX,4.65,2.5575000000000006,Monitor
23467,120.08000000000001,0.0,120.08000000000001,57.904,18.012,9.6064,34.5576,32,0,0.28778814123917384,0.0,VINTAGE ZINC PLANTER,3.29,1.8095,Monitor
35933,131.38,0.0,131.38,66.671,19.707,10.5104,34.4916,319,0,0.26253311006241437,0.0,PINK STOCKING CHRISTMAS DECORATION,0.38,0.20900000000000002,Monitor
23468,156.75,0.0,156.75,86.2125,23.5125,12.540000000000001,34.48499999999999,19,0,0.21999999999999995,0.0,TUSCAN VILLA BIRD TABLE,8.25,4.5375000000000005,Monitor
72801c,153.67,0.0,153.67,83.886,23.0505,12.2936,34.439899999999994,62,0,0.22411596277738008,0.0,4 ROSE PINK DINNER CANDLES,2.46,1.353,Monitor
90162B,162.25000000000003,2.95,159.3,87.61500000000001,24.337500000000002,12.98,34.36750000000001,55,1,0.21574074074074076,0.01818181818181818,ANT SILVER LIME GREEN BOUDICCA RING,2.95,1.6225000000000003,Monitor
23544,1015.78,8.25,1007.53,739.6125000000001,152.367,81.2624,34.28809999999987,164,1,0.034031840242970304,0.006097560975609756,WALL ART MID CENTURY MODERN,8.25,4.5375000000000005,Review margin
84914A,155.7,0.0,155.7,85.635,23.354999999999997,12.456000000000001,34.25399999999999,6,0,0.21999999999999995,0.0,PINK ROSE PICNIC RUG,25.95,14.2725,Monitor
90072,176.31,0.0,176.31,101.519,26.4465,14.104800000000001,34.23969999999999,44,0,0.19420169020475295,0.0,RUBY DROP CHANDELIER EARRINGS,4.195,2.3072500000000002,Monitor
35916A,112.03999999999999,0.0,112.03999999999999,52.503,16.805999999999997,8.9632,33.767799999999994,129,0,0.30139057479471615,0.0,YELLOW FELT HANGING HEART W FLOWER,0.74,0.40700000000000003,Monitor
72351a,154.89,0.0,154.89,85.6735,23.2335,12.3912,33.59179999999999,37,0,0.21687520175608493,0.0,SET/6 TURQUOISE BUTTERFLY T-LIGHTS,4.21,2.3155,Monitor
84765,140.23,25.5,114.72999999999999,49.087500000000006,21.034499999999998,11.2184,33.389599999999994,9,2,0.29102763008803273,0.2222222222222222,SILVER ROCOCO CANDELABRA,12.75,7.0125,Monitor
35607A,118.81,0.0,118.81,58.102000000000004,17.8215,9.504800000000001,33.3817,556,0,0.2809670903122633,0.0,PINK FLUFFY CHRISTMAS DECORATION,0.19,0.10450000000000001,Monitor
72753C,107.68,0.0,107.68,49.66500000000001,16.152,8.6144,33.248599999999996,43,0,0.30877228826151554,0.0,S/3 FLWR FAIRY ROSE CANDLES,2.1,1.1550000000000002,Monitor
90042C,150.20999999999998,0.0,150.20999999999998,82.42300000000002,22.531499999999998,12.0168,33.23869999999998,59,0,0.22128153917848337,0.0,FRESHWATER PEARL BRACELET IVORY,2.54,1.3970000000000002,Monitor
79161A,150.45000000000002,0.0,150.45000000000002,82.7475,22.5675,12.036000000000001,33.099,51,0,0.21999999999999995,0.0,ST GEORGE SET OF 10 PARTY LIGHTS,2.95,1.6225000000000003,Monitor
84968a,150.82,0.0,150.82,83.2425,22.622999999999998,12.0656,32.888899999999985,6,0,0.21806723246253804,0.0,SET OF 16 VINTAGE ROSE CUTLERY,25.225,13.873750000000001,Monitor
16202E,162.73,5.55,157.18,86.8725,24.409499999999998,13.0184,32.87959999999999,82,1,0.20918437460236664,0.012195121951219513,BLACK PHOTO ALBUM,1.95,1.0725,Monitor
21118,104.25,0.0,104.25,47.4375,15.6375,8.34,32.835,69,0,0.31496402877697843,0.0,SHOPPING BAG DOORSTOP,1.25,0.6875,Monitor
17108D,149.1,0.0,149.1,82.00500000000001,22.365000000000002,11.928,32.80199999999999,355,0,0.21999999999999995,0.0,FLOWER FAIRY SUMMER BOUQUET SACHET,0.42,0.231,Monitor
21543,215.0,0.0,215.0,132.77,32.25,17.2,32.779999999999994,284,0,0.15246511627906975,0.0,BUTTERFLY WATER TRANSFER TATTOOS,0.85,0.4675,Monitor
84709A,148.75,0.0,148.75,81.81250000000001,22.3125,11.9,32.724999999999994,25,0,0.21999999999999997,0.0,SILVER OVAL JEWELLED MIRROR,5.95,3.2725000000000004,Monitor
23578,125.72,0.0,125.72,64.35,18.857999999999997,10.057599999999999,32.4544,60,0,0.25814826598790963,0.0,SNACK TRAY RED GINGHAM,1.95,1.0725,Monitor
35966,111.34,0.0,111.34,53.295,16.701,8.907200000000001,32.436800000000005,255,0,0.2913310580204779,0.0,FOLKART CHRISTMAS TREE T-LIGHT HOLD,0.38,0.20900000000000002,Monitor
90085,275.53,76.5,199.03,103.31750000000001,41.329499999999996,22.0424,32.34059999999999,311,90,0.1624910817464703,0.28938906752411575,CRYSTAL STILETTO PHONE CHARM,0.85,0.4675,Monitor
90040A,207.05,10.5,196.55,116.60000000000001,31.0575,16.564,32.32849999999999,53,3,0.16447977613838713,0.05660377358490566,MURANO STYLE GLASS BRACELET RED,4.24,2.3320000000000003,Monitor
47369B,162.03,0.0,162.03,92.48250000000002,24.3045,12.9624,32.280599999999986,57,0,0.19922606924643577,0.0,BLUE GREEN EMBROIDERY COSMETIC BAG,2.95,1.6225000000000003,Monitor
90002A,146.25,0.0,146.25,80.4375,21.9375,11.7,32.175,39,0,0.21999999999999997,0.0,FLOWER BURST SILVER RING OPAL,3.75,2.0625,Monitor
90013D,178.11,0.0,178.11,104.995,26.7165,14.2488,32.149699999999996,46,0,0.18050474425916566,0.0,PURPLE VINTAGE EARRINGS,4.15,2.2825,Monitor
85170B,475.91,16.8,459.11,317.62500000000006,71.3865,38.0728,32.02569999999993,283,8,0.06975604974842614,0.028268551236749116,SET/6 BLACK BIRD T-LIGHT CANDLES,2.1,1.1550000000000002,Review margin
10080,129.29,0.0,129.29,67.56750000000001,19.3935,10.3432,31.985799999999987,315,0,0.2473957769355711,0.0,GROOVY CACTUS INFLATABLE,0.39,0.21450000000000002,Monitor
72369A,101.28999999999999,0.0,101.28999999999999,46.0625,15.1935,8.1032,31.930799999999994,67,0,0.31524138611906405,0.0,PINK CLEAR GLASS CANDLE PLATE,1.25,0.6875,Monitor
23477,123.47,0.0,123.47,63.25,18.5205,9.8776,31.8219,92,0,0.2577298129100186,0.0,WOODLAND LARGE BLUE FELT HEART,1.25,0.6875,Monitor
84859B,435.40999999999997,0.0,435.40999999999997,303.5175,65.3115,34.8328,31.748199999999997,283,0,0.07291564272754415,0.0,BLUE DISCO HANDBAG,1.95,1.0725,Review margin
90204,168.46,13.4,155.06,84.75500000000001,25.269,13.4768,31.55919999999999,50,4,0.2035289565329549,0.08,PAIR OF ENAMEL BUTTERFLY HAIRCLIP,3.35,1.8425000000000002,Monitor
90016C,144.07,0.0,144.07,79.3815,21.6105,11.5256,31.552399999999995,17,0,0.21900742694523492,0.0,SILVER/BLACK PENDANT ORBIT NECKLACE,8.49,4.6695,Monitor
90036B,143.1,0.0,143.1,78.70500000000001,21.465,11.448,31.481999999999992,18,0,0.21999999999999995,0.0,"FLOWER GLASS GARLAND NECKL.36""GREEN",7.95,4.3725000000000005,Monitor
35819P,66.55,0.0,66.55,19.855,9.9825,5.324,31.388500000000004,95,0,0.47165289256198356,0.0,"ACRYLIC HANGING JEWEL,PINK",0.38,0.20900000000000002,Monitor
21226,231.79999999999998,0.0,231.79999999999998,147.125,34.769999999999996,18.544,31.360999999999997,214,0,0.13529335634167386,0.0,POCKET MIRROR WOODLAND,1.25,0.6875,Monitor
72781,229.5,12.600000000000001,216.9,132.82500000000002,34.425000000000004,18.360000000000003,31.28999999999998,121,6,0.1442600276625172,0.049586776859504134,BLACK SILOUETTE CANDLE PLATE,2.1,1.1550000000000002,Monitor
84989a,150.57,0.0,150.57,84.656,22.5855,12.0456,31.28289999999999,74,0,0.20776316663345948,0.0,75 GREEN FAIRY CAKE CASES,2.08,1.1440000000000001,Monitor
90137,132.52,0.0,132.52,70.785,19.878,10.601600000000001,31.2554,26,0,0.2358542106851796,0.0,PINK COMBO MINI CRYSTALS NECKLACE,4.95,2.7225,Monitor
84510c,138.85999999999999,0.0,138.85999999999999,75.768,20.828999999999997,11.1088,31.1542,56,0,0.2243569062364972,0.0,SET OF 4 POLKADOT COASTERS,2.46,1.353,Monitor
84874B,141.76,0.0,141.76,78.045,21.264,11.3408,31.110200000000003,86,0,0.21945682844243797,0.0,BLUE TRAVEL FIRST AID KIT,1.65,0.9075,Monitor
84679,103.3,5.95,97.35,42.542500000000004,15.495,8.264000000000001,31.048499999999997,14,1,0.31893682588597844,0.07142857142857142,CLASSICAL ROSE TABLE LAMP,5.95,3.2725000000000004,Monitor
47590b,140.5,0.0,140.5,77.1485,21.075,11.24,31.03649999999999,13,0,0.22090035587188606,0.0,PINK HAPPY BIRTHDAY BUNTING,10.79,5.9345,Monitor
84966A,225.95,0.0,225.95,143.0,33.8925,18.076,30.981500000000004,13,0,0.13711661872095599,0.0,PINK KASHMIRI BOXED MIRROR,20.0,11.0,Monitor
84617,140.25,0.0,140.25,77.1375,21.037499999999998,11.22,30.854999999999997,11,0,0.21999999999999997,0.0,NEW BAROQUE BLACK BOXES,12.75,7.0125,Monitor
84527,150.01,0.0,150.01,84.7275,22.501499999999997,12.0008,30.78019999999999,79,0,0.2051876541563895,0.0,FLAMES SUNGLASSES PINK LENSES,1.95,1.0725,Monitor
37494A,796.39,14.75,781.64,567.7045,119.4585,63.711200000000005,30.765800000000024,238,5,0.03936057520085976,0.02100840336134454,FAIRY CAKE CERAMIC BUTTER DISH,4.43,2.4365,Review margin
90003C,191.54,26.25,165.29,90.75,28.730999999999998,15.3232,30.485800000000005,51,7,0.18443826002782993,0.13725490196078433,MIDNIGHT BLUE PAIR HEART HAIR SLIDE,3.75,2.0625,Monitor
20835,87.02,0.0,87.02,36.519999999999996,13.052999999999997,6.9616,30.48539999999999,80,0,0.3503263617559181,0.0,FRENCH LATTICE CUSHION COVER,0.83,0.4565,Monitor
23304,138.45,0.0,138.45,76.14750000000001,20.7675,11.076,30.458999999999993,71,0,0.21999999999999997,0.0,SET 4 PICNIC CUTLERY CHERRY,1.95,1.0725,Monitor
10120,142.95,6.3,136.65,73.3425,21.4425,11.436,30.428999999999995,665,30,0.22267837541163552,0.045112781954887216,DOGGY RUBBER,0.21,0.1155,Monitor
90199D,139.28,0.0,139.28,76.83500000000001,20.892,11.1424,30.410599999999988,22,0,0.21834147041929916,0.0,5 STRAND GLASS NECKLACE AMBER,6.35,3.4925,Monitor
90212B,140.07,0.0,140.07,77.53350000000002,21.0105,11.2056,30.32039999999999,37,0,0.21646605268794167,0.0,JET BLACK LAS VEGAS BRACELET ROUND,3.81,2.0955000000000004,Monitor
90038A,135.8,0.0,135.8,74.25,20.37,10.864,30.316000000000003,36,0,0.223240058910162,0.0,GLASS AND PAINTED BEADS BRACELET TO,3.75,2.0625,Monitor
90116,225.51999999999998,0.0,225.51999999999998,143.418,33.828,18.0416,30.2324,106,0,0.13405640297978005,0.0,FRUIT SALAD BAG CHARM,2.46,1.353,Monitor
47369A,140.4,0.0,140.4,77.88000000000001,21.06,11.232000000000001,30.227999999999994,48,0,0.21529914529914526,0.0,PINK GREEN EMBROIDERY COSMETIC BAG,2.95,1.6225000000000003,Monitor
90214R,94.97999999999999,0.0,94.97999999999999,43.010000000000005,14.247,7.5984,30.124599999999997,92,0,0.31716782480522215,0.0,"LETTER ""R"" BLING KEY RING",0.85,0.4675,Monitor
84367,126.29999999999998,0.0,126.29999999999998,67.155,18.944999999999997,10.104,30.09599999999999,74,0,0.23828978622327787,0.0,LA STREGA CANVAS PICTURE,1.65,0.9075,Monitor
90151,136.17000000000002,0.0,136.17000000000002,74.80000000000001,20.4255,10.8936,30.050899999999988,16,0,0.22068664169787755,0.0,SILVER/NATURAL SHELL NECKLACE,8.5,4.675000000000001,Monitor
90024E,135.98,0.0,135.98,74.80000000000001,20.397,10.878400000000001,29.904599999999988,16,0,0.21991910575084564,0.0,NEW BAROQUE B'FLY NECKLACE MONTANA,8.5,4.675000000000001,Monitor
77079,135.68,0.0,135.68,74.62400000000001,20.352,10.854400000000002,29.849600000000002,64,0,0.22,0.0,DOLPHIN WINDMILL,2.12,1.1660000000000001,Monitor
23141,272.91,0.0,272.91,180.3175,40.9365,21.8328,29.823199999999996,79,0,0.10927851672712613,0.0,TRIPLE WIRE HOOK PINK HEART,4.15,2.2825,Monitor
90194,135.84,0.0,135.84,74.80000000000001,20.375999999999998,10.8672,29.79679999999999,32,0,0.21935217903415777,0.0,SILVER LARIAT BLACK STONE EARRINGS,4.25,2.3375000000000004,Monitor
20667,108.69,0.0,108.69,54.12,16.3035,8.6952,29.571300000000004,40,0,0.27207010764559764,0.0,CHERRY BLOSSOM PURSE,2.46,1.353,Monitor
21847,675.37,0.0,675.37,490.48449999999997,101.3055,54.0296,29.550400000000003,347,0,0.043754386484445566,0.0,GREEN  DIAMANTE PEN IN GIFT BOX,2.57,1.4135,Review margin
84705B,113.27,0.0,113.27,57.75,16.9905,9.0616,29.4679,84,0,0.2601562637944734,0.0,FAIRY CAKES PHOTO FRAME,1.25,0.6875,Monitor
82069,109.85,0.0,109.85,55.258500000000005,16.4775,8.788,29.326,17,0,0.2669640418752845,0.0,BEECH WOOD P/FRAME,5.91,3.2505,Monitor
84559D,128.41,0.0,128.41,69.6575,19.261499999999998,10.2728,29.21819999999999,149,0,0.2275383537107701,0.0,3D SHEET OF SEA WORLD STICKERS,0.85,0.4675,Monitor
90108,125.83000000000001,10.5,115.33000000000001,57.172500000000014,18.8745,10.066400000000002,29.216599999999993,109,10,0.2533304430763894,0.09174311926605505,BLUE BLOSSOM HAIR CLIP,1.05,0.5775000000000001,Monitor
85170C,993.03,2.1,990.9300000000001,733.326,148.9545,79.4424,29.207100000000008,543,1,0.029474433108292217,0.001841620626151013,SET/6 EAU DE NIL BIRD T-LIGHTS,2.46,1.353,Review margin
46137D,132.75,0.0,132.75,73.01250000000002,19.9125,10.62,29.20499999999999,45,0,0.21999999999999995,0.0,GREEN CHENILLE SHAGGY RUG,2.95,1.6225000000000003,Monitor
17178,156.65,0.0,156.65,91.4375,23.4975,12.532,29.183,133,0,0.18629428662623682,0.0,FLAT PALM T-LIGHT HOLDER,1.25,0.6875,Monitor
90059A,156.98,9.899999999999999,147.07999999999998,81.79599999999999,23.546999999999997,12.558399999999999,29.178599999999992,94,6,0.19838591242861026,0.06382978723404255,DIAMANTE HAIR GRIP PACK/2 CRYSTAL,1.69,0.9295,Monitor
90190B,132.58,0.0,132.58,73.01250000000002,19.887,10.6064,29.074099999999994,45,0,0.2192947654246492,0.0,GOLD/AMBER DROP EARRINGS W LEAF,2.95,1.6225000000000003,Monitor
84251F,83.97,0.0,83.97,35.6345,12.595500000000001,6.717600000000001,29.0224,341,0,0.34562820054781473,0.0,"GREETING CARD, RITA",0.19,0.10450000000000001,Monitor
90023,131.74,0.0,131.74,72.4625,19.761,10.539200000000001,28.977299999999993,31,0,0.21995825110065273,0.0,FILIGREE DIAMANTE EARRINGS,4.25,2.3375000000000004,Monitor
84249A,113.22,0.0,113.22,58.212,16.983,9.0576,28.967399999999994,252,0,0.2558505564387917,0.0,"GREETING CARD,SQUARE, DOUGHNUTS",0.42,0.231,Monitor
84656,130.9,0.0,130.9,71.995,19.634999999999998,10.472000000000001,28.797999999999995,22,0,0.21999999999999995,0.0,WHITE ROSE C/COVER,5.95,3.2725000000000004,Monitor
84683,519.35,1.25,518.1,369.875,77.9025,41.548,28.774499999999996,539,1,0.055538506079907346,0.0018552875695732839,CLASSICAL ROSE CANDLESTAND,1.25,0.6875,Review margin
16020C,134.5,0.0,134.5,74.8,20.174999999999997,10.76,28.76499999999999,160,0,0.2138661710037174,0.0,CLEAR STATIONERY BOX SET,0.85,0.4675,Monitor
90165B,131.65,0.0,131.65,72.644,19.7475,10.532,28.726499999999984,52,0,0.2182035700721609,0.0,WHITE ROSEBUD  PEARL EARRINGS,2.54,1.3970000000000002,Monitor
90040D,148.87,0.0,148.87,85.91550000000001,22.3305,11.9096,28.714399999999987,41,0,0.19288238060052385,0.0,MURANO STYLE GLASS BRACELET PINK,3.81,2.0955000000000004,Monitor
78033,370.6,17.85,352.75,238.8925,55.589999999999996,29.648,28.619499999999984,76,3,0.08113253012048188,0.039473684210526314,FLAG OF ST GEORGE CHAIR,5.95,3.2725000000000004,Review margin
90181A,128.64,0.0,128.64,70.45500000000001,19.296,10.2912,28.597799999999992,14,0,0.2223087686567164,0.0,AMBER GLASS/SHELL/PEARL NECKLACE,9.15,5.032500000000001,Monitor
20899,129.8,0.0,129.8,71.39,19.470000000000002,10.384000000000002,28.556000000000004,44,0,0.22000000000000003,0.0,VINTAGE NOTEBOOK RED ROSE,2.95,1.6225000000000003,Monitor
84886,129.35,0.0,129.35,71.1425,19.4025,10.347999999999999,28.456999999999994,13,0,0.21999999999999997,0.0,BLUE METAL WALL SHELF,9.95,5.4725,Monitor
90190A,129.59,0.0,129.59,71.39000000000001,19.4385,10.3672,28.394299999999994,44,0,0.21910872752527197,0.0,SILVER/CRYSTAL DROP EARRINGS W LEAF,2.95,1.6225000000000003,Monitor
85160a,129.04,0.0,129.04,70.97200000000001,19.355999999999998,10.3232,28.388799999999993,8,0,0.21999999999999995,0.0,WHITE BIRD GARDEN DESIGN MUG,16.13,8.871500000000001,Monitor
84199,121.92,2.52,119.4,63.063,18.288,9.7536,28.295399999999997,558,12,0.2369798994974874,0.021505376344086023,GLOW IN DARK DOLPHINS,0.21,0.1155,Monitor
85132b,95.83999999999999,0.0,95.83999999999999,45.595,14.375999999999998,7.667199999999999,28.201799999999995,10,0,0.2942591819699499,0.0,CHARLIE AND LOLA TABLE TINS,8.29,4.5595,Monitor
84558a,125.17,0.0,125.17,68.26050000000001,18.775499999999997,10.0136,28.120400000000004,21,0,0.22465766557481828,0.0,3D DOG PICTURE PLAYING CARDS,5.91,3.2505,Monitor
84782B,127.5,0.0,127.5,70.125,19.125,10.2,28.05,10,0,0.22,0.0,BLACK 3 TIER GLASS PLATE STAND,12.75,7.0125,Monitor
90024D,127.5,0.0,127.5,70.12500000000001,19.125,10.200000000000001,28.04999999999999,15,0,0.21999999999999992,0.0,NEW BAROQUE B'FLY NECKLACE PINK,8.5,4.675000000000001,Monitor
35980C,150.3,16.72,133.58,71.06,22.545,12.024000000000001,27.951000000000008,384,44,0.2092453960173679,0.11458333333333333,REDWHITE STRIPE SCANDINAVIAN HEART,0.38,0.20900000000000002,Monitor
16169K,658.75,0.0,658.75,479.32500000000005,98.8125,52.699999999999996,27.91249999999998,2075,0,0.042371916508538866,0.0,WRAP FOLK ART,0.42,0.231,Review margin
23303,126.75,0.0,126.75,69.7125,19.0125,10.14,27.88499999999999,65,0,0.21999999999999992,0.0,SET 4 PICNIC CUTLERY FONDANT,1.95,1.0725,Monitor
85190,124.16,5.1,119.06,62.645,18.624,9.9328,27.858199999999993,140,6,0.2339845456072568,0.04285714285714286,PINK FLOWER HANGING HEART,0.85,0.4675,Monitor
90199A,139.5,6.35,133.15,73.3425,20.924999999999997,11.16,27.722499999999993,22,1,0.20820503191888842,0.045454545454545456,5 STRAND GLASS NECKLACE BLACK,6.35,3.4925,Monitor
21228,122.57,0.0,122.57,66.6875,18.3855,9.8056,27.691399999999998,97,0,0.22592314595741209,0.0,"POCKET MIRROR ""GLAMOROUS""",1.25,0.6875,Monitor
35931,78.12,0.0,78.12,32.604,11.718,6.2496,27.548399999999997,156,0,0.3526420890937019,0.0,PINK STAR CHRISTMAS DECORATION,0.38,0.20900000000000002,Monitor
72802B,4263.22,679.24,3583.98,2575.925,639.483,341.05760000000004,27.514399999999625,1560,458,0.007677051769262,0.2935897435897436,OCEAN SCENT CANDLE IN JEWELLED BOX,4.25,2.3375000000000004,Review margin
35810B,517.71,10.79,506.92,360.36000000000007,77.6565,41.4168,27.48669999999993,325,13,0.05422295431231739,0.04,ENAMEL BLUE RIM COFFEE CONTAINER,2.1,1.1550000000000002,Review margin
84905,1007.91,0.0,1007.91,748.627,151.1865,80.6328,27.463699999999996,269,0,0.02724816699903761,0.0,PINK BUTTERFLY CUSHION COVER,5.06,2.783,Review margin
23464,99.2,0.0,99.2,49.005,14.88,7.936,27.378999999999998,18,0,0.2759979838709677,0.0,VINTAGE ZINC WATERING CAN SMALL,4.95,2.7225,Monitor
20818,268.5,0.0,268.5,179.4375,40.275,21.48,27.307500000000005,87,0,0.10170391061452516,0.0,GOLD TEDDY BEAR,3.75,2.0625,Monitor
37489A,48.51,0.0,48.51,10.081500000000002,7.2764999999999995,3.8808,27.2712,47,0,0.5621768707482994,0.0,YELLOW/PINK FLOWER DESIGN BIG MUG,0.39,0.21450000000000002,Monitor
90162C,123.90000000000002,0.0,123.90000000000002,68.14500000000001,18.585,9.912,27.258000000000003,42,0,0.21999999999999997,0.0,ANT SILVER FUSCHIA BOUDICCA RING,2.95,1.6225000000000003,Monitor
17191A,123.75,0.0,123.75,68.0625,18.5625,9.9,27.225,33,0,0.22,0.0,ROSE FLOWER CANDLE+INCENSE 16X16CM,3.75,2.0625,Monitor
82607E,126.25,1.25,125.0,68.75,18.9375,10.1,27.2125,101,1,0.21769999999999998,0.009900990099009901,GLASS BONBON JAR. D'AMANDES,1.25,0.6875,Monitor
20664,155.41,0.0,155.41,92.48250000000002,23.311500000000002,12.4328,27.183199999999996,57,0,0.1749128112734058,0.0,TROPICAL HOLIDAY PURSE,2.95,1.6225000000000003,Monitor
79308B,122.39999999999999,0.0,122.39999999999999,67.32000000000001,18.36,9.792,26.927999999999983,144,0,0.2199999999999999,0.0,MOSAIC CANDLE DISH BLUE PURPLE,0.85,0.4675,Monitor
47598,89.12,0.0,89.12,41.745000000000005,13.368,7.1296,26.877399999999998,138,0,0.30158662477558346,0.0,NEW ENGLAND EGG WARMER,0.55,0.30250000000000005,Monitor
21017,538.4399999999999,0.0,538.4399999999999,387.7665,80.76599999999999,43.0752,26.832299999999993,662,0,0.04983340762201916,0.0,RED BIRD HOUSE TREE DECORATION,1.065,0.58575,Review margin
84555A,133.85000000000002,0.0,133.85000000000002,76.25750000000001,20.0775,10.708,26.806999999999995,47,0,0.2002764288382517,0.0,YELLOW VW BEETLE CERAMIC MONEY BOX,2.95,1.6225000000000003,Monitor
90031,71.9,0.0,71.9,28.6,10.785,5.752,26.763,52,0,0.3722253129346314,0.0,BILI NUT AND WOOD NECKLACE,1.0,0.55,Monitor
90185A,233.29,55.25,178.04,97.94400000000002,34.9935,18.6632,26.439299999999996,55,13,0.14850202201752413,0.23636363636363636,AMBER DIAMANTE EXPANDABLE RING,4.24,2.3320000000000003,Monitor
21337,103.53000000000002,0.0,103.53000000000002,53.542500000000004,15.5295,8.2824,26.175600000000003,33,0,0.2528310634598667,0.0,SILVER WASHBAG,2.95,1.6225000000000003,Monitor
84864A,67.71000000000001,0.0,67.71000000000001,25.987500000000004,10.1565,5.4168,26.149199999999993,7,0,0.3861940629153742,0.0,PINK PAISLEY PHOTO ALBUM,6.75,3.7125000000000004,Monitor
79532,121.25,1.25,120.0,66.0,18.1875,9.7,26.112499999999997,97,1,0.21760416666666665,0.010309278350515464,MOSAIC GLASS BALL CANDLEHOLDER,1.25,0.6875,Monitor
90185B,284.43,80.75,203.68,112.20000000000002,42.6645,22.7544,26.06109999999999,67,19,0.12795119795758045,0.2835820895522388,AMETHYST DIAMANTE EXPANDABLE RING,4.25,2.3375000000000004,Monitor
21310,179.7,29.95,149.75,82.3625,26.955,14.376,26.0565,6,1,0.174,0.16666666666666666,CAPIZ CHANDELIER,29.95,16.4725,Monitor
20896,118.00000000000001,0.0,118.00000000000001,64.9,17.7,9.440000000000001,25.96,40,0,0.21999999999999997,0.0,VINTAGE NOTEBOOK PINK FLOWER,2.95,1.6225000000000003,Monitor
90183A,155.65,17.700000000000003,137.95000000000002,76.25750000000001,23.3475,12.452,25.892999999999994,53,6,0.1876984414642986,0.11320754716981132,AMBER DROP EARRINGS W LONG BEADS,2.95,1.6225000000000003,Monitor
47348A,62.01,0.0,62.01,22.093500000000002,9.301499999999999,4.9608,25.654199999999992,103,0,0.41371069182389925,0.0,FUSCHIA VOILE POINTY SHOE DEC,0.39,0.21450000000000002,Monitor
84753A,92.16999999999999,0.0,92.16999999999999,45.347500000000004,13.825499999999998,7.3736,25.623399999999993,97,0,0.2780015189324075,0.0,PINK EAU DE COLOGNE BOTTLE,0.85,0.4675,Monitor
90138,125.64,0.0,125.64,71.28000000000002,18.846,10.0512,25.462799999999987,24,0,0.2026647564469913,0.0,WHITE/PINK MINI CRYSTALS NECKLACE,5.4,2.9700000000000006,Monitor
20848,115.05000000000001,0.0,115.05000000000001,63.2775,17.2575,9.204,25.311,39,0,0.21999999999999997,0.0,ZINC HEART LATTICE CHARGER SMALL,2.95,1.6225000000000003,Monitor
90139,118.24000000000001,0.0,118.24000000000001,65.78,17.736,9.459200000000001,25.264799999999994,23,0,0.21367388362652226,0.0,FLOWER BROOCH 4 ASSORTED COLOURS,5.2,2.8600000000000003,Monitor
22233,1210.6999999999998,101.24,1109.4599999999998,805.86,181.60499999999996,96.856,25.138999999999925,950,62,0.022658770933607277,0.06526315789473684,JIGSAW RABBIT AND BIRDHOUSE,1.65,0.9075,Review margin
35913B,95.78999999999999,0.0,95.78999999999999,48.620000000000005,14.3685,7.6632,25.138299999999994,104,0,0.2624313602672512,0.0,WHITE/PINK CHICK EASTER DECORATION,0.85,0.4675,Monitor
90003B,165.81,26.25,139.56,76.3125,24.8715,13.264800000000001,25.111200000000004,44,7,0.17993121238177132,0.1590909090909091,ROSE COLOUR PAIR HEART HAIR SLIDES,3.75,2.0625,Monitor
47563A,837.87,5.0,832.87,615.23,125.6805,67.0296,24.929899999999982,344,4,0.029932522482500248,0.011627906976744186,RETRO LONGBOARD IRONING BOARD COVER,3.29,1.8095,Review margin
84288B,120.89999999999999,3.9,117.0,64.35,18.134999999999998,9.672,24.842999999999993,62,2,0.21233333333333326,0.03225806451612903,SET/2 BLUE  NOODLE BASKETS,1.95,1.0725,Monitor
84921,112.5,0.0,112.5,61.875,16.875,9.0,24.75,30,0,0.22,0.0,CREAM AND PINK FLOWERS PONY,3.75,2.0625,Monitor
20940,342.75,106.2,236.55,133.04500000000002,51.4125,27.42,24.672499999999992,118,36,0.10430141619108008,0.3050847457627119,SET/6 GARDEN GNOME T-LIGHT CANDLES,2.95,1.6225000000000003,Monitor
90104,108.96,0.0,108.96,59.345,16.343999999999998,8.7168,24.554199999999994,130,0,0.22535058737151245,0.0,PURPLE FRANGIPANI HAIRCLIP,0.83,0.4565,Monitor
90040C,146.75,10.5,136.25,77.95700000000001,22.0125,11.74,24.54049999999999,41,3,0.18011376146788985,0.07317073170731707,MURANO STYLE GLASS BRACELET GOLD,3.73,2.0515000000000003,Monitor
78027,100.15,0.0,100.15,52.635000000000005,15.022499999999999,8.012,24.480499999999992,6,0,0.2444383424862705,0.0,SEAGRASS S/2 CORNER LAUNDRY,15.95,8.7725,Monitor
90016A,207.86,0.0,207.86,135.57500000000002,31.179,16.628800000000002,24.477199999999982,29,0,0.1177581064177811,0.0,SILVER/M.O.P PENDANT ORBIT NECKLACE,8.5,4.675000000000001,Monitor
84705D,97.9,0.0,97.9,50.941,14.685,7.832000000000001,24.442,22,0,0.24966292134831458,0.0,CHERRY BLOSSOM PHOTO FRAME,4.21,2.3155,Monitor
90002C,124.38,7.5,116.88,63.9375,18.657,9.9504,24.3351,33,2,0.2082058521560575,0.06060606060606061,FLOWER BURST SILVER RING MIDN'T BLU,3.75,2.0625,Monitor
72793,268.75,5.95,262.8,176.715,40.3125,21.5,24.27249999999999,55,1,0.09236111111111107,0.01818181818181818,BLACK BOX MIRROR LANTERN,5.95,3.2725000000000004,Review margin
47592B,131.9,0.0,131.9,77.38500000000002,19.785,10.552000000000001,24.177999999999987,67,0,0.18330553449583006,0.0,SCOTTIE DOGS CHILDRENS OVERALL,2.1,1.1550000000000002,Monitor
90051,105.72,0.0,105.72,57.337500000000006,15.858,8.457600000000001,24.0669,15,0,0.22764755959137345,0.0,CRACKED GLAZE NECKLACE RED,6.95,3.8225000000000002,Monitor
85185F,109.15,0.0,109.15,60.032500000000006,16.372500000000002,8.732000000000001,24.013,37,0,0.22,0.0,LION SOCK PUPPET,2.95,1.6225000000000003,Monitor
84599,160.15,0.0,160.15,99.33,24.022499999999997,12.812000000000001,23.985500000000005,15,0,0.14976896659381833,0.0,CANDY STRIPE ROSE FLOOR CUSHION,12.04,6.622,Monitor
90018C,118.51,4.25,114.26,63.038250000000005,17.7765,9.4808,23.96445,28,1,0.20973612812882897,0.03571428571428571,SILVER BLACK ORBIT DROP EARRINGS,4.245,2.33475,Monitor
85130D,962.15,0.0,962.15,716.9250000000001,144.3225,76.972,23.930499999999967,790,0,0.024871901470664624,0.0,BEADED CRYSTAL HEART PINK LARGE,1.65,0.9075,Review margin
90103,110.85,0.0,110.85,61.46800000000001,16.627499999999998,8.868,23.886499999999987,44,0,0.21548488949030212,0.0,PURPLE FRANGIPANI NECKLACE,2.54,1.3970000000000002,Monitor
45013,132.0,0.0,132.0,77.88000000000001,19.8,10.56,23.759999999999987,48,0,0.1799999999999999,0.0,FOLDING SHOE TIDY,2.95,1.6225000000000003,Monitor
90071,108.99,0.0,108.99,60.291000000000004,16.3485,8.7192,23.631299999999996,87,0,0.21682080924855487,0.0,RUBY GLASS CLUSTER EARRINGS,1.26,0.6930000000000001,Monitor
16206B,116.4,0.0,116.4,66.0,17.46,9.312,23.627999999999997,96,0,0.20298969072164944,0.0,RED PURSE WITH PINK HEART,1.25,0.6875,Monitor
20814,208.89000000000001,16.25,192.64000000000001,121.0,31.3335,16.7112,23.59530000000001,189,13,0.122483907807309,0.06878306878306878,SILVER FINCH DECORATION,1.25,0.6875,Monitor
23626,107.07000000000001,0.0,107.07000000000001,58.88850000000001,16.0605,8.5656,23.555400000000002,43,0,0.22,0.0,SET 10 CARDS DINKY TREE 17076,2.49,1.3695000000000002,Monitor
90079,104.77000000000001,0.0,104.77000000000001,57.1725,15.7155,8.3816,23.5004,21,0,0.22430466736661256,0.0,VINTAGE ENAMEL & CRYSTAL NECKLACE,4.95,2.7225,Monitor
84464,181.64999999999998,0.0,181.64999999999998,116.4075,27.2475,14.532,23.462999999999994,83,0,0.12916597853014036,0.0,S/60 PINK FLUFFY CHICKS IN BOX,2.55,1.4025,Monitor
90205C,122.31,0.0,122.31,70.785,18.3465,9.7848,23.393699999999995,78,0,0.19126563649742453,0.0,LARGE CRYSTAL DIAMANTE HAIRSLIDE,1.65,0.9075,Monitor
90165A,106.49,0.0,106.49,58.67400000000001,15.9735,8.5192,23.323299999999985,42,0,0.219018687200676,0.0,PINK ROSEBUD PEARL EARRINGS,2.54,1.3970000000000002,Monitor
35815P,75.88000000000001,0.0,75.88000000000001,35.112,11.382000000000001,6.0704,23.315600000000003,168,0,0.30726937269372695,0.0,"ACRYLIC JEWEL SNOWFLAKE, PINK",0.38,0.20900000000000002,Monitor
22987,105.84,0.0,105.84,58.212,15.876,8.4672,23.284799999999997,252,0,0.21999999999999997,0.0,WRAP SUMMER ROSE DESIGN,0.42,0.231,Monitor
84458,105.39999999999999,0.0,105.39999999999999,57.970000000000006,15.809999999999999,8.432,23.18799999999999,124,0,0.21999999999999995,0.0,S/3 RABBIT FLOWER/EGG/CARROT ROPE,0.85,0.4675,Monitor
90214D,90.82,0.0,90.82,46.75,13.623,7.2656,23.181399999999996,100,0,0.2552455406298172,0.0,"LETTER ""D"" BLING KEY RING",0.85,0.4675,Monitor
90202D,141.49,17.700000000000003,123.79,68.14500000000001,21.2235,11.3192,23.102299999999996,48,6,0.18662492931577668,0.125,PINK ENAMEL FLOWER HAIR TIE,2.95,1.6225000000000003,Monitor
16169D,105.0,0.0,105.0,57.75,15.75,8.4,23.099999999999994,250,0,0.21999999999999995,0.0,WRAP WINTER FOREST,0.42,0.231,Monitor
84465,99.46000000000001,0.0,99.46000000000001,53.54250000000001,14.919,7.9568,23.041699999999995,33,0,0.23166800723909103,0.0,15 PINK FLUFFY CHICKS IN BOX,2.95,1.6225000000000003,Monitor
90214N,77.64999999999999,0.0,77.64999999999999,36.932500000000005,11.647499999999999,6.212,22.857999999999997,79,0,0.2943721828718609,0.0,"LETTER ""N"" BLING KEY RING",0.85,0.4675,Monitor
90022,147.17,22.5,124.67,68.0625,22.075499999999998,11.7736,22.7584,39,6,0.18254912970241438,0.15384615384615385,EDWARDIAN DROP EARRINGS JET BLACK,3.75,2.0625,Monitor
35910A,103.35,0.0,103.35,56.8425,15.5025,8.267999999999999,22.73699999999999,53,0,0.21999999999999992,0.0,MULTICOLOUR EASTER RABBIT,1.95,1.0725,Monitor
16248B,102.5,0.0,102.5,56.375,15.375,8.2,22.549999999999997,82,0,0.21999999999999997,0.0,BLUE HOLE PUNCH,1.25,0.6875,Monitor
23416,184.67999999999998,0.0,184.67999999999998,119.79,27.701999999999995,14.774399999999998,22.413599999999988,132,0,0.12136452241715395,0.0,CHAMBRE HOOK,1.65,0.9075,Monitor
84454,85.53,0.0,85.53,43.477500000000006,12.8295,6.8424,22.380599999999994,93,0,0.26166958961767794,0.0,WOBBLING METAL CHICKEN EASTER,0.85,0.4675,Monitor
84968d,100.37,0.0,100.37,54.912000000000006,15.055499999999999,8.0296,22.372899999999994,4,0,0.22290425425924074,0.0,SET OF 16 VINTAGE RED CUTLERY,24.96,13.728000000000002,Monitor
35271S,85.97,0.0,85.97,43.89,12.8955,6.8776,22.3069,420,0,0.2594730720018611,0.0,GOLD PRINT PAPER BAG,0.19,0.10450000000000001,Monitor
35611B,45.760000000000005,0.0,45.760000000000005,12.958000000000002,6.864,3.6608,22.2772,62,0,0.48682692307692305,0.0,BLACK ASSORTED DROPLET DECORATION,0.38,0.20900000000000002,Monitor
20698,114.44999999999999,0.0,114.44999999999999,65.9175,17.1675,9.156,22.208999999999993,47,0,0.19404980340760153,0.0,LITTLE PINK MONSTER SOFT TOY,2.55,1.4025,Monitor
90163B,98.45,0.0,98.45,53.625,14.7675,7.8759999999999994,22.1815,13,0,0.22530726256983238,0.0,WHITE ROSEBUD & PEARL NECKLACE,7.5,4.125,Monitor
85050,100.80000000000001,0.0,100.80000000000001,55.44000000000001,15.120000000000001,8.064000000000002,22.175999999999995,48,0,0.21999999999999992,0.0,FRENCH ENAMEL SOAP DISH WITH LID,2.1,1.1550000000000002,Monitor
84906,307.47,1.95,305.52000000000004,212.71250000000003,46.1205,24.5976,22.08939999999999,66,1,0.07230099502487558,0.015151515151515152,PINK BUTTERFLY CUSHION COVER,5.95,3.2725000000000004,Review margin
90179C,112.78,5.95,106.83000000000001,58.90500000000001,16.916999999999998,9.022400000000001,21.985599999999994,19,1,0.2057998689506692,0.05263157894736842,BLACK FINE BEAD NECKLACE W TASSEL,5.95,3.2725000000000004,Monitor
90177D,135.76000000000002,17.700000000000003,118.06,64.9,20.364,10.860800000000001,21.935199999999995,46,6,0.18579705234626456,0.13043478260869565,DROP DIAMANTE EARRINGS PURPLE,2.95,1.6225000000000003,Monitor
23611,99.60000000000001,0.0,99.60000000000001,54.78,14.940000000000001,7.968,21.912000000000003,40,0,0.22,0.0,SET 10 CARDS RED RIDING HOOD 17214,2.49,1.3695000000000002,Monitor
21266,98.9,0.0,98.9,54.395,14.834999999999997,7.911999999999999,21.757999999999992,23,0,0.21999999999999992,0.0,VINTAGE SILVER TINSEL REEL,4.3,2.365,Monitor
90075,92.17999999999999,0.0,92.17999999999999,49.225,13.826999999999998,7.3744,21.75359999999999,10,0,0.23599045346062045,0.0,MONTANA DIAMOND CLUSTER NECKLACE,8.95,4.9225,Monitor
90112,91.25,0.0,91.25,48.51000000000001,13.6875,7.300000000000001,21.75249999999999,84,0,0.2383835616438355,0.0,PINK DOLLY HAIR CLIPS,1.05,0.5775000000000001,Monitor
20861,98.7,0.0,98.7,54.28500000000001,14.805,7.896000000000001,21.71399999999999,47,0,0.21999999999999992,0.0,GOLD COSMETIC BAG PINK STAR,2.1,1.1550000000000002,Monitor
17090A,182.65,0.0,182.65,118.9375,27.3975,14.612,21.702999999999996,173,0,0.1188228852997536,0.0,LAVENDER INCENSE 40 CONES IN TIN,1.25,0.6875,Monitor
79026B,90.5,0.0,90.5,48.125,13.575,7.24,21.56,70,0,0.23823204419889502,0.0,"S/4 ICON COASTER,ELVIS LIVES",1.25,0.6875,Monitor
90003E,127.81,15.0,112.81,61.875,19.1715,10.2248,21.538700000000002,34,4,0.19092899565641344,0.11764705882352941,GREEN PAIR HEART HAIR SLIDES,3.75,2.0625,Monitor
90150,97.5,0.0,97.5,53.625,14.625,7.8,21.45,13,0,0.22,0.0,BLUE SHELL+SILVER NECKLACE,7.5,4.125,Monitor
16161G,97.5,0.0,97.5,53.62500000000001,14.625,7.800000000000001,21.449999999999992,975,0,0.21999999999999992,0.0,WRAP BAD HAIR DAY,0.1,0.05500000000000001,Monitor
90101,131.16,15.299999999999999,115.86,64.26200000000001,19.674,10.492799999999999,21.431199999999986,52,6,0.1849749697911271,0.11538461538461539,WHITE FRANGIPANI NECKLACE,2.54,1.3970000000000002,Monitor
90141A,104.95,0.0,104.95,59.40000000000001,15.7425,8.396,21.411499999999993,20,0,0.20401619818961403,0.0,GREEN PENDANT TRIPLE SHELL NECKLACE,5.4,2.9700000000000006,Monitor
90067A,97.24000000000001,0.0,97.24000000000001,53.542500000000004,14.586,7.7792,21.3323,33,0,0.21937782805429862,0.0,PINK VINTAGE VICTORIAN EARRINGS,2.95,1.6225000000000003,Monitor
84340,65.76,0.0,65.76,29.4525,9.864,5.260800000000001,21.182700000000004,21,0,0.32212135036496353,0.0,LARGE FIBRE OPTIC CHRISTMAS TREE,2.55,1.4025,Monitor
21338,873.25,0.0,873.25,651.2275000000001,130.9875,69.86,21.174999999999976,199,0,0.02424849699398795,0.0,MARAKESH LANTERN SMALL,5.95,3.2725000000000004,Review margin
21443,731.6800000000001,22.5,709.1800000000001,519.75,109.752,58.534400000000005,21.143600000000003,258,6,0.02981415155531741,0.023255813953488372,OLIVE CHALET BIRDFEEDER,3.75,2.0625,Review margin
17084J,95.76,0.0,95.76,52.668000000000006,14.363999999999999,7.6608,21.067199999999996,456,0,0.21999999999999995,0.0,LOVE POTION MASALA INCENSE,0.21,0.1155,Monitor
84539,95.69999999999999,0.0,95.69999999999999,52.635,14.354999999999999,7.656,21.053999999999995,58,0,0.21999999999999997,0.0,KNITTED RABBIT DOLL,1.65,0.9075,Monitor
90214H,77.71,0.0,77.71,38.8025,11.6565,6.2168,21.0342,83,0,0.2706755887273195,0.0,"LETTER ""H"" BLING KEY RING",0.85,0.4675,Monitor
84891B,95.4,0.0,95.4,52.470000000000006,14.309999999999999,7.632,20.987999999999996,12,0,0.21999999999999995,0.0,GREEN WIRE GOBLET CANDLEHOLDER,7.95,4.3725000000000005,Monitor
62043B,75.15999999999998,0.83,74.32999999999998,36.146,11.273999999999997,6.0127999999999995,20.89719999999999,54,1,0.2811408583344544,0.018518518518518517,BLUE CHECK BAG W HANDLE 34X20CM,1.24,0.682,Monitor
72606A,94.92,0.0,94.92,52.206,14.238,7.5936,20.882399999999997,226,0,0.21999999999999997,0.0,BROWN ANTIQUE CUBE CANDLE,0.42,0.231,Monitor
17027A,84.84,0.0,84.84,44.516999999999996,12.725999999999999,6.7872,20.809799999999996,228,0,0.24528288543140023,0.0,INCENSE BAZAAR CANNABIS,0.355,0.19525,Monitor
71406C,89.92,0.0,89.92,48.51,13.488,7.1936,20.7284,210,0,0.23052046263345197,0.0,BLACK ORANGE SQUEEZER,0.42,0.231,Monitor
84559a,95.69999999999999,0.0,95.69999999999999,52.9815,14.355,7.656,20.707499999999996,57,0,0.21637931034482757,0.0,3D SHEET OF DOG STICKERS,1.69,0.9295,Monitor
90214B,72.33,0.0,72.33,35.0625,10.849499999999999,5.7864,20.6316,75,0,0.2852426379095811,0.0,"LETTER ""B"" BLING KEY RING",0.85,0.4675,Monitor
90024C,93.48,0.0,93.48,51.42500000000001,14.021999999999998,7.478400000000001,20.554599999999994,11,0,0.21988232777064604,0.0,NEW BAROQUE B'FLY NECKLACE GREEN,8.5,4.675000000000001,Monitor
90026A,93.47,0.0,93.47,51.42500000000001,14.020499999999998,7.477600000000001,20.54689999999999,11,0,0.2198234727720123,0.0,GLASS BEAD HOOP NECKLACE BLACK,8.5,4.675000000000001,Monitor
17090D,105.2,0.0,105.2,60.5,15.78,8.416,20.503999999999998,88,0,0.19490494296577945,0.0,VANILLA INCENSE 40 CONES IN TIN,1.25,0.6875,Monitor
84455,78.81,0.0,78.81,40.205000000000005,11.821499999999999,6.3048,20.478699999999993,86,0,0.2598490039335109,0.0,SET OF 3 RABBIT CARROTS EASTER,0.85,0.4675,Monitor
84437A,90.94999999999999,0.0,90.94999999999999,49.55500000000001,13.642499999999998,7.276,20.476499999999994,106,0,0.22514018691588783,0.0,S/6 PINK EASTER DECS IN BOX,0.85,0.4675,Monitor
17084A,92.82,0.0,92.82,51.051,13.923,7.425599999999999,20.420399999999997,442,0,0.21999999999999997,0.0,TRANQUILITY MASALA INCENSE,0.21,0.1155,Monitor
84613A,102.30000000000001,4.65,97.65,53.70750000000001,15.345,8.184000000000001,20.413499999999996,22,1,0.20904761904761898,0.045454545454545456,PINK NEW BAROQUE FLOCK CANDLESTICK,4.65,2.5575000000000006,Monitor
84867A,105.82000000000001,0.0,105.82000000000001,61.160000000000004,15.873000000000001,8.4656,20.3214,16,0,0.19203742203742202,0.0,PINK BABY GIRLS PHOTO ALBUM,6.95,3.8225000000000002,Monitor
84762A,517.4300000000001,94.45,422.98,283.8,77.61449999999999,41.394400000000005,20.1711,59,11,0.04768807035793654,0.1864406779661017,WHITE PICNIC BARBECUE BUCKET,10.75,5.9125000000000005,Review margin
16151A,72.5,0.0,72.5,35.75,10.875,5.8,20.075,52,0,0.2768965517241379,0.0,FLOWERS HANDBAG blue and orange,1.25,0.6875,Monitor
20660,91.25,0.0,91.25,50.1875,13.6875,7.3,20.075,73,0,0.22,0.0,VIP LUGGAGE TAG,1.25,0.6875,Monitor
90177B,91.38000000000001,0.0,91.38000000000001,50.29750000000001,13.707,7.3104000000000005,20.065099999999997,31,0,0.21957868242503825,0.0,DROP DIAMANTE EARRINGS BLACK DIAMON,2.95,1.6225000000000003,Monitor
35840,107.13,0.85,106.28,61.71000000000001,16.069499999999998,8.570400000000001,19.930099999999992,45,1,0.187524463680843,0.022222222222222223,FLAT GLASS  BAUBLE WHITE FLOCK,2.55,1.4025,Monitor
72771C,42.08,0.0,42.08,12.474,6.311999999999999,3.3663999999999996,19.927599999999998,54,0,0.47356463878326993,0.0,BLACK FLOCK GOLD CANDLE,0.42,0.231,Monitor
84899E,73.93,1.25,72.68,35.75,11.0895,5.9144000000000005,19.926099999999998,53,1,0.2741620803522289,0.018867924528301886,YELLOW BROWN BEAR FELT PURSE KIT,1.25,0.6875,Monitor
72821,100.64999999999999,4.949999999999999,95.69999999999999,52.635,15.097499999999997,8.052,19.915499999999994,61,3,0.20810344827586202,0.04918032786885246,CUPID SCENTED CANDLE IN GLASS,1.65,0.9075,Monitor
72783,90.30000000000001,0.0,90.30000000000001,49.665000000000006,13.545,7.224000000000001,19.865999999999993,43,0,0.2199999999999999,0.0,BLACK SIL'T SQU CANDLE PLATE,2.1,1.1550000000000002,Monitor
72133,123.88,0.0,123.88,75.625,18.582,9.910400000000001,19.7626,110,0,0.1595301905069422,0.0,COLUMBIAN CANDLE RECTANGLE,1.25,0.6875,Monitor
46307,249.33,0.0,249.33,172.2765,37.399499999999996,19.9464,19.707600000000006,53,0,0.07904223318493565,0.0,ROSES BLUE BASE CUSHION COVER,5.91,3.2505,Review margin
84462,114.86,0.0,114.86,68.75,17.229,9.1888,19.692200000000003,100,0,0.17144523768065473,0.0,3 PINK HEN+CHICKS IN BASKET,1.25,0.6875,Monitor
21102,221.07999999999998,79.05,142.03,71.52750000000002,33.162,17.6864,19.65409999999998,82,31,0.13837991973526703,0.3780487804878049,"CANDLE IN JAR COLLAGE , VANILLA",2.55,1.4025,Monitor
90214G,93.17999999999999,8.75,84.42999999999999,43.4775,13.976999999999999,7.4544,19.521099999999993,100,7,0.23121047021200988,0.07,"LETTER ""G"" BLING KEY RING",0.85,0.4675,Monitor
90162A,88.5,0.0,88.5,48.67500000000001,13.275,7.08,19.470000000000002,30,0,0.22000000000000003,0.0,ANT SILVER TURQUOISE BOUDICCA RING,2.95,1.6225000000000003,Monitor
20697,101.7,0.0,101.7,58.905,15.254999999999999,8.136000000000001,19.403999999999993,42,0,0.19079646017699106,0.0,LITTLE GREEN MONSTER SOFT TOY,2.55,1.4025,Monitor
90039C,86.65,0.0,86.65,47.4375,12.9975,6.932,19.283,23,0,0.2225389497980381,0.0,FIRE POLISHED GLASS BRACELET BLACK,3.75,2.0625,Monitor
90093,165.34,22.95,142.39,85.08500000000001,24.801,13.2272,19.276799999999987,209,27,0.13538029355994094,0.1291866028708134,CLEAR CRYSTAL STAR PHONE CHARM,0.85,0.4675,Monitor
23442,87.36,0.0,87.36,48.048,13.104000000000001,6.9888,19.219199999999994,42,0,0.21999999999999992,0.0,12 HANGING EGGS HAND PAINTED,2.08,1.1440000000000001,Monitor
79406,65.62,0.0,65.62,31.339000000000006,9.843,5.2496,19.188399999999998,259,0,0.29241694605303253,0.0,FROSTED WHITE BASE,0.22,0.12100000000000001,Monitor
90168,123.76,17.700000000000003,106.06,58.41000000000001,18.564,9.9008,19.185199999999995,42,6,0.18089006222892698,0.14285714285714285,2 DAISIES HAIR COMB,2.95,1.6225000000000003,Monitor
35822B,87.02,0.0,87.02,47.861000000000004,13.052999999999999,6.9616,19.144399999999994,229,0,0.21999999999999995,0.0,"ACRYLIC BEAD CHAIN, BLUE",0.38,0.20900000000000002,Monitor
23614,86.58000000000001,0.0,86.58000000000001,47.619,12.987,6.9264,19.047600000000003,26,0,0.22,0.0,SET 10 CARDS 12 DAYS WRAP  17058,3.33,1.8315000000000001,Monitor
47341B,67.5,0.0,67.5,33.0,10.125,5.4,18.975,48,0,0.28111111111111114,0.0,BLUE TABLE RUN FLOWER,1.25,0.6875,Monitor
84424A,86.25,0.0,86.25,47.4375,12.9375,6.9,18.975,23,0,0.22000000000000003,0.0,FOUR PICTURE WHITE GLASS FRAME,3.75,2.0625,Monitor
90162D,85.55000000000001,0.0,85.55000000000001,47.05250000000001,12.8325,6.844,18.821,29,0,0.22,0.0,ANT SILVER PURPLE BOUDICCA RING,2.95,1.6225000000000003,Monitor
35838B,85.0,0.0,85.0,46.75000000000001,12.75,6.8,18.699999999999996,100,0,0.21999999999999995,0.0,S/6 SILVER ORNAMENETAL CANDLE,0.85,0.4675,Monitor
90026D,85.0,0.0,85.0,46.75000000000001,12.75,6.800000000000001,18.699999999999992,10,0,0.21999999999999992,0.0,GLASS BEAD HOOP NECKLACE AMETHYST,8.5,4.675000000000001,Monitor
90118,107.39,15.299999999999999,92.08999999999999,48.708,16.1085,8.591199999999999,18.682299999999998,42,6,0.20287001846020197,0.14285714285714285,PINK DAISY BAG CHARM,2.46,1.353,Monitor
90001D,84.96000000000001,0.0,84.96000000000001,46.75000000000001,12.744,6.7968,18.669199999999993,20,0,0.21974105461393587,0.0,ANTIQUE OLIVE GREEN FLOWER EARRINGS,4.25,2.3375000000000004,Monitor
46775B,84.75,0.0,84.75,46.6125,12.7125,6.779999999999999,18.644999999999996,5,0,0.21999999999999995,0.0,BERRIES CHUNKY KNITTED THROW,16.95,9.3225,Monitor
44242B,121.53,0.0,121.53,74.9375,18.2295,9.7224,18.640600000000003,109,0,0.15338270385912944,0.0,PINK FEATHERS CURTAIN,1.25,0.6875,Monitor
72140E,157.57,0.85,156.72,101.91500000000002,23.6355,12.605599999999999,18.563899999999986,219,1,0.11845265441551803,0.0045662100456621,BEST DAD CANDLE LETTERS,0.85,0.4675,Monitor
84801B,345.00000000000006,0.0,345.00000000000006,247.17000000000007,51.75,27.600000000000005,18.479999999999965,214,0,0.05356521739130424,0.0,WHITE HYDRANGEA ART FLOWER,2.1,1.1550000000000002,Review margin
90183B,81.92999999999999,0.0,81.92999999999999,44.66,12.2895,6.554399999999999,18.426099999999998,28,0,0.22490052483827658,0.0,AMETHYST DROP EARRINGS W LONG BEADS,2.9,1.595,Monitor
21895,1718.63,17.0,1701.63,1287.9625,257.79449999999997,137.4904,18.382599999999794,555,4,0.010802936008415339,0.007207207207207207,POTTING SHED SOW 'N' GROW SET,4.25,2.3375000000000004,Review margin
90059D,106.74,9.899999999999999,96.83999999999999,53.911,16.011,8.5392,18.378799999999995,64,6,0.18978521272201565,0.09375,DIAMANTE HAIR GRIP PACK/2 PERIDOT,1.69,0.9295,Monitor
90002B,82.74,0.0,82.74,45.375,12.411,6.6192,18.3348,22,0,0.22159535895576507,0.0,FLOWER BURST SILVER RING ROSE,3.75,2.0625,Monitor
22016,83.33,0.0,83.33,45.831500000000005,12.4995,6.6664,18.332599999999996,1,0,0.21999999999999995,0.0,Dotcomgiftshop Gift Voucher £100.00,83.33,45.831500000000005,Monitor
85099c,85.17,0.0,85.17,47.311,12.775499999999997,6.813599999999999,18.269899999999996,17,0,0.21451097804391211,0.0,JUMBO  BAG BAROQUE BLACK WHITE,5.06,2.783,Monitor
90189A,82.64,0.0,82.64,45.375,12.396,6.6112,18.2578,11,0,0.22093175217812197,0.0,SILVER 2 STRAND NECKLACE-LEAF CHARM,7.5,4.125,Monitor
72779,82.81,0.0,82.81,45.5455,12.4215,6.6248,18.218200000000003,49,0,0.22000000000000003,0.0,SET/6 BLACK ROSE T-LIGHT CANDLES,1.69,0.9295,Monitor
90069,82.5,0.0,82.5,45.375,12.375,6.6,18.15,11,0,0.21999999999999997,0.0,RUBY GLASS CLUSTER NECKLACE,7.5,4.125,Monitor
90130A,82.51,0.0,82.51,45.43000000000001,12.3765,6.6008000000000004,18.1027,28,0,0.21940007271845835,0.0,WHITE STONE/CRYSTAL EARRINGS,2.95,1.6225000000000003,Monitor
84356,3771.0400000000004,41.7,3729.34,2843.94,565.6560000000001,301.6832,18.060799999999965,750,6,0.004842894453174011,0.008,POMPOM CURTAIN,6.95,3.8225000000000002,Review margin
35603C,48.3,0.0,48.3,19.173000000000002,7.245,3.864,18.018,83,0,0.3730434782608696,0.0,SET/16 WHITE SHINY & MATT BAUBLES,0.42,0.231,Monitor
71495B,111.57000000000001,0.0,111.57000000000001,67.914,16.735500000000002,8.925600000000001,17.994899999999998,294,0,0.16128798063995695,0.0,CD WALL TIDY RED FLOWERS,0.42,0.231,Monitor
84529B,62.35,0.0,62.35,30.1015,9.3525,4.988,17.907999999999998,13,0,0.2872173215717722,0.0,BLUE KNITTED KID'S RUCKSACK,4.21,2.3155,Monitor
72771B,61.94,0.0,61.94,29.799000000000003,9.291,4.9552000000000005,17.894799999999996,129,0,0.2889053923151436,0.0,BURG FLOCK GOLD CUP/CANDLE,0.42,0.231,Monitor
47503H,250.02,1.95,248.07,172.6725,37.503,20.0016,17.89289999999999,162,1,0.07212843149111134,0.006172839506172839,ASS FLORAL PRINT SPIRIT LEVEL,1.95,1.0725,Review margin
17011E,80.60000000000001,0.0,80.60000000000001,44.330000000000005,12.090000000000002,6.448,17.732,124,0,0.21999999999999997,0.0,ORIGAMI OPIUM SCENT INCENSE+FLOWER,0.65,0.35750000000000004,Monitor
16169M,640.95,0.0,640.95,475.86,96.1425,51.275999999999996,17.67149999999998,2060,0,0.027570793353615695,0.0,WRAP DAISY CARPET,0.42,0.231,Review margin
90038B,79.19,0.0,79.19,43.3125,11.878499999999999,6.3352,17.663800000000002,21,0,0.2230559414067433,0.0,GLASS AND PAINTED BEADS BRACELET OL,3.75,2.0625,Monitor
90206A,79.60000000000001,0.0,79.60000000000001,43.692,11.940000000000001,6.368,17.600000000000005,16,0,0.221105527638191,0.0,GOLD DIAMANTE STAR BROOCH,4.965,2.73075,Monitor
90210A,210.29,0.0,210.29,144.40250000000003,31.543499999999998,16.8232,17.520799999999983,89,0,0.08331732369584852,0.0,GREY ACRYLIC FACETED BANGLE,2.95,1.6225000000000003,Review margin
90039B,78.99,0.0,78.99,43.3125,11.8485,6.3192,17.509800000000002,21,0,0.2216710976072921,0.0,FIRE POLISHED GLASS BRACELET MONTAN,3.75,2.0625,Monitor
84795E,79.5,0.0,79.5,43.72500000000001,11.924999999999999,6.36,17.489999999999995,10,0,0.21999999999999995,0.0,RIO PINK STRIPE HAMMOCK,7.95,4.3725000000000005,Monitor
84548,79.19999999999999,0.0,79.19999999999999,43.56,11.879999999999999,6.336,17.423999999999996,48,0,0.21999999999999997,0.0,CROCHET BEAR RED/BLUE  KEYRING,1.65,0.9075,Monitor
21595,76.95,0.0,76.95,41.92650000000001,11.5425,6.156000000000001,17.324999999999992,9,0,0.22514619883040923,0.0,Dad's Cab Electronic Meter,8.47,4.658500000000001,Monitor
85132c,46.099999999999994,0.0,46.099999999999994,18.238,6.914999999999999,3.6879999999999997,17.259,4,0,0.37438177874186557,0.0,CHARLIE AND LOLA FIGURES TINS,8.29,4.5595,Monitor
85170D,1296.36,12.200000000000001,1284.16,968.748,194.45399999999998,103.7088,17.249199999999988,723,7,0.013432282581609757,0.009681881051175657,SET/6 PINK BIRD T-LIGHT CANDLES,2.46,1.353,Review margin
22886,174.16,0.0,174.16,116.963,26.124,13.9328,17.140199999999993,98,0,0.09841639871382633,0.0,NUMBER TILE VINTAGE FONT 7,2.17,1.1935,Review margin
85080,56.18,0.0,56.18,26.334000000000003,8.427,4.4944,16.924599999999998,114,0,0.30125667497330005,0.0,PADDED RED HEART DECORATION,0.42,0.231,Monitor
90141C,83.69,0.0,83.69,47.52000000000001,12.5535,6.6952,16.921299999999995,16,0,0.20219022583343285,0.0,TURQ PENDANT TRIPLE SHELL NECKLACE,5.4,2.9700000000000006,Monitor
84425A,76.6,0.0,76.6,42.075,11.489999999999998,6.128,16.906999999999993,18,0,0.22071801566579627,0.0,WHITE GLASS TV TRIPLE FRAME,4.25,2.3375000000000004,Monitor
84593,76.7,0.0,76.7,42.185,11.505,6.136,16.874,26,0,0.21999999999999997,0.0,CROCHET ROSE DES CLOTHES HANGER,2.95,1.6225000000000003,Monitor
90100,76.5,0.0,76.5,42.075,11.475,6.119999999999999,16.829999999999995,30,0,0.21999999999999992,0.0,NECKLACE+BRACELET SET PINK DAISY,2.55,1.4025,Monitor
37468,40.2,0.0,40.2,14.157000000000002,6.03,3.216,16.796999999999997,66,0,0.4178358208955223,0.0,HARDMAN MUG 3 ASSORTED,0.39,0.21450000000000002,Monitor
90020,76.23,0.0,76.23,42.075,11.4345,6.0984,16.622099999999996,6,0,0.218051948051948,0.0,FILIGREE DIAMANTE CHAIN,12.75,7.0125,Monitor
72807a,74.78999999999999,0.0,74.78999999999999,41.0355,11.218499999999999,5.983199999999999,16.552799999999998,9,0,0.221323706377858,0.0,SET/3 ROSE CANDLE IN JEWELLED BOX,8.29,4.5595,Monitor
16161E,75.0,0.0,75.0,41.25000000000001,11.25,6.0,16.499999999999993,750,0,0.21999999999999992,0.0,WRAP BOUDOIR,0.1,0.05500000000000001,Monitor
84757,74.75,0.0,74.75,41.1125,11.212499999999999,5.9799999999999995,16.445,5,0,0.22,0.0,ENCHANTED GARDEN WROUGHT IRON TABLE,14.95,8.2225,Monitor
23574,105.0,15.0,90.0,49.5,15.75,8.4,16.349999999999998,14,2,0.18166666666666664,0.14285714285714285,PACKING CHARGE,7.5,4.125,Monitor
72802a,74.97,0.0,74.97,41.481,11.245499999999998,5.9976,16.2459,9,0,0.2166986794717887,0.0,ROSE SCENT CANDLE IN JEWELLED BOX,8.379999999999999,4.609,Monitor
15030,73.66,0.0,73.66,40.513,11.049,5.892799999999999,16.205199999999998,254,0,0.21999999999999997,0.0,FAN BLACK FRAME,0.29,0.1595,Monitor
16052,281.32,10.08,271.24,190.344,42.198,22.5056,16.19239999999999,848,24,0.05969768470727027,0.02830188679245283,TEATIME PUSH DOWN RUBBER,0.42,0.231,Review margin
90130C,73.62,0.0,73.62,40.63125,11.043,5.8896,16.05615,25,0,0.21809494702526486,0.0,GREEN STONE/CRYSTAL EARRINGS,2.955,1.62525,Monitor
23415,412.17999999999995,8.25,403.92999999999995,293.1225,61.82699999999999,32.974399999999996,16.006099999999968,328,5,0.039625925284083804,0.01524390243902439,HOME SWEET HOME HOOK,1.65,0.9075,Review margin
35071,51.13999999999999,0.0,51.13999999999999,23.375000000000004,7.670999999999999,4.0912,16.002799999999993,50,0,0.3129213922565506,0.0,ASSORTED SANTA CHRISTMAS DECORATION,0.85,0.4675,Monitor
20819,631.49,0.0,631.49,470.25,94.7235,50.5192,15.997300000000006,228,0,0.025332626011496627,0.0,SILVER TEDDY BEAR,3.75,2.0625,Review margin
90177C,109.03,17.700000000000003,91.33,50.29750000000001,16.3545,8.7224,15.955599999999993,37,6,0.174702726376875,0.16216216216216217,DROP DIAMANTE EARRINGS CRYSTAL,2.95,1.6225000000000003,Monitor
35910B,61.07,0.0,61.07,31.102500000000003,9.160499999999999,4.8856,15.921399999999995,29,0,0.26070738496806933,0.0,PINK FLOWERS RABBIT EASTER,1.95,1.0725,Monitor
84427B,72.25,0.0,72.25,39.73750000000001,10.8375,5.78,15.894999999999992,17,0,0.2199999999999999,0.0,BLACK GLASS TV DOUBLE P/FRAME 15X10,4.25,2.3375000000000004,Monitor
90038C,71.46000000000001,0.0,71.46000000000001,39.1875,10.719,5.7168,15.8367,19,0,0.2216162888329135,0.0,GLASS AND BEADS BRACELET IVORY,3.75,2.0625,Monitor
90214K,159.65,1.25,158.4,105.875,23.947499999999998,12.772,15.805499999999995,155,1,0.09978219696969694,0.0064516129032258064,"LETTER ""K"" BLING KEY RING",1.25,0.6875,Review margin
17136A,65.94,0.0,65.94,34.980000000000004,9.891,5.2752,15.793799999999997,795,0,0.2395177434030937,0.0,BLUE STONES ON WIRE FOR CANDLE,0.08,0.044000000000000004,Monitor
35937,71.44,0.0,71.44,39.292,10.716,5.7152,15.716799999999997,188,0,0.21999999999999997,0.0,CERISE+GOLD CHRISTMAS STOCKING DEC,0.38,0.20900000000000002,Monitor
90060D,71.4,0.0,71.4,39.27,10.709999999999999,5.712,15.707999999999998,12,0,0.21999999999999997,0.0,FIRE POLISHED GLASS NECKL BRONZE,5.95,3.2725000000000004,Monitor
17007B,71.4,0.0,71.4,39.27000000000001,10.71,5.7120000000000015,15.707999999999997,34,0,0.21999999999999995,0.0,S/3 POT POURI CUSHIONS BLUE COLOURS,2.1,1.1550000000000002,Monitor
84925C,71.39999999999999,0.0,71.39999999999999,39.27,10.709999999999999,5.712,15.707999999999995,28,0,0.21999999999999995,0.0,FAIRY CAKES  WALL THERMOMETER,2.55,1.4025,Monitor
47341A,46.25,0.0,46.25,19.9375,6.9375,3.7,15.675,29,0,0.33891891891891895,0.0,FUSCHIA TABLE RUN FLOWER,1.25,0.6875,Monitor
90048,158.89000000000001,49.5,109.39,57.1725,23.8335,12.7112,15.672799999999999,31,10,0.1432745223512204,0.3225806451612903,GREEN WITH METAL BAG CHARM,4.95,2.7225,Monitor
90187B,70.6,0.0,70.6,38.6925,10.589999999999998,5.648,15.669499999999994,21,0,0.2219475920679886,0.0,GREEN DROP EARRINGS W BEAD CLUSTER,3.35,1.8425000000000002,Monitor
90064B,78.75,3.75,75.0,41.25,11.8125,6.3,15.6375,21,1,0.2085,0.047619047619047616,BLACK VINTAGE  CRYSTAL EARRINGS,3.75,2.0625,Monitor
90037B,71.17,0.0,71.17,39.193,10.6755,5.6936,15.607899999999994,28,0,0.2193044822256568,0.0,TINY CRYSTAL BRACELET GREEN,2.545,1.39975,Monitor
72225D,219.45999999999998,0.0,219.45999999999998,153.439,32.919,17.5568,15.545199999999987,962,0,0.07083386494121931,0.0,VANILLA SCENT CAKE CANDLE,0.29,0.1595,Review margin
72798C,53.11,0.0,53.11,25.41,7.966499999999999,4.2488,15.484699999999998,28,0,0.2915590284315571,0.0,SET/4 GARDEN ROSE DINNER CANDLE,1.65,0.9075,Monitor
90059E,88.30999999999999,9.899999999999999,78.41,42.652499999999996,13.2465,7.0648,15.446199999999997,53,6,0.19699273051906643,0.11320754716981132,DIAMANTE HAIR GRIP PACK/2 RUBY,1.65,0.9075,Monitor
47420,70.11,0.0,70.11,38.560500000000005,10.5165,5.6088000000000005,15.424200000000003,369,0,0.22000000000000003,0.0,ASSORTED COLOUR SUCTION CUP HOOK,0.19,0.10450000000000001,Monitor
90179A,71.0,0.0,71.0,39.27,10.65,5.680000000000001,15.399999999999999,12,0,0.21690140845070421,0.0,AMBER FINE BEAD NECKLACE W TASSEL,5.95,3.2725000000000004,Monitor
90131,69.62,0.0,69.62,38.225,10.443,5.5696,15.3824,10,0,0.22094800344728527,0.0,PINK/AMETHYST/GOLD NECKLACE,6.95,3.8225000000000002,Monitor
35607B,62.3,0.0,62.3,32.604,9.345,4.984,15.366999999999999,312,0,0.246661316211878,0.0,BLACK FEATHER CHRISTMAS DECORATION,0.19,0.10450000000000001,Monitor
84705A,69.75,0.0,69.75,38.36250000000001,10.4625,5.580000000000001,15.344999999999995,15,0,0.21999999999999995,0.0,ENGLISH ROSE PHOTO FRAME,4.65,2.5575000000000006,Monitor
90064A,79.14,0.0,79.14,45.650000000000006,11.871,6.3312,15.287799999999997,20,0,0.19317412180945157,0.0,WHITE VINTAGE CRYSTAL EARRINGS,4.15,2.2825,Monitor
37489B,30.419999999999998,0.0,30.419999999999998,8.151000000000002,4.563,2.4336,15.272400000000001,38,0,0.5020512820512821,0.0,BLUE/YELLOW FLOWER DESIGN BIG MUG,0.39,0.21450000000000002,Monitor
90125D,223.74,0.0,223.74,157.08000000000004,33.561,17.8992,15.199799999999966,136,0,0.0679351032448376,0.0,PURPLE BERTIE GLASS BEAD BAG CHARM,2.1,1.1550000000000002,Review margin
90140,67.9,0.0,67.9,37.125,10.185,5.4319999999999995,15.158,9,0,0.22324005891016196,0.0,PINK SWEETIE NECKLACE,7.5,4.125,Monitor
47469,597.53,15.600000000000001,581.93,429.3575000000001,89.6295,47.8024,15.140599999999953,1225,24,0.02601790593370329,0.019591836734693877,ASSORTED SHAPES PHOTO CLIP SILVER,0.65,0.35750000000000004,Review margin
90037C,68.63,0.0,68.63,37.71900000000001,10.2945,5.4904,15.12609999999999,27,0,0.2204006994025935,0.0,TINY CRYSTAL BRACELET BLUE,2.54,1.3970000000000002,Monitor
37509,73.94999999999999,2.55,71.39999999999999,39.27,11.0925,5.9159999999999995,15.121499999999994,29,1,0.21178571428571422,0.034482758620689655,NEW ENGLAND MUG W GIFT BOX,2.55,1.4025,Monitor
90176D,82.81,7.5,75.31,41.25,12.4215,6.6248000000000005,15.013699999999998,11,1,0.19935865090957372,0.09090909090909091,DIAMANTE NECKLACE PURPLE,7.5,4.125,Monitor
84801A,427.44000000000005,0.0,427.44000000000005,314.1600000000001,64.116,34.19520000000001,14.968799999999947,272,0,0.03501965188096562,0.0,PINK HYDRANGEA ART FLOWER,2.1,1.1550000000000002,Review margin
84857A,68.0,0.0,68.0,37.400000000000006,10.2,5.44,14.959999999999994,8,0,0.21999999999999992,0.0,SILVER MONTE CARLO HANDBAG,8.5,4.675000000000001,Monitor
90078,67.64,0.0,67.64,37.125,10.146,5.4112,14.957799999999999,9,0,0.22113837965700767,0.0,PINK/WHITE GLASS DEMI CHOKER,7.5,4.125,Monitor
84596e,67.77,0.0,67.77,37.2735,10.1655,5.4216,14.909399999999996,27,0,0.21999999999999995,0.0,SMALL LICORICE DES PINK BOWL,2.51,1.3805,Monitor
90074,64.09,0.0,64.09,34.4575,9.613499999999998,5.1272,14.891799999999995,7,0,0.23235762209393032,0.0,BLACK DIAMOND CLUSTER NECKLACE,8.95,4.9225,Monitor
84926B,67.5,0.0,67.5,37.125,10.125,5.4,14.85,54,0,0.22,0.0,SCOTTS ROSES TILE COASTER,1.25,0.6875,Monitor
90026C,67.82,0.0,67.82,37.400000000000006,10.172999999999998,5.4256,14.821399999999993,8,0,0.21854025361250362,0.0,GLASS BEAD HOOP NECKLACE GREEN,8.5,4.675000000000001,Monitor
90026B,67.82,0.0,67.82,37.400000000000006,10.173,5.4256,14.821399999999993,8,0,0.21854025361250362,0.0,GLASS BEAD HOOP NECKLACE MONTANA,8.5,4.675000000000001,Monitor
90128A,48.71,0.0,48.71,22.6875,7.3065,3.8968,14.819199999999999,33,0,0.30423321699856287,0.0,PINK LEAVES AND BEADS PHONE CHARM,1.25,0.6875,Monitor
90043,54.510000000000005,0.0,54.510000000000005,27.225,8.1765,4.3608,14.747700000000002,10,0,0.27055035773252617,0.0,COPPER AND BRASS BAG CHARM,4.95,2.7225,Monitor
90169,98.87,15.299999999999999,83.57,46.101000000000006,14.830499999999999,7.9096,14.72889999999999,39,6,0.17624626061983956,0.15384615384615385,DAISY HAIR COMB,2.54,1.3970000000000002,Monitor
90024F,67.61,0.0,67.61,37.356,10.1415,5.4088,14.703699999999998,8,0,0.21747818370063596,0.0,NEW BAROQUE B'FLY NECKLACE CRYSTAL,8.49,4.6695,Monitor
21944,1106.86,1.7,1105.16,835.8900000000001,166.029,88.5488,14.692199999999918,1790,2,0.013294183647616559,0.0011173184357541898,KITTENS DESIGN FLANNEL,0.85,0.4675,Review margin
90037A,66.31,0.0,66.31,36.465,9.9465,5.3048,14.593699999999995,26,0,0.22008294374905737,0.0,TINY CRYSTAL BRACELET RED,2.55,1.4025,Monitor
85072,66.0,0.0,66.0,36.300000000000004,9.9,5.28,14.519999999999996,120,0,0.21999999999999995,0.0,OCCASIONS GIFT CARD ASSORTMENT,0.55,0.30250000000000005,Monitor
35096B,107.33,0.0,107.33,68.14500000000001,16.0995,8.586400000000001,14.499099999999991,295,0,0.13508897791856883,0.0,RED VICTORIAN FABRIC HEART BOX,0.42,0.231,Monitor
16169N,626.25,0.0,626.25,467.77500000000003,93.9375,50.1,14.437499999999975,2025,0,0.023053892215568823,0.0,WRAP BLUE RUSSIAN FOLKART,0.42,0.231,Review margin
90141B,64.94,0.0,64.94,35.607000000000006,9.741,5.195200000000001,14.396799999999999,13,0,0.2216938712657838,0.0,IVORY PENDANT TRIPLE SHELL NECKLACE,4.98,2.7390000000000003,Monitor
47016,65.10000000000001,0.0,65.10000000000001,35.80500000000001,9.765,5.208,14.321999999999996,31,0,0.2199999999999999,0.0,LIGHT DECORATION BATTERY OPERATED,2.1,1.1550000000000002,Monitor
90179B,65.31,0.0,65.31,35.9975,9.7965,5.2248,14.291199999999996,11,0,0.21882100750267947,0.0,PURPLE FINE BEAD NECKLACE W TASSEL,5.95,3.2725000000000004,Monitor
84402B,54.09,0.0,54.09,27.3735,8.1135,4.3272,14.2758,63,0,0.2639267886855241,0.0,PURPLE DRESS JEWELLERY STAND,0.79,0.43450000000000005,Monitor
85079,33.1,0.0,33.1,11.22,4.965,2.648,14.267,24,0,0.4310271903323262,0.0,EMBROIDERED REINDEER DECORATION,0.85,0.4675,Monitor
84086B,70.80000000000001,2.95,67.85000000000001,37.31750000000001,10.620000000000001,5.664000000000001,14.2485,24,1,0.20999999999999996,0.041666666666666664,YELLOW/BLUE RETRO RADIO,2.95,1.6225000000000003,Monitor
23702,27.0,0.0,27.0,6.6000000000000005,4.05,2.16,14.190000000000003,4,0,0.5255555555555557,0.0,High Resolution Image,3.0,1.6500000000000001,Monitor
84551,64.35,0.0,64.35,35.3925,9.652499999999998,5.148,14.156999999999996,39,0,0.21999999999999997,0.0,CROCHET DOG KEYRING,1.65,0.9075,Monitor
90174,126.11999999999999,30.599999999999998,95.52,52.459,18.918,10.089599999999999,14.053399999999996,50,12,0.14712520938023446,0.24,BUTTERFLY HAIR BAND,2.51,1.3805,Monitor
79534,63.800000000000004,0.0,63.800000000000004,35.09000000000001,9.57,5.104,14.035999999999998,116,0,0.21999999999999995,0.0,MULTICOLOUR GLASS PLATE,0.55,0.30250000000000005,Monitor
35973,63.75,0.0,63.75,35.0625,9.5625,5.1,14.025,51,0,0.22,0.0,GERANIUM FOLKART HEART DECORATION,1.25,0.6875,Monitor
84582,63.75,0.0,63.75,35.06250000000001,9.5625,5.1000000000000005,14.024999999999995,15,0,0.21999999999999992,0.0,PINK CROCHET CAT WITH SCARF,4.25,2.3375000000000004,Monitor
85018A,63.75,0.0,63.75,35.06250000000001,9.5625,5.1000000000000005,14.024999999999995,15,0,0.21999999999999992,0.0,S/6 PAPER BOXES ROMANTIC IMAGES,4.25,2.3375000000000004,Monitor
85018B,63.75,0.0,63.75,35.06250000000001,9.5625,5.1000000000000005,14.024999999999995,15,0,0.21999999999999992,0.0,S/6 PAPER BOXES BLOSSOM IMAGES,4.25,2.3375000000000004,Monitor
48175,158.04,0.0,158.04,107.679,23.706,12.6432,14.011799999999994,39,0,0.08865983295368257,0.0,DOOR MAT CAMOUFLAGE,5.02,2.761,Review margin
35815B,43.940000000000005,0.0,43.940000000000005,19.855,6.591,3.5152,13.978800000000003,95,0,0.31813381884387804,0.0,"ACRYLIC JEWEL SNOWFLAKE,BLUE",0.38,0.20900000000000002,Monitor
20905,63.5,0.0,63.5,34.925,9.524999999999999,5.08,13.969999999999995,10,0,0.21999999999999992,0.0,VINTAGE KEEPSAKE BOX BEAUTY GIRL,6.35,3.4925,Monitor
90205A,63.46,0.0,63.46,34.903,9.519,5.0768,13.9612,38,0,0.22,0.0,LARGE MINT DIAMANTE HAIRSLIDE,1.67,0.9185,Monitor
72709,62.9,0.0,62.9,34.595000000000006,9.434999999999999,5.032,13.837999999999992,74,0,0.2199999999999999,0.0,IVORY SCULPTED RND CANDLE,0.85,0.4675,Monitor
90210B,234.99,0.0,234.99,167.1175,35.2485,18.7992,13.824799999999986,103,0,0.058831439635729114,0.0,CLEAR ACRYLIC FACETED BANGLE,2.95,1.6225000000000003,Review margin
90176A,75.88,7.5,68.38,37.125,11.382,6.0704,13.802599999999998,10,1,0.20185141854343375,0.1,CLASSIC DIAMANTE NECKLACE JET,7.5,4.125,Monitor
85018C,127.2,0.0,127.2,84.15000000000002,19.08,10.176000000000002,13.793999999999986,36,0,0.10844339622641498,0.0,S/6 PAPER BOXES CURIOUS IMAGES,4.25,2.3375000000000004,Monitor
90027D,72.18,0.0,72.18,41.998000000000005,10.827,5.7744,13.5806,23,0,0.18814907176503184,0.0,GLASS BEAD HOOP EARRINGS AMETHYST,3.32,1.826,Monitor
20958,70.5,0.0,70.5,40.755,10.575,5.64,13.529999999999994,38,0,0.1919148936170212,0.0,PORCELAIN HANGING BELL LARGE,1.95,1.0725,Monitor
90059F,79.86999999999999,9.899999999999999,69.97,38.115,11.9805,6.3896,13.484899999999998,48,6,0.19272402458196367,0.125,DIAMANTE HAIR GRIP PACK/2 LT ROSE,1.65,0.9075,Monitor
90188,61.05,0.0,61.05,33.528000000000006,9.157499999999999,4.884,13.480499999999992,24,0,0.2208108108108107,0.0,DROP EARRINGS W FLOWER & LEAF,2.54,1.3970000000000002,Monitor
90171,59.650000000000006,0.0,59.650000000000006,32.571000000000005,8.9475,4.772,13.359499999999997,47,0,0.22396479463537294,0.0,DAISY RING,1.26,0.6930000000000001,Monitor
90214I,61.0,7.5,53.5,26.180000000000003,9.15,4.88,13.289999999999997,62,6,0.24841121495327098,0.0967741935483871,"LETTER ""I"" BLING KEY RING",0.85,0.4675,Monitor
90125E,44.19,0.0,44.19,20.790000000000006,6.6285,3.5351999999999997,13.236299999999995,18,0,0.2995315682281058,0.0,AMBER BERTIE GLASS BEAD BAG CHARM,2.1,1.1550000000000002,Monitor
84875A,60.0,0.0,60.0,33.0,9.0,4.8,13.2,16,0,0.22,0.0,PINK SQUARE COMPACT MIRROR,3.75,2.0625,Monitor
23143,239.97,0.0,239.97,171.60000000000002,35.9955,19.1976,13.176899999999982,30,0,0.054910613826728266,0.0,ZINC WIRE KITCHEN ORGANISER,10.4,5.720000000000001,Review margin
23629,59.760000000000005,0.0,59.760000000000005,32.868,8.964,4.780800000000001,13.147200000000002,24,0,0.22,0.0,SET 10 CARDS DRESSING UP 17077,2.49,1.3695000000000002,Monitor
90021,59.75,0.0,59.75,32.8625,8.962499999999999,4.779999999999999,13.145,5,0,0.22,0.0,LASER CUT MULTI STRAND NECKLACE,11.95,6.5725,Monitor
44241C,59.5,0.0,59.5,32.725,8.924999999999999,4.76,13.089999999999996,70,0,0.21999999999999995,0.0,BLUE BUTTERFLY ON SPRING,0.85,0.4675,Monitor
35654,59.400000000000006,0.0,59.400000000000006,32.67,8.91,4.752000000000001,13.068,12,0,0.21999999999999997,0.0,VINTAGE BEAD FILLED PINK CUSHION,4.95,2.7225,Monitor
90214M,141.07,0.0,141.07,95.5625,21.1605,11.2856,13.061399999999995,139,0,0.09258807684128444,0.0,"LETTER ""M"" BLING KEY RING",1.25,0.6875,Review margin
90011B,59.06,0.0,59.06,32.45,8.859,4.7248,13.026199999999998,20,0,0.220558753809685,0.0,BLACK CRYSTAL DROP EARRINGS,2.95,1.6225000000000003,Monitor
35909A,59.00000000000001,0.0,59.00000000000001,32.45,8.850000000000001,4.720000000000001,12.980000000000002,20,0,0.22,0.0,RABBIT EASTER DECORATION,2.95,1.6225000000000003,Monitor
16256C,70.98,5.88,65.10000000000001,35.805,10.647,5.6784,12.969599999999998,169,14,0.19922580645161284,0.08284023668639054,HEARTS PENCIL/RUBBER+5 MINI PENCILS,0.42,0.231,Monitor
81985A,58.64999999999999,0.0,58.64999999999999,32.2575,8.7975,4.692,12.902999999999995,23,0,0.21999999999999995,0.0,"ICON ALARM CLOCK,FUSCHIA  PIN UP",2.55,1.4025,Monitor
72140F,69.17999999999999,0.0,69.17999999999999,40.425000000000004,10.376999999999999,5.5344,12.843599999999995,175,0,0.18565481352992189,0.0,HAPPY ANNIVERSARY CANDLE LETTERS,0.42,0.231,Monitor
22103,1790.34,203.31,1587.03,1162.5075,268.551,143.2272,12.7442999999999,1764,483,0.008030282981418058,0.27380952380952384,MIRROR MOSAIC T-LIGHT HOLDER ROUND,1.65,0.9075,Review margin
84596I,80.62,0.0,80.62,49.5,12.093,6.4496,12.577399999999999,72,0,0.15600843463160505,0.0,WRAP SWEETS LIGHT PINK SMALL BOWL,1.25,0.6875,Monitor
35821B,57.0,0.0,57.0,31.350000000000005,8.55,4.5600000000000005,12.539999999999996,150,0,0.21999999999999992,0.0,"JEWELLED DECORATION,BLUE",0.38,0.20900000000000002,Monitor
20620,61.76,0.0,61.76,35.103750000000005,9.264,4.940799999999999,12.451449999999996,15,0,0.20161026554404138,0.0,RED SPOTTY PASSPORT COVER,4.255,2.34025,Monitor
90212C,56.25,0.0,56.25,30.9375,8.4375,4.5,12.375,15,0,0.22,0.0,PURPLE LAS VEGAS BRACELET ROUND,3.75,2.0625,Monitor
37489D,28.86,0.0,28.86,9.867,4.329,2.3088,12.3552,46,0,0.4281081081081081,0.0,PINK/GREEN FLOWER DESIGN BIG MUG,0.39,0.21450000000000002,Monitor
90033,55.879999999999995,0.0,55.879999999999995,30.734000000000005,8.382,4.4704,12.293599999999993,22,0,0.2199999999999999,0.0,IVORY SHELL HEART EARRINGS,2.54,1.3970000000000002,Monitor
40002,66.3,5.1,61.199999999999996,33.660000000000004,9.944999999999999,5.304,12.290999999999993,78,6,0.20083333333333322,0.07692307692307693,WHITE BAMBOO RIBS LAMPSHADE,0.85,0.4675,Monitor
22657,55.24999999999999,0.0,55.24999999999999,30.387500000000003,8.2875,4.42,12.154999999999996,65,0,0.21999999999999995,0.0,HEN & 2 CHICKS IN BASKET,0.85,0.4675,Monitor
84415B,80.0,0.0,80.0,49.5,12.0,6.4,12.1,24,0,0.15125,0.0,BLUE FLOCK CUSHION COVER,3.75,2.0625,Monitor
85151,55.0,0.0,55.0,30.25,8.25,4.4,12.1,44,0,0.22,0.0,WELCOME METAL SIGN,1.25,0.6875,Monitor
90142D,54.59,0.0,54.59,29.9475,8.188500000000001,4.3672,12.0868,11,0,0.22141051474629053,0.0,MOP PENDANT SHELL NECKLACE,4.95,2.7225,Monitor
90121B,80.75,12.75,68.0,37.400000000000006,12.112499999999999,6.46,12.027499999999995,19,3,0.17687499999999992,0.15789473684210525,VINTAGE ROSE BEAD BRACELET BLUE,4.25,2.3375000000000004,Monitor
90202C,91.46000000000001,17.700000000000003,73.76,40.7,13.719,7.316800000000001,12.024199999999997,31,6,0.1630178958785249,0.1935483870967742,GREEN ENAMEL FLOWER HAIR TIE,2.96,1.6280000000000001,Monitor
90135A,54.620000000000005,0.0,54.620000000000005,30.038249999999998,8.193,4.3696,12.019150000000005,11,0,0.22005034785792757,0.0,ORANGE/FUSCHIA STONES NECKLACE,4.965,2.73075,Monitor
84559b,53.54,0.0,53.54,29.216,8.030999999999999,4.2832,12.009799999999997,32,0,0.22431453119163236,0.0,3D SHEET OF CAT STICKERS,1.66,0.913,Monitor
22903,2053.96,880.0,1173.96,689.5625000000001,308.094,164.3168,11.986699999999988,745,320,0.010210484173225653,0.42953020134228187,CALENDAR FAMILY FAVOURITES,2.95,1.6225000000000003,Review margin
20820,54.45,0.0,54.45,29.9475,8.1675,4.356,11.979000000000001,11,0,0.22,0.0,SILVER LOOKING MIRROR,4.95,2.7225,Monitor
20953,54.449999999999996,0.0,54.449999999999996,29.947499999999998,8.167499999999999,4.356,11.979,33,0,0.22,0.0,PORCELAIN CHERUB BELL LARGE,1.65,0.9075,Monitor
46115B,54.34,0.0,54.34,29.887,8.151,4.347200000000001,11.9548,286,0,0.22,0.0,GREEN POP ART MAO CUSHION COVER,0.19,0.10450000000000001,Monitor
47504J,67.25,31.8,35.449999999999996,8.153750000000004,10.087499999999999,5.38,11.828749999999992,5,4,0.33367418899858936,0.8,ENGLISH ROSE SET/3 GARDEN TOOLS,14.825,8.15375,Monitor
85081,47.43,0.0,47.43,24.717000000000002,7.1145,3.7944,11.804099999999998,107,0,0.24887413029728017,0.0,PADDED HOLLY CHRISTMAS DECORATION,0.42,0.231,Monitor
85023C,58.65,2.55,56.099999999999994,30.855000000000004,8.7975,4.692,11.755499999999994,23,1,0.20954545454545445,0.043478260869565216,PINK LARGE JEWELED PHOTOFRAME,2.55,1.4025,Monitor
90202A,90.9,17.700000000000003,73.2,40.56250000000001,13.635,7.272,11.730499999999992,31,6,0.16025273224043704,0.1935483870967742,PURPLE ENAMEL FLOWER HAIR TIE,2.95,1.6225000000000003,Monitor
84951b,51.26,0.0,51.26,27.83,7.689,4.1008000000000004,11.640200000000002,10,0,0.22708154506437772,0.0,SET OF 4 BLACK LOVEBIRD COASTERS,5.06,2.783,Monitor
84660b,53.18,0.0,53.18,29.337000000000003,7.977,4.2544,11.611599999999997,7,0,0.2183452425723956,0.0,BLACK STITCHED WALL CLOCK,7.62,4.191000000000001,Monitor
71215,68.1,0.0,68.1,40.887,10.215,5.448,11.549999999999997,177,0,0.16960352422907488,0.0,METAL BASE FOR CANDLES,0.42,0.231,Monitor
37477B,60.0,3.75,56.25,30.9375,9.0,4.8,11.5125,16,1,0.20466666666666666,0.0625,"FLOWER FAIRY MUG+COASTER,LAVENDER",3.75,2.0625,Monitor
72129,49.760000000000005,0.0,49.760000000000005,26.812500000000004,7.464,3.980800000000001,11.502699999999997,75,0,0.23116358520900313,0.0,COLUMBIAN CANDLE ROUND,0.65,0.35750000000000004,Monitor
22944,3592.9900000000002,311.21000000000004,3281.78,2443.9635,538.9485,287.4392,11.428800000000203,4882,301,0.003482500350419651,0.061655059401884475,CHRISTMAS METAL POSTCARD WITH BELLS,0.97,0.5335,Review margin
90034,50.48,0.0,50.48,27.445000000000004,7.572,4.038399999999999,11.424599999999996,5,0,0.22631933438985732,0.0,WHITE SILVER NECKLACE SHELL GLASS,9.98,5.489000000000001,Monitor
90141E,50.06,0.0,50.06,27.225,7.509,4.0048,11.321200000000001,10,0,0.22615261685976829,0.0,ORANGE PENDANT TRIPLE SHELL NECKLAC,4.95,2.7225,Monitor
90176C,77.0,15.0,62.0,33.0,11.55,6.16,11.29,10,2,0.18209677419354836,0.2,DIAMANTE NECKLACE,7.5,4.125,Monitor
84845D,51.25,0.0,51.25,28.1875,7.6875,4.1,11.275,41,0,0.22,0.0,GERANIUM SQUARE HANDY TIN,1.25,0.6875,Monitor
84660a,52.699999999999996,0.0,52.699999999999996,29.337000000000003,7.904999999999999,4.216,11.241999999999997,7,0,0.21332068311195443,0.0,WHITE STITCHED WALL CLOCK,7.62,4.191000000000001,Monitor
20964,50.99999999999999,0.0,50.99999999999999,28.05,7.6499999999999995,4.08,11.219999999999994,20,0,0.2199999999999999,0.0,POLYESTER FILLER PAD 60x40cm,2.55,1.4025,Monitor
84612B,51.0,0.0,51.0,28.050000000000004,7.6499999999999995,4.08,11.219999999999994,20,0,0.21999999999999986,0.0,SET/4 BLACK  BAROQUE FLOCK COASTER,2.55,1.4025,Monitor
84968f,50.98,0.0,50.98,28.039,7.646999999999999,4.0784,11.215599999999997,2,0,0.21999999999999995,0.0,SET OF 16 VINTAGE SKY BLUE CUTLERY,25.49,14.0195,Monitor
84968b,50.98,0.0,50.98,28.039,7.646999999999999,4.0784,11.215599999999997,2,0,0.21999999999999995,0.0,SET OF 16 VINTAGE IVORY CUTLERY,25.49,14.0195,Monitor
85023A,56.099999999999994,2.55,53.55,29.4525,8.415,4.4879999999999995,11.194499999999994,22,1,0.20904761904761895,0.045454545454545456,CRYSTAL LARGE JEWELLED PHOTO FRAME,2.55,1.4025,Monitor
85035b,50.82000000000001,0.0,50.82000000000001,27.951000000000008,7.622999999999999,4.065600000000001,11.180399999999997,6,0,0.21999999999999992,0.0,CHOCOLATE 3 WICK MORRIS BOX CANDLE,8.47,4.658500000000001,Monitor
48103,201.73,0.0,201.73,144.1825,30.259499999999996,16.1384,11.149599999999978,35,0,0.055269915233232436,0.0,DOORMAT KISS MY.......,7.49,4.1195,Review margin
85124a,50.599999999999994,0.0,50.599999999999994,27.83,7.589999999999999,4.048,11.131999999999998,10,0,0.21999999999999997,0.0,PINK JUICY FRUIT PHOTO FRAME,5.06,2.783,Monitor
72083A,50.400000000000006,0.0,50.400000000000006,27.720000000000006,7.5600000000000005,4.032000000000001,11.087999999999997,24,0,0.21999999999999992,0.0,STRAWBERY SWIRL FLARE CANDLE,2.1,1.1550000000000002,Monitor
35001B,59.330000000000005,5.9,53.43000000000001,28.792500000000004,8.8995,4.7464,10.991600000000002,17,2,0.20571963316488864,0.11764705882352941,HAND OPEN SHAPE BLACK,3.49,1.9195000000000002,Monitor
90052,49.58,0.0,49.58,27.219500000000004,7.436999999999999,3.9664,10.957099999999999,7,0,0.2209983864461476,0.0,CRACKED GLAZE NECKLACE BROWN,7.07,3.8885000000000005,Monitor
23603,49.800000000000004,0.0,49.800000000000004,27.390000000000004,7.47,3.9840000000000004,10.956000000000001,20,0,0.22,0.0,SET 10 CARD KRAFT REINDEER 17084,2.49,1.3695000000000002,Monitor
90059C,68.17999999999999,9.899999999999999,58.279999999999994,31.7625,10.226999999999999,5.4544,10.836099999999998,41,6,0.18593170899107755,0.14634146341463414,DIAMANTE HAIR GRIP PACK/2 MONTANA,1.65,0.9075,Monitor
84537B,49.14,0.0,49.14,27.027,7.371,3.9312,10.810799999999999,117,0,0.21999999999999997,0.0,FAIRY CAKES GIFT BAG,0.42,0.231,Monitor
35644,48.75,0.0,48.75,26.8125,7.3125,3.9,10.724999999999998,25,0,0.21999999999999995,0.0,PAIR PINK/BLACK COATHANGERS,1.95,1.0725,Monitor
85014C,2270.73,576.0,1694.73,1161.7375000000002,340.60949999999997,181.6584,10.724599999999938,547,192,0.0063282056728800095,0.3510054844606947,BLUE/BROWN DOTS RUFFLED UMBRELLA,5.95,3.2725000000000004,Review margin
21347,47.6,0.0,47.6,26.180000000000003,7.14,3.8080000000000003,10.471999999999998,8,0,0.21999999999999995,0.0,GOTHIC CARRIAGE LANTERN,5.95,3.2725000000000004,Monitor
37491B,30.08,0.0,30.08,12.705,4.512,2.4064,10.4566,14,0,0.34762632978723407,0.0,BLUE/YELLOW CERAMIC CANDLE HOLDER,1.65,0.9075,Monitor
90181C,46.93,0.0,46.93,25.685000000000002,7.0395,3.7544000000000004,10.451099999999999,5,0,0.2226955039420413,0.0,BLACK GLASS/SHELL/PEARL NECKLACE,9.34,5.1370000000000005,Monitor
90125B,79.57,0.0,79.57,50.820000000000014,11.9355,6.365600000000001,10.44889999999999,44,0,0.13131707930124406,0.0,AQUA BERTIE GLASS BEAD BAG CHARM,2.1,1.1550000000000002,Monitor
84596f,46.89,0.0,46.89,25.707,7.0335,3.7512,10.398299999999999,19,0,0.2217594369801663,0.0,SMALL MARSHMALLOWS PINK BOWL,2.46,1.353,Monitor
20895,47.20000000000001,0.0,47.20000000000001,25.96,7.08,3.7760000000000007,10.384000000000002,16,0,0.22,0.0,VINTAGE NOTEBOOK FRENCH LETTER,2.95,1.6225000000000003,Monitor
35909B,47.2,0.0,47.2,25.960000000000004,7.08,3.7760000000000002,10.384,16,0,0.22,0.0,PINK FLOWERS RABBIT EASTER,2.95,1.6225000000000003,Monitor
84227,47.04,0.0,47.04,25.872,7.056,3.7632000000000003,10.3488,112,0,0.22000000000000003,0.0,HEN HOUSE W CHICK IN NEST,0.42,0.231,Monitor
90067B,47.120000000000005,0.0,47.120000000000005,25.960000000000004,7.0680000000000005,3.7696000000000005,10.322400000000002,16,0,0.21906621392190154,0.0,BROWN VINTAGE VICTORIAN EARRINGS,2.95,1.6225000000000003,Monitor
20988,46.8,0.0,46.8,25.740000000000002,7.02,3.7439999999999998,10.295999999999998,24,0,0.21999999999999997,0.0,TRELLIS FLOWER CHOPSTICKS SET/5,1.95,1.0725,Monitor
84827,491.09,0.0,491.09,367.86750000000006,73.6635,39.2872,10.271799999999967,1029,0,0.020916328982467505,0.0,ASS DES PHONE SPONGE CRAFT STICKER,0.65,0.35750000000000004,Review margin
90001C,46.7,0.0,46.7,25.712500000000006,7.005,3.736,10.246499999999997,11,0,0.2194111349036402,0.0,ANTIQUE OPAL WHITE FLOWER EARRINGS,4.25,2.3375000000000004,Monitor
84705F,46.5,0.0,46.5,25.575000000000006,6.975,3.7200000000000006,10.229999999999997,10,0,0.21999999999999995,0.0,RED PEONY PHOTO FRAME,4.65,2.5575000000000006,Monitor
84925A,339.28999999999996,0.0,339.28999999999996,251.0475,50.893499999999996,27.1432,10.205799999999968,179,0,0.03007987267529243,0.0,WAKE UP COCKEREL WALL THERMOMETER,2.55,1.4025,Review margin
90177E,82.71000000000001,17.700000000000003,65.01,35.816,12.4065,6.6168000000000005,10.170699999999997,28,6,0.15644823873250263,0.21428571428571427,DROP DIAMANTE EARRINGS GREEN,2.96,1.6280000000000001,Monitor
90001A,46.6,0.0,46.6,25.712500000000006,6.99,3.728,10.169499999999998,11,0,0.2182296137339055,0.0,ANTIQUE RASPBERRY FLOWER EARRINGS,4.25,2.3375000000000004,Monitor
72024U,46.2,0.0,46.2,25.410000000000004,6.93,3.696,10.163999999999998,220,0,0.21999999999999995,0.0,LILAC VOTIVE CANDLE,0.21,0.1155,Monitor
90001B,55.120000000000005,4.25,50.870000000000005,28.050000000000004,8.268,4.4096,10.142399999999997,13,1,0.19937880872813044,0.07692307692307693,ANTIQUE MID BLUE FLOWER EARRINGS,4.25,2.3375000000000004,Monitor
84626,45.95,0.0,45.95,25.272500000000004,6.8925,3.676,10.108999999999998,1,0,0.21999999999999995,0.0,CANDY STRIPE ROSE QUILT,45.95,25.272500000000004,Monitor
18097A,45.9,0.0,45.9,25.245,6.884999999999999,3.6719999999999997,10.097999999999997,18,0,0.21999999999999995,0.0,PINK TALL PORCELAIN T-LIGHT HOLDER,2.55,1.4025,Monitor
90126A,37.14,0.0,37.14,18.59,5.571000000000001,2.9712,10.007800000000001,20,0,0.26946149703823374,0.0,PINK BERTIE MOBILE PHONE CHARM,1.69,0.9295,Monitor
90002E,67.77,11.25,56.519999999999996,30.9375,10.1655,5.4216,9.9954,18,3,0.1768471337579618,0.16666666666666666,FLOWER BURST SILVER RING GREEN,3.75,2.0625,Monitor
90088,86.69999999999999,21.25,65.45,35.53,13.004999999999999,6.936,9.978999999999996,101,25,0.1524675324675324,0.24752475247524752,CRYSTAL KEY+LOCK PHONE CHARM,0.85,0.4675,Monitor
72724,45.0,0.0,45.0,24.75,6.75,3.6,9.9,36,0,0.22,0.0,SET/6 CHRISTMAS ICICLE T-LIGHTS,1.25,0.6875,Monitor
35233,45.0,0.0,45.0,24.75,6.75,3.6,9.899999999999999,12,0,0.21999999999999997,0.0,PASTA ENAMEL/BRASS CONTAINER,3.75,2.0625,Monitor
16161C,45.0,0.0,45.0,24.750000000000004,6.75,3.6000000000000005,9.899999999999995,450,0,0.2199999999999999,0.0,WRAP SPEED DEMONS,0.1,0.05500000000000001,Monitor
23625,44.910000000000004,0.0,44.910000000000004,24.700500000000005,6.7365,3.5928000000000004,9.8802,9,0,0.22,0.0,SET 6 CARDS SPARKLY REINDEER 17262,4.99,2.7445000000000004,Monitor
90214T,55.57,0.0,55.57,32.917500000000004,8.3355,4.4456,9.87139999999999,57,0,0.17763901385639716,0.0,"LETTER ""T"" BLING KEY RING",1.05,0.5775000000000001,Monitor
84845C,52.5,3.75,48.75,26.8125,7.875,4.2,9.8625,42,3,0.20230769230769233,0.07142857142857142,CARNATION SQUARE HANDY TIN,1.25,0.6875,Monitor
90135,44.75,0.0,44.75,24.651000000000003,6.7125,3.5800000000000005,9.806500000000002,9,0,0.2191396648044693,0.0,ORANGE/WHT/FUSCHIA STONES NECKLACE,4.98,2.7390000000000003,Monitor
72796B,44.55,0.0,44.55,24.502499999999998,6.682499999999999,3.564,9.801,27,0,0.22000000000000003,0.0,S/3 FRENCH VANILLA SQU CANDLE,1.65,0.9075,Monitor
90197D,44.550000000000004,0.0,44.550000000000004,24.5025,6.6825,3.564,9.801,9,0,0.21999999999999997,0.0,AMBER GLASS BRACELET HEART CHARMS,4.95,2.7225,Monitor
72051S,191.73,0.0,191.73,137.863,28.7595,15.3384,9.769099999999991,302,0,0.05095238095238091,0.0,BAG OF SILVER STONES,0.83,0.4565,Review margin
84586L,44.25000000000001,0.0,44.25000000000001,24.337500000000002,6.6375,3.5400000000000005,9.735,15,0,0.21999999999999995,0.0,"PINK ROSES/GINGHAM PATCH RABBIT 8""",2.95,1.6225000000000003,Monitor
90046,64.35000000000001,9.9,54.45,29.9475,9.6525,5.148000000000001,9.702,13,2,0.17818181818181816,0.15384615384615385,WHITE WITH METAL BAG CHARM,4.95,2.7225,Monitor
90011A,44.28,0.0,44.28,24.42,6.642,3.5423999999999998,9.675599999999998,15,0,0.21850948509485088,0.0,MIDNIGHT BLUE CRYSTAL DROP EARRINGS,2.96,1.6280000000000001,Monitor
84993a,42.71,0.0,42.71,23.2815,6.406499999999999,3.4168000000000003,9.605199999999996,51,0,0.2248934675719971,0.0,75 GREEN PETIT FOUR CASES,0.83,0.4565,Monitor
90042B,43.349999999999994,0.0,43.349999999999994,23.8425,6.5024999999999995,3.4679999999999995,9.536999999999997,17,0,0.21999999999999997,0.0,FRESHWATER PEARL BRACELET PINK,2.55,1.4025,Monitor
35822P,43.32,0.0,43.32,23.826,6.498,3.4656000000000002,9.530399999999998,114,0,0.21999999999999997,0.0,"ACRYLIC BEAD CHAIN, PINK",0.38,0.20900000000000002,Monitor
44091C,30.66,0.0,30.66,14.091000000000001,4.599,2.4528,9.517199999999999,61,0,0.3104109589041096,0.0,MULTICOLOUR CRUSOE CHECK LAMPSHADE,0.42,0.231,Monitor
15060b,41.81,0.0,41.81,22.7975,6.2715,3.3447999999999998,9.3962,5,0,0.2247357091604879,0.0,FAIRY CAKE DESIGN UMBRELLA,8.29,4.5595,Monitor
90054,43.019999999999996,0.0,43.019999999999996,23.749000000000002,6.452999999999999,3.4416,9.376399999999995,17,0,0.21795443979544388,0.0,CRACKED GLAZE EARRINGS RED,2.54,1.3970000000000002,Monitor
90092,87.50999999999999,22.95,64.56,35.0625,13.126499999999998,7.0008,9.370199999999997,102,27,0.14513940520446092,0.2647058823529412,BLUE CRYSTAL BOOT PHONE CHARM,0.85,0.4675,Monitor
79066k,42.71,0.0,42.71,23.523500000000002,6.406499999999999,3.4168,9.363199999999997,26,0,0.21922734722547407,0.0,RETRO MOD TRAY,1.645,0.90475,Monitor
90024A,42.5,0.0,42.5,23.375000000000004,6.375,3.4000000000000004,9.349999999999996,5,0,0.21999999999999992,0.0,NEW BAROQUE B'FLY NECKLACE BLACK,8.5,4.675000000000001,Monitor
90164A,230.39,0.0,230.39,168.07999999999998,34.5585,18.4312,9.3203,40,0,0.040454446807587134,0.0,PINK ROSEBUD PEARL BRACELET,7.64,4.202,Review margin
90050,70.16,13.9,56.260000000000005,30.844,10.524000000000001,5.6128,9.2792,10,2,0.16493423391397083,0.2,CRACKED GLAZE NECKLACE IVORY,7.01,3.8555,Monitor
90136,40.47,0.0,40.47,21.89,6.070499999999999,3.2375999999999996,9.271899999999999,4,0,0.22910551025450948,0.0,PALE PINK/AMETHYST STONE NECKLACE,9.95,5.4725,Monitor
35809a,41.54,0.0,41.54,22.715,6.231,3.3232,9.2708,10,0,0.22317766008666345,0.0,ENAMEL PINK TEA CONTAINER,4.13,2.2715,Monitor
20860,42.0,0.0,42.0,23.100000000000005,6.3,3.3600000000000003,9.239999999999997,20,0,0.21999999999999992,0.0,GOLD COSMETICS BAG WITH BUTTERFLY,2.1,1.1550000000000002,Monitor
21119,41.01,0.0,41.01,22.390500000000003,6.1514999999999995,3.2808,9.187199999999997,3,0,0.22402340892465247,0.0,Glow In The Dark Shot Glasses,13.57,7.463500000000001,Monitor
21596,42.64,0.0,42.64,23.650000000000002,6.395999999999999,3.4112,9.182799999999997,10,0,0.2153564727954971,0.0,Hypochondriac Pill Stress Ball,4.3,2.365,Monitor
90060C,41.65,0.0,41.65,22.907500000000002,6.2475,3.332,9.163,7,0,0.22,0.0,FIRE POLISHED GLASS NECKL SILVER,5.95,3.2725000000000004,Monitor
90152C,41.650000000000006,0.0,41.650000000000006,22.907500000000002,6.2475,3.3320000000000003,9.163,7,0,0.21999999999999997,0.0,BLUE/NAT SHELL NECKLACE W PENDANT,5.95,3.2725000000000004,Monitor
90060B,41.65,0.0,41.65,22.907500000000002,6.2475,3.3320000000000003,9.162999999999998,7,0,0.21999999999999997,0.0,FIRE POLISHED GLASS NECKL GOLD,5.95,3.2725000000000004,Monitor
23448,41.24999999999999,0.0,41.24999999999999,22.6875,6.187499999999998,3.3,9.074999999999996,25,0,0.21999999999999995,0.0,CREAM BUNNY EASTER EGG BASKET,1.65,0.9075,Monitor
79063C,43.65,0.0,43.65,24.5575,6.547499999999999,3.492,9.052999999999997,235,0,0.20739977090492548,0.0,"RETRO PILL BOX KEY CHAIN,THE KING",0.19,0.10450000000000001,Monitor
22056,662.8299999999999,1.49,661.34,499.895,99.4245,53.0264,8.994100000000007,611,1,0.013599812501890112,0.0016366612111292963,CERAMIC PLATE LOVE HEART DESIGN,1.49,0.8195,Review margin
90027C,41.17,0.0,41.17,22.715000000000003,6.1754999999999995,3.2936,8.985899999999996,14,0,0.21826329851833848,0.0,GLASS BEAD HOOP EARRINGS GREEN,2.95,1.6225000000000003,Monitor
44228,40.8,0.0,40.8,22.44,6.119999999999999,3.264,8.975999999999997,48,0,0.21999999999999995,0.0,CANNABIS LEAF BEAD CURTAIN,0.85,0.4675,Monitor
84798C,40.8,0.0,40.8,22.44,6.119999999999999,3.264,8.975999999999996,16,0,0.21999999999999992,0.0,WHITE FOXGLOVE ARTIIFCIAL FLOWER,2.55,1.4025,Monitor
21818,2584.69,0.0,2584.69,1981.265,387.70349999999996,206.7752,8.946299999999741,4238,0,0.0034612661479712236,0.0,GLITTER HEART DECORATION,0.85,0.4675,Review margin
18096c,41.14,0.0,41.14,22.748,6.170999999999999,3.2912,8.929799999999997,8,0,0.2170588235294117,0.0,WHITE ROUND PORCELAIN TLIGHT HOLDER,5.17,2.8435,Monitor
84226,58.31,0.0,58.31,35.9975,8.7465,4.6648,8.901199999999998,77,0,0.15265306122448974,0.0,HEN HOUSE W FAMILY IN BARN & NEST,0.85,0.4675,Monitor
84746,75.81,0.0,75.81,49.5,11.3715,6.0648,8.8737,24,0,0.11705184012663236,0.0,PINK EASTER HENS+FLOWER,3.75,2.0625,Monitor
20994,39.949999999999996,0.0,39.949999999999996,21.9725,5.9925,3.1959999999999997,8.788999999999996,47,0,0.21999999999999992,0.0,JAZZ HEARTS SPIRAL NOTEPAD,0.85,0.4675,Monitor
84803B,70.98,15.21,55.769999999999996,30.6735,10.647,5.6784,8.7711,42,9,0.1572727272727273,0.21428571428571427,WHITE ALLIUM  ARTIFICIAL FLOWER,1.69,0.9295,Monitor
21882,500.74,0.0,500.74,376.80500000000006,75.111,40.059200000000004,8.764799999999962,1054,0,0.017503694532092426,0.0,SKULLS TAPE,0.65,0.35750000000000004,Review margin
35963,39.52,0.0,39.52,21.736,5.928,3.1616000000000004,8.6944,104,0,0.21999999999999997,0.0,FOLKART ZINC CLIP ON ANGEL WINGS,0.38,0.20900000000000002,Monitor
90183C,38.12,0.0,38.12,20.735,5.718,3.0496,8.6174,13,0,0.2260598111227702,0.0,BLACK DROP EARRINGS W LONG BEADS,2.9,1.595,Monitor
84857B,46.8,3.9,42.9,23.595000000000002,7.02,3.7439999999999998,8.540999999999997,24,2,0.199090909090909,0.08333333333333333,BLUE MONTE CARLO HANDBAG,1.95,1.0725,Monitor
82545A,38.75,0.0,38.75,21.3125,5.8125,3.1,8.525,31,0,0.22,0.0,COGNAC AUX OEUFS METAL 1 HOOK,1.25,0.6875,Monitor
20769,808.81,0.0,808.81,614.2950000000001,121.3215,64.7048,8.488699999999968,438,0,0.010495295557671107,0.0,DAISY JOURNAL,2.55,1.4025,Review margin
18010,30.16,0.0,30.16,14.784,4.524,2.4128,8.439199999999998,64,0,0.279814323607427,0.0,ASSORTED FRAGRANCE BATH CONFETTI,0.42,0.231,Monitor
90027B,38.28,0.0,38.28,21.092500000000005,5.742,3.0624000000000002,8.383099999999997,13,0,0.21899425287356314,0.0,GLASS BEAD HOOP EARRINGS MONTANA,2.95,1.6225000000000003,Monitor
90130D,38.31,0.0,38.31,21.12825,5.7465,3.0648,8.370450000000002,13,0,0.21849256068911516,0.0,RED STONE/CRYSTAL EARRINGS,2.955,1.62525,Monitor
47567b,38.72,0.0,38.72,21.450000000000003,5.808,3.0976,8.3644,3,0,0.21602272727272728,0.0,TEA TIME KITCHEN APRON,13.0,7.15,Monitor
90176B,37.620000000000005,0.0,37.620000000000005,20.625,5.643,3.0096,8.3424,5,0,0.22175438596491223,0.0,DIAMANTE NECKLACE BLACK,7.5,4.125,Monitor
90039A,37.61,0.0,37.61,20.625,5.6415,3.0088,8.3347,10,0,0.22160861473012497,0.0,FIRE POLISHED GLASS BRACELET RED,3.75,2.0625,Monitor
85115B,37.62,0.0,37.62,20.691000000000003,5.642999999999999,3.0096,8.276399999999997,6,0,0.21999999999999995,0.0,S/4 BLACK DISCO PARTITION PANEL,6.27,3.4485,Monitor
17091F,27.71,0.0,27.71,13.0625,4.156499999999999,2.2168,8.2742,19,0,0.2985997834716709,0.0,SANDALWOOD INCENSE IN TIN,1.25,0.6875,Monitor
79413,37.5,0.0,37.5,20.625,5.625,3.0,8.25,30,0,0.22,0.0,GLASS WINE GLASS DECORATIONS,1.25,0.6875,Monitor
37112,37.5,0.0,37.5,20.625,5.625,3.0,8.25,10,0,0.22,0.0,YELLOW BIRDS FELT DES FOODCOVER,3.75,2.0625,Monitor
47518f,37.75,0.0,37.75,20.8395,5.6625,3.0199999999999996,8.227999999999998,9,0,0.2179602649006622,0.0,ICON PLACEMAT POP ART ELVIS,4.21,2.3155,Monitor
47013C,40.519999999999996,1.44,39.08,21.532500000000002,6.077999999999999,3.2416,8.227899999999996,147,12,0.21053991811668366,0.08163265306122448,WINE BOTTLE DRESSING DARK BLUE,0.29,0.1595,Monitor
47013A,39.87,0.0,39.87,22.489500000000003,5.980499999999999,3.1896,8.210399999999996,141,0,0.20592927012791565,0.0,WINE BOTTLE DRESSING LT.BLUE,0.29,0.1595,Monitor
84509b,37.3,0.0,37.3,20.515000000000004,5.595,2.984,8.205999999999998,5,0,0.21999999999999995,0.0,SET OF 4 FAIRY CAKE PLACEMATS,7.46,4.103000000000001,Monitor
90152A,40.34,0.0,40.34,22.907500000000002,6.051,3.2272000000000003,8.154299999999997,7,0,0.2021393158155676,0.0,SILVER/NAT SHELL NECKLACE W PENDANT,5.95,3.2725000000000004,Monitor
16162M,36.96,0.0,36.96,20.328000000000003,5.5440000000000005,2.9568,8.131199999999998,88,0,0.21999999999999995,0.0,THE KING GIFT BAG 25x24x12cm,0.42,0.231,Monitor
72715,36.96,0.0,36.96,20.328000000000003,5.5440000000000005,2.9568,8.131199999999998,88,0,0.21999999999999995,0.0,SPHERICAL IVORY CANDLE,0.42,0.231,Monitor
90214F,37.53,0.0,37.53,21.0375,5.6295,3.0024,7.860599999999998,45,0,0.20944844124700235,0.0,"LETTER ""F"" BLING KEY RING",0.85,0.4675,Monitor
84745B,35.7,0.0,35.7,19.635,5.355,2.856,7.853999999999999,85,0,0.21999999999999997,0.0,BLUE HANGING GINGHAM EASTER HEN,0.42,0.231,Monitor
72128,447.34,0.0,447.34,336.6,67.101,35.7872,7.8517999999999635,720,0,0.01755219743371924,0.0,COLUMBIAN CANDLE ROUND,0.85,0.4675,Review margin
90132,35.63,0.0,35.63,19.5965,5.3445,2.8504,7.838599999999999,7,0,0.21999999999999995,0.0,LIGHT TOPAZ TEAL/AQUA COL NECKLACE,5.09,2.7995,Monitor
90037D,35.87,0.0,35.87,19.789,5.3805,2.8696,7.830899999999999,14,0,0.21831335377752994,0.0,TINY CRYSTALS BRACELET BLACK,2.57,1.4135,Monitor
85184B,41.300000000000004,2.95,38.35,21.092500000000005,6.195,3.3040000000000003,7.758500000000001,14,1,0.20230769230769233,0.07142857142857142,SET 4 EASTER DECOUPAGE OVAL BOXES,2.95,1.6225000000000003,Monitor
90011C,35.33,0.0,35.33,19.470000000000002,5.2995,2.8264,7.7341,12,0,0.21891027455420323,0.0,GREEN CRYSTAL DROP EARRINGS,2.95,1.6225000000000003,Monitor
85184c,35.35,0.0,35.35,19.503,5.302499999999999,2.828,7.7165,6,0,0.21828854314002827,0.0,SET 4 VALENTINE DECOUPAGE HEART BOX,5.91,3.2505,Monitor
84510e,35.089999999999996,0.0,35.089999999999996,19.327,5.2635,2.8072,7.692299999999995,14,0,0.21921630094043876,0.0,SET OF 4 GREEN CAROUSEL COASTERS,2.51,1.3805,Monitor
82613b,35.04,0.0,35.04,19.327,5.255999999999999,2.8032,7.653799999999997,14,0,0.21843036529680357,0.0,"METAL SIGN,CUPCAKE SINGLE HOOK",2.51,1.3805,Monitor
37482p,34.7,0.0,34.7,19.085000000000004,5.205,2.7760000000000002,7.633999999999999,2,0,0.21999999999999995,0.0,CUBIC MUG PINK POLKA DOT,17.35,9.542500000000002,Monitor
90081B,34.650000000000006,0.0,34.650000000000006,19.0575,5.1975,2.7720000000000002,7.623000000000001,7,0,0.22,0.0,LILY BROOCH WHITE/SILVER COLOUR,4.95,2.7225,Monitor
84546,34.64999999999999,0.0,34.64999999999999,19.0575,5.197499999999998,2.7719999999999994,7.622999999999997,21,0,0.21999999999999995,0.0,CROCHET POODLE KEYRING,1.65,0.9075,Monitor
90202B,70.49,17.700000000000003,52.79,28.957500000000003,10.573500000000001,5.6392,7.619799999999997,24,6,0.1443417313885205,0.25,WHITE ENAMEL FLOWER HAIR TIE,2.925,1.6087500000000001,Monitor
90152B,35.26,0.0,35.26,19.635,5.289,2.8208,7.515199999999998,6,0,0.21313669880884853,0.0,BLUE/GREEN SHELL NECKLACE W PENDANT,5.95,3.2725000000000004,Monitor
44265,34.0,0.0,34.0,18.700000000000003,5.1,2.72,7.479999999999997,8,0,0.21999999999999992,0.0,M/COLOUR POM-POM CURTAIN,4.25,2.3375000000000004,Monitor
90066A,33.75,0.0,33.75,18.5625,5.0625,2.7,7.424999999999998,5,0,0.21999999999999995,0.0,PINK VINTAGE VICTORIAN CHOKER,6.75,3.7125000000000004,Monitor
90084,54.4,10.2,44.199999999999996,24.310000000000002,8.16,4.352,7.377999999999996,64,12,0.16692307692307684,0.1875,PINK CRYSTAL GUITAR PHONE CHARM,0.85,0.4675,Monitor
79063D,35.33,0.0,35.33,19.855,5.299499999999999,2.8264,7.349099999999998,190,0,0.20801302009623546,0.0,"RETRO PILL BOX , REVOLUTIONARY",0.19,0.10450000000000001,Monitor
47591b,33.6,0.0,33.6,18.524,5.039999999999999,2.6879999999999997,7.347999999999999,8,0,0.21869047619047616,0.0,SCOTTIES CHILDRENS APRON,4.21,2.3155,Monitor
35085E,44.25,0.0,44.25,26.8125,6.6375,3.54,7.26,39,0,0.1640677966101695,0.0,IVORY ROSE LAMPSHADE,1.25,0.6875,Monitor
82613c,32.48,0.0,32.48,17.9465,4.872,2.5984,7.063099999999998,13,0,0.21745997536945808,0.0,"METAL SIGN,CUPCAKE SINGLE HOOK",2.51,1.3805,Monitor
84030C,82.78,30.0,52.78,26.8125,12.417,6.6224,6.928100000000001,21,8,0.13126373626373627,0.38095238095238093,KNITTED RAINBOW HOT WATER BOTTLE,3.75,2.0625,Monitor
84838,312.5,0.0,312.5,233.75000000000003,46.875,25.0,6.874999999999966,50,0,0.02199999999999989,0.0,ANT WHITE HIGH RISE BIRD BOX,8.5,4.675000000000001,Review margin
23632,31.200000000000003,0.0,31.200000000000003,17.160000000000004,4.68,2.4960000000000004,6.863999999999998,15,0,0.21999999999999992,0.0,SET 10 CARDS CHEERFUL ROBIN 17065,2.08,1.1440000000000001,Monitor
84745A,31.08,0.0,31.08,17.094,4.662,2.4864,6.837599999999999,74,0,0.22,0.0,PINK HANGING GINGHAM EASTER HEN,0.42,0.231,Monitor
90025F,30.23,0.0,30.23,16.5,4.5344999999999995,2.4184,6.777100000000001,8,0,0.22418458484948728,0.0,BAROQUE BUTTERFLY EARRINGS CRYSTAL,3.75,2.0625,Monitor
21919,30.47,0.0,30.47,16.698,4.570499999999999,2.4375999999999998,6.763899999999999,6,0,0.22198555956678698,0.0,Electronic Talking Breath-A-Loser,5.06,2.783,Monitor
90141D,36.33,0.0,36.33,21.2135,5.4495,2.9064,6.760600000000002,7,0,0.1860886319845858,0.0,ROSE PENDANT TRIPLE SHELL NECKLACE,5.51,3.0305,Monitor
84292B,59.75,0.0,59.75,39.352500000000006,8.962499999999999,4.78,6.654999999999996,9,0,0.11138075313807524,0.0,BLUE COL METAL FOLDING CHAIR,7.95,4.3725000000000005,Monitor
79062D,19.4,0.0,19.4,8.294,2.9099999999999997,1.552,6.643999999999999,52,0,0.3424742268041237,0.0,"RETRO TIN ASHTRAY,REVOLUTIONARY",0.29,0.1595,Monitor
47563B,30.0,0.0,30.0,16.5,4.5,2.4,6.6,8,0,0.22,0.0,WAVELINE SURF IRONING BOARD COVER,3.75,2.0625,Monitor
21767,29.95,0.0,29.95,16.4725,4.4925,2.396,6.5889999999999995,1,0,0.22,0.0,FRENCH STYLE WIRE DOOR CABINET,29.95,16.4725,Monitor
90176E,29.98,0.0,29.98,16.5,4.497,2.3984,6.5846,4,0,0.21963308872581722,0.0,DIAMANTE NECKLACE GREEN,7.5,4.125,Monitor
84985a,29.8,0.0,29.8,16.39,4.47,2.384,6.555999999999999,10,0,0.21999999999999997,0.0,SET OF 72 GREEN PAPER DOILIES,2.98,1.639,Monitor
35598A,29.500000000000004,0.0,29.500000000000004,16.225,4.425000000000001,2.3600000000000003,6.490000000000002,10,0,0.22000000000000003,0.0,DUSTY PINK CHRISTMAS TREE 60CM,2.95,1.6225000000000003,Monitor
78034B,29.25,0.0,29.25,16.0875,4.387499999999999,2.34,6.434999999999999,15,0,0.21999999999999995,0.0,BLUE NETTING STORAGE HANGER,1.95,1.0725,Monitor
90095,22.909999999999997,0.0,22.909999999999997,11.22,3.4364999999999997,1.8328,6.420699999999998,8,0,0.2802575294631165,0.0,NECKLACE+BRACELET SET PINK BLOSSOM,2.55,1.4025,Monitor
46776f,28.91,0.0,28.91,15.900500000000001,4.3365,2.3128,6.360199999999998,7,0,0.21999999999999995,0.0,WOVEN ROSE GARDEN CUSHION COVER,4.13,2.2715,Monitor
40005B,28.9,0.0,28.9,15.895000000000001,4.335,2.3120000000000003,6.357999999999998,34,0,0.21999999999999995,0.0,BLUE ORGANDY ROUND LAMPSHADE W BEA,0.85,0.4675,Monitor
44089C,28.56,0.0,28.56,15.708,4.284,2.2848,6.2832,68,0,0.22,0.0,LILAC GAUZE BUTTERFLY LAMPSHADE,0.42,0.231,Monitor
22400,2057.29,30.39,2026.8999999999999,1547.4690000000003,308.5935,164.5832,6.254299999999775,2461,25,0.0030856480339433497,0.010158472165786265,MAGNETS PACK OF 4 HOME SWEET HOME,1.155,0.6352500000000001,Review margin
20870,54.3,2.1,52.2,33.495000000000005,8.145,4.344,6.215999999999992,30,1,0.11908045977011479,0.03333333333333333,OPULENT VELVET CANDLE IN BOX,2.1,1.1550000000000002,Monitor
21097,28.049999999999997,0.0,28.049999999999997,15.4275,4.2075,2.244,6.1709999999999985,33,0,0.21999999999999997,0.0,SET/6 GREEN SPRING  PAPER PLATE,0.85,0.4675,Monitor
47344B,56.16,0.0,56.16,37.125,8.424,4.4928,6.118199999999998,54,0,0.10894230769230767,0.0,BLUE FLOWER DES PURSE,1.25,0.6875,Monitor
23613,27.39,0.0,27.39,15.064500000000002,4.1085,2.1912000000000003,6.025800000000002,11,0,0.22000000000000006,0.0,SET 10 XMAS CARDS & BADGES 17070,2.49,1.3695000000000002,Monitor
23637,27.39,0.0,27.39,15.0645,4.1085,2.1912000000000003,6.025800000000001,11,0,0.22000000000000003,0.0,SET 10 CARDS OUT OF ORDER 17216,2.49,1.3695000000000002,Monitor
84867b,27.14,0.0,27.14,14.927000000000001,4.071,2.1712000000000002,5.970799999999999,2,0,0.21999999999999995,0.0,BLUE BABY BOY'S PHOTO ALBUM,13.57,7.463500000000001,Monitor
90025E,26.5,0.0,26.5,14.4375,3.975,2.12,5.9675,7,0,0.22518867924528302,0.0,BAROQUE BUTTERFLY EARRINGS MONTANA,3.75,2.0625,Monitor
90128B,23.759999999999998,0.0,23.759999999999998,12.375,3.564,1.9008,5.9201999999999995,18,0,0.24916666666666668,0.0,BLUE LEAVES AND BEADS PHONE CHARM,1.25,0.6875,Monitor
90187A,27.04,0.0,27.04,14.916000000000002,4.055999999999999,2.1632000000000002,5.904799999999999,8,0,0.21837278106508873,0.0,BLUE DROP EARRINGS W BEAD CLUSTER,3.39,1.8645000000000003,Monitor
84450A,24.18,1.68,22.5,11.088000000000001,3.627,1.9344000000000001,5.850599999999999,52,4,0.26002666666666663,0.07692307692307693,PINK RABBIT SITTING EASTER,0.42,0.231,Monitor
37488A,19.770000000000003,2.95,16.82,6.4350000000000005,2.9655,1.5816000000000001,5.837899999999999,31,1,0.34708085612366224,0.03225806451612903,YELLOW PINK FLOWER DESIGN BIG BOWL,0.39,0.21450000000000002,Monitor
84751B,117.44,8.29,109.15,76.3125,17.616,9.395199999999999,5.8263,40,3,0.05337883646358222,0.075,BLACK MEDIUM GLASS CAKE STAND,3.75,2.0625,Review margin
90027A,26.52,0.0,26.52,14.602500000000003,3.978,2.1216,5.817899999999998,9,0,0.21937782805429856,0.0,GLASS BEAD HOOP EARRINGS BLACK,2.95,1.6225000000000003,Monitor
90182A,26.16,0.0,26.16,14.355,3.924,2.0928,5.788199999999999,9,0,0.22126146788990822,0.0,AMBER 3 BEAD DROP EARRINGS,2.9,1.595,Monitor
23636,26.19,0.0,26.19,14.404500000000002,3.9285,2.0952,5.761799999999999,9,0,0.21999999999999995,0.0,SET 10 CARDS WISHING TREE 17116,2.91,1.6005000000000003,Monitor
20954,25.590000000000003,0.0,25.590000000000003,13.975500000000004,3.8385,2.0472,5.728799999999998,3,0,0.22386869871043366,0.0,*USB Office Mirror Ball,8.47,4.658500000000001,Monitor
85164b,26.04,0.0,26.04,14.322000000000001,3.9059999999999997,2.0832,5.728799999999998,1,0,0.21999999999999992,0.0,BLACK BAROQUE CUCKOO CLOCK,26.04,14.322000000000001,Monitor
90142A,25.45,0.0,25.45,13.9975,3.8175,2.036,5.598999999999998,5,0,0.21999999999999995,0.0,GREEN PENDANT SHELL NECKLACE,5.09,2.7995,Monitor
85035a,25.410000000000004,0.0,25.410000000000004,13.975500000000004,3.8114999999999997,2.0328000000000004,5.5901999999999985,3,0,0.21999999999999992,0.0,GARDENIA 3 WICK MORRIS BOXED CANDLE,8.47,4.658500000000001,Monitor
37348,35.7,5.1,30.6,16.83,5.3549999999999995,2.856,5.558999999999999,14,2,0.18166666666666664,0.14285714285714285,SET OF 4 PASTEL STACKING MUGS,2.55,1.4025,Monitor
72801g,25.099999999999998,0.0,25.099999999999998,13.805,3.7649999999999997,2.008,5.5219999999999985,10,0,0.21999999999999995,0.0,4 BURGUNDY WINE DINNER CANDLES,2.51,1.3805,Monitor
84596b,25.099999999999998,0.0,25.099999999999998,13.805,3.7649999999999997,2.008,5.5219999999999985,10,0,0.21999999999999995,0.0,SMALL DOLLY MIX DESIGN ORANGE BOWL,2.51,1.3805,Monitor
90055,25.28,0.0,25.28,13.970000000000002,3.792,2.0224,5.495599999999997,10,0,0.217389240506329,0.0,CRACKED GLAZE EARRINGS BROWN,2.54,1.3970000000000002,Monitor
23620,24.900000000000002,0.0,24.900000000000002,13.695000000000002,3.735,1.9920000000000002,5.4780000000000015,10,0,0.22000000000000006,0.0,SET 10 CARDS PERFECT POST 17090,2.49,1.3695000000000002,Monitor
85034a,24.869999999999997,0.0,24.869999999999997,13.6785,3.7304999999999993,1.9895999999999998,5.471399999999998,3,0,0.21999999999999995,0.0,3 GARDENIA MORRIS BOXED CANDLES,8.29,4.5595,Monitor
90053,25.23,0.0,25.23,13.970000000000002,3.7845,2.0184,5.457099999999997,10,0,0.21629409433214414,0.0,CRACKED GLAZE EARRINGS IVORY,2.54,1.3970000000000002,Monitor
84550,24.749999999999996,0.0,24.749999999999996,13.6125,3.7124999999999995,1.98,5.4449999999999985,15,0,0.21999999999999997,0.0,CROCHET LILAC/RED BEAR KEYRING,1.65,0.9075,Monitor
35633B,24.7,0.0,24.7,13.585,3.705,1.976,5.433999999999998,130,0,0.21999999999999995,0.0,BLUE TINSEL GARLAND,0.19,0.10450000000000001,Monitor
35596,24.65,0.0,24.65,13.557500000000001,3.6975,1.972,5.422999999999998,29,0,0.21999999999999995,0.0,WOOD XMAS TREE 9 FIG SHELVES,0.85,0.4675,Monitor
21370,251.97,0.0,251.97,188.595,37.7955,20.157600000000002,5.421899999999999,54,0,0.021518037861650192,0.0,MIRRORED WALL ART FOXY,6.35,3.4925,Review margin
90041,25.67,0.0,25.67,14.360500000000002,3.8505000000000003,2.0536000000000003,5.405399999999998,7,0,0.2105726529022204,0.0,PEARL AND CHERRY QUARTZ BRACLET,3.73,2.0515000000000003,Monitor
90059B,44.87,9.899999999999999,34.97,19.2885,6.730499999999999,3.5896,5.361400000000001,27,6,0.15331426937374895,0.2222222222222222,DIAMANTE HAIR GRIP PACK/2 BLACK DIA,1.67,0.9185,Monitor
10124A,24.36,0.0,24.36,13.398000000000001,3.654,1.9487999999999999,5.3591999999999995,58,0,0.21999999999999997,0.0,SPOTS ON RED BOOKCOVER TAPE,0.42,0.231,Monitor
37494a,24.16,0.0,24.16,13.288000000000002,3.6239999999999997,1.9328,5.315199999999998,4,0,0.21999999999999992,0.0,FAIRY CAKE CERAMIC BUTTER DISH,6.04,3.3220000000000005,Monitor
79302m,23.77,0.0,23.77,13.002,3.5654999999999997,1.9016,5.3009,4,0,0.22300799326882628,0.0,"ART LIGHTS,FUNK MONKEY",5.91,3.2505,Monitor
62097B,13.37,0.0,13.37,5.0215000000000005,2.0055,1.0695999999999999,5.2734,11,0,0.3944203440538519,0.0,BLUE STRIPES SHOULDER BAG,0.83,0.4565,Monitor
84575B,23.8,0.0,23.8,13.090000000000002,3.57,1.9040000000000001,5.235999999999999,4,0,0.21999999999999995,0.0,BROWN DOG CANNISTER W BONE,5.95,3.2725000000000004,Monitor
47556b,23.64,0.0,23.64,13.002,3.546,1.8912,5.200800000000001,4,0,0.22000000000000003,0.0,TEA TIME TEA TOWELS,5.91,3.2505,Monitor
90011E,23.61,0.0,23.61,13.002,3.5415,1.8888,5.1777,8,0,0.21930114358322744,0.0,AMBER CRYSTAL DROP EARRINGS,2.955,1.62525,Monitor
85040b,23.519999999999996,0.0,23.519999999999996,12.936,3.528,1.8815999999999997,5.174399999999999,7,0,0.21999999999999997,0.0,SET/4 BLUE FLOWER CANDLES IN BOWL,3.36,1.848,Monitor
22232,1318.99,71.22,1247.77,939.2624999999999,197.84849999999997,105.5192,5.139799999999966,1109,74,0.0041191886325203896,0.06672678088367899,JIGSAW TOADSTOOLS 3 PIECE,1.65,0.9075,Review margin
23623,23.28,0.0,23.28,12.804000000000002,3.492,1.8624,5.121599999999999,8,0,0.21999999999999995,0.0,SET 10 CARD CHRISTMAS WELCOME 17112,2.91,1.6005000000000003,Monitor
84247J,12.780000000000001,0.0,12.780000000000001,4.73,1.917,1.0224,5.110600000000001,10,0,0.3998904538341158,0.0,PACK/12 RUSSIAN DOLL CARDS,0.86,0.47300000000000003,Monitor
16168M,512.38,0.0,512.38,389.466,76.857,40.9904,5.06659999999998,1686,0,0.009888364104765955,0.0,FUNKY MONKEY GIFT BAG MEDIUM,0.42,0.231,Review margin
90214V,30.23,0.0,30.23,18.2325,4.5344999999999995,2.4184,5.044599999999998,39,0,0.16687396625868336,0.0,"LETTER ""V"" BLING KEY RING",0.85,0.4675,Monitor
23151,116.82000000000001,0.0,116.82000000000001,84.909,17.523,9.345600000000001,5.042400000000001,62,0,0.04316384180790961,0.0,ZINC SWEETHEART SOAP DISH,2.49,1.3695000000000002,Review margin
10123C,256.36,12.540000000000001,243.82000000000002,179.82250000000002,38.454,20.5088,5.034699999999979,653,150,0.020649249446312766,0.22970903522205208,HEARTS WRAPPING TAPE,0.65,0.35750000000000004,Review margin
90025C,22.56,0.0,22.56,12.375,3.384,1.8048,4.9962,6,0,0.22146276595744682,0.0,BAROQUE BUTTERFLY EARRINGS GREEN,3.75,2.0625,Monitor
90076,33.0,2.55,30.45,17.908,4.95,2.6399999999999997,4.951999999999997,12,1,0.16262725779967152,0.08333333333333333,MONTANA DIAMOND CLUSTER EARRINGS,2.96,1.6280000000000001,Monitor
35591T,22.5,0.0,22.5,12.375,3.375,1.8,4.95,18,0,0.22,0.0,TURQUOISE CHRISTMAS TREE,1.25,0.6875,Monitor
37477C,22.5,0.0,22.5,12.375,3.375,1.8,4.95,6,0,0.22,0.0,"FLOWER FAIRY MUG+COASTER,ROSE",3.75,2.0625,Monitor
90189B,22.5,0.0,22.5,12.375,3.375,1.7999999999999998,4.949999999999999,3,0,0.21999999999999997,0.0,GOLD 2 STRAND NECKLACE-LEAF CHARMS,7.5,4.125,Monitor
23645,22.410000000000004,0.0,22.410000000000004,12.325500000000002,3.3615,1.7928000000000002,4.930200000000001,9,0,0.22,0.0,SET 10 CHRISTMAS CARDS HOHOHO 16956,2.49,1.3695000000000002,Monitor
23640,22.410000000000004,0.0,22.410000000000004,12.325500000000002,3.3615,1.7928000000000002,4.930200000000001,9,0,0.22,0.0,SET 10 CARDS SCOTTIE DOG 17211,2.49,1.3695000000000002,Monitor
84876C,30.0,3.75,26.25,14.4375,4.5,2.4,4.9125,8,1,0.18714285714285714,0.125,SILVER HEART COMPACT MIRROR,3.75,2.0625,Monitor
84387A,21.45,0.0,21.45,11.7975,3.2175,1.716,4.719,11,0,0.22000000000000003,0.0,BIRD ON BRANCH CANVAS SCREEN,1.95,1.0725,Monitor
44092C,21.25,0.0,21.25,11.6875,3.1875,1.7,4.674999999999999,25,0,0.21999999999999995,0.0,PURPLE/COPPER HANGING LAMPSHADE,0.85,0.4675,Monitor
21387,21.25,0.0,21.25,11.687500000000002,3.1875,1.6999999999999997,4.674999999999997,25,0,0.21999999999999986,0.0,IVORY HANGING DECORATION  RABBIT,0.85,0.4675,Monitor
21594,21.06,0.0,21.06,11.5775,3.159,1.6847999999999999,4.638699999999999,5,0,0.2202611585944919,0.0,Dr. Jam's Arouzer Stress Ball,4.21,2.3155,Monitor
17129C,58.83,0.0,58.83,40.67250000000001,8.8245,4.7064,4.6265999999999945,87,0,0.07864354920958685,0.0,SKY BLUE COLOUR GLASS GEMS IN BAG,0.85,0.4675,Review margin
23692,21.0,0.0,21.0,11.55,3.15,1.68,4.619999999999999,50,0,0.21999999999999997,0.0,WRAP A PRETTY THANK YOU,0.42,0.231,Monitor
37491A,48.3,0.0,48.3,32.571000000000005,7.245,3.864,4.619999999999998,18,0,0.09565217391304345,0.0,YELLOW/PINK CERAMIC CANDLE HOLDER,3.29,1.8095,Review margin
46776a,20.65,0.0,20.65,11.3575,3.0974999999999997,1.652,4.542999999999998,5,0,0.21999999999999995,0.0,WOVEN BUBBLE GUM CUSHION COVER,4.13,2.2715,Monitor
79172D,20.4,0.0,20.4,11.22,3.0599999999999996,1.6320000000000001,4.4879999999999995,24,0,0.22,0.0,PURPLE TINT ACRYLIC FLOWER VASE,0.85,0.4675,Monitor
90182C,55.74,17.700000000000003,38.04,20.735,8.361,4.4592,4.4848,19,6,0.11789695057833859,0.3157894736842105,BLACK 3 BEAD DROP EARRINGS,2.9,1.595,Monitor
85232a,20.34,0.0,20.34,11.187000000000001,3.0509999999999997,1.6272,4.474799999999998,2,0,0.21999999999999992,0.0,SET/3 POLKA DOT STACKING TINS,10.17,5.593500000000001,Monitor
10002R,20.57,0.0,20.57,11.374,3.0854999999999997,1.6456,4.464899999999998,4,0,0.2170588235294117,0.0,ROBOT PENCIL SHARPNER,5.17,2.8435,Monitor
90177A,55.690000000000005,17.700000000000003,37.99,20.735,8.3535,4.4552,4.446299999999999,19,6,0.11703869439326135,0.3157894736842105,CLASSIC DIAMANTE EARRINGS JET,2.9,1.595,Monitor
47552A,25.35,3.3,22.05,11.7975,3.8024999999999998,2.028,4.422,13,2,0.2005442176870748,0.15384615384615385,DOTS IRONING BOARD COVER,1.95,1.0725,Monitor
23601,19.92,0.0,19.92,10.956000000000001,2.988,1.5936000000000001,4.3824000000000005,8,0,0.22,0.0,SET 10 CARDS SNOWY SNOWDROPS  17100,2.49,1.3695000000000002,Monitor
23646,19.92,0.0,19.92,10.956000000000001,2.988,1.5936000000000001,4.3824000000000005,8,0,0.22,0.0,SET 10 CARDS JINGLE BELLS 16957,2.49,1.3695000000000002,Monitor
23616,19.92,0.0,19.92,10.956000000000001,2.988,1.5936000000000001,4.3824000000000005,8,0,0.22,0.0,SET 10 CARDS JINGLE BELLS 17217,2.49,1.3695000000000002,Monitor
84570B,19.8,0.0,19.8,10.89,2.97,1.584,4.356000000000001,4,0,0.22000000000000003,0.0,WHITE SATIN DRESS JEWEL STAND,4.95,2.7225,Monitor
90185C,271.96,123.25,148.71,81.81250000000001,40.794,21.756800000000002,4.346699999999992,64,29,0.029229372604397768,0.453125,BLACK DIAMANTE EXPANDABLE RING,4.25,2.3375000000000004,Review margin
37487B,19.72,0.0,19.72,10.846,2.9579999999999997,1.5776,4.338399999999999,68,0,0.21999999999999997,0.0,YELLOW/ORANGE FLOWER DESIGN PLATE,0.29,0.1595,Monitor
35932,15.63,0.0,15.63,7.7330000000000005,2.3445,1.2504000000000002,4.3021,37,0,0.2752463211772233,0.0,PINK CHRISTMAS TREE DECORATION,0.38,0.20900000000000002,Monitor
47351B,269.90000000000003,122.39999999999999,147.50000000000003,81.12500000000001,40.485,21.592000000000002,4.298000000000001,98,48,0.02913898305084746,0.4897959183673469,BLUE  VOILE LAMPSHADE,2.95,1.6225000000000003,Review margin
20680,19.5,0.0,19.5,10.725000000000001,2.925,1.56,4.289999999999999,6,0,0.21999999999999995,0.0,PINK FLOWERS CHILDS UMBRELLA,3.25,1.7875,Monitor
79065A,39.8,9.95,29.849999999999998,16.4175,5.97,3.1839999999999997,4.278499999999999,4,1,0.1433333333333333,0.25,TEATIME ROUND CAKE TINS,9.95,5.4725,Monitor
84388,92.33999999999999,3.3,89.03999999999999,63.525,13.850999999999997,7.3872,4.276799999999998,72,2,0.04803234501347707,0.027777777777777776,WISE MAN STAR SHAPE EGG PAN,1.65,0.9075,Review margin
85116,2206.2400000000002,63.00000000000001,2143.2400000000002,1631.531,330.936,176.4992,4.273799999999992,1817,30,0.001994083723708027,0.01651073197578426,BLACK CANDELABRA T-LIGHT HOLDER,1.66,0.913,Review margin
85225,22.5,0.0,22.5,13.0625,3.375,1.8,4.2625,19,0,0.18944444444444444,0.0,BLING KEY RING STAND,1.25,0.6875,Monitor
84536a,19.970000000000002,0.0,19.970000000000002,11.137500000000003,2.9955,1.5976000000000004,4.2394,25,0,0.21228843264897343,0.0,ENGLISH ROSE NOTEBOOK A7 SIZE,0.81,0.44550000000000006,Monitor
90082C,19.93,0.0,19.93,11.2035,2.9894999999999996,1.5944,4.142599999999999,3,0,0.20785750125439031,0.0,DIAMANTE BOW BROOCH WHITE COLOUR,6.79,3.7345,Monitor
90025D,18.69,0.0,18.69,10.257500000000002,2.8035,1.4952,4.133799999999999,5,0,0.2211771000535045,0.0,BAROQUE BUTTERFLY EARRINGS PINK,3.73,2.0515000000000003,Monitor
84030B,18.75,0.0,18.75,10.3125,2.8125,1.5,4.125,5,0,0.22,0.0,KNITTED POM POM HOT WATER BOTTLE,3.75,2.0625,Monitor
72796A,18.15,0.0,18.15,9.9825,2.7224999999999997,1.452,3.9929999999999994,11,0,0.21999999999999997,0.0,S/3 ENGLISH LAVENDER SQU CANDLE,1.65,0.9075,Monitor
84311,18.15,0.0,18.15,9.9825,2.7224999999999997,1.452,3.9929999999999986,11,0,0.21999999999999995,0.0,CAMOFLAGE CUSHION COVER,1.65,0.9075,Monitor
84986b,17.88,0.0,17.88,9.834,2.682,1.4304000000000001,3.9335999999999998,6,0,0.22,0.0,SET OF 36 SILVER PAPER DOILIES,2.98,1.639,Monitor
90182B,17.53,0.0,17.53,9.57,2.6295,1.4023999999999999,3.9280999999999997,6,0,0.2240787221905305,0.0,AMETHYST 3 BEAD DROP EARRINGS,2.9,1.595,Monitor
84614C,17.85,0.0,17.85,9.8175,2.6775,1.4280000000000002,3.9270000000000005,3,0,0.22,0.0,BLUE BAROQUE FLOCK CANDLE HOLDER,5.95,3.2725000000000004,Monitor
18097B,17.849999999999998,0.0,17.849999999999998,9.8175,2.6774999999999998,1.428,3.9269999999999983,7,0,0.21999999999999992,0.0,BLUE TALL PORCELAIN T-LIGHT HOLDER,2.55,1.4025,Monitor
71050,17.849999999999998,0.0,17.849999999999998,9.8175,2.6774999999999993,1.428,3.926999999999998,51,0,0.21999999999999992,0.0,SMALL SINGLE FLAME CANDLE HOLDER,0.35,0.1925,Monitor
72801e,17.57,0.0,17.57,9.6635,2.6355,1.4055999999999997,3.865399999999998,7,0,0.2199999999999999,0.0,4 FESTIVE GREEN DINNER CANDLES,2.51,1.3805,Monitor
23627,17.43,0.0,17.43,9.586500000000001,2.6145,1.3944,3.8346000000000013,7,0,0.22000000000000008,0.0,SET 10 CARDS XMAS GRAPHIC  17218,2.49,1.3695000000000002,Monitor
37482b,17.35,0.0,17.35,9.542500000000002,2.6025,1.3880000000000001,3.8169999999999993,1,0,0.21999999999999995,0.0,CUBIC MUG BLUE POLKA DOT,17.35,9.542500000000002,Monitor
84796b,17.12,0.0,17.12,9.416000000000002,2.568,1.3696000000000002,3.766399999999998,2,0,0.2199999999999999,0.0,BLUE SAVANNAH PICNIC HAMPER FOR 2,8.56,4.708000000000001,Monitor
21120,16.98,0.0,16.98,9.339,2.547,1.3584,3.7355999999999994,1,0,0.21999999999999995,0.0,*Boombox Ipod Classic,16.98,9.339,Monitor
84993b,16.99,0.0,16.99,9.350000000000001,2.5485,1.3592,3.7322999999999986,20,0,0.21967628016480276,0.0,75 BLACK PETIT FOUR CASES,0.85,0.4675,Monitor
85035c,16.94,0.0,16.94,9.317000000000002,2.541,1.3552000000000002,3.726799999999999,2,0,0.21999999999999992,0.0,ROSE 3 WICK MORRIS BOX CANDLE,8.47,4.658500000000001,Monitor
85036b,16.94,0.0,16.94,9.317000000000002,2.541,1.3552000000000002,3.726799999999999,2,0,0.21999999999999992,0.0,CHOCOLATE 1 WICK MORRIS BOX CANDLE,8.47,4.658500000000001,Monitor
72805,16.9,0.0,16.9,9.295,2.535,1.3519999999999999,3.7179999999999995,10,0,0.22,0.0,VANILLA CANDLE IN EMBOSSED ZINC POT,1.69,0.9295,Monitor
47591c,16.84,0.0,16.84,9.262,2.526,1.3472,3.7047999999999996,4,0,0.21999999999999997,0.0,BLUE FAIRY CAKE CHILD'S APRON,4.21,2.3155,Monitor
44089A,16.8,0.0,16.8,9.24,2.52,1.3439999999999999,3.6959999999999997,40,0,0.21999999999999997,0.0,PINK GAUZE BUTTERFLY LAMPSHADE,0.42,0.231,Monitor
21511,16.8,0.0,16.8,9.24,2.52,1.3439999999999999,3.6959999999999993,40,0,0.21999999999999995,0.0,VINTAGE COLLAGE  GREETING  CARD,0.42,0.231,Monitor
72785A,16.8,0.0,16.8,9.240000000000002,2.52,1.344,3.695999999999999,8,0,0.21999999999999992,0.0,S/4 CONTEMPORY PINK ROSEBUD CANDLES,2.1,1.1550000000000002,Monitor
23644,16.65,0.0,16.65,9.1575,2.4975,1.332,3.6629999999999994,5,0,0.21999999999999997,0.0,SET 10 CARDS CHRISTMAS TREE 16955,3.33,1.8315000000000001,Monitor
84031b,16.63,0.0,16.63,9.1465,2.4945,1.3304,3.658599999999999,1,0,0.21999999999999995,0.0,CHARLIE LOLA BLUE HOT WATER BOTTLE,16.63,9.1465,Monitor
84031a,16.63,0.0,16.63,9.1465,2.4945,1.3304,3.658599999999999,1,0,0.21999999999999995,0.0,CHARLIE+LOLA RED HOT WATER BOTTLE,16.63,9.1465,Monitor
85036a,16.58,0.0,16.58,9.119,2.4869999999999997,1.3263999999999998,3.647599999999999,2,0,0.21999999999999995,0.0,GARDENIA 1 WICK MORRIS BOXED CANDLE,8.29,4.5595,Monitor
84456,33.15,10.2,22.95,11.6875,4.972499999999999,2.652,3.637999999999999,37,12,0.15851851851851848,0.32432432432432434,SET OF 3 RABBIT EGG EASTER,0.85,0.4675,Monitor
85160b,16.13,0.0,16.13,8.871500000000001,2.4194999999999998,1.2904,3.5485999999999986,1,0,0.21999999999999992,0.0,BLACK BIRD GARDEN DESIGN MUG,16.13,8.871500000000001,Monitor
71510,112.05,0.0,112.05,82.74750000000002,16.8075,8.964,3.530999999999996,177,0,0.03151271753681389,0.0,SQUARE METAL CANDLEHOLDER BASE,0.85,0.4675,Review margin
90102,16.11,0.0,16.11,8.8825,2.4165,1.2888000000000002,3.522199999999999,19,0,0.2186343885785226,0.0,WHITE FRANGIPANI HAIR CLIP,0.85,0.4675,Monitor
62074B,15.96,0.0,15.96,8.778,2.394,1.2768,3.5111999999999997,38,0,0.21999999999999997,0.0,ELEPHANT CLIP W SUCTION CUP,0.42,0.231,Monitor
84630,15.9,0.0,15.9,8.745000000000001,2.385,1.272,3.4979999999999993,2,0,0.21999999999999995,0.0,FLOWERS AND BIRDS WALL PLAQUE,7.95,4.3725000000000005,Monitor
84912a,15.56,0.0,15.56,8.558000000000002,2.334,1.2448000000000001,3.423199999999999,2,0,0.21999999999999995,0.0,PINK ROSE WASHBAG,7.78,4.279000000000001,Monitor
21560,15.44,0.0,15.44,8.492,2.316,1.2351999999999999,3.3967999999999985,4,0,0.21999999999999992,0.0,TOADSTOOL  LUNCHBOX WITH CUTLERY,3.86,2.123,Monitor
10124G,14.28,0.0,14.28,7.623,2.142,1.1424,3.3726,33,0,0.2361764705882353,0.0,ARMY CAMO BOOKCOVER TAPE,0.42,0.231,Monitor
37481,15.299999999999999,0.0,15.299999999999999,8.415000000000001,2.295,1.224,3.365999999999998,6,0,0.2199999999999999,0.0,CUBIC MUG TEATIME CAKES,2.55,1.4025,Monitor
84509e,15.24,0.0,15.24,8.382000000000001,2.286,1.2192,3.3527999999999993,2,0,0.21999999999999995,0.0,SET OF 4 CAROUSEL PLACEMATS,7.62,4.191000000000001,Monitor
85124c,15.18,0.0,15.18,8.349,2.2769999999999997,1.2144,3.339599999999999,3,0,0.21999999999999995,0.0,GREEN JUICY FRUIT PHOTO FRAME,5.06,2.783,Monitor
84608,47.7,15.9,31.799999999999997,17.490000000000002,7.154999999999999,3.8160000000000003,3.3389999999999986,6,2,0.10499999999999997,0.3333333333333333,ORNATE EDWARDIAN CANDLE HOLDER,7.95,4.3725000000000005,Monitor
21853,15.399999999999999,0.0,15.399999999999999,8.5305,2.3099999999999996,1.232,3.327499999999999,3,0,0.21607142857142853,0.0,GUMBALL CUSTOM CARS TOP TRUMPS GAME,5.17,2.8435,Monitor
17174,15.120000000000001,0.0,15.120000000000001,8.316,2.268,1.2096,3.3263999999999996,36,0,0.21999999999999995,0.0,ASSTD RASTA KEY-CHAINS,0.42,0.231,Monitor
84206A,15.010000000000002,0.0,15.010000000000002,8.2555,2.2515,1.2008,3.302200000000001,79,0,0.22000000000000003,0.0,3 BLACK CATS W HEARTS BLANK CARD,0.19,0.10450000000000001,Monitor
90068,15.0,0.0,15.0,8.25,2.25,1.2,3.3,2,0,0.22,0.0,"RUBY GLASS NECKLACE 42""",7.5,4.125,Monitor
23449,15.0,0.0,15.0,8.25,2.25,1.2,3.3,12,0,0.22,0.0,SET OF 6 EASTER RAINBOW CHICKS,1.25,0.6875,Monitor
23621,14.940000000000001,0.0,14.940000000000001,8.217,2.241,1.1952,3.286800000000001,6,0,0.22000000000000003,0.0,SET 10 CARDS DAVID'S MADONNA 17074,2.49,1.3695000000000002,Monitor
84509g,14.92,0.0,14.92,8.206000000000001,2.238,1.1936,3.282399999999999,2,0,0.21999999999999995,0.0,SET OF 4 FAIRY CAKE PLACEMATS,7.46,4.103000000000001,Monitor
35650,14.850000000000001,0.0,14.850000000000001,8.1675,2.2275,1.1880000000000002,3.267,3,0,0.21999999999999997,0.0,VINTAGE BEAD PINK JEWEL STAND,4.95,2.7225,Monitor
84567,14.85,0.0,14.85,8.1675,2.2275,1.188,3.2669999999999995,9,0,0.21999999999999997,0.0,FROSTED GLASS WITH SILVER SURROUND,1.65,0.9075,Monitor
90011D,14.75,0.0,14.75,8.14,2.2125,1.18,3.2174999999999994,5,0,0.21813559322033893,0.0,PURPLE CRYSTAL DROP EARRINGS,2.96,1.6280000000000001,Monitor
23634,14.55,0.0,14.55,8.002500000000001,2.1825,1.1640000000000001,3.2009999999999996,5,0,0.21999999999999997,0.0,SET 10 CARDS XMAS CHOIR 17068,2.91,1.6005000000000003,Monitor
84450B,84.55,0.0,84.55,61.92450000000001,12.6825,6.764,3.178999999999992,139,0,0.037599053814310966,0.0,PINK/YELLOW RABBIT SAT EASTER,0.81,0.44550000000000006,Review margin
21685,44.849999999999994,14.95,29.9,16.445,6.727499999999999,3.588,3.1395,3,1,0.10500000000000001,0.3333333333333333,MEDINA STAMPED METAL TRAY,14.95,8.2225,Monitor
21852,13.9,0.0,13.9,7.6450000000000005,2.085,1.112,3.058,2,0,0.21999999999999997,0.0,EMPIRE TEDDY,6.95,3.8225000000000002,Monitor
84868A,13.9,0.0,13.9,7.6450000000000005,2.085,1.112,3.058,2,0,0.21999999999999997,0.0,PINK BABY GIRL'S MEMORY BOX,6.95,3.8225000000000002,Monitor
84406b,13.82,0.0,13.82,7.601000000000001,2.073,1.1056000000000001,3.040399999999999,2,0,0.21999999999999992,0.0,CREAM CUPID HEARTS COAT HANGER,6.91,3.8005000000000004,Monitor
16245A,13.75,0.0,13.75,7.5625,2.0625,1.1,3.0250000000000004,11,0,0.22000000000000003,0.0,PINK MINI STATIONERY SET W CASE,1.25,0.6875,Monitor
35936,13.68,0.0,13.68,7.524000000000001,2.052,1.0944,3.0095999999999994,36,0,0.21999999999999997,0.0,CERISE+GOLD CHRISTMAS TREE DEC,0.38,0.20900000000000002,Monitor
84814B,13.65,0.0,13.65,7.5075,2.0475,1.092,3.0029999999999992,7,0,0.21999999999999995,0.0,RHOMBUS CRYSTAL PERFUME BOTTLE,1.95,1.0725,Monitor
35443,13.6,0.0,13.6,7.48,2.04,1.088,2.991999999999999,16,0,0.21999999999999995,0.0,RASTA IN BATH W SPLIFF ASHTRAY,0.85,0.4675,Monitor
79342b,13.57,0.0,13.57,7.463500000000001,2.0355,1.0856000000000001,2.9853999999999994,1,0,0.21999999999999995,0.0,BROWN FLOWER LIGHTS,13.57,7.463500000000001,Monitor
84867a,13.57,0.0,13.57,7.463500000000001,2.0355,1.0856000000000001,2.9853999999999994,1,0,0.21999999999999995,0.0,PINK BABY GIRLS PHOTO ALBUM,13.57,7.463500000000001,Monitor
85039b,13.44,0.0,13.44,7.392,2.016,1.0752,2.9567999999999994,4,0,0.21999999999999997,0.0,S/4 IVORY MINI ROSE CANDLE IN BOWL,3.36,1.848,Monitor
90077,14.399999999999999,0.0,14.399999999999999,8.14,2.16,1.152,2.947999999999999,5,0,0.20472222222222217,0.0,BLACK DIAMOND CLUSTER EARRINGS,2.96,1.6280000000000001,Monitor
23639,13.32,0.0,13.32,7.3260000000000005,1.998,1.0656,2.9303999999999997,4,0,0.21999999999999997,0.0,SET 10 CARDS MAGICAL TREE 17086,3.33,1.8315000000000001,Monitor
23607,13.28,0.0,13.28,7.304,1.9919999999999998,1.0624,2.921599999999999,8,0,0.21999999999999992,0.0,SET 10 CARDS HATS & STOCKINGS 17081,1.66,0.913,Monitor
79149B,13.02,0.0,13.02,7.1610000000000005,1.953,1.0415999999999999,2.8644,31,0,0.22,0.0,SILICON STAR BULB  BLUE,0.42,0.231,Monitor
35004s,13.0,0.0,13.0,7.15,1.95,1.04,2.8599999999999994,1,0,0.21999999999999995,0.0,SET OF 3 SILVER FLYING DUCKS,13.0,7.15,Monitor
85159b,13.0,0.0,13.0,7.15,1.95,1.04,2.8599999999999994,1,0,0.21999999999999995,0.0,"WHITE TEA,COFFEE,SUGAR JARS",13.0,7.15,Monitor
16192,12.899999999999999,0.0,12.899999999999999,7.095000000000001,1.9349999999999996,1.0319999999999998,2.8379999999999983,3,0,0.2199999999999999,0.0,PINK BALLET OPENING CUBE BOX,4.3,2.365,Monitor
84989b,12.8,0.0,12.8,7.040000000000001,1.92,1.024,2.8159999999999994,10,0,0.21999999999999995,0.0,75 BLACK FAIRY CAKE CASES,1.28,0.7040000000000001,Monitor
84648,12.75,0.0,12.75,7.0125,1.9124999999999999,1.02,2.805,1,0,0.22,0.0,NEW BAROQUE WALL MIRROR,12.75,7.0125,Monitor
21772,12.75,0.0,12.75,7.0125,1.9124999999999999,1.02,2.805,1,0,0.22,0.0,VINTAGE METAL CAKE STAND CREAM,12.75,7.0125,Monitor
20812,12.75,0.0,12.75,7.0125,1.9124999999999996,1.02,2.8049999999999993,5,0,0.21999999999999995,0.0,EMBOSSED FLOWER TRELLIS PHOTO FRAME,2.55,1.4025,Monitor
44092B,12.75,0.0,12.75,7.012500000000001,1.9124999999999996,1.02,2.804999999999999,15,0,0.21999999999999992,0.0,BLUE WHITE PLASTIC RINGS LAMPSHADE,0.85,0.4675,Monitor
72752B,12.75,0.0,12.75,7.012500000000001,1.9124999999999999,1.02,2.804999999999999,3,0,0.21999999999999992,0.0,"F.FAIRY,CANDLE IN GLASS,LAVENDER",4.25,2.3375000000000004,Monitor
35004p,12.72,0.0,12.72,6.996000000000001,1.908,1.0176,2.798399999999999,1,0,0.21999999999999992,0.0,SET OF 3 PINK FLYING DUCKS,12.72,6.996000000000001,Monitor
85157,12.72,0.0,12.72,6.996000000000001,1.908,1.0176,2.798399999999999,1,0,0.21999999999999992,0.0,SET OF 2 CHESTS CHOCOLAT AU LAIT,12.72,6.996000000000001,Monitor
35597A,12.5,0.0,12.5,6.875,1.875,1.0,2.75,10,0,0.22,0.0,DUSTY PINK CHRISTMAS TREE 30CM,1.25,0.6875,Monitor
84743C,12.5,0.0,12.5,6.875,1.875,1.0,2.75,10,0,0.22,0.0,ORANGE FELT VASE + FLOWERS,1.25,0.6875,Monitor
23635,12.48,0.0,12.48,6.864000000000001,1.8719999999999999,0.9984000000000002,2.7455999999999996,3,0,0.21999999999999997,0.0,SET 10 CARDS CHRISTMAS HOLLY  17259,4.16,2.2880000000000003,Monitor
23654,12.450000000000001,0.0,12.450000000000001,6.847500000000001,1.8675,0.9960000000000001,2.7390000000000003,5,0,0.22,0.0,SET 10 CARD SNOWMAN 16965,2.49,1.3695000000000002,Monitor
84596g,12.399999999999999,0.0,12.399999999999999,6.833750000000001,1.8599999999999999,0.992,2.714249999999998,5,0,0.21889112903225794,0.0,SMALL CHOCOLATES PINK BOWL,2.485,1.3667500000000001,Monitor
90000C,12.32,0.0,12.32,6.776000000000001,1.8479999999999999,0.9856,2.710399999999999,2,0,0.21999999999999992,0.0,OPAL WHITE/SILVER FLOWER NECKLACE,6.16,3.3880000000000003,Monitor
85179a,11.780000000000001,0.0,11.780000000000001,6.479000000000001,1.767,0.9424,2.5915999999999997,2,0,0.21999999999999995,0.0,GREEN BITTY LIGHT CHAIN,5.890000000000001,3.2395000000000005,Monitor
23608,11.64,0.0,11.64,6.402000000000001,1.746,0.9312,2.5607999999999995,4,0,0.21999999999999995,0.0,SET 10 CARDS RUDOLPHS NOSE 17097,2.91,1.6005000000000003,Monitor
23605,11.64,0.0,11.64,6.402000000000001,1.746,0.9312,2.5607999999999995,4,0,0.21999999999999995,0.0,SET 10 CARDS 12 DAYS OF XMAS 17059,2.91,1.6005000000000003,Monitor
22206,11.82,0.0,11.82,6.545,1.773,0.9456,2.556399999999999,14,0,0.21627749576988148,0.0,"MUG , DOTCOMGIFTSHOP.COM",0.85,0.4675,Monitor
16050,46.45,0.0,46.45,33.220000000000006,6.9675,3.716,2.5464999999999955,151,0,0.05482238966630776,0.0,TEATIME PENCIL WITH RUBBER,0.4,0.22000000000000003,Review margin
85078,1052.02,0.65,1051.3700000000001,806.8775000000002,157.803,84.1616,2.5278999999999003,2258,1,0.0024043866574088094,0.0004428697962798937,SCANDINAVIAN 3 HEARTS NAPKIN RING,0.65,0.35750000000000004,Review margin
90025B,11.29,0.0,11.29,6.1875,1.6935,0.9032,2.5058000000000002,3,0,0.22194862710363158,0.0,BAROQUE BUTTERFLY EARRINGS RED,3.75,2.0625,Monitor
79070b,11.26,0.0,11.26,6.1930000000000005,1.6889999999999998,0.9008,2.477199999999999,1,0,0.21999999999999992,0.0,ENGLISH ROSE SQUARE CAKE TINS,11.26,6.1930000000000005,Monitor
84366,11.25,0.0,11.25,6.1875,1.6875,0.8999999999999999,2.4749999999999996,3,0,0.21999999999999997,0.0,VENDETTA CANVAS PICTURE,3.75,2.0625,Monitor
37326,5.859999999999999,0.0,5.859999999999999,2.0625,0.879,0.4688,2.4497,3,0,0.41803754266211607,0.0,FAIRY DESIGN MUGS,1.25,0.6875,Monitor
47590a,11.02,0.0,11.02,6.061,1.6529999999999998,0.8815999999999999,2.4244000000000003,1,0,0.22000000000000003,0.0,BLUE HAPPY BIRTHDAY BUNTING,11.02,6.061,Monitor
16169G,10.5,0.0,10.5,5.775,1.575,0.84,2.3099999999999996,25,0,0.21999999999999997,0.0,WRAP ROMANTIC DECOUPAGE,0.42,0.231,Monitor
16169A,10.5,0.0,10.5,5.775,1.575,0.84,2.3099999999999996,25,0,0.21999999999999997,0.0,WRAP CHRISTMAS DECOUPAGE,0.42,0.231,Monitor
17084G,10.5,0.0,10.5,5.775,1.575,0.84,2.3099999999999996,50,0,0.21999999999999997,0.0,MOON INCENSE,0.21,0.1155,Monitor
21858,10.23,0.0,10.23,5.626500000000001,1.5345,0.8184,2.2505999999999986,2,0,0.21999999999999986,0.0,HIGH SCHOOL MUSICAL 3 TOP TRUMPS,5.115,2.8132500000000005,Monitor
85124b,10.23,0.0,10.23,5.626500000000001,1.5345,0.8184,2.2505999999999986,2,0,0.21999999999999986,0.0,BLUE JUICY FRUIT PHOTO FRAME,5.115,2.8132500000000005,Monitor
21857,10.23,0.0,10.23,5.626500000000001,1.5345,0.8184,2.2505999999999986,2,0,0.21999999999999986,0.0,STAR WARS TOP TRUMPS GAME,5.115,2.8132500000000005,Monitor
20939,10.2,0.0,10.2,5.61,1.5299999999999998,0.816,2.2439999999999993,12,0,0.21999999999999995,0.0,ORANGE CANDLE,0.85,0.4675,Monitor
85049b,9.94,0.0,9.94,5.412,1.4909999999999999,0.7951999999999999,2.2417999999999996,4,0,0.225533199195171,0.0,LUSH GREENS RIBBONS,2.46,1.353,Monitor
85232d,10.17,0.0,10.17,5.593500000000001,1.5254999999999999,0.8136,2.237399999999999,1,0,0.21999999999999992,0.0,SET/3 DECOUPAGE STACKING TINS,10.17,5.593500000000001,Monitor
84661c,10.12,0.0,10.12,5.566,1.5179999999999998,0.8096,2.2263999999999995,2,0,0.21999999999999997,0.0,PINK SQUARE TABLE CLOCK,5.06,2.783,Monitor
79331,73.6,0.0,73.6,54.45,11.039999999999997,5.888,2.2219999999999933,60,0,0.030190217391304258,0.0,PINK FLOCK GLASS CANDLEHOLDER,1.65,0.9075,Review margin
84661a,10.02,0.0,10.02,5.511,1.503,0.8016,2.2043999999999997,2,0,0.21999999999999997,0.0,WHITE SQUARE TABLE CLOCK,5.01,2.7555,Monitor
23619,9.96,0.0,9.96,5.478000000000001,1.494,0.7968000000000001,2.1912000000000007,4,0,0.22000000000000006,0.0,SET 10 CARDS POINSETTIA 17093,2.49,1.3695000000000002,Monitor
23650,9.96,0.0,9.96,5.478000000000001,1.494,0.7968000000000001,2.1912000000000003,4,0,0.22,0.0,SET 10 CARDS FILIGREE BAUBLE 16961,2.49,1.3695000000000002,Monitor
23624,9.96,0.0,9.96,5.478000000000001,1.494,0.7968000000000001,2.1912000000000003,4,0,0.22,0.0,SET 10 CARD PERFECT NATIVITY 17089,2.49,1.3695000000000002,Monitor
23615,9.96,0.0,9.96,5.478000000000001,1.494,0.7968000000000001,2.1912000000000003,4,0,0.22,0.0,SET 10 CARDS PRINTED GRAPHIC 17219,2.49,1.3695000000000002,Monitor
84971s,9.959999999999999,0.0,9.959999999999999,5.478000000000001,1.4939999999999998,0.7968000000000001,2.191199999999999,6,0,0.21999999999999992,0.0,SMALL HEART FLOWERS HOOK,1.66,0.913,Monitor
51012L,12.5,1.25,11.25,6.1875,1.875,1.0,2.1875,10,1,0.19444444444444445,0.1,"FEATHER DUSTER, LIGHT PINK",1.25,0.6875,Monitor
35918B,12.5,1.25,11.25,6.1875,1.875,1.0,2.1875,10,1,0.19444444444444445,0.1,BLUE FLORIBUNDA EGG WARMER,1.25,0.6875,Monitor
85231g,9.78,0.0,9.78,5.379,1.4669999999999999,0.7824,2.1516,6,0,0.22000000000000003,0.0,ORANGE SCENTED SET/9 T-LIGHTS,1.63,0.8965,Monitor
81953B,4.64,0.0,4.64,1.463,0.696,0.37120000000000003,2.1097999999999995,14,0,0.4546982758620689,0.0,ROUND BLUE CLOCK WITH SUCKER,0.19,0.10450000000000001,Monitor
90214Z,21.49,0.0,21.49,14.4925,3.2234999999999996,1.7192,2.0547999999999984,31,0,0.09561656584457881,0.0,"LETTER ""Z"" BLING KEY RING",0.85,0.4675,Review margin
23441,9.24,0.0,9.24,5.082,1.3860000000000001,0.7392000000000001,2.0328000000000004,22,0,0.22000000000000003,0.0,HAND PAINTED HANGING EASTER EGG,0.42,0.231,Monitor
72708,9.24,0.0,9.24,5.082,1.386,0.7392000000000001,2.0328,44,0,0.22,0.0,SCULPTED ROUND IVORY CANDLE,0.21,0.1155,Monitor
90184c,9.15,0.0,9.15,5.032500000000001,1.3725,0.7320000000000001,2.0129999999999995,1,0,0.21999999999999995,0.0,BLACK CHUNKY BEAD BRACELET W STRAP,9.15,5.032500000000001,Monitor
16169P,533.75,10.5,523.25,398.475,80.0625,42.7,2.012499999999985,1750,25,0.0038461538461538177,0.014285714285714285,WRAP GREEN RUSSIAN FOLKART,0.42,0.231,Review margin
62097A,8.850000000000001,0.0,8.850000000000001,4.867500000000001,1.3275000000000001,0.7080000000000001,1.9469999999999996,3,0,0.21999999999999992,0.0,PINK STRIPES SHOULDER BAG,2.95,1.6225000000000003,Monitor
35598C,8.850000000000001,0.0,8.850000000000001,4.867500000000001,1.3275000000000001,0.7080000000000001,1.9469999999999996,3,0,0.21999999999999992,0.0,WHITE CHRISTMAS TREE 60CM,2.95,1.6225000000000003,Monitor
20882,8.850000000000001,0.0,8.850000000000001,4.867500000000001,1.3275000000000001,0.7080000000000001,1.9469999999999996,3,0,0.21999999999999992,0.0,MODERN CHRISTMAS TREE CANDLE,2.95,1.6225000000000003,Monitor
18098B,8.850000000000001,0.0,8.850000000000001,4.867500000000001,1.3275000000000001,0.7080000000000001,1.9469999999999996,3,0,0.21999999999999992,0.0,BLUE PORCELAIN B'FLY OIL BURNER,2.95,1.6225000000000003,Monitor
90128C,25.04,0.0,25.04,17.344250000000002,3.756,2.0032,1.9365499999999973,17,0,0.07733825878594239,0.0,GREEN LEAVES AND BEADS PHONE CHARM,1.855,1.02025,Review margin
84247N,297.48,97.35000000000001,200.13000000000002,129.8,44.62200000000001,23.7984,1.9096000000000024,113,33,0.009541797831409595,0.2920353982300885,PACK/12 BLUE FOLKART CARDS,2.95,1.6225000000000003,Review margin
21406,8.65,0.0,8.65,4.7575,1.2975,0.6920000000000001,1.9029999999999996,1,0,0.21999999999999995,0.0,SPOTTY CAT DOORSTOP,8.65,4.7575,Monitor
20739,8.65,0.0,8.65,4.7575,1.2975,0.6920000000000001,1.9029999999999996,1,0,0.21999999999999995,0.0,*USB Office Glitter Lamp,8.65,4.7575,Monitor
90013E,8.57,0.0,8.57,4.713500000000001,1.2854999999999999,0.6856,1.8853999999999995,2,0,0.21999999999999995,0.0,AMBER VINTAGE EARRINGS,4.285,2.3567500000000003,Monitor
84572,8.49,0.0,8.49,4.6695,1.2735,0.6792,1.8677999999999997,1,0,0.21999999999999995,0.0,6 HOOK JEWEL STAND LILAC DRESS,8.49,4.6695,Monitor
72803b,8.47,0.0,8.47,4.658500000000001,1.2705,0.6776000000000001,1.8633999999999995,1,0,0.21999999999999992,0.0,OCEAN SCENT CANDLE JEWELLED DRAWER,8.47,4.658500000000001,Monitor
84030b,8.46,0.0,8.46,4.6530000000000005,1.2690000000000001,0.6768000000000001,1.8612000000000002,1,0,0.22,0.0,KNITTED POM POM HOT WATER BOTTLE,8.46,4.6530000000000005,Monitor
44091A,8.4,0.0,8.4,4.62,1.26,0.6719999999999999,1.8479999999999996,20,0,0.21999999999999995,0.0,BLUE CRUSOE CHECK LAMPSHADE,0.42,0.231,Monitor
90111,8.4,0.0,8.4,4.620000000000001,1.26,0.672,1.8479999999999994,8,0,0.21999999999999992,0.0,BLUE HIBISCUS  HAIR CLIP,1.05,0.5775000000000001,Monitor
84534b,8.3,0.0,8.3,4.565,1.2449999999999999,0.664,1.8259999999999992,5,0,0.2199999999999999,0.0,FAIRY CAKE NOTEBOOK A5 SIZE,1.66,0.913,Monitor
23612,8.299999999999999,0.0,8.299999999999999,4.565,1.2449999999999999,0.664,1.8259999999999992,5,0,0.21999999999999992,0.0,SET 10 MINICARDS CUTE SNOWMAN 17071,1.66,0.913,Monitor
72802c,8.29,0.0,8.29,4.5595,1.2434999999999998,0.6631999999999999,1.8237999999999994,1,0,0.21999999999999995,0.0,VANILLA SCENT CANDLE JEWELLED BOX,8.29,4.5595,Monitor
85034b,8.29,0.0,8.29,4.5595,1.2434999999999998,0.6631999999999999,1.8237999999999994,1,0,0.21999999999999995,0.0,3 WHITE CHOC MORRIS BOXED CANDLES,8.29,4.5595,Monitor
71496B,8.67,0.0,8.67,4.867500000000001,1.3005,0.6936,1.8083999999999991,15,0,0.20858131487889264,0.0,A4 WALL TIDY RED FLOWERS,0.5900000000000001,0.32450000000000007,Monitor
35995,3.7800000000000002,0.0,3.7800000000000002,1.155,0.567,0.3024,1.7556,5,0,0.46444444444444444,0.0,SET/6 BLACK GLITTER REINDEER CANDLE,0.42,0.231,Monitor
21038,355.48,5.9,349.58000000000004,266.09000000000003,53.322,28.4384,1.729599999999984,166,2,0.0049476514674752095,0.012048192771084338,SET/4 MODERN VINTAGE COTTON NAPKINS,2.95,1.6225000000000003,Review margin
84029c,7.78,0.0,7.78,4.279000000000001,1.167,0.6224000000000001,1.7115999999999996,1,0,0.21999999999999995,0.0,BROWN FURRY HOT WATER BOTTLE,7.78,4.279000000000001,Monitor
35751C,12.61,0.0,12.61,8.0135,1.8914999999999997,1.0088,1.6961999999999997,31,0,0.13451229183187943,0.0,PURPLE CURRENT CANDLE RING,0.47,0.2585,Monitor
46037A,7.5,0.0,7.5,4.125,1.125,0.6000000000000001,1.6500000000000001,6,0,0.22000000000000003,0.0,PINK CANVAS DES CUSHION COVER,1.25,0.6875,Monitor
37438,7.5,0.0,7.5,4.125,1.125,0.6,1.65,2,0,0.22,0.0,FUNKY FLOWER COFFEE POT,3.75,2.0625,Monitor
90025A,7.5,0.0,7.5,4.125,1.125,0.6,1.65,2,0,0.22,0.0,BAROQUE BUTTERFLY EARRINGS BLACK,3.75,2.0625,Monitor
82011E,7.5,0.0,7.5,4.125,1.125,0.6,1.65,2,0,0.22,0.0,"BATHROOM SCALES, FAG BREAK",3.75,2.0625,Monitor
23633,7.470000000000001,0.0,7.470000000000001,4.1085,1.1205,0.5976,1.6434000000000002,3,0,0.22,0.0,SET 10 CARDS WORLD CHILDREN 17067,2.49,1.3695000000000002,Monitor
84201B,7.41,0.0,7.41,4.0755,1.1115,0.5928000000000001,1.6302,39,0,0.22,0.0,HAPPY BIRTHDAY CARD STRIPEY TEDDY,0.19,0.10450000000000001,Monitor
82613a,7.4799999999999995,0.0,7.4799999999999995,4.141500000000001,1.1219999999999999,0.5983999999999999,1.6180999999999996,3,0,0.21632352941176466,0.0,"METAL SIGN,CUPCAKE SINGLE HOOK",2.51,1.3805,Monitor
17013C,89.46000000000001,40.32,49.14,27.027,13.419,7.1568000000000005,1.5371999999999986,213,96,0.031282051282051256,0.4507042253521127,ORIGAMI LAVENDER INCENSE IN TUBE,0.42,0.231,Review margin
85230D,6.959999999999999,0.0,6.959999999999999,3.8280000000000003,1.0439999999999998,0.5568,1.5311999999999992,24,0,0.21999999999999992,0.0,VANILLA SCENTED VOTIVE CANDLE,0.29,0.1595,Monitor
85230C,6.959999999999999,0.0,6.959999999999999,3.8280000000000003,1.0439999999999998,0.5568,1.5311999999999992,24,0,0.21999999999999992,0.0,ROSE SCENTED VOTIVE CANDLE,0.29,0.1595,Monitor
84705b,6.86,0.0,6.86,3.7730000000000006,1.029,0.5488000000000001,1.5091999999999999,2,0,0.21999999999999997,0.0,FAIRY CAKES PHOTO FRAME,3.43,1.8865000000000003,Monitor
37409,6.8,0.0,6.8,3.7400000000000007,1.02,0.544,1.4959999999999996,8,0,0.21999999999999995,0.0,ASSORTED DESIGN FLOWER MUGS,0.85,0.4675,Monitor
48173A,6.75,0.0,6.75,3.7125000000000004,1.0125,0.54,1.4849999999999994,1,0,0.21999999999999992,0.0,DOOR MAT BLUE FLOCK,6.75,3.7125000000000004,Monitor
37484,6.75,0.0,6.75,3.7125000000000004,1.0125,0.54,1.4849999999999994,1,0,0.21999999999999992,0.0,ENGLISH ROSE TEA FOR ONE GIFT BOX,6.75,3.7125000000000004,Monitor
23604,6.64,0.0,6.64,3.652,0.9959999999999999,0.5312,1.4607999999999994,4,0,0.21999999999999992,0.0,SET 10 MINI SANTA & SNOWMAN  17087,1.66,0.913,Monitor
20858,6.6,0.0,6.6,3.63,0.9899999999999999,0.528,1.452,4,0,0.22,0.0,SILVER PURSE GOLD PINK BUTTERFLY,1.65,0.9075,Monitor
20678,6.6,0.0,6.6,3.63,0.9899999999999999,0.528,1.452,4,0,0.22,0.0,LARGE BLACK DIAMANTE HAIRSLIDE,1.65,0.9075,Monitor
85231b,6.58,0.0,6.58,3.619,0.9869999999999999,0.5264,1.4475999999999996,4,0,0.21999999999999992,0.0,CINAMMON SET OF 9 T-LIGHTS,1.645,0.90475,Monitor
84536b,6.48,0.0,6.48,3.564000000000001,0.972,0.5184000000000001,1.4256000000000002,8,0,0.22000000000000003,0.0,FAIRY CAKES NOTEBOOK A7 SIZE,0.81,0.44550000000000006,Monitor
84868B,34.75,13.9,20.85,11.467500000000001,5.2125,2.7800000000000002,1.3899999999999997,5,2,0.06666666666666665,0.4,BLUE BABY BOY'S MEMORY BOX,6.95,3.8225000000000002,Review margin
79140,6.3,0.0,6.3,3.4650000000000003,0.9450000000000001,0.504,1.3859999999999997,15,0,0.21999999999999995,0.0,ASS WINDPROOF MARIJUANA LIGHTERS,0.42,0.231,Monitor
20884,6.300000000000001,0.0,6.300000000000001,3.4650000000000007,0.9450000000000001,0.504,1.3859999999999997,3,0,0.21999999999999992,0.0,MODERN CHRISTMAS TREE CANDLE,2.1,1.1550000000000002,Monitor
37408,6.25,0.0,6.25,3.4375,0.9375,0.5,1.375,5,0,0.22,0.0,ASSORTED DESIGN GEISHA GIRL MUGS,1.25,0.6875,Monitor
82072,6.25,0.0,6.25,3.4375,0.9375,0.5,1.375,5,0,0.22,0.0,WHITE WOOD SINGLE P/FRAME,1.25,0.6875,Monitor
20673,6.25,0.0,6.25,3.4375,0.9375,0.5,1.375,5,0,0.22,0.0,STRAWBERRIES PRINT BOWL,1.25,0.6875,Monitor
23610,6.24,0.0,6.24,3.4320000000000004,0.9359999999999999,0.4992000000000001,1.3727999999999998,3,0,0.21999999999999997,0.0,SET 10 CARDS CHRISTMAS ROBIN 17095,2.08,1.1440000000000001,Monitor
44242A,11.98,0.0,11.98,7.854000000000001,1.797,0.9584000000000001,1.3705999999999992,14,0,0.11440734557595986,0.0,LILAC FEATHERS CURTAIN,1.02,0.561,Monitor
79051a,6.04,0.0,6.04,3.3220000000000005,0.9059999999999999,0.4832,1.3287999999999995,1,0,0.21999999999999992,0.0,SMOKEY GREY COLOUR D.O.F. GLASS,6.04,3.3220000000000005,Monitor
85123b,6.04,0.0,6.04,3.3220000000000005,0.9059999999999999,0.4832,1.3287999999999995,1,0,0.21999999999999992,0.0,ZINC HANGING HEART T-LITE HLDR,6.04,3.3220000000000005,Monitor
72751B,5.95,0.0,5.95,3.2725000000000004,0.8925,0.47600000000000003,1.3089999999999997,1,0,0.21999999999999995,0.0,"F.FAIRY S/3 SML CANDLE, LAVENDER",5.95,3.2725000000000004,Monitor
85077,5.95,0.0,5.95,3.2725000000000004,0.8925,0.47600000000000003,1.3089999999999997,1,0,0.21999999999999995,0.0,KISSING REINDEER TABLE RUNNER,5.95,3.2725000000000004,Monitor
72751A,5.95,0.0,5.95,3.2725000000000004,0.8925,0.47600000000000003,1.3089999999999997,1,0,0.21999999999999995,0.0,"F.FAIRY S/3 SML CANDLE,LILY/VALLEY",5.95,3.2725000000000004,Monitor
72751C,5.95,0.0,5.95,3.2725000000000004,0.8925,0.47600000000000003,1.3089999999999997,1,0,0.21999999999999995,0.0,"F.FAIRY S/3 SML CANDLE, ROSE",5.95,3.2725000000000004,Monitor
85184d,5.91,0.0,5.91,3.2505,0.8865,0.4728,1.3002000000000002,1,0,0.22000000000000003,0.0,S/4 BLUE ROUND DECOUPAGE BOXES,5.91,3.2505,Monitor
18098A,5.9,0.0,5.9,3.2450000000000006,0.885,0.47200000000000003,1.2979999999999998,2,0,0.21999999999999995,0.0,PINK PORCELAIN B'FLY OIL BURNER,2.95,1.6225000000000003,Monitor
35821P,5.9,0.0,5.9,3.2450000000000006,0.885,0.47200000000000003,1.2979999999999998,2,0,0.21999999999999995,0.0,"JEWELLED DECORATION,PINK",2.95,1.6225000000000003,Monitor
79303A,5.9,0.0,5.9,3.2450000000000006,0.885,0.47200000000000003,1.2979999999999998,2,0,0.21999999999999995,0.0,WHITE ROHMBIC BLOCK TABLE LAMP,2.95,1.6225000000000003,Monitor
35823P,5.9,0.0,5.9,3.2450000000000006,0.885,0.47200000000000003,1.2979999999999998,2,0,0.21999999999999995,0.0,"ACRYLIC BEAD GARLAND,PINK",2.95,1.6225000000000003,Monitor
85186B,5.88,0.0,5.88,3.234,0.882,0.47040000000000004,1.2936,14,0,0.22000000000000003,0.0,BUNNY BUNCH OF FLOWERS,0.42,0.231,Monitor
35051B,5.88,0.0,5.88,3.234,0.882,0.4704,1.2935999999999996,14,0,0.21999999999999995,0.0,PINK BEADED CONE CHRISTMAS,0.42,0.231,Monitor
84247H,109.13000000000001,32.45,76.68,50.29750000000001,16.369500000000002,8.730400000000001,1.2826000000000009,42,11,0.016726656233698498,0.2619047619047619,PACK/12 DECOUPAGE CARD,2.95,1.6225000000000003,Review margin
23638,5.82,0.0,5.82,3.2010000000000005,0.873,0.4656,1.2803999999999998,2,0,0.21999999999999995,0.0,SET 10 CARDS ROBIN WATERPUMP  17096,2.91,1.6005000000000003,Monitor
23652,5.82,0.0,5.82,3.2010000000000005,0.873,0.4656,1.2803999999999998,2,0,0.21999999999999995,0.0,SET 10 CARD CHRISTMAS STAMPS 16963,2.91,1.6005000000000003,Monitor
23617,5.82,0.0,5.82,3.2010000000000005,0.873,0.4656,1.2803999999999998,2,0,0.21999999999999995,0.0,SET 10 CARDS SWIRLY XMAS TREE 17104,2.91,1.6005000000000003,Monitor
35537,5.46,0.0,5.46,3.003,0.819,0.4368,1.2012,13,0,0.22,0.0,CANDLE RING W/CLEAR BEADS,0.42,0.231,Monitor
21838,5.45,0.0,5.45,2.9975000000000005,0.8175,0.436,1.1989999999999998,1,0,0.21999999999999997,0.0,DADDY MOUSE RED GINGHAM BOW TIE,5.45,2.9975000000000005,Monitor
35751D,5.32,0.0,5.32,2.926,0.798,0.42560000000000003,1.1704,28,0,0.22,0.0,PINK CURRENT CANDLE RING,0.19,0.10450000000000001,Monitor
16215,5.2,0.0,5.2,2.8600000000000003,0.78,0.41600000000000004,1.1439999999999997,8,0,0.21999999999999992,0.0,FUNKY GIRLZ MAGNETIC TO DO LIST,0.65,0.35750000000000004,Monitor
21854,5.17,0.0,5.17,2.8435,0.7755,0.4136,1.1373999999999997,1,0,0.21999999999999995,0.0,EURO FOOTBALL STARS TOP TRUMPS GAME,5.17,2.8435,Monitor
21860,5.17,0.0,5.17,2.8435,0.7755,0.4136,1.1373999999999997,1,0,0.21999999999999995,0.0,DR WHO TOP TRUMPS GAME,5.17,2.8435,Monitor
84611B,41.65,17.85,23.8,13.090000000000002,6.2475,3.3320000000000003,1.1304999999999987,7,3,0.047499999999999945,0.42857142857142855,BLACK NEW BAROQUE FLOCK BOX,5.95,3.2725000000000004,Review margin
71101A,5.1,0.0,5.1,2.805,0.7649999999999999,0.408,1.1219999999999997,6,0,0.21999999999999995,0.0,ANGEL ON KNEES METAL POLE 100CM H,0.85,0.4675,Monitor
71434B,5.1,0.0,5.1,2.805,0.7649999999999999,0.408,1.1219999999999997,2,0,0.21999999999999995,0.0,"BLACK RND BULLET""KEEP CLEAN"" BIN",2.55,1.4025,Monitor
90142B,5.09,0.0,5.09,2.7995,0.7635,0.4072,1.1197999999999997,1,0,0.21999999999999995,0.0,IVORY PENDANT SHELL NECKLACE,5.09,2.7995,Monitor
90142C,5.09,0.0,5.09,2.7995,0.7635,0.4072,1.1197999999999997,1,0,0.21999999999999995,0.0,ROSE PINK PENDANT SHELL NECKLACE,5.09,2.7995,Monitor
84942,5.07,0.0,5.07,2.7885,0.7605,0.40559999999999996,1.1153999999999997,3,0,0.21999999999999995,0.0,KASHMIR FOLKART HEART DISHES,1.69,0.9295,Monitor
72740B,5.06,0.0,5.06,2.783,0.7589999999999999,0.4048,1.1131999999999997,1,0,0.21999999999999997,0.0,LARGE WHITE CHOCOLATE CANDLE,5.06,2.783,Monitor
20877,5.04,0.0,5.04,2.7720000000000002,0.756,0.4032,1.1087999999999998,12,0,0.21999999999999995,0.0,MODERN CHRISTMAS BAUBLE CANDLE,0.42,0.231,Monitor
84596j,5.02,0.0,5.02,2.761,0.7529999999999999,0.40159999999999996,1.1043999999999996,2,0,0.21999999999999995,0.0,MIXED NUTS LIGHT GREEN BOWL,2.51,1.3805,Monitor
23649,4.98,0.0,4.98,2.7390000000000003,0.747,0.39840000000000003,1.0956000000000001,2,0,0.22,0.0,SET 10 CARDS DECK THE HALLS 16960,2.49,1.3695000000000002,Monitor
47593b,4.9799999999999995,0.0,4.9799999999999995,2.739,0.7469999999999999,0.3984,1.0955999999999997,6,0,0.21999999999999995,0.0,SCOTTIE DOGS BABY BIB,0.83,0.4565,Monitor
84661b,4.96,0.0,4.96,2.728,0.744,0.3968,1.0911999999999997,1,0,0.21999999999999995,0.0,BLACK SQUARE TABLE CLOCK,4.96,2.728,Monitor
85232C,4.95,0.0,4.95,2.7225,0.7425,0.396,1.089,1,0,0.21999999999999997,0.0,RUSSIAN FOLKART STACKING TINS,4.95,2.7225,Monitor
20942,7.5,1.25,6.25,3.4375,1.125,0.6000000000000001,1.0875000000000001,6,1,0.17400000000000002,0.16666666666666666,SET/6 GINGERBREAD TREE T-LIGHTS,1.25,0.6875,Monitor
84971l,4.92,0.0,4.92,2.706,0.738,0.3936,1.0824,2,0,0.22,0.0,LARGE HEART FLOWERS HOOK,2.46,1.353,Monitor
85049d,4.92,0.0,4.92,2.706,0.738,0.3936,1.0824,2,0,0.22,0.0,BRIGHT BLUES RIBBONS,2.46,1.353,Monitor
90127A,19.92,0.0,19.92,14.283500000000002,2.988,1.5936,1.0548999999999977,14,0,0.05295682730923683,0.0,PINK BEADS+HAND PHONE CHARM,1.855,1.02025,Review margin
45014,4.65,0.0,4.65,2.5575000000000006,0.6975,0.37200000000000005,1.0229999999999997,1,0,0.21999999999999992,0.0,FOLDING SHIRT TIDY,4.65,2.5575000000000006,Monitor
79151B,4.62,0.0,4.62,2.541,0.6930000000000001,0.36960000000000004,1.0164000000000002,11,0,0.22000000000000003,0.0,"SILICON CUBE 25W, BLUE",0.42,0.231,Monitor
90126B,8.48,0.0,8.48,5.5440000000000005,1.272,0.6784,0.9855999999999998,3,0,0.11622641509433959,0.0,BLUE BERTIE MOBILE PHONE CHARM,3.36,1.848,Monitor
84251C,78.96000000000001,0.0,78.96000000000001,59.829,11.844,6.316800000000001,0.970199999999996,259,0,0.01228723404255314,0.0,"GREETING CARD, TWO SISTERS.",0.42,0.231,Review margin
72529w,4.3,0.0,4.3,2.365,0.6449999999999999,0.344,0.9459999999999996,1,0,0.21999999999999992,0.0,WHITE ADVENT CANDLE,4.3,2.365,Monitor
79157B,4.25,0.0,4.25,2.3375000000000004,0.6375,0.33999999999999997,0.9349999999999997,5,0,0.21999999999999995,0.0,UBO-LIGHT TRIOBASE BLUE,0.85,0.4675,Monitor
79157V,4.25,0.0,4.25,2.3375000000000004,0.6375,0.34,0.9349999999999997,5,0,0.21999999999999995,0.0,UBO-LIGHT TRIOBASE PURPLE,0.85,0.4675,Monitor
21409,4.25,0.0,4.25,2.3375000000000004,0.6375,0.34,0.9349999999999996,1,0,0.21999999999999992,0.0,SPOTTY COCKEREL DOORSTOP,4.25,2.3375000000000004,Monitor
72752A,4.25,0.0,4.25,2.3375000000000004,0.6375,0.34,0.9349999999999996,1,0,0.21999999999999992,0.0,"F.FAIRY,CANDLE IN GLASS,LILY/VALLEY",4.25,2.3375000000000004,Monitor
47594a,4.21,0.0,4.21,2.3155,0.6315,0.3368,0.9261999999999999,1,0,0.21999999999999997,0.0,CAROUSEL DESIGN WASHBAG,4.21,2.3155,Monitor
84255A,4.2,0.0,4.2,2.3100000000000005,0.63,0.336,0.9239999999999997,2,0,0.21999999999999992,0.0,PINK GLASS COCKTAIL LAMP,2.1,1.1550000000000002,Monitor
46776b,4.13,0.0,4.13,2.2715,0.6194999999999999,0.33039999999999997,0.9085999999999999,1,0,0.21999999999999997,0.0,WOVEN BERRIES CUSHION COVER,4.13,2.2715,Monitor
46776e,4.13,0.0,4.13,2.2715,0.6194999999999999,0.33039999999999997,0.9085999999999999,1,0,0.21999999999999997,0.0,WOVEN CANDY CUSHION COVER,4.13,2.2715,Monitor
37432,3.9000000000000004,0.0,3.9000000000000004,2.1450000000000005,0.5850000000000001,0.31200000000000006,0.8579999999999999,6,0,0.21999999999999995,0.0,MUG PINK AND PURPLE ARABIC DESIGN,0.65,0.35750000000000004,Monitor
72084B,3.9,0.0,3.9,2.145,0.585,0.312,0.8579999999999999,2,0,0.21999999999999997,0.0,CHOCOLATE ICE CREAM CANDLE,1.95,1.0725,Monitor
16010,3.84,0.0,3.84,2.112,0.576,0.3072,0.8447999999999999,32,0,0.21999999999999997,0.0,FOLDING CAMPING SCISSOR W/KNIF & S,0.12,0.066,Monitor
40046C,3.75,0.0,3.75,2.0625,0.5625,0.30000000000000004,0.8250000000000001,3,0,0.22000000000000003,0.0,PINK BUTTERFLY PAPER LAMPSHADE,1.25,0.6875,Monitor
35974,3.75,0.0,3.75,2.0625,0.5625,0.3,0.825,1,0,0.22,0.0,S/6 CHRISTMAS TREE PLACE SETTING,3.75,2.0625,Monitor
90004A,3.75,0.0,3.75,2.0625,0.5625,0.3,0.825,1,0,0.22,0.0,JADE GREEN PAIR ENAMEL HAIR SLIDES,3.75,2.0625,Monitor
35818C,3.43,0.0,3.43,1.8865000000000003,0.5145,0.27440000000000003,0.7545999999999999,1,0,0.21999999999999997,0.0,"ACRYLIC JEWEL ICICLE, CLEAR",3.43,1.8865000000000003,Monitor
21081,3.4,0.0,3.4,1.87,0.51,0.272,0.7479999999999998,4,0,0.21999999999999995,0.0,SET/20 POSIES PAPER NAPKINS,0.85,0.4675,Monitor
84559d,3.38,0.0,3.38,1.859,0.507,0.2704,0.7435999999999998,2,0,0.21999999999999995,0.0,3D SHEET OF SEA WORLD STICKERS,1.69,0.9295,Monitor
85185E,11.8,5.1,6.700000000000002,3.245,1.77,0.9440000000000001,0.7410000000000014,4,2,0.11059701492537331,0.5,DUCK SOCK PUPPET,2.95,1.6225000000000003,Monitor
23643,3.33,0.0,3.33,1.8315000000000001,0.4995,0.2664,0.7325999999999999,1,0,0.21999999999999997,0.0,SET 10 CARDS CHRISTMAS BAUBLE 16954,3.33,1.8315000000000001,Monitor
20683,3.25,0.0,3.25,1.7875,0.4875,0.26,0.7149999999999999,1,0,0.21999999999999995,0.0,RAIN GIRL CHILDS UMBRELLA,3.25,1.7875,Monitor
21267,74.6,0.0,74.6,56.760000000000005,11.19,5.968,0.6819999999999933,24,0,0.009142091152814924,0.0,VINTAGE PINK TINSEL REEL,4.3,2.365,Review margin
37491D,63.28,0.0,63.28,48.048,9.491999999999999,5.0624,0.6775999999999966,26,0,0.010707964601769858,0.0,PURPLE/BLUE CERAMIC CANDLE HOLDER,3.36,1.848,Review margin
84985b,2.98,0.0,2.98,1.639,0.447,0.2384,0.6556,1,0,0.22,0.0,SET OF 72 BLACK PAPER DOILIES,2.98,1.639,Monitor
23602,2.91,0.0,2.91,1.6005000000000003,0.4365,0.2328,0.6401999999999999,1,0,0.21999999999999995,0.0,SET 10 CARDS 3 WISE MEN 17107,2.91,1.6005000000000003,Monitor
23628,2.91,0.0,2.91,1.6005000000000003,0.4365,0.2328,0.6401999999999999,1,0,0.21999999999999995,0.0,SET 10 CARDS TRIANGLE ICONS  17220,2.91,1.6005000000000003,Monitor
23609,2.91,0.0,2.91,1.6005000000000003,0.4365,0.2328,0.6401999999999999,1,0,0.21999999999999995,0.0,SET 10 CARDS SNOWY ROBIN 17099,2.91,1.6005000000000003,Monitor
90183c,2.9,0.0,2.9,1.595,0.435,0.23199999999999998,0.6379999999999999,1,0,0.21999999999999997,0.0,BLACK DROP EARRINGS W LONG BEADS,2.9,1.595,Monitor
20881,2.55,0.0,2.55,1.4025,0.3825,0.20400000000000001,0.5609999999999998,3,0,0.21999999999999995,0.0,MODERN CHRISTMAS TREE CANDLE,0.85,0.4675,Monitor
35999,2.55,0.0,2.55,1.4025,0.38249999999999995,0.204,0.5609999999999998,1,0,0.21999999999999995,0.0,S/6 SCANDINAVIAN HEART T-LIGHT,2.55,1.4025,Monitor
47554,2.55,0.0,2.55,1.4025,0.38249999999999995,0.204,0.5609999999999998,1,0,0.21999999999999995,0.0,S/3 COLOURS FLOCK TEA TOWELS,2.55,1.4025,Monitor
47556,2.55,0.0,2.55,1.4025,0.38249999999999995,0.204,0.5609999999999998,1,0,0.21999999999999995,0.0,SET/2 SPOTTY + ROSE TEA TOWELS,2.55,1.4025,Monitor
85171,2.55,0.0,2.55,1.4025,0.38249999999999995,0.204,0.5609999999999998,1,0,0.21999999999999995,0.0,S/2 HYACINTH BULB CANDLES,2.55,1.4025,Monitor
90091,2.55,0.0,2.55,1.4025,0.3825,0.20400000000000001,0.5609999999999998,3,0,0.21999999999999995,0.0,CRYSTAL DRAGONFLY PHONE CHARM,0.85,0.4675,Monitor
21036,2.55,0.0,2.55,1.4025,0.38249999999999995,0.204,0.5609999999999998,1,0,0.21999999999999995,0.0,SET/2 TEA TOWELS MODERN VINTAGE,2.55,1.4025,Monitor
17028J,2.52,0.0,2.52,1.3860000000000001,0.378,0.2016,0.5543999999999999,6,0,0.21999999999999995,0.0,INCENSE BAZAAR PEACH,0.42,0.231,Monitor
47593a,2.51,0.0,2.51,1.3805,0.37649999999999995,0.20079999999999998,0.5521999999999998,1,0,0.21999999999999995,0.0,CAROUSEL DESIGN BABY BIB,2.51,1.3805,Monitor
21008,2.51,0.0,2.51,1.3805,0.37649999999999995,0.20079999999999998,0.5521999999999998,1,0,0.21999999999999995,0.0,ETCHED GLASS HEART TREE DECORATION,2.51,1.3805,Monitor
21290,2.5,0.0,2.5,1.375,0.375,0.2,0.55,2,0,0.22000000000000003,0.0,LARGE SPOTTY CHOCOLATE GIFT BAG,1.25,0.6875,Monitor
90127B,2.5,0.0,2.5,1.375,0.375,0.2,0.55,2,0,0.22000000000000003,0.0,BLUE BEADS+HAND PHONE CHARM,1.25,0.6875,Monitor
21225,2.5,0.0,2.5,1.375,0.375,0.2,0.55,2,0,0.22000000000000003,0.0,POCKET MIRROR BUTTERFLY,1.25,0.6875,Monitor
84596l,2.46,0.0,2.46,1.353,0.369,0.1968,0.5412,1,0,0.22,0.0,BISCUITS SMALL BOWL LIGHT BLUE,2.46,1.353,Monitor
85049c,2.46,0.0,2.46,1.353,0.369,0.1968,0.5412,1,0,0.22,0.0,ROMANTIC PINKS RIBBONS,2.46,1.353,Monitor
78056,29.849999999999998,17.0,12.849999999999998,5.4725,4.4775,2.388,0.5119999999999991,3,2,0.03984435797665364,0.6666666666666666,CAMOUFLAGE BACKPACK ON WHEELS,9.95,5.4725,Review margin
84510b,2.15,0.0,2.15,1.1825,0.32249999999999995,0.172,0.4729999999999998,1,0,0.21999999999999992,0.0,SET OF 4 FAIRY CAKES COASTERS,2.15,1.1825,Monitor
17061,2.08,0.0,2.08,1.1440000000000001,0.312,0.16640000000000002,0.4575999999999999,52,0,0.21999999999999995,0.0,ASSORTED SHAPED STENCIL FOR HENNA,0.04,0.022000000000000002,Monitor
46138D,1.95,0.0,1.95,1.0725,0.2925,0.156,0.42899999999999994,1,0,0.21999999999999997,0.0,GREEN CHENILLE SHAGGY C/COVER,1.95,1.0725,Monitor
84814A,1.95,0.0,1.95,1.0725,0.2925,0.156,0.42899999999999994,1,0,0.21999999999999997,0.0,HEXAGONAL CRYSTAL PERFUME BOTTLE,1.95,1.0725,Monitor
35945,1.95,0.0,1.95,1.0725,0.2925,0.156,0.42899999999999994,1,0,0.21999999999999997,0.0,GOLD CHRISTMAS STOCKING DECORATION,1.95,1.0725,Monitor
85192S,1.9500000000000002,0.0,1.9500000000000002,1.0725000000000002,0.2925,0.15600000000000003,0.4289999999999999,3,0,0.21999999999999992,0.0,HANGING SPRING FLOWER HEART SMALL,0.65,0.35750000000000004,Monitor
84201C,1.9,0.0,1.9,1.0450000000000002,0.285,0.152,0.4179999999999999,10,0,0.21999999999999997,0.0,HAPPY BIRTHDAY CARD TEDDY/CAKE,0.19,0.10450000000000001,Monitor
84206C,1.9,0.0,1.9,1.0450000000000002,0.285,0.152,0.4179999999999999,10,0,0.21999999999999997,0.0,CHAMPAGNE TRAY BLANK CARD,0.19,0.10450000000000001,Monitor
84206B,1.71,0.0,1.71,0.9405000000000001,0.25649999999999995,0.1368,0.37619999999999987,9,0,0.21999999999999992,0.0,CAT WITH SUNGLASSES BLANK CARD,0.19,0.10450000000000001,Monitor
30086C,1.7,0.0,1.7,0.935,0.255,0.136,0.3739999999999999,1,0,0.21999999999999995,0.0,ASSORTED FRUIT STRAWS,1.7,0.935,Monitor
20737,1.7,0.0,1.7,0.935,0.255,0.136,0.3739999999999999,1,0,0.21999999999999995,0.0,RED MINI TAPE MEASURE,1.7,0.935,Monitor
35837,1.7,0.0,1.7,0.935,0.255,0.136,0.3739999999999999,2,0,0.21999999999999995,0.0,SET OF SIX SILVER+RED FLOCK BAUBLES,0.85,0.4675,Monitor
72754D,1.69,0.0,1.69,0.9295,0.2535,0.1352,0.3717999999999999,1,0,0.21999999999999995,0.0,F FAIRY POTPOURRI CUSHIONS SUMMER,1.69,0.9295,Monitor
10109,1.68,0.0,1.68,0.924,0.252,0.1344,0.36959999999999993,4,0,0.21999999999999997,0.0,BENDY COLOUR PENCILS,0.42,0.231,Monitor
85231e,1.66,0.0,1.66,0.913,0.24899999999999997,0.1328,0.36519999999999986,1,0,0.21999999999999992,0.0,STRAWBERRY SCENTED SET/9 T-LIGHTS,1.66,0.913,Monitor
23664,1.65,0.0,1.65,0.9075,0.24749999999999997,0.132,0.363,1,0,0.22,0.0,FLOWER SHOP DESIGN MUG,1.65,0.9075,Monitor
85024A,1.65,0.0,1.65,0.9075,0.24749999999999997,0.132,0.363,1,0,0.22,0.0,CRYSTAL SMALL JEWELLED PHOTOFRAME,1.65,0.9075,Monitor
72796C,1.65,0.0,1.65,0.9075,0.24749999999999997,0.132,0.363,1,0,0.22,0.0,S/3 ROSE GARDEN SCENT SQU CANDLE,1.65,0.9075,Monitor
21585,1.65,0.0,1.65,0.9075,0.24749999999999997,0.132,0.363,1,0,0.22,0.0,SWALLOW SMALL TUBE MATCHES,1.65,0.9075,Monitor
35980B,1.52,0.0,1.52,0.8360000000000001,0.22799999999999998,0.1216,0.3344,4,0,0.21999999999999997,0.0,RED TOP SCANDINAVIAN HEART,0.38,0.20900000000000002,Monitor
35950,1.25,0.0,1.25,0.6875,0.1875,0.1,0.275,1,0,0.22000000000000003,0.0,FOLKART HEART CHRISTMAS DECORATIONS,1.25,0.6875,Monitor
84845A,1.25,0.0,1.25,0.6875,0.1875,0.1,0.275,1,0,0.22000000000000003,0.0,HOLLYHOCK SQUARE HANDY TIN,1.25,0.6875,Monitor
20721,0.85,0.0,0.85,0.4675,0.1275,0.068,0.18699999999999994,1,0,0.21999999999999995,0.0,OWLS CHARLOTTE BAG,0.85,0.4675,Monitor
51014c,0.83,0.0,0.83,0.4565,0.12449999999999999,0.0664,0.18259999999999993,1,0,0.21999999999999992,0.0,"FEATHER PEN,COAL BLACK",0.83,0.4565,Monitor
84731,3.69,0.0,3.69,2.7225,0.5534999999999999,0.2952,0.11880000000000002,3,0,0.03219512195121952,0.0,3 BIRDS CANVAS SCREEN,1.65,0.9075,Review margin
84205C,0.38,0.0,0.38,0.20900000000000002,0.056999999999999995,0.0304,0.0836,2,0,0.21999999999999997,0.0,HAPPY BIRTHDAY GINGER CAT CARD,0.19,0.10450000000000001,Monitor
35930,0.38,0.0,0.38,0.20900000000000002,0.056999999999999995,0.0304,0.0836,1,0,0.21999999999999997,0.0,PINK HEART CHRISTMAS DECORATION,0.38,0.20900000000000002,Monitor
90049,114.24,34.65,79.59,53.30325,17.136,9.1392,0.011550000000000615,20,7,0.00014511873350924256,0.35,IVORY GOLD METAL BAG CHARM,7.455,4.10025,Review margin
35001P,6.98,3.49,3.49,1.9195000000000002,1.047,0.5584,-0.03489999999999971,2,1,-0.009999999999999915,0.5,HAND OPEN SHAPE PINK,3.49,1.9195000000000002,Review cost / returns
23630,5.48,2.99,2.49,1.5070000000000003,0.8220000000000001,0.4384,-0.2774000000000001,2,1,-0.11140562248995986,0.5,SET 10 CARDS HANGING BAUBLES 17080,2.74,1.5070000000000003,Review cost / returns
16219,499.55,2.88,496.67,382.1895,74.93249999999999,39.964,-0.4160000000000461,3357,48,-0.0008375782712868627,0.014298480786416443,HOUSE SHAPE PENCIL SHARPENER,0.21,0.1155,Review cost / returns
72799E,2618.34,17.700000000000003,2600.6400000000003,1998.9200000000003,392.75100000000003,209.46720000000002,-0.4982000000001623,1238,6,-0.0001915682293589894,0.004846526655896607,IVORY PILLAR CANDLE SILVER FLOCK,2.95,1.6225000000000003,Review cost / returns
90214O,31.419999999999998,0.0,31.419999999999998,24.75,4.713,2.5136,-0.5566000000000013,36,0,-0.017714831317632126,0.0,"LETTER ""O"" BLING KEY RING",1.25,0.6875,Review cost / returns
47569,2.55,2.55,0.0,0.0,0.38249999999999995,0.204,-0.5864999999999999,1,1,,1.0,ENGLISH ROSE DESIGN SHOPPING BAG,2.55,1.4025,Review cost / returns
20885,2.95,2.95,0.0,0.0,0.4425,0.23600000000000002,-0.6785,1,1,,1.0,BOX OF 3 PEBBLE CANDLES,2.95,1.6225000000000003,Review cost / returns
81950V,19.09,0.0,19.09,15.427500000000002,2.8634999999999997,1.5272000000000001,-0.7282000000000017,33,0,-0.03814562598218972,0.0,FLOWER PURPLE CLOCK WITH SUCKER,0.85,0.4675,Review cost / returns
84415A,71.25,0.0,71.25,55.6875,10.6875,5.7,-0.8249999999999993,27,0,-0.011578947368421043,0.0,PINK FLOCK SUEDE CUSHION COVER,3.75,2.0625,Review cost / returns
84250M,15.9,0.0,15.9,13.09,2.3850000000000002,1.272,-0.8470000000000009,28,0,-0.05327044025157238,0.0,"GREETING CARD, BLACKPOOL ROCK",0.85,0.4675,Review cost / returns
90214W,10.17,0.0,10.17,8.778,1.5254999999999999,0.8136,-0.9471000000000009,19,0,-0.0931268436578172,0.0,"LETTER ""W"" BLING KEY RING",0.84,0.462,Review cost / returns
90128D,21.24,0.0,21.24,17.589000000000002,3.186,1.6992,-1.2342000000000004,13,0,-0.058107344632768385,0.0,PURPLE LEAVES AND BEADS PHONE CHAR,2.46,1.353,Review cost / returns
79144C,180.98,0.0,180.98,140.602,27.147,14.478399999999999,-1.2474000000000045,308,0,-0.006892474306553236,0.0,PAINTED LIGHTBULB RAINBOW DESIGN,0.83,0.4565,Review cost / returns
35597D,25.28,0.0,25.28,20.735000000000003,3.792,2.0224,-1.269400000000003,58,0,-0.05021360759493682,0.0,PINK/WHITE CHRISTMAS TREE 30CM,0.65,0.35750000000000004,Review cost / returns
85112,414.02,0.0,414.02,320.375,62.102999999999994,33.1216,-1.5795999999999992,466,0,-0.0038152746244142777,0.0,S/3 TEAR DROP CUT GLASS DECORATION,1.25,0.6875,Review cost / returns
84228,156.07,0.42,155.65,121.34375,23.4105,12.4856,-1.5898500000000015,354,1,-0.010214262769033096,0.002824858757062147,HEN HOUSE WITH CHICK STANDING,0.625,0.34375,Review cost / returns
16201B,81.1,0.0,81.1,64.14100000000002,12.165,6.488,-1.6940000000000115,34,0,-0.020887792848335533,0.0,PASTEL BLUE PHOTO ALBUM,3.43,1.8865000000000003,Review cost / returns
85032D,1333.98,7.800000000000001,1326.18,1021.1134999999999,200.097,106.71840000000002,-1.7488999999999213,1151,12,-0.0013187500942556222,0.010425716768027803,YULETIDE IMAGES GIFT WRAP SET,1.63,0.8965,Review cost / returns
35610C,81.56,0.0,81.56,64.625,12.234,6.5248,-1.823800000000002,94,0,-0.022361451692005912,0.0,WHITE CHRISTMAS FLOCK DROPLET,1.25,0.6875,Review cost / returns
90214U,4.7299999999999995,0.0,4.7299999999999995,5.5055000000000005,0.7094999999999999,0.37839999999999996,-1.8634000000000008,13,0,-0.39395348837209326,0.0,"LETTER ""U"" BLING KEY RING",0.77,0.42350000000000004,Review cost / returns
37451,4.95,8.5,-3.55,-2.7225,0.7425,0.396,-1.9659999999999997,1,2,,2.0,CERAMIC CAKE TEAPOT WITH CHERRY,4.95,2.7225,Review cost / returns
72785B,10.9,0.0,10.9,10.395000000000003,1.635,0.8720000000000001,-2.002000000000002,9,0,-0.1836697247706424,0.0,S/4 CONTEMPORY RED ROSEBUD CANDLES,2.1,1.1550000000000002,Review cost / returns
84917,686.03,0.0,686.03,530.2495,102.9045,54.8824,-2.0064000000000224,229,0,-0.002924653440811659,0.0,WHITE HAND TOWEL WITH BUTTERFLY,4.21,2.3155,Review cost / returns
81953P,9.57,0.0,9.57,9.438,1.4354999999999998,0.7656000000000001,-2.0691000000000006,33,0,-0.2162068965517242,0.0,ROUND ARTICULATED PINK CLOCK W/SUCK,0.52,0.28600000000000003,Review cost / returns
90164B,362.94,0.0,362.94,281.534,54.440999999999995,29.0352,-2.070199999999998,67,0,-0.005703973108502777,0.0,WHITE  ROSEBUD PEARL BRACELET,7.64,4.202,Review cost / returns
20822,9.3,9.3,0.0,0.0,1.395,0.7440000000000001,-2.1390000000000002,2,2,,1.0,SILVER WINE GOBLET,4.65,2.5575000000000006,Review cost / returns
21343,92.00000000000001,33.9,58.10000000000001,39.105000000000004,13.8,7.360000000000001,-2.164999999999999,20,2,-0.03726333907056797,0.1,GOLD JEWELERY BOX,3.95,2.1725000000000003,Review cost / returns
21496,10.5,10.5,0.0,0.0,1.575,0.84,-2.415,25,25,,1.0,WOODLAND CREATURES  WRAP,0.42,0.231,Review cost / returns
22638,737.78,2.55,735.23,568.0125,110.66699999999999,59.0224,-2.4719000000000833,406,1,-0.0033620771731296102,0.0024630541871921183,SET OF 4 NAPKIN CHARMS CROWNS,2.55,1.4025,Review cost / returns
23522,727.4399999999999,0.0,727.4399999999999,562.6830000000001,109.11599999999999,58.1952,-2.554200000000084,354,0,-0.0035112174199935175,0.0,WALL ART DOG AND BALL,2.89,1.5895000000000001,Review cost / returns
21525,13.5,13.5,0.0,0.0,2.025,1.08,-3.1050000000000004,2,2,,1.0,BEWARE OF THE CAT DOORMAT,6.75,3.7125000000000004,Review cost / returns
21475,14.95,14.95,0.0,0.0,2.2424999999999997,1.196,-3.4384999999999994,1,1,,1.0,SWEETHEART CREAM STEEL FOLDIN CHAIR,14.95,8.2225,Review cost / returns
72754B,137.54000000000002,0.0,137.54000000000002,109.39499999999998,20.631,11.003200000000001,-3.489199999999978,170,0,-0.02536862003780702,0.0,F FAIRY POTPOURRI CUSHIONS LAVENDER,1.17,0.6435,Review cost / returns
17011B,11.100000000000001,0.0,11.100000000000001,12.540000000000001,1.665,0.8880000000000001,-3.9930000000000008,19,0,-0.3597297297297298,0.0,ORIGAMI JASMINE INCENSE+FLOWER,1.2,0.66,Review cost / returns
81950B,127.03,0.85,126.17999999999999,100.98,19.054499999999997,10.1624,-4.016900000000014,217,1,-0.031834680614994566,0.004608294930875576,FLOWER BLUE CLOCK WITH SUCKER,0.85,0.4675,Review cost / returns
85083,12.75,15.299999999999999,-2.55,-1.4024999999999999,1.9124999999999999,1.02,-4.079999999999999,5,6,,1.2,KISS REINDEER SCANDINAVIAN STOCKING,2.55,1.4025,Review cost / returns
47343A,210.73,0.0,210.73,166.3585,31.609499999999997,16.8584,-4.096400000000006,203,0,-0.019439092677834224,0.0,FUSCHIA FLOWER PURSE WITH BEADS,1.49,0.8195,Review cost / returns
22351,29.809999999999995,0.0,29.809999999999995,27.142500000000002,4.471499999999999,2.3848,-4.188800000000004,15,0,-0.14051660516605183,0.0,DOTCOMGIFTSHOP TEA TOWEL,3.29,1.8095,Review cost / returns
20898,693.9200000000001,17.700000000000003,676.22,520.8225000000001,104.08800000000001,55.513600000000004,-4.204100000000037,327,6,-0.0062170595368371785,0.01834862385321101,VINTAGE NOTEBOOK TRAVELOGUE,2.95,1.6225000000000003,Review cost / returns
35955,34.620000000000005,0.0,34.620000000000005,31.185000000000002,5.193,2.7696000000000005,-4.527600000000002,135,0,-0.13077989601386486,0.0,SMALL FOLKART CHRISTMAS TREE DEC,0.42,0.231,Review cost / returns
20941,896.28,41.35,854.93,653.8125,134.442,71.7024,-5.026900000000016,998,47,-0.005879896599721634,0.047094188376753505,FROG CANDLE,1.25,0.6875,Review cost / returns
90214P,66.59,7.5,59.089999999999996,48.8125,9.9885,5.3272,-5.038200000000003,77,6,-0.0852631578947369,0.07792207792207792,"LETTER ""P"" BLING KEY RING",1.25,0.6875,Review cost / returns
22504,7985.03,322.25,7662.78,5831.265,1197.7545,638.8024,-5.041900000000442,366,12,-0.0006579726939831814,0.03278688524590164,CABIN BAG VINTAGE RETROSPOT,29.95,16.4725,Review cost / returns
84925E,130.04999999999998,0.0,130.04999999999998,105.1875,19.5075,10.404,-5.049000000000012,75,0,-0.038823529411764805,0.0,FLOWERS WALL THERMOMETER,2.55,1.4025,Review cost / returns
84575A,98.8,5.95,92.85,75.26750000000001,14.82,7.904,-5.141500000000004,24,1,-0.05537425955842762,0.041666666666666664,PINK DOG CANNISTER,5.95,3.2725000000000004,Review cost / returns
90125C,101.35,0.0,101.35,83.23700000000001,15.202499999999999,8.108,-5.197500000000006,92,0,-0.05128268376911698,0.0,TURQUOISE BERTIE GLASS BEAD CHARM,1.645,0.90475,Review cost / returns
84732D,10.89,0.0,10.89,13.6125,1.6334999999999997,0.8712000000000001,-5.227200000000002,15,0,-0.48000000000000015,0.0,CUTE RABBIT CEATURE SCREEN,1.65,0.9075,Review cost / returns
20821,286.42,69.30000000000001,217.12,156.61800000000002,42.963,22.913600000000002,-5.374600000000019,42,14,-0.02475405305821674,0.3333333333333333,GOLDIE LOOKING MIRROR,10.17,5.593500000000001,Review cost / returns
21372,267.01,0.0,267.01,211.068,40.0515,21.3608,-5.470299999999995,156,0,-0.020487247668626623,0.0,MIRRORED WALL ART TABLE LAMP,2.46,1.353,Review cost / returns
90126C,42.1,0.0,42.1,37.999500000000005,6.315,3.368,-5.582500000000003,21,0,-0.1326009501187649,0.0,AMBER BERTIE MOBILE PHONE CHARM,3.29,1.8095,Review cost / returns
85043,4.95,14.850000000000001,-9.9,-5.445,0.7425,0.396,-5.593500000000001,1,3,,3.0,RED HEART CANDY POP LIGHTS,4.95,2.7225,Review cost / returns
84251J,37.04,0.0,37.04,34.188,5.556,2.9632,-5.667200000000003,74,0,-0.1530021598272139,0.0,"GREETING CARD, THE BLACK CAT",0.84,0.462,Review cost / returns
84623,310.44,0.0,310.44,244.86,46.566,24.8352,-5.821200000000022,56,0,-0.01875144955546973,0.0,PINK GINGHAM ROSE FLOOR CUSHION,7.95,4.3725000000000005,Review cost / returns
84688,1313.52,155.05,1158.47,862.5375000000001,197.028,105.0816,-6.177100000000117,422,53,-0.005332119088107691,0.12559241706161137,BEACH HUT DESIGN BLACKBOARD,4.25,2.3375000000000004,Review cost / returns
23038,42.919999999999995,0.0,42.919999999999995,39.446,6.437999999999999,3.4335999999999998,-6.3976,44,0,-0.1490587138863001,0.0,T-LIGHT HOLDER SILVER SAUCER,1.63,0.8965,Review cost / returns
35976B,1.25,15.0,-13.75,-7.5625,0.1875,0.1,-6.475,1,12,,12.0,WHITE SCANDINAVIAN HEART CHRISTMAS,1.25,0.6875,Review cost / returns
21884,664.26,0.0,664.26,518.0175,99.63900000000001,53.140800000000006,-6.537300000000058,1449,0,-0.009841477734622073,0.0,CAKES AND BOWS GIFT  TAPE,0.65,0.35750000000000004,Review cost / returns
21991,1927.54,15.0,1912.54,1476.123,289.131,154.2032,-6.917199999999997,1103,12,-0.003616760956633585,0.010879419764279238,BOHEMIAN COLLAGE STATIONERY SET,2.46,1.353,Review cost / returns
84447,73.27,0.0,73.27,63.91,10.990499999999999,5.8616,-7.492100000000002,70,0,-0.10225330967653887,0.0,6 RABBIT CHAIN EASTER,1.66,0.913,Review cost / returns
79301,2.95,22.95,-20.0,-12.980000000000002,0.4425,0.23600000000000002,-7.698499999999997,1,9,,9.0,FEATHER HEART LIGHTS,2.95,1.6225000000000003,Review cost / returns
84251B,84.84,2.2800000000000002,82.56,70.917,12.726,6.7872,-7.870200000000005,319,12,-0.09532703488372099,0.03761755485893417,"GREETING CARD, STICKY GORDON",0.42,0.231,Review cost / returns
37489C,28.009999999999998,0.0,28.009999999999998,30.03,4.201499999999999,2.2408,-8.4623,28,0,-0.30211710103534456,0.0,GREEN/BLUE FLOWER DESIGN BIG MUG,1.95,1.0725,Review cost / returns
17013B,221.03,0.0,221.03,178.81600000000003,33.1545,17.6824,-8.622900000000044,256,0,-0.03901235126453442,0.0,ORIGAMI JASMINE INCENSE IN TUBE,1.27,0.6985000000000001,Review cost / returns
35793,216.33,0.0,216.33,175.23000000000002,32.4495,17.3064,-8.65590000000002,108,0,-0.04001248093190968,0.0,S/3 PUPPIES CHRISTMAS DECORATIONS,2.95,1.6225000000000003,Review cost / returns
20816,123.6,33.75,89.85,70.53750000000001,18.54,9.888,-9.115500000000011,24,5,-0.10145242070116875,0.20833333333333334,GOLD FLOWER CUSHION COVER,6.75,3.7125000000000004,Review cost / returns
85213,832.4799999999999,0.85,831.6299999999999,649.3575000000001,124.87199999999999,66.5984,-9.197900000000073,1390,1,-0.011060086817454969,0.0007194244604316547,MINI  ZINC GARDEN DECORATIONS,0.85,0.4675,Review cost / returns
21199,1495.6999999999998,20.16,1475.54,1140.7275,224.35499999999996,119.65599999999999,-9.198500000000127,1305,48,-0.006233988912533803,0.0367816091954023,PINK  HEART CONFETTI IN TUBE,1.65,0.9075,Review cost / returns
22395,413.76,0.0,413.76,328.185,62.064,33.1008,-9.58980000000004,234,0,-0.023177204176334204,0.0,PAPERWEIGHT VINTAGE PAISLEY,2.55,1.4025,Review cost / returns
90083,48.08,0.0,48.08,46.617999999999995,7.212,3.8464,-9.596399999999996,52,0,-0.19959234608985016,0.0,CRYSTAL CZECH CROSS PHONE CHARM,1.63,0.8965,Review cost / returns
84877A,185.66,0.0,185.66,152.625,27.849,14.8528,-9.666799999999999,74,0,-0.05206721964882042,0.0,PINK ROUND COMPACT MIRROR,3.75,2.0625,Review cost / returns
21450,77.35,59.5,17.849999999999998,9.817500000000003,11.6025,6.188,-9.757999999999997,13,10,-0.5466666666666666,0.7692307692307693,DISTRESSED CANDLE STICK WHITE,5.95,3.2725000000000004,Review cost / returns
84877D,373.09999999999997,0.0,373.09999999999997,297.528,55.964999999999996,29.848,-10.241000000000016,161,0,-0.027448405253283348,0.0,BLUE ROUND COMPACT MIRROR,3.36,1.848,Review cost / returns
84251G,127.75,0.0,127.75,109.263,19.1625,10.22,-10.895500000000007,473,0,-0.08528767123287677,0.0,"GREETING CARD, OVERCROWDED POOL.",0.42,0.231,Review cost / returns
84732B,18.48,0.0,18.48,25.409999999999997,2.772,1.4784000000000002,-11.180399999999999,28,0,-0.6049999999999999,0.0,CUTE BIRD CEATURE SCREEN,1.65,0.9075,Review cost / returns
35964,690.93,0.0,690.93,543.235,103.6395,55.27440000000001,-11.218900000000012,1190,0,-0.016237390184244443,0.0,FOLKART CLIP ON STARS,0.83,0.4565,Review cost / returns
23417,157.5,0.0,157.5,132.495,23.624999999999996,12.6,-11.220000000000006,146,0,-0.07123809523809528,0.0,BATHROOM HOOK,1.65,0.9075,Review cost / returns
37462B,87.28,0.42,86.86,78.078,13.091999999999999,6.9824,-11.292400000000008,170,1,-0.13000690766751102,0.0058823529411764705,"PET MUG, BUDGIE",0.84,0.462,Review cost / returns
35916C,167.54999999999998,0.0,167.54999999999998,140.7505,25.132499999999997,13.404,-11.736999999999998,157,0,-0.0700507311250373,0.0,PINK FELT HANGING HEART W FLOWER,1.63,0.8965,Review cost / returns
10138,111.22,81.9,29.32,15.477,16.683,8.8976,-11.7376,261,194,-0.4003274215552524,0.7432950191570882,ASSORTED COLOUR JUMBO PEN,0.42,0.231,Review cost / returns
90214Y,25.339999999999996,0.0,25.339999999999996,31.416000000000004,3.8009999999999993,2.0271999999999997,-11.904200000000003,68,0,-0.46977900552486207,0.0,"LETTER ""Y"" BLING KEY RING",0.84,0.462,Review cost / returns
35610B,144.07,0.0,144.07,123.0625,21.610500000000002,11.5256,-12.128600000000002,179,0,-0.08418546539876451,0.0,BLACK CHRISTMAS FLOCK DROPLET,1.25,0.6875,Review cost / returns
22106,1589.98,156.75,1433.23,1079.8039999999999,238.49699999999999,127.1984,-12.269399999999976,509,121,-0.008560663675753352,0.23772102161100198,MIRROR MOSAIC HURRICANE LAMP,5.06,2.783,Review cost / returns
37462E,47.12,2.52,44.6,46.1065,7.0680000000000005,3.7696,-12.3441,107,6,-0.2767735426008968,0.056074766355140186,"PET MUG, GOLDFISH",0.83,0.4565,Review cost / returns
22511,1054.16,3.75,1050.41,820.875,158.124,84.3328,-12.921800000000005,399,1,-0.012301672680191549,0.002506265664160401,RETROSPOT BABUSHKA DOORSTOP,3.75,2.0625,Review cost / returns
20868,518.07,0.0,518.07,412.33500000000004,77.7105,41.4456,-13.421100000000008,882,0,-0.025905958654235926,0.0,SILVER FABRIC MIRROR,0.85,0.4675,Review cost / returns
16207B,457.65000000000003,0.0,457.65000000000003,365.8325,68.6475,36.612,-13.442,265,0,-0.02937179066972577,0.0,PINK HEART RED HANDBAG,2.51,1.3805,Review cost / returns
22269,1360.2,31.25,1328.95,1029.875,204.03,108.816,-13.770999999999985,1523,25,-0.010362316114225504,0.016414970453053186,EGG CUP NATURAL CHICKEN,1.25,0.6875,Review cost / returns
90012A,74.38,0.0,74.38,71.35700000000001,11.157,5.9504,-14.084400000000008,13,0,-0.18935735412745372,0.0,MIDNIGHT BLUE DROP CRYSTAL NECKLACE,9.98,5.489000000000001,Review cost / returns
20791,63.75,63.75,0.0,0.0,9.5625,5.1000000000000005,-14.662500000000001,5,5,,1.0,BLUE TILED SET OF 3 DRAWERS,12.75,7.0125,Review cost / returns
21581,1890.74,45.0,1845.74,1425.6000000000001,283.611,151.2592,-14.730200000000085,1172,20,-0.00798064732844284,0.017064846416382253,SKULLS  DESIGN  COTTON TOTE BAG,2.25,1.2375,Review cost / returns
21386,705.74,0.0,705.74,559.13,105.86099999999999,56.4592,-15.710200000000043,1196,0,-0.022260605888854312,0.0,IVORY HANGING DECORATION  EGG,0.85,0.4675,Review cost / returns
21946,358.96999999999997,0.0,358.96999999999997,292.1875,53.845499999999994,28.7176,-15.780600000000012,625,0,-0.043960776666573845,0.0,PARTY TIME DESIGN FLANNEL,0.85,0.4675,Review cost / returns
21904,1205.72,179.70000000000002,1026.02,764.6100000000001,180.858,96.45760000000001,-15.905600000000174,759,97,-0.01550223192530377,0.12779973649538867,HOUSE WRECKING METAL SIGN,2.1,1.1550000000000002,Review cost / returns
85070,320.0,125.0,195.0,137.5,48.0,25.6,-16.1,3,1,-0.08256410256410257,0.3333333333333333,ANT WHITE SWEETHEART TABLE W 3 DRAW,125.0,68.75,Review cost / returns
20763,702.86,15.0,687.86,542.4375,105.429,56.2288,-16.2353,267,4,-0.02360262262669729,0.0149812734082397,DAISY SKETCHBOOK,3.75,2.0625,Review cost / returns
20901,812.93,12.7,800.23,629.6400000000001,121.9395,65.0344,-16.383900000000107,92,2,-0.020473988728240765,0.021739130434782608,VINTAGE KEEPSAKE BOX PINK FLOWER,12.72,6.996000000000001,Review cost / returns
72812,288.46000000000004,0.0,288.46000000000004,238.50750000000002,43.269,23.076800000000002,-16.393300000000007,105,0,-0.05683040976218542,0.0,LARGE ZINC GLASS CANDLEHOLDER,4.13,2.2715,Review cost / returns
90191,342.6,0.0,342.6,280.5,51.39,27.408,-16.698,40,0,-0.04873905429071804,0.0,SILVER LARIAT 40CM,12.75,7.0125,Review cost / returns
35638A,88.04999999999998,0.0,88.04999999999998,84.7275,13.207499999999998,7.044,-16.929000000000013,39,0,-0.19226575809199337,0.0,PINK AND BLACK STRING CURTAIN,3.95,2.1725000000000003,Review cost / returns
35610A,105.43,0.0,105.43,98.3125,15.814499999999999,8.4344,-17.131400000000003,143,0,-0.16249075215782985,0.0,PINK CHRISTMAS FLOCK DROPLET,1.25,0.6875,Review cost / returns
84767,806.22,0.0,806.22,638.1375000000002,120.933,64.4976,-17.348100000000105,195,0,-0.021517823919029674,0.0,ZINC POLICE BOX LANTERN,5.95,3.2725000000000004,Review cost / returns
20992,3243.2799999999997,0.0,3243.2799999999997,2514.853,486.49199999999996,259.4624,-17.527400000000252,6179,0,-0.005404220418835331,0.0,JAZZ HEARTS PURSE NOTEBOOK,0.74,0.40700000000000003,Review cost / returns
20933,1329.4900000000002,0.0,1329.4900000000002,1041.5625,199.42350000000002,106.3592,-17.855199999999893,505,0,-0.013430112298700923,0.0,YELLOW POT PLANT CANDLE,3.75,2.0625,Review cost / returns
22389,1245.52,210.0,1035.52,767.1675000000001,186.828,99.6416,-18.117100000000136,647,100,-0.017495654357231282,0.1545595054095827,PAPERWEIGHT SAVE THE PLANET,2.55,1.4025,Review cost / returns
22510,825.32,0.0,825.32,653.8125,123.798,66.0256,-18.3161,317,0,-0.0221927252459652,0.0,GINGHAM BABUSHKA DOORSTOP,3.75,2.0625,Review cost / returns
84927F,273.32,4.050000000000001,269.27,225.28275000000002,40.998,21.8656,-18.876350000000013,335,6,-0.07010194228840945,0.01791044776119403,PSYCHEDELIC TILE HOOK,1.245,0.6847500000000001,Review cost / returns
20952,151.14,119.16,31.97999999999999,16.17,22.671,12.0912,-18.952200000000005,330,260,-0.5926266416510322,0.7878787878787878,PORCELAIN CHERUB BELL SMALL,0.42,0.231,Review cost / returns
22267,1292.72,3.75,1288.97,1010.625,193.908,103.41760000000001,-18.98059999999999,1473,3,-0.014725400901494982,0.002036659877800407,EASTER DECORATION EGG BUNNY,1.25,0.6875,Review cost / returns
84899F,192.17,0.0,192.17,167.0405,28.825499999999998,15.3736,-19.069600000000015,121,0,-0.09923297080709798,0.0,YELLOW PURPLE DAISY FELT PURSE KIT,2.51,1.3805,Review cost / returns
35652,21.5,0.0,21.5,35.8875,3.2249999999999996,1.7200000000000002,-19.332500000000003,18,0,-0.899186046511628,0.0,VINTAGE BEAD CHAISE LONG JEWEL BOX,3.625,1.9937500000000001,Review cost / returns
20869,296.37,0.0,296.37,247.775,44.4555,23.709600000000002,-19.570100000000007,530,0,-0.06603266187535853,0.0,GOLD FABRIC MIRROR,0.85,0.4675,Review cost / returns
85039A,1664.6699999999998,4.949999999999999,1659.7199999999998,1297.2355,249.70049999999998,133.1736,-20.3896,1450,3,-0.012284963728821732,0.0020689655172413794,SET/4 RED MINI ROSE CANDLE IN BOWL,1.63,0.8965,Review cost / returns
79144B,181.87,0.0,181.87,160.688,27.2805,14.5496,-20.648100000000003,352,0,-0.11353219332490241,0.0,PAINTED LIGHTBULB STAR+ MOON,0.83,0.4565,Review cost / returns
37483,235.44,2.55,232.89,200.5575,35.316,18.8352,-21.818700000000018,144,1,-0.093686719051913,0.006944444444444444,ENGLISH ROSE MUG IN GIFT BOX,2.55,1.4025,Review cost / returns
21309,325.6,9.95,315.65,262.68,48.839999999999996,26.048,-21.918000000000003,49,1,-0.06943766830350073,0.02040816326530612,LOUVRE CHALKBOARD,9.95,5.4725,Review cost / returns
84800L,970.7900000000001,40.56,930.23,729.916,145.6185,77.6632,-22.967700000000022,650,24,-0.02469034539844987,0.036923076923076927,LARGE WHITE/PINK ROSE ART FLOWER,2.12,1.1660000000000001,Review cost / returns
72739C,279.08,31.25,247.82999999999998,206.9375,41.862,22.3264,-23.2959,326,25,-0.093999515797119,0.07668711656441718,DARK CHOCOLATE SCENTCANDLE,1.25,0.6875,Review cost / returns
82607C,175.60999999999999,0.0,175.60999999999999,158.75750000000002,26.3415,14.0488,-23.537800000000022,115,0,-0.1340345082854053,0.0,GLASS BONBON JAR. SUPERFINES,2.51,1.3805,Review cost / returns
22390,1453.62,0.0,1453.62,1143.0375000000001,218.04299999999998,116.2896,-23.75010000000016,815,0,-0.016338589177364207,0.0,PAPERWEIGHT CHILDHOOD MEMORIES,2.55,1.4025,Review cost / returns
78026,139.95,0.0,139.95,131.83500000000004,20.9925,11.196000000000002,-24.073500000000024,12,0,-0.172015005359057,0.0,SEAGRASS S/3 SQU LAUNDRY BOX,19.975,10.986250000000002,Review cost / returns
84721,87.8,0.0,87.8,91.85000000000001,13.169999999999998,7.023999999999999,-24.244000000000007,20,0,-0.2761275626423691,0.0,MANHATTAN CANVAS ART PICTURE,8.35,4.5925,Review cost / returns
21198,1473.9499999999998,64.71,1409.2399999999998,1096.26,221.09249999999997,117.916,-26.028500000000125,1283,75,-0.018469884476739327,0.05845674201091192,WHITE HEART CONFETTI IN TUBE,1.65,0.9075,Review cost / returns
47347B,179.88,0.0,179.88,165.0,26.982,14.3904,-26.492400000000004,240,0,-0.14727818545697133,0.0,BLUE FLOWER T-LIGHT HOLDER,1.25,0.6875,Review cost / returns
22044,550.28,5.46,544.82,445.13700000000006,82.542,44.022400000000005,-26.881400000000035,1940,13,-0.049339965493190474,0.006701030927835051,CHRISTMAS CARD STACK OF PRESENTS,0.42,0.231,Review cost / returns
90012B,85.9,0.0,85.9,93.0325,12.885,6.872,-26.8895,17,0,-0.3130325960419092,0.0,BLACK DROP CRYSTAL NECKLACE,9.95,5.4725,Review cost / returns
84682,596.94,17.700000000000003,579.24,468.9025000000001,89.541,47.7552,-26.958700000000043,295,6,-0.046541502658656246,0.020338983050847456,CLASSICAL ROSE DISH,2.95,1.6225000000000003,Review cost / returns
85173,1826.07,12.75,1813.32,1420.7325,273.9105,146.0856,-27.408600000000167,1018,5,-0.015115147905499398,0.004911591355599214,SET/6 FROG PRINCE T-LIGHT CANDLES,2.55,1.4025,Review cost / returns
82553,237.73,0.0,237.73,210.67200000000003,35.659499999999994,19.0184,-27.619900000000015,114,0,-0.11618180288562661,0.0,POP'S GREASY SPOON METAL SIGN,3.36,1.848,Review cost / returns
22850,123.6,123.6,7.105427357601002e-15,0.0,18.54,9.887999999999998,-28.427999999999997,8,8,-4000885318965264.0,1.0,BREAD BIN DINER STYLE BLACK,15.95,8.7725,Review cost / returns
22257,346.72999999999996,15.0,331.72999999999996,280.5,52.009499999999996,27.7384,-28.517900000000004,420,12,-0.08596720224278784,0.02857142857142857,FELT FARM ANIMAL SHEEP,1.25,0.6875,Review cost / returns
22343,1986.31,35.699999999999996,1950.61,1523.115,297.94649999999996,158.9048,-29.35630000000017,3300,42,-0.015049804932815977,0.012727272727272728,PARTY PIZZA DISH RED RETROSPOT,0.85,0.4675,Review cost / returns
35809A,1667.6100000000001,0.0,1667.6100000000001,1314.3900000000003,250.14149999999998,133.4088,-30.330300000000282,1138,0,-0.018187885656718465,0.0,ENAMEL PINK TEA CONTAINER,2.1,1.1550000000000002,Review cost / returns
35824C,117.05,0.0,117.05,120.84875000000002,17.557499999999997,9.364,-30.720250000000036,235,0,-0.2624540794532254,0.0,"HANGING FLOWERS+MIRROR,CLEAR",0.935,0.5142500000000001,Review cost / returns
21950,263.63,192.05,71.57999999999998,42.405,39.5445,21.0904,-31.459900000000005,211,181,-0.4395068454875665,0.8578199052132701,SET OF 6 DOTS CHOPSTICKS,2.57,1.4135,Review cost / returns
90089,94.17999999999999,0.0,94.17999999999999,103.99399999999999,14.126999999999999,7.5344,-31.475399999999993,116,0,-0.3342047143767254,0.0,PINK CRYSTAL SKULL PHONE CHARM,1.63,0.8965,Review cost / returns
22043,624.29,5.04,619.25,507.50700000000006,93.6435,49.943200000000004,-31.84370000000004,2209,12,-0.051423011707711005,0.005432322317790856,CHRISTMAS CARD SCREEN PRINT,0.42,0.231,Review cost / returns
82616A,624.21,0.0,624.21,512.71,93.6315,49.936800000000005,-32.068300000000036,316,0,-0.05137421701030107,0.0,BUBBLE GUM SCARF KNITTING KIT,2.95,1.6225000000000003,Review cost / returns
62095B,310.83,0.0,310.83,271.414,46.6245,24.866400000000002,-32.074899999999985,292,0,-0.1031911334169803,0.0,TURQOISE ICE CREAM SUNHAT,1.69,0.9295,Review cost / returns
21808,2723.03,155.0,2568.03,1973.8125,408.4545,217.8424,-32.07939999999999,1003,46,-0.012491832260526548,0.045862412761714856,"CHRISTMAS GARLAND STARS,TREES",3.75,2.0625,Review cost / returns
84422,427.95,19.57,408.38,342.6775,64.1925,34.236000000000004,-32.726,782,49,-0.08013614770556834,0.06265984654731457,PINK/BLUE DISC/MIRROR STRING,0.85,0.4675,Review cost / returns
22314,3891.4300000000003,15.8,3875.63,3013.8075000000003,583.7145,311.31440000000003,-33.206399999999945,1111,4,-0.00856800055732873,0.0036003600360036,OFFICE MUG WARMER CHOC+BLUE,4.95,2.7225,Review cost / returns
84967A,174.9,79.95,94.95,87.94500000000001,26.235,13.992,-33.22200000000001,3,1,-0.3498894154818326,0.3333333333333333,PINK KASHMIRI OCCASIONAL TABLE,79.95,43.972500000000004,Review cost / returns
22053,4023.3899999999994,2.5,4020.8899999999994,3128.8125,603.5084999999999,321.87119999999993,-33.30220000000029,4553,2,-0.008282295710651198,0.0004392708104546453,EMPIRE DESIGN ROSETTE,1.25,0.6875,Review cost / returns
72130,306.35,0.0,306.35,269.19750000000005,45.9525,24.508000000000003,-33.30800000000002,753,0,-0.10872531418312394,0.0,COLUMBIAN CANDLE ROUND,0.65,0.35750000000000004,Review cost / returns
85028S,656.82,54.9,601.92,485.1,98.523,52.5456,-34.24860000000003,430,38,-0.056898923444976136,0.08837209302325581,FRENCH CHATEAU SMALL FRUITBOWL,2.25,1.2375,Review cost / returns
79323S,2084.32,997.0500000000001,1087.27,642.2625,312.64799999999997,166.74560000000002,-34.38610000000002,334,161,-0.03162609103534542,0.4820359281437126,SILVER CHERRY LIGHTS,6.75,3.7125000000000004,Review cost / returns
85069,50.849999999999994,101.69999999999999,-50.849999999999994,-27.9675,7.627499999999999,4.068,-34.57799999999999,3,6,,2.0,CREAM SWEETHEART DOUBLE SHELF,16.95,9.3225,Review cost / returns
22259,485.45,3.75,481.7,404.9375,72.8175,38.836,-34.891000000000005,592,3,-0.07243304961594355,0.005067567567567568,FELT FARM ANIMAL HEN,1.25,0.6875,Review cost / returns
71495A,87.96000000000001,0.42,87.53999999999999,102.256,13.193999999999999,7.0368,-34.946799999999996,225,1,-0.39920950422663926,0.0044444444444444444,CD WALL TIDY BLUE OFFICE,0.83,0.4565,Review cost / returns
84952B,615.49,11.25,604.24,498.36050000000006,92.3235,49.2392,-35.683200000000085,364,3,-0.05905468025949968,0.008241758241758242,BLACK LOVE BIRD T-LIGHT HOLDER,2.51,1.3805,Review cost / returns
17013F,26.7,0.0,26.7,56.265,4.005,2.136,-35.706,62,0,-1.337303370786517,0.0,ORIGAMI SANDLEWOOD INCENSE IN TUBE,1.65,0.9075,Review cost / returns
22887,160.35999999999999,0.0,160.35999999999999,159.39000000000001,24.054,12.8288,-35.912800000000026,92,0,-0.22395111000249457,0.0,NUMBER TILE VINTAGE FONT 8,3.15,1.7325000000000002,Review cost / returns
22878,330.26000000000005,2.1,328.16,288.4805,49.539,26.420800000000003,-36.280300000000004,128,1,-0.11055674061433447,0.0078125,NUMBER TILE COTTAGE GARDEN No,4.13,2.2715,Review cost / returns
72038P,116.5,10.5,106.0,115.50000000000001,17.474999999999998,9.32,-36.29500000000001,1050,50,-0.3424056603773586,0.047619047619047616,PRICE'S CANDLE PEACH,0.21,0.1155,Review cost / returns
85145,813.0,38.25,774.75,624.1125000000001,121.94999999999999,65.04,-36.352500000000035,92,3,-0.04692158760890614,0.03260869565217391,JARDIN ETCHED GLASS LARGE BELL JAR,12.75,7.0125,Review cost / returns
72801D,447.42,0.0,447.42,380.875,67.113,35.7936,-36.361600000000024,554,0,-0.08126950069286135,0.0,4 SKY BLUE DINNER CANDLES,1.25,0.6875,Review cost / returns
21699,82.44,0.0,82.44,100.38600000000001,12.366,6.5952,-36.90720000000001,108,0,-0.4476855895196508,0.0,SET 5 MINI CHOCOLATE FRIDGE MAGNETS,1.69,0.9295,Review cost / returns
17014F,23.699999999999996,0.0,23.699999999999996,55.3575,3.5549999999999993,1.896,-37.1085,61,0,-1.5657594936708863,0.0,ORIGAMI SANDLEWOOD INCENSE CONES,1.65,0.9075,Review cost / returns
85166A,158.9,3.75,155.15,156.75,23.835,12.712,-38.14699999999999,77,1,-0.24587173702868187,0.012987012987012988,WHITE METAL BAROQUE PHOTO FRAME,3.75,2.0625,Review cost / returns
81952B,84.56,0.0,84.56,104.0765,12.684,6.7648,-38.965300000000006,254,0,-0.460800614947966,0.0,ROUND BLUE CLOCK WITH SUCKER,0.745,0.40975,Review cost / returns
84963B,591.5,0.0,591.5,494.5050000000001,88.725,47.32000000000001,-39.050000000000026,18,0,-0.0660185967878276,0.0,BLUE PAINTED KASHMIRI CHAIR,49.95,27.472500000000004,Review cost / returns
22597,2768.92,28.9,2740.02,2142.5525000000002,415.33799999999997,221.5136,-39.38410000000028,4617,34,-0.014373654206903702,0.007364089235434265,MUSICAL ZINC HEART DECORATION,0.85,0.4675,Review cost / returns
79329,65.94,0.0,65.94,90.75,9.891,5.2752,-39.976200000000006,100,0,-0.6062511373976344,0.0,PINK FLOCK GLASS CANDLEHOLDER,1.65,0.9075,Review cost / returns
35603B,21.0,50.400000000000006,-29.400000000000006,6.006,3.15,1.68,-40.23600000000001,50,24,,0.48,S/16 BLACK SHINY/MAT BAUBLES,0.42,0.231,Review cost / returns
20827,209.36,0.0,209.36,201.71800000000002,31.404,16.7488,-40.51080000000002,173,0,-0.19349828047382506,0.0,GOLD APERITIF GLASS,2.12,1.1660000000000001,Review cost / returns
37399,75.0,0.0,75.0,98.3125,11.25,6.0,-40.5625,143,0,-0.5408333333333334,0.0,"ASS RETROSPOOF MUGS,SPORTS",1.25,0.6875,Review cost / returns
16259,766.09,14.100000000000001,751.99,616.6545,114.9135,61.2872,-40.8652,5473,134,-0.054342743919467015,0.024483829709482915,PIECE OF CAMO STATIONERY SET,0.21,0.1155,Review cost / returns
84800S,299.54,2.5,297.04,269.5,44.931,23.9632,-41.35419999999999,394,2,-0.1392209803393482,0.005076142131979695,SMALL WHITE/PINK ROSE ART FLOWER,1.25,0.6875,Review cost / returns
35911B,184.76000000000002,0.0,184.76000000000002,183.64500000000004,27.714,14.780800000000001,-41.37980000000004,159,0,-0.22396514397055658,0.0,PINK/FLOWER RABBIT EGG WARMER,2.1,1.1550000000000002,Review cost / returns
90125A,183.97,25.200000000000003,158.77,158.23500000000004,27.595499999999998,14.717600000000001,-41.77810000000003,149,12,-0.26313598286830026,0.08053691275167785,PINK BERTIE GLASS BEAD BAG CHARM,2.1,1.1550000000000002,Review cost / returns
79303D,272.45,5.9,266.55,247.038,40.8675,21.796,-43.151500000000006,78,2,-0.16188895141624463,0.02564102564102564,LILAC FLOWER BLOCK TABLE LAMP,5.91,3.2505,Review cost / returns
79323G,2007.88,1118.45,889.4300000000001,471.48750000000007,301.182,160.6304,-43.86990000000003,314,187,-0.0493236117513464,0.5955414012738853,GOLD  CHERRY LIGHTS,6.75,3.7125000000000004,Review cost / returns
82093,283.49,0.0,283.49,262.22350000000006,42.5235,22.6792,-43.93620000000004,139,0,-0.15498324455889112,0.0,HEART SHAPE BUTTON FRAME,3.43,1.8865000000000003,Review cost / returns
84963A,763.35,0.0,763.35,631.8675000000001,114.5025,61.068000000000005,-44.08800000000004,23,0,-0.05775594419335827,0.0,PINK PAINTED KASHMIRI CHAIR,49.95,27.472500000000004,Review cost / returns
84804A,414.08000000000004,0.0,414.08000000000004,363.44000000000005,62.112,33.126400000000004,-44.598400000000005,224,0,-0.1077047913446677,0.0,CREAM DELPHINIUM ARTIFICIAL FLOWER,2.95,1.6225000000000003,Review cost / returns
20772,1851.28,320.25000000000006,1531.03,1150.0500000000002,277.692,148.10240000000002,-44.81440000000015,971,151,-0.0292707523693201,0.15550978372811536,GARDEN PATH JOURNAL,2.55,1.4025,Review cost / returns
90210C,186.56,0.0,186.56,189.8325,27.983999999999998,14.9248,-46.181300000000014,118,0,-0.24754127358490574,0.0,RED   ACRYLIC FACETED BANGLE,2.925,1.6087500000000001,Review cost / returns
90030C,151.3,0.0,151.3,163.1685,22.695,12.104,-46.667500000000004,87,0,-0.30844348975545277,0.0,BROWN KUKUI COCONUT SEED NECKLACE,3.41,1.8755000000000002,Review cost / returns
84821,752.6999999999999,10.2,742.5,616.1650000000001,112.90499999999999,60.216,-46.78600000000006,1330,12,-0.0630114478114479,0.009022556390977444,DANISH ROSE DELUXE COASTER,0.85,0.4675,Review cost / returns
22402,3016.45,17.5,2998.95,2352.625,452.4675,241.316,-47.45849999999998,3436,14,-0.015825038763567244,0.004074505238649592,MAGNETS PACK OF 4 VINTAGE COLLAGE,1.25,0.6875,Review cost / returns
21879,666.7900000000001,0.0,666.7900000000001,561.2750000000001,100.0185,53.3432,-47.84670000000007,1570,0,-0.07175677499662572,0.0,HEARTS GIFT TAPE,0.65,0.35750000000000004,Review cost / returns
90210D,238.68,0.0,238.68,232.01750000000004,35.802,19.0944,-48.233900000000034,143,0,-0.2020860566448803,0.0,PURPLE ACRYLIC FACETED BANGLE,2.95,1.6225000000000003,Review cost / returns
84509E,323.36,0.0,323.36,297.528,48.504,25.8688,-48.54080000000001,161,0,-0.15011380504700647,0.0,SET OF 4 CAROUSEL PLACEMATS,3.36,1.848,Review cost / returns
21881,554.95,0.0,554.95,476.19000000000005,83.2425,44.39600000000001,-48.878500000000045,1332,0,-0.08807730426164527,0.0,CUTE CATS TAPE,0.65,0.35750000000000004,Review cost / returns
47504H,1113.07,5.0,1108.07,901.1200000000001,166.9605,89.04560000000001,-49.05610000000011,1028,4,-0.04427166153762859,0.0038910505836575876,ENGLISH ROSE SPIRIT LEVEL,1.6,0.8800000000000001,Review cost / returns
84807,215.93,0.0,215.93,216.57350000000002,32.3895,17.2744,-50.3074,233,0,-0.2329801324503311,0.0,RED POPPY ARTIFICIAL FLOWER,1.69,0.9295,Review cost / returns
35816B,58.07,0.0,58.07,95.5625,8.7105,4.6456,-50.848600000000005,139,0,-0.8756431892543483,0.0,"ACRYLIC JEWEL ANGEL,BLUE",1.25,0.6875,Review cost / returns
47593B,1322.24,0.0,1322.24,1069.123,198.33599999999998,105.7792,-50.99820000000004,2342,0,-0.03856954864472414,0.0,SCOTTIE DOGS BABY BIB,0.83,0.4565,Review cost / returns
20935,580.38,17.700000000000003,562.6800000000001,480.26000000000005,87.057,46.4304,-51.067400000000035,302,6,-0.09075744650600702,0.019867549668874173,ROUND CACTUS CANDLE,2.95,1.6225000000000003,Review cost / returns
21292,1427.11,13.6,1413.51,1137.4275,214.0665,114.1688,-52.1528000000001,2449,16,-0.036895954043480485,0.006533278889342589,SMALL STRIPES CHOCOLATE GIFT BAG,0.85,0.4675,Review cost / returns
22512,971.17,0.0,971.17,800.25,145.6755,77.6936,-52.44910000000002,388,0,-0.05400609574018969,0.0,DOORSTOP RACING CAR DESIGN,3.75,2.0625,Review cost / returns
84799,530.03,35.16,494.87,425.5625,79.50450000000001,42.4024,-52.59940000000001,679,60,-0.10628932851051794,0.08836524300441827,SPRIG LAVENDER ARTIFICIAL FLOWER,1.25,0.6875,Review cost / returns
22264,1159.87,0.0,1159.87,945.7525,173.98049999999998,92.7896,-52.652600000000085,2023,0,-0.045395259813599875,0.0,FELT FARM ANIMAL WHITE BUNNY,0.85,0.4675,Review cost / returns
84806A,261.90999999999997,0.0,261.90999999999997,254.4025,39.2865,20.9528,-52.73180000000002,319,0,-0.20133557328853433,0.0,PINK CANDYSTUFT ARTIFICIAL FLOWER,1.45,0.7975,Review cost / returns
90086,182.79,0.0,182.79,193.64399999999998,27.418499999999998,14.623199999999999,-52.89569999999999,216,0,-0.2893796159527326,0.0,CRYSTAL FROG PHONE CHARM,1.63,0.8965,Review cost / returns
35951,717.99,0.0,717.99,606.034,107.69850000000001,57.43920000000001,-53.18169999999992,1352,0,-0.0740702516748143,0.0,FOLKART BAUBLE CHRISTMAS DECORATION,0.815,0.44825,Review cost / returns
22286,2245.2999999999997,0.0,2245.2999999999997,1782.3300000000002,336.79499999999996,179.624,-53.44900000000012,1964,0,-0.02380483677014213,0.0,DECORATION WOBBLY RABBIT METAL,1.65,0.9075,Review cost / returns
17011D,135.70000000000002,0.0,135.70000000000002,158.05625,20.355,10.856000000000002,-53.56725000000001,209,0,-0.3947476050110538,0.0,ORIGAMI ROSE INCENSE+FLOWER,1.375,0.7562500000000001,Review cost / returns
44217M,236.40000000000003,236.40000000000003,0.0,0.0,35.46,18.912000000000003,-54.37200000000001,72,72,,1.0,MULTICOLOUR FEATHERS CURTAIN,3.95,2.1725000000000003,Review cost / returns
72134,134.85,0.0,134.85,158.48250000000002,20.2275,10.788,-54.64800000000001,339,0,-0.40525027808676317,0.0,COLUMBIAN  CUBE CANDLE,0.85,0.4675,Review cost / returns
71403,659.0000000000001,5.9,653.1,557.2875,98.85000000000001,52.720000000000006,-55.75750000000002,177,2,-0.08537360281733275,0.011299435028248588,"PINK/WHITE ""KEEP CLEAN"" BULLET BIN",5.79,3.1845000000000003,Review cost / returns
35969,545.77,0.0,545.77,476.4375,81.8655,43.6616,-56.19460000000003,525,0,-0.10296388588599599,0.0,FOLKART CROWN TABLE DECORATIONS,1.65,0.9075,Review cost / returns
17014E,36.599999999999994,0.0,36.599999999999994,86.2125,5.49,2.928,-58.0305,95,0,-1.5855327868852462,0.0,ORIGAMI OPIUM INCENSE CONES,1.65,0.9075,Review cost / returns
17084P,228.0,0.0,228.0,234.465,34.2,18.24,-58.905000000000015,1015,0,-0.2583552631578948,0.0,DRAGONS BLOOD INCENSE,0.42,0.231,Review cost / returns
21331,946.6800000000001,38.25,908.4300000000001,750.3375000000001,142.002,75.73440000000001,-59.6439,110,3,-0.06565602192794161,0.02727272727272727,MOROCCAN BEATEN METAL DISH LARGE,12.75,7.0125,Review cost / returns
22503,3178.02,546.6999999999999,2631.3199999999997,1960.2275,476.703,254.2416,-59.85210000000014,141,22,-0.022746036209963117,0.15602836879432624,CABIN BAG VINTAGE PAISLEY,29.95,16.4725,Review cost / returns
21819,2281.46,0.0,2281.46,1818.1075,342.219,182.51680000000002,-61.38330000000022,3889,0,-0.02690527118599503,0.0,GLITTER CHRISTMAS STAR,0.85,0.4675,Review cost / returns
16244A,479.40999999999997,0.0,479.40999999999997,430.68300000000005,71.9115,38.3528,-61.537300000000045,186,0,-0.1283604847625207,0.0,MAXWELL 2 TONE PINK 60 PAGE PHOTO A,4.21,2.3155,Review cost / returns
16218,448.13,0.0,448.13,407.35200000000003,67.2195,35.8504,-62.291900000000034,4629,0,-0.13900408363644487,0.0,CARTOON  PENCIL SHARPENERS,0.16,0.08800000000000001,Review cost / returns
85032C,947.8900000000001,7.800000000000001,940.09,785.334,142.1835,75.83120000000001,-63.258699999999926,888,12,-0.06729004669765652,0.013513513513513514,CURIOUS IMAGES GIFT WRAP SET,1.63,0.8965,Review cost / returns
84927A,157.61,10.35,147.26000000000002,174.40500000000003,23.6415,12.608800000000002,-63.395300000000056,226,75,-0.43049911720766026,0.33185840707964603,WAKE UP COCKEREL TILE HOOK,2.1,1.1550000000000002,Review cost / returns
85007,399.62,13.950000000000001,385.67,358.05000000000007,59.943,31.9696,-64.29260000000009,143,3,-0.1667036585682062,0.02097902097902098,SET OF 3 VINTAGE TEA TIME BOXES,4.65,2.5575000000000006,Review cost / returns
16258B,221.48000000000002,0.0,221.48000000000002,234.92700000000002,33.222,17.718400000000003,-64.38740000000001,1017,0,-0.29071428571428576,0.0,DAISY ERASERS IN BAG,0.42,0.231,Review cost / returns
82616C,1030.0,3.75,1026.25,853.743,154.5,82.4,-64.393,634,3,-0.06274591961023143,0.00473186119873817,MIDNIGHT GLAMOUR SCARF KNITTING KIT,2.46,1.353,Review cost / returns
16225,1275.41,0.0,1275.41,1047.0625,191.3115,102.0328,-64.9968,1523,0,-0.050961494735026376,0.0,RATTLE SNAKE EGGS,1.25,0.6875,Review cost / returns
35646,1043.44,0.0,1043.44,868.626,156.516,83.4752,-65.17720000000003,642,0,-0.06246377367170132,0.0,VINTAGE BEAD PINK EVENING BAG,2.46,1.353,Review cost / returns
22871,289.39,0.0,289.39,288.4805,43.4085,23.1512,-65.65020000000003,127,0,-0.2268571823490792,0.0,NUMBER TILE COTTAGE GARDEN 3,4.13,2.2715,Review cost / returns
82616B,983.45,14.2,969.25,809.094,147.5175,78.676,-66.03750000000001,608,10,-0.06813257673458861,0.01644736842105263,FRAPPUCINO SCARF KNITTING KIT,2.46,1.353,Review cost / returns
22062,1261.15,7.93,1253.22,1030.9859999999999,189.17249999999999,100.89200000000001,-67.83049999999993,769,7,-0.05412497406680385,0.009102730819245773,CERAMIC BOWL WITH LOVE HEART DESIGN,2.46,1.353,Review cost / returns
84625B,279.0,10.2,268.8,272.58000000000004,41.849999999999994,22.32,-67.95000000000005,180,12,-0.2527901785714287,0.06666666666666667,BLCK NEW BAROQUE CANDLESTICK CANDLE,2.95,1.6225000000000003,Review cost / returns
84976,722.76,11.06,711.7,613.47,108.414,57.820800000000006,-68.00479999999999,674,14,-0.09555262048615988,0.020771513353115726,RECTANGULAR SHAPED MIRROR,1.69,0.9295,Review cost / returns
72819,1176.56,0.0,1176.56,974.7375000000001,176.48399999999998,94.1248,-68.78630000000014,695,0,-0.058463911742707673,0.0,CUPID DESIGN SCENTED CANDLES,2.55,1.4025,Review cost / returns
17014C,43.75,0.0,43.75,102.69875000000002,6.5625,3.5,-69.01125,97,0,-1.5774000000000001,0.0,ORIGAMI LAVENDER INCENSE CONES,1.925,1.05875,Review cost / returns
22872,311.3,0.0,311.3,308.92400000000004,46.695,24.904,-69.22300000000003,136,0,-0.22236749116607782,0.0,NUMBER TILE COTTAGE GARDEN 4,4.13,2.2715,Review cost / returns
22870,369.91999999999996,0.0,369.91999999999996,354.35400000000004,55.488,29.5936,-69.51560000000003,156,0,-0.1879206314878894,0.0,NUMBER TILE COTTAGE GARDEN 2,4.13,2.2715,Review cost / returns
85094,362.43,1.25,361.18,347.3965,54.3645,28.994400000000002,-69.57539999999999,762,1,-0.19263358989977292,0.0013123359580052493,CANDY SPOT EGG WARMER RABBIT,0.83,0.4565,Review cost / returns
47586A,275.53,0.0,275.53,283.305,41.329499999999996,22.0424,-71.14690000000004,202,0,-0.258218342830182,0.0,PINK FAIRY CAKE CUSHION COVER,2.55,1.4025,Review cost / returns
84809B,351.6,0.0,351.6,341.8800000000001,52.74,28.128,-71.14800000000011,296,0,-0.20235494880546104,0.0,PINK CHRYSANTHEMUMS ART FLOWER,2.1,1.1550000000000002,Review cost / returns
21043,1924.93,17.85,1907.08,1535.534,288.7395,153.9944,-71.18790000000003,679,3,-0.03732821905740715,0.004418262150220913,APRON MODERN VINTAGE COTTON,4.13,2.2715,Review cost / returns
22394,549.39,15.299999999999999,534.0899999999999,479.65500000000003,82.40849999999999,43.9512,-71.92470000000007,348,6,-0.13466775262596206,0.017241379310344827,PAPERWEIGHT KINGS CHOICE,2.55,1.4025,Review cost / returns
84661C,179.75,0.0,179.75,210.37500000000003,26.9625,14.38,-71.96750000000002,150,0,-0.40037552155771916,0.0,PINK SQUARE TABLE CLOCK,2.55,1.4025,Review cost / returns
35637C,331.14,0.0,331.14,327.25,49.671,26.4912,-72.27220000000003,100,0,-0.2182527027843209,0.0,PINK STRING CURTAIN WITH POLE,5.95,3.2725000000000004,Review cost / returns
84967C,419.85,0.0,419.85,395.75250000000005,62.9775,33.588,-72.46800000000005,9,0,-0.17260450160771715,0.0,GREEN KASHMIRI OCCASIONAL TABLE,79.95,43.972500000000004,Review cost / returns
47021G,541.96,0.0,541.96,490.1875,81.294,43.3568,-72.8783,713,0,-0.13447173223116096,0.0,SET/6 BEAD COASTERS GAUZE BAG GOLD,1.25,0.6875,Review cost / returns
84802B,430.35,0.0,430.35,404.3325,64.55250000000001,34.428,-72.96299999999998,435,0,-0.1695433949111188,0.0,PURPLE ANEMONE ARTIFICIAL FLOWER,1.69,0.9295,Review cost / returns
84661A,308.99,0.0,308.99,311.355,46.3485,24.7192,-73.43270000000004,222,0,-0.2376539693841226,0.0,WHITE SQUARE TABLE CLOCK,2.55,1.4025,Review cost / returns
84926D,365.34999999999997,0.0,365.34999999999997,355.00025,54.802499999999995,29.227999999999998,-73.68075000000002,773,0,-0.20167168468591767,0.0,LA PALMIERA TILE COASTER,0.835,0.45925,Review cost / returns
84858A,128.83,0.0,128.83,173.44250000000002,19.3245,10.3064,-74.24340000000001,53,0,-0.5762896840797951,0.0,NATURAL RIVIERA HANDBAG,5.95,3.2725000000000004,Review cost / returns
22869,393.63,1.95,391.68,377.069,59.0445,31.490399999999998,-75.92390000000003,167,1,-0.19384165645424845,0.005988023952095809,NUMBER TILE COTTAGE GARDEN 1,4.13,2.2715,Review cost / returns
72740A,141.23,0.0,141.23,184.82750000000001,21.1845,11.298399999999999,-76.0804,65,0,-0.538698576789634,0.0,LARGE STRAWBERRY CHOCOLATE CANDLE,5.17,2.8435,Review cost / returns
22880,234.17,0.0,234.17,256.6795,35.125499999999995,18.7336,-76.36860000000001,113,0,-0.32612461032583173,0.0,NUMBER TILE VINTAGE FONT 1,4.13,2.2715,Review cost / returns
44236,112.32000000000001,0.0,112.32000000000001,163.68000000000004,16.848,8.985600000000002,-77.19360000000003,64,0,-0.6872649572649575,0.0,PINK/PURPLE CIRCLE CURTAIN,4.65,2.5575000000000006,Review cost / returns
21617,2142.51,0.0,2142.51,1728.375,321.3765,171.4008,-78.64229999999999,838,0,-0.036705686321184025,0.0,4 LILY  BOTANICAL DINNER CANDLES,3.75,2.0625,Review cost / returns
22888,130.82999999999998,0.0,130.82999999999998,179.44850000000002,19.624499999999998,10.4664,-78.70940000000002,79,0,-0.6016158373461746,0.0,NUMBER TILE VINTAGE FONT 9,4.13,2.2715,Review cost / returns
84509G,2045.45,0.0,2045.45,1654.125,306.8175,163.636,-79.12849999999997,802,0,-0.0386851304114009,0.0,SET OF 4 FAIRY CAKE PLACEMATS,3.75,2.0625,Review cost / returns
84596J,622.99,7.5,615.49,553.4375,93.4485,49.8392,-81.23520000000002,811,6,-0.13198459763765458,0.007398273736128237,MIXED NUTS LIGHT GREEN BOWL,1.25,0.6875,Review cost / returns
21367,278.47999999999996,0.0,278.47999999999996,295.9275,41.772,22.278399999999998,-81.49790000000003,211,0,-0.2926526141913245,0.0,MIRRORED WALL ART GENTS,2.55,1.4025,Review cost / returns
71496A,148.01000000000002,0.0,148.01000000000002,195.93200000000002,22.2015,11.840800000000002,-81.96430000000001,244,0,-0.5537754205796905,0.0,A4 WALL TIDY BLUE OFFICE,1.46,0.803,Review cost / returns
85141,1355.99,62.05,1293.94,1064.25,203.3985,108.4792,-82.18770000000005,191,11,-0.06351739647897124,0.05759162303664921,JARDIN ETCHED GLASS FRUITBOWL,10.75,5.9125000000000005,Review cost / returns
84798B,492.90000000000003,10.2,482.70000000000005,451.605,73.935,39.432,-82.272,326,4,-0.17044126786824113,0.012269938650306749,PURPLE FOXGLOVE ARTIIFCIAL FLOWER,2.55,1.4025,Review cost / returns
21194,757.8000000000001,6.5,751.3000000000001,659.5050000000001,113.67,60.624,-82.49900000000014,581,10,-0.10980833222414499,0.01721170395869191,PINK  HONEYCOMB PAPER FAN,2.1,1.1550000000000002,Review cost / returns
22438,1958.46,0.0,1958.46,1590.5175,293.769,156.67680000000001,-82.50329999999997,1483,0,-0.04212661989522378,0.0,BALLOON ART MAKE YOUR OWN FLOWERS,1.95,1.0725,Review cost / returns
22884,217.26,0.0,217.26,249.865,32.589,17.3808,-82.57480000000001,110,0,-0.38007364448126674,0.0,NUMBER TILE VINTAGE FONT 5,4.13,2.2715,Review cost / returns
22879,134.4,0.0,134.4,186.263,20.159999999999997,10.751999999999999,-82.775,82,0,-0.6158854166666666,0.0,NUMBER TILE VINTAGE FONT 0,4.13,2.2715,Review cost / returns
22393,1464.47,111.00000000000001,1353.4699999999998,1099.5600000000002,219.6705,117.1576,-82.91810000000018,836,52,-0.06126334532719616,0.06220095693779904,PAPERWEIGHT VINTAGE COLLAGE,2.55,1.4025,Review cost / returns
85036B,1558.1599999999999,25.5,1532.6599999999999,1257.3000000000002,233.724,124.6528,-83.0168000000002,606,6,-0.05416517688202224,0.009900990099009901,CHOCOLATE 1 WICK MORRIS BOX CANDLE,3.81,2.0955000000000004,Review cost / returns
22883,213.04999999999998,1.95,211.1,245.322,31.957499999999996,17.044,-83.22350000000002,109,1,-0.3942373282804359,0.009174311926605505,NUMBER TILE VINTAGE FONT 4,4.13,2.2715,Review cost / returns
90087,249.55999999999997,42.5,207.06,233.98649999999998,37.434,19.9648,-84.32529999999998,311,50,-0.40725055539457156,0.1607717041800643,CRYSTAL SEA HORSE PHONE CHARM,1.63,0.8965,Review cost / returns
72801C,531.36,15.0,516.36,478.5,79.704,42.5088,-84.35280000000002,708,12,-0.1633604462003254,0.01694915254237288,4 ROSE PINK DINNER CANDLES,1.25,0.6875,Review cost / returns
21090,1733.1299999999999,14.04,1719.09,1405.5635,259.9695,138.6504,-85.09340000000005,3115,36,-0.04949909545166341,0.011556982343499198,SET/6 COLLAGE PAPER PLATES,0.83,0.4565,Review cost / returns
71143,514.4499999999999,0.85,513.5999999999999,480.41400000000004,77.16749999999999,41.156,-85.13750000000006,349,1,-0.1657661604361372,0.0028653295128939827,ANTIQUE SILVER BOOK MARK WITH BEADS,2.51,1.3805,Review cost / returns
22881,218.82,0.0,218.82,254.40800000000002,32.823,17.505599999999998,-85.91660000000002,112,0,-0.392635956493922,0.0,NUMBER TILE VINTAGE FONT 2,4.13,2.2715,Review cost / returns
21579,1569.85,38.25,1531.6,1257.3000000000002,235.4775,125.588,-86.7655000000001,1033,17,-0.05665023504831556,0.016456921587608905,LOLITA  DESIGN  COTTON TOTE BAG,2.25,1.2375,Review cost / returns
16119,130.71,0.0,130.71,187.6875,19.6065,10.456800000000001,-87.04079999999999,273,0,-0.6659077346798254,0.0,FUNKY GIRL ADDRESS BOOK,1.25,0.6875,Review cost / returns
21400,213.07,5.04,208.03,246.246,31.9605,17.0456,-87.22210000000003,1078,12,-0.4192765466519253,0.011131725417439703,RED PUDDING SPOON,0.42,0.231,Review cost / returns
16216,371.64,17.6,354.04,356.22400000000005,55.745999999999995,29.7312,-87.66120000000002,4158,110,-0.24760253078748168,0.026455026455026454,LETTER SHAPE PENCIL SHARPENER,0.16,0.08800000000000001,Review cost / returns
21401,315.7,0.0,315.7,331.947,47.355,25.256,-88.85800000000003,1437,0,-0.2814634146341465,0.0,BLUE PUDDING SPOON,0.42,0.231,Review cost / returns
20799,355.33,29.459999999999997,325.87,333.168,53.2995,28.4264,-89.02390000000001,200,8,-0.2731883880074877,0.04,PINK MILKSHAKE GLASS,3.1550000000000002,1.7352500000000002,Review cost / returns
85128,188.95000000000002,0.0,188.95000000000002,235.13600000000002,28.342499999999998,15.116,-89.64450000000004,167,0,-0.4744350357237366,0.0,PLANTPOT SINGLE HOOK PISTACHIO,2.56,1.4080000000000001,Review cost / returns
85039C,517.9599999999999,3.3,514.66,485.5125,77.69399999999999,41.4368,-89.98330000000003,537,2,-0.17484028290521905,0.0037243947858473,S/4 BLACK MINI ROSE CANDLE IN BOWL,1.65,0.9075,Review cost / returns
20700,1125.05,7.5,1117.55,949.4870000000001,168.7575,90.00399999999999,-90.69850000000005,420,2,-0.08115833743456674,0.004761904761904762,GREEN CAT FLORAL CUSHION COVER,4.13,2.2715,Review cost / returns
22833,4163.54,0.0,4163.54,3296.7000000000003,624.531,333.08320000000003,-90.77420000000048,120,0,-0.0218021683471278,0.0,HALL CABINET WITH 3 DRAWERS,49.95,27.472500000000004,Review cost / returns
22885,210.26,1.95,208.31,252.1365,31.538999999999998,16.8208,-92.18630000000002,112,1,-0.4425438049061496,0.008928571428571428,NUMBER TILE VINTAGE FONT 6,4.13,2.2715,Review cost / returns
79303B,339.57,0.0,339.57,354.3045,50.93549999999999,27.1656,-92.83560000000001,109,0,-0.27339164237123426,0.0,BLUE STAR BLOCK TABLE LAMP,5.91,3.2505,Review cost / returns
45016,423.73,22.5,401.23,398.1450000000001,63.5595,33.8984,-94.37290000000009,101,6,-0.23520898237918422,0.0594059405940594,DECORATIVE NET CANOPY LEOPARD,7.62,4.191000000000001,Review cost / returns
84984D,404.91,0.0,404.91,406.6425000000001,60.7365,32.3928,-94.86180000000007,159,0,-0.23427872860635712,0.0,ORIENTAL RED CUSHION COVER,4.65,2.5575000000000006,Review cost / returns
22701,1320.5700000000002,43.0,1277.57,1069.2275000000002,198.0855,105.6456,-95.38860000000011,675,16,-0.07466408885618801,0.023703703703703703,PINK DOG BOWL,2.95,1.6225000000000003,Review cost / returns
21116,7904.96,4.95,7900.01,6178.1224999999995,1185.744,632.3968,-96.25329999999961,1356,1,-0.012183946602599189,0.0007374631268436578,OWL DOORSTOP,8.29,4.5595,Review cost / returns
72800D,1040.61,5.1,1035.51,893.3925,156.0915,83.2488,-97.22280000000006,639,2,-0.0938888084132457,0.003129890453834116,4 BLUE DINNER CANDLES SILVER FLOCK,2.55,1.4025,Review cost / returns
20715,424.0,424.0,0.0,0.0,63.599999999999994,33.92,-97.52,400,400,,1.0,LITTLE FLOWER SHOPPER BAG,1.06,0.5830000000000001,Review cost / returns
35816P,137.43,0.0,137.43,204.1875,20.6145,10.9944,-98.3664,297,0,-0.7157563850687623,0.0,"ACRYLIC JEWEL ANGEL,PINK",1.25,0.6875,Review cost / returns
21823,2453.91,34.8,2419.1099999999997,1953.0775,368.0865,196.31279999999998,-98.3668000000001,2473,24,-0.040662392367440965,0.009704811969268095,PAINTED METAL HEART WITH HOLLY BELL,1.45,0.7975,Review cost / returns
21632,1088.97,12.75,1076.22,925.6500000000001,163.3455,87.11760000000001,-99.8931,133,1,-0.09281847577632826,0.007518796992481203,VINTAGE PINK DECORATIVE PARASOL,12.75,7.0125,Review cost / returns
84967B,1249.45,139.95,1109.5,923.4225000000001,187.4175,99.956,-101.29600000000008,24,3,-0.09129878323569182,0.125,BLUE KASHMIRI OCCASIONAL TABLE,79.95,43.972500000000004,Review cost / returns
22287,1447.3,4.68,1442.62,1211.5125,217.09499999999997,115.78399999999999,-101.77150000000007,1347,12,-0.07054629770833627,0.008908685968819599,DECORATION WOBBLY CHICKEN,1.65,0.9075,Review cost / returns
72811,340.45,0.0,340.45,364.6775,51.0675,27.236,-102.53099999999999,445,0,-0.3011631663974152,0.0,SMALL ZINC/GLASS CANDLEHOLDER,1.49,0.8195,Review cost / returns
84723,201.3,47.7,153.6,209.88000000000002,30.194999999999997,16.104,-102.57900000000001,54,6,-0.6678320312500001,0.1111111111111111,CHERRY BLOSSOM CANVAS ART PICTURE,7.95,4.3725000000000005,Review cost / returns
85031C,1017.48,0.0,1017.48,888.888,152.622,81.3984,-105.42840000000004,481,0,-0.10361717183630148,0.0,CURIOUS IMAGES SCRAP BOOK SET,3.36,1.848,Review cost / returns
84616,1472.62,119.8,1352.82,1120.13,220.89299999999997,117.8096,-106.01259999999999,72,4,-0.0783641578332668,0.05555555555555555,SILVER ROCCOCO CHANDELIER,29.95,16.4725,Review cost / returns
84916,646.4300000000001,0.0,646.4300000000001,604.3455,96.9645,51.7144,-106.59440000000004,261,0,-0.16489704995127086,0.0,HAND TOWEL PALE BLUE W FLOWERS,4.21,2.3155,Review cost / returns
16168S,126.82999999999998,0.0,126.82999999999998,204.6385,19.024499999999996,10.1464,-106.9794,1283,0,-0.8434865568083262,0.0,FUNKY MONKEY GIFT BAG SMALL,0.29,0.1595,Review cost / returns
84405A,1042.16,12.75,1029.41,897.6,156.32399999999998,83.37280000000001,-107.88679999999998,129,1,-0.10480449966485654,0.007751937984496124,S/3 PINK COL METAL BASKET W HANDLE,12.75,7.0125,Review cost / returns
84595E,723.5699999999999,3.29,720.28,662.277,108.53549999999998,57.8856,-108.4181000000001,367,1,-0.1505221580496475,0.0027247956403269754,LARGE TORTILLA DESIGN RED BOWL,3.29,1.8095,Review cost / returns
84926F,279.15,6.959999999999999,272.19,316.9375,41.872499999999995,22.332,-108.95200000000003,485,24,-0.4002792167236123,0.049484536082474224,PSYCHEDELIC TILE COASTER,1.25,0.6875,Review cost / returns
22266,1042.71,4.550000000000001,1038.16,907.6925000000001,156.4065,83.41680000000001,-109.35580000000004,2546,7,-0.10533617168837177,0.0027494108405341712,EASTER DECORATION HANGING BUNNY,0.65,0.35750000000000004,Review cost / returns
84510E,117.77,0.0,117.77,200.244,17.665499999999998,9.4216,-109.56110000000001,148,0,-0.9302971894370384,0.0,SET OF 4 GREEN CAROUSEL COASTERS,2.46,1.353,Review cost / returns
21303,985.54,76.44999999999999,909.09,792.4124999999999,147.831,78.8432,-109.99669999999998,96,11,-0.12099649099649097,0.11458333333333333,FILIGREE WALL MIRROR  ANTIQUE WHITE,16.95,9.3225,Review cost / returns
21167,587.52,10.5,577.02,552.09,88.128,47.001599999999996,-110.19960000000003,2440,50,-0.19098055526671526,0.020491803278688523,WHITE SAGE INCENSE,0.42,0.231,Review cost / returns
84341B,926.43,0.0,926.43,823.7350000000001,138.9645,74.1144,-110.38390000000011,1762,0,-0.11914974687779985,0.0,SMALL PINK MAGIC CHRISTMAS TREE,0.85,0.4675,Review cost / returns
84687,1214.01,37.65,1176.36,1007.9300000000002,182.1015,97.1208,-110.7923000000001,315,7,-0.09418230813696496,0.022222222222222223,BEACH HUT SHELF W 3 DRAWERS,5.95,3.2725000000000004,Review cost / returns
37492A,216.07,4.65,211.42,273.65250000000003,32.4105,17.2856,-111.92860000000006,108,1,-0.5294134897360707,0.009259259259259259,YELLOW RED FLOWER PIGGY BANK,4.65,2.5575000000000006,Review cost / returns
47583B,332.6,0.0,332.6,370.50750000000005,49.89,26.608,-114.40550000000002,27,0,-0.3439732411304871,0.0,SET OF 3 WICKER BASKET TEA AND CAKE,24.95,13.7225,Review cost / returns
21253,1231.0700000000002,0.0,1231.0700000000002,1063.623,184.66049999999998,98.4856,-115.69910000000007,334,0,-0.09398255176391274,0.0,SET OF PICTURE FRAME  STICKERS,5.79,3.1845000000000003,Review cost / returns
22344,807.89,0.0,807.89,740.0525,121.1835,64.63119999999999,-117.97720000000007,1583,0,-0.14603126663283375,0.0,PARTY PIZZA DISH PINK POLKADOT,0.85,0.4675,Review cost / returns
21697,295.08000000000004,0.0,295.08000000000004,345.774,44.262,23.6064,-118.56239999999997,372,0,-0.4017974786498575,0.0,SET 5 MINI DOUGHNUT FRIDGE MAGNET,1.69,0.9295,Review cost / returns
17014A,170.13,0.0,170.13,250.47,25.519499999999997,13.6104,-119.46990000000001,276,0,-0.7022271204373127,0.0,ORIGAMI VANILLA INCENSE CONES,1.65,0.9075,Review cost / returns
22688,4756.7,0.0,4756.7,3782.2125000000005,713.505,380.536,-119.5535000000006,865,0,-0.025133706140812034,0.0,DOORMAT PEACE ON EARTH BLUE,7.95,4.3725000000000005,Review cost / returns
22135,806.5699999999999,10.08,796.49,730.8565,120.98549999999999,64.5256,-119.87760000000003,1625,24,-0.1505073510025236,0.014769230769230769,MINI LADLE LOVE HEART PINK,0.83,0.4565,Review cost / returns
35599B,974.81,0.0,974.81,871.134,146.2215,77.9848,-120.53030000000001,268,0,-0.12364491541941508,0.0,BLACK CHRISTMAS TREE 120CM,5.91,3.2505,Review cost / returns
37379A,159.2,1.25,157.95,242.44,23.88,12.735999999999999,-121.106,41,1,-0.7667363089585312,0.024390243902439025,PINK CHERRY BLOSSOM CUP & SAUCER,11.02,6.061,Review cost / returns
22324,1797.06,15.6,1781.46,1490.104,269.55899999999997,143.7648,-121.96780000000015,664,8,-0.06846507920469735,0.012048192771084338,BLUE POLKADOT KIDS BAG,4.13,2.2715,Review cost / returns
22101,2790.27,128.45999999999998,2661.81,2143.152,418.5405,223.22160000000002,-123.10409999999987,1909,325,-0.04624826715655884,0.17024620220010478,MIRROR MOSAIC VOTIVE HOLDER,2.46,1.353,Review cost / returns
18094C,600.66,1.25,599.41,584.496,90.099,48.0528,-123.23780000000002,433,1,-0.2055985051967769,0.0023094688221709007,WHITE AND BLUE CERAMIC OIL BURNER,2.46,1.353,Review cost / returns
22069,2167.93,0.0,2167.93,1792.5600000000002,325.18949999999995,173.43439999999998,-123.25390000000013,970,0,-0.05685326555746732,0.0,BROWN  PIRATE TREASURE CHEST,3.36,1.848,Review cost / returns
85167A,396.8,81.0,315.8,348.2875000000001,59.52,31.744,-123.75150000000006,176,27,-0.3918666877770743,0.1534090909090909,WHITE GRAND BAROQUE PHOTO FRAME,4.25,2.3375000000000004,Review cost / returns
17129F,1684.58,11.659999999999998,1672.9199999999998,1409.298,252.68699999999998,134.7664,-123.83140000000003,1580,8,-0.07402111278483134,0.005063291139240506,BLUE GLASS GEMS IN BAG,1.63,0.8965,Review cost / returns
21285,1362.6200000000001,66.0,1296.6200000000001,1107.6450000000002,204.393,109.00960000000002,-124.42760000000018,1007,48,-0.09596304237170503,0.047666335650446874,RETROSPOT CANDLE  MEDIUM,2.1,1.1550000000000002,Review cost / returns
21634,1507.74,151.25,1356.49,1134.375,226.161,120.61919999999999,-124.66520000000001,1771,121,-0.09190277849449684,0.06832298136645963,ASSORTED MINI MADRAS NOTEBOOK,1.25,0.6875,Review cost / returns
84507C,634.64,20.4,614.24,593.2575,95.19599999999998,50.7712,-124.98470000000009,433,10,-0.20347860771034137,0.023094688221709007,BLUE CIRCLES DESIGN MONKEY DOLL,2.55,1.4025,Review cost / returns
22398,3705.37,120.0,3585.37,2858.625,555.8054999999999,296.4296,-125.49010000000001,4254,96,-0.03500059965917047,0.022566995768688293,MAGNETS PACK OF 4 SWALLOWS,1.25,0.6875,Review cost / returns
84805B,551.4000000000001,0.0,551.4000000000001,551.6500000000001,82.71000000000001,44.112,-127.07200000000005,340,0,-0.2304533913674284,0.0,BLUE CLIMBING HYDRANGA ART FLOWER,2.95,1.6225000000000003,Review cost / returns
21642,2578.87,172.33999999999997,2406.5299999999997,1941.0600000000002,386.8305,206.3096,-127.6701000000002,4418,266,-0.053051530627085564,0.06020823902218198,ASSORTED TUTTI FRUTTI PEN,0.85,0.4675,Review cost / returns
21796,2782.19,0.0,2782.19,2272.05,417.32849999999996,222.5752,-129.76369999999986,324,0,-0.046640847677548926,0.0,SET OF 3 RED STRIPE BASKETS,12.75,7.0125,Review cost / returns
75178,276.43,0.0,276.43,343.0625,41.4645,22.1144,-130.2114,499,0,-0.4710465578989256,0.0,ASSTD COL BUTTERFLY/CRYSTAL W/CHIME,1.25,0.6875,Review cost / returns
84371,257.1,0.0,257.1,329.175,38.565,20.568,-131.20800000000003,30,0,-0.510338389731622,0.0,BIG PINK POODLE,19.95,10.9725,Review cost / returns
84680,372.3,15.9,356.40000000000003,402.27000000000004,55.845,29.784000000000002,-131.49900000000002,94,2,-0.3689646464646465,0.02127659574468085,CLASSICAL ROSE URN,7.95,4.3725000000000005,Review cost / returns
21403,523.0699999999999,0.0,523.0699999999999,535.6890000000001,78.4605,41.8456,-132.92510000000004,2319,0,-0.254124878123387,0.0,BLUE EGG  SPOON,0.42,0.231,Review cost / returns
20879,75.60000000000001,201.60000000000002,-126.00000000000001,-9.652500000000002,11.34,6.048000000000001,-133.73550000000003,69,96,,1.391304347826087,TREE OF NOAH FESTIVE SCENTED CANDLE,0.65,0.35750000000000004,Review cost / returns
84782C,509.9,50.1,459.8,476.85,76.485,40.792,-134.327,74,6,-0.29214223575467596,0.08108108108108109,GREEN 3 TIER GLASS PLATE STAND,12.75,7.0125,Review cost / returns
72818,1305.23,25.919999999999998,1279.31,1114.52,195.78449999999998,104.4184,-135.4129000000001,2420,36,-0.10584838702112866,0.01487603305785124,CHRISTMAS DECOUPAGE CANDLE,0.85,0.4675,Review cost / returns
21402,333.42,0.42,333.0,392.007,50.013,26.6736,-135.69360000000003,1698,1,-0.40748828828828837,0.0005889281507656066,RED  EGG  SPOON,0.42,0.231,Review cost / returns
22346,614.03,0.0,614.03,609.62,92.10449999999999,49.1224,-136.81690000000006,1304,0,-0.22281794049150705,0.0,PARTY PIZZA DISH GREEN POLKADOT,0.85,0.4675,Review cost / returns
85034B,2611.64,0.0,2611.64,2147.8765000000003,391.746,208.9312,-136.91370000000018,1187,0,-0.05242441530992027,0.0,3 WHITE CHOC MORRIS BOXED CANDLES,3.29,1.8095,Review cost / returns
84877B,504.43,2.5,501.93,522.9455,75.6645,40.3544,-137.03440000000003,291,2,-0.2730149622457315,0.006872852233676976,GREEN ROUND COMPACT MIRROR,3.29,1.8095,Review cost / returns
22608,1580.6499999999999,31.93,1548.72,1323.1680000000001,237.0975,126.452,-137.99750000000012,5771,43,-0.0891042280076451,0.007451048345174146,PENS ASSORTED FUNKY JEWELED,0.42,0.231,Review cost / returns
21371,556.01,0.0,556.01,566.61,83.4015,44.480799999999995,-138.48230000000007,404,0,-0.24906440531645127,0.0,MIRRORED WALL ART POPPIES,2.55,1.4025,Review cost / returns
35004S,505.4,56.519999999999996,448.88,471.4875,75.80999999999999,40.432,-138.84950000000003,145,10,-0.30932431830333285,0.06896551724137931,SET OF 3 SILVER FLYING DUCKS,6.35,3.4925,Review cost / returns
84805A,212.85,0.0,212.85,303.1875,31.9275,17.028,-139.293,147,0,-0.6544186046511629,0.0,CREAM CLIMBING HYDRANGA ART FLOWER,3.75,2.0625,Review cost / returns
20804,592.51,69.6,522.91,526.6800000000001,88.8765,47.400800000000004,-140.04730000000004,333,48,-0.2678229523244919,0.14414414414414414,GLASS CHICKEN BUTTER DISH,3.36,1.848,Review cost / returns
79341,4423.6900000000005,2519.6000000000004,1904.0900000000001,1028.3624999999997,663.5535,353.89520000000005,-141.72119999999993,725,448,-0.07442988514198379,0.6179310344827587,WILLOW BRANCH LIGHTS.,6.75,3.7125000000000004,Review cost / returns
85180B,1022.1600000000001,0.0,1022.1600000000001,930.9300000000002,153.324,81.7728,-143.86680000000018,364,0,-0.14074782812866887,0.0,PINK HEARTS LIGHT CHAIN,4.65,2.5575000000000006,Review cost / returns
22100,713.64,0.0,713.64,693.6875,107.04599999999999,57.0912,-144.1847,1009,0,-0.20204122526764196,0.0,SKULLS SQUARE TISSUE BOX,1.25,0.6875,Review cost / returns
35638B,313.28999999999996,0.0,313.28999999999996,386.15500000000003,46.9935,25.0632,-144.92170000000002,118,0,-0.4625800376647835,0.0,PINK/BLUE STRING CURTAIN,5.95,3.2725000000000004,Review cost / returns
35096A,277.49,0.0,277.49,358.97400000000005,41.62349999999999,22.199199999999998,-145.30670000000003,777,0,-0.5236466178961405,0.0,BLUE VICTORIAN FABRIC HEART BOX,0.84,0.462,Review cost / returns
22345,711.17,15.299999999999999,695.87,678.3425000000001,106.67549999999999,56.8936,-146.04160000000007,1469,18,-0.20986908474284,0.012253233492171545,PARTY PIZZA DISH BLUE POLKADOT,0.85,0.4675,Review cost / returns
17084N,640.26,0.0,640.26,639.408,96.039,51.2208,-146.40780000000004,2768,0,-0.22866929060069352,0.0,FAIRY DREAMS INCENSE,0.42,0.231,Review cost / returns
21304,591.58,0.0,591.58,603.075,88.737,47.32640000000001,-147.5584,86,0,-0.24943101524730382,0.0,ARCHED GREY MIRROR,12.75,7.0125,Review cost / returns
20826,290.72,0.0,290.72,371.9512500000001,43.608,23.257600000000004,-148.0968500000001,355,0,-0.5094140410016513,0.0,SILVER APERITIF GLASS,1.905,1.0477500000000002,Review cost / returns
22647,931.23,34.8,896.43,830.995,139.68449999999999,74.4984,-148.74790000000002,1066,24,-0.16593364791450535,0.0225140712945591,CERAMIC LOVE HEART MONEY BANK,1.45,0.7975,Review cost / returns
21014,929.79,0.72,929.0699999999999,865.3425000000001,139.46849999999998,74.3832,-150.1242000000001,1852,1,-0.16158545642416622,0.0005399568034557236,SWISS CHALET TREE DECORATION,0.85,0.4675,Review cost / returns
21110,7736.12,38.9,7697.22,6069.937500000001,1160.418,618.8896,-152.02510000000058,1641,6,-0.019750650234760157,0.003656307129798903,LARGE CAKE TOWEL PINK SPOTS,6.75,3.7125000000000004,Review cost / returns
16051,84.69,0.0,84.69,217.37100000000004,12.703499999999998,6.775200000000001,-152.15970000000002,941,0,-1.7966666666666669,0.0,TEATIME PENCIL W STAMP ASST,0.42,0.231,Review cost / returns
84766,643.95,43.199999999999996,600.75,605.4125,96.5925,51.516,-152.77100000000004,201,16,-0.25430045776113197,0.07960199004975124,SILVER ROCOCO CANDLE STICK,5.95,3.2725000000000004,Review cost / returns
35817B,61.3,0.0,61.3,200.5575,9.194999999999999,4.904,-153.3565,143,0,-2.50173735725938,0.0,"ACRYLIC JEWEL SNOWFLAKE,BLUE",2.55,1.4025,Review cost / returns
85129D,1197.31,1.25,1196.06,1075.635,179.5965,95.78479999999999,-154.95630000000006,796,1,-0.12955562429978434,0.001256281407035176,BEADED CRYSTAL HEART PINK SMALL,2.46,1.353,Review cost / returns
85031A,943.44,0.0,943.44,881.4960000000001,141.516,75.4752,-155.04720000000003,477,0,-0.16434240651233786,0.0,ROMANTIC IMAGES SCRAP BOOK SET,3.36,1.848,Review cost / returns
35004G,1419.51,22.59,1396.9199999999998,1225.8675,212.92649999999998,113.5608,-155.43480000000014,359,8,-0.11126965037367935,0.022284122562674095,SET OF 3 GOLD FLYING DUCKS,6.35,3.4925,Review cost / returns
84830,1195.15,50.849999999999994,1144.3,1025.4750000000001,179.2725,95.61200000000001,-156.0595,113,3,-0.1363798828978415,0.02654867256637168,LARGE ENGLISH ARBORETUM,16.95,9.3225,Review cost / returns
35810A,1605.57,2.1,1603.47,1391.7750000000003,240.8355,128.4456,-157.58610000000033,1206,1,-0.0982781717150931,0.0008291873963515755,ENAMEL PINK COFFEE CONTAINER,2.1,1.1550000000000002,Review cost / returns
17012E,308.78999999999996,0.0,308.78999999999996,396.2035000000001,46.31849999999999,24.7032,-158.43520000000007,287,0,-0.5130839729265847,0.0,ORIGAMI OPIUM INCENSE/CANDLE SET,2.51,1.3805,Review cost / returns
21284,1670.41,50.64,1619.77,1394.25,250.56150000000002,133.6328,-158.67429999999996,1548,48,-0.09796100680960874,0.031007751937984496,RETROSPOT CANDLE  SMALL,1.69,0.9295,Review cost / returns
84595B,408.9,0.0,408.9,474.375,61.33499999999999,32.711999999999996,-159.52200000000002,230,0,-0.3901247248716068,0.0,LARGE TRIFLE DESIGN L BLUE BOWL,3.75,2.0625,Review cost / returns
72799C,783.1,0.0,783.1,764.1975000000001,117.465,62.648,-161.2105000000001,471,0,-0.20586195888136904,0.0,PINK PILLAR CANDLE SILVER FLOCK,2.95,1.6225000000000003,Review cost / returns
21775,1327.54,5.0,1322.54,1178.463,199.131,106.2032,-161.25720000000004,875,4,-0.12192992272445449,0.004571428571428572,DECORATIVE FLORE BATHROOM BOTTLE,2.46,1.353,Review cost / returns
20996,1688.6200000000001,5.88,1682.74,1455.9930000000002,253.293,135.0896,-161.63560000000012,6317,14,-0.09605500552670057,0.002216241886971664,JAZZ HEARTS ADDRESS BOOK,0.42,0.231,Review cost / returns
72799B,467.71000000000004,0.0,467.71000000000004,522.445,70.1565,37.4168,-162.3083000000001,322,0,-0.3470276453357852,0.0,PURPLE PILLAR CANDLE BLACK FLOCK,2.95,1.6225000000000003,Review cost / returns
47574A,797.73,1.5,796.23,775.269,119.6595,63.818400000000004,-162.51690000000002,575,2,-0.20410798387400628,0.0034782608695652175,ENGLISH ROSE SCENTED HANGING FLOWER,2.46,1.353,Review cost / returns
21088,1816.73,572.52,1244.21,990.1375000000002,272.5095,145.3384,-163.77540000000002,16615,7140,-0.13163003030035123,0.4297321697261511,SET/6 FRUIT SALAD PAPER CUPS,0.19,0.10450000000000001,Review cost / returns
22260,1599.02,13.6,1585.4199999999998,1385.989,239.85299999999998,127.9216,-168.3436,1562,16,-0.10618233654173659,0.010243277848911651,FELT EGG COSY BLUE RABBIT,1.63,0.8965,Review cost / returns
21698,401.56,0.0,401.56,477.8345,60.233999999999995,32.1248,-168.6333,533,0,-0.41994546269548755,0.0,MOCK LOBSTER FRIDGE MAGNET,1.63,0.8965,Review cost / returns
84313C,1442.3899999999999,0.0,1442.3899999999999,1280.9500000000003,216.3585,115.3912,-170.30970000000025,548,0,-0.11807465387308583,0.0,ORANGE TV TRAY TABLE,4.25,2.3375000000000004,Review cost / returns
37422,292.08,0.0,292.08,396.242,43.812,23.3664,-171.34040000000005,434,0,-0.5866214735688854,0.0,WHITE WITH BLACK CATS BOWL,1.66,0.913,Review cost / returns
85034A,2368.57,37.75,2330.82,1958.8250000000003,355.2855,189.4856,-172.77610000000033,849,11,-0.07412674509400138,0.012956419316843345,3 GARDENIA MORRIS BOXED CANDLES,4.25,2.3375000000000004,Review cost / returns
21160,558.9399999999999,30.259999999999998,528.68,574.9975000000001,83.841,44.7152,-174.8737,795,74,-0.3307741923280624,0.0930817610062893,KEEP OUT GIRLS DOOR HANGER,1.45,0.7975,Review cost / returns
21286,1623.01,30.599999999999998,1592.4099999999999,1394.085,243.45149999999998,129.8408,-174.9673000000002,1006,12,-0.10987578575869293,0.011928429423459244,RETROSPOT CANDLE  LARGE,2.55,1.4025,Review cost / returns
21375,820.1,0.0,820.1,807.092,123.01499999999999,65.608,-175.61499999999998,136,0,-0.21413851969272038,0.0,LARGE CAMPHOR WOOD FIELD MUSHROOM,10.79,5.9345,Review cost / returns
35598D,1312.2,0.65,1311.55,1186.625,196.83,104.976,-176.881,1727,1,-0.13486409210476155,0.0005790387955993051,PINK/WHITE CHRISTMAS TREE 60CM,1.25,0.6875,Review cost / returns
22442,4781.22,141.9,4639.32,3716.6250000000005,717.183,382.4976,-176.9856000000006,868,18,-0.03814903908331407,0.020737327188940093,GROW YOUR OWN FLOWERS SET OF 3,7.95,4.3725000000000005,Review cost / returns
84922,808.22,0.0,808.22,799.4250000000002,121.233,64.6576,-177.09560000000013,342,0,-0.2191180619138355,0.0,PINK BUTTERFLY WASHBAG,4.25,2.3375000000000004,Review cost / returns
21312,1185.92,25.35,1160.5700000000002,1065.4875,177.888,94.8736,-177.67910000000012,300,13,-0.15309640952290693,0.043333333333333335,LARGE CHUNKY GLASS ROMAN BOWL,6.75,3.7125000000000004,Review cost / returns
23125,574.88,0.0,574.88,621.0269999999999,86.232,45.9904,-178.3694,459,0,-0.31027240467575845,0.0,6PC WOOD PLATE SET DISPOSABLE,2.46,1.353,Review cost / returns
21628,3200.23,59.8,3140.43,2583.0035000000003,480.0345,256.0184,-178.62640000000025,165,4,-0.05687959929054309,0.024242424242424242,TRIANGULAR POUFFE VINTAGE,29.17,16.0435,Review cost / returns
21015,772.31,1.16,771.15,775.137,115.84649999999999,61.7848,-181.61830000000003,1702,4,-0.23551617713804063,0.0023501762632197414,DARK BIRD HOUSE TREE DECORATION,0.83,0.4565,Review cost / returns
21635,855.24,45.0,810.24,796.125,128.286,68.4192,-182.5902,398,12,-0.2253532286729858,0.03015075376884422,MADRAS NOTEBOOK LARGE,3.75,2.0625,Review cost / returns
84804B,537.3700000000001,2.95,534.4200000000001,593.835,80.6055,42.9896,-183.01010000000005,367,1,-0.34244620336065273,0.0027247956403269754,BLUE DELPHINIUM ARTIFICIAL FLOWER,2.95,1.6225000000000003,Review cost / returns
16239,492.17,0.0,492.17,563.0075,73.82549999999999,39.3736,-184.0366000000001,347,0,-0.3739289269967696,0.0,BALLERINA HEART DECORATION.,2.95,1.6225000000000003,Review cost / returns
16053,185.73,60.0,125.73,267.1515,27.8595,14.8584,-184.13940000000002,4313,2000,-1.464562157003102,0.46371435195919314,POPART COL BALLPOINT PEN ASST,0.21,0.1155,Review cost / returns
84826,878.43,102.0,776.43,759.6875,131.7645,70.2744,-185.29639999999998,1745,120,-0.23865177800960807,0.06876790830945559,ASSTD DESIGN 3D PAPER STICKERS,0.85,0.4675,Review cost / returns
17011F,336.20000000000005,0.0,336.20000000000005,444.6750000000001,50.43000000000001,26.896000000000004,-185.80100000000007,385,0,-0.5526502082093994,0.0,ORIGAMI SANDLEWOOD INCENSE+FLOWER,2.1,1.1550000000000002,Review cost / returns
84915,459.56,0.0,459.56,541.827,68.934,36.7648,-187.96580000000003,234,0,-0.40901253372791374,0.0,HAND TOWEL PINK FLOWER AND DAISY,4.21,2.3155,Review cost / returns
85204,461.92,0.12,461.8,544.6980000000001,69.288,36.9536,-189.13960000000006,2359,1,-0.4095703767864878,0.000423908435777872,HANGING WOOD AND FELT FLOWER,0.42,0.231,Review cost / returns
20823,555.47,18.6,536.87,600.7375000000001,83.3205,44.4376,-191.6256000000001,261,4,-0.35693110063888855,0.01532567049808429,GOLD WINE GOBLET,4.25,2.3375000000000004,Review cost / returns
21359,2148.38,39.8,2108.58,1807.1350000000002,322.25699999999995,171.8704,-192.6824000000002,210,4,-0.09138017054131226,0.01904761904761905,RELAX LARGE WOOD LETTERS,15.95,8.7725,Review cost / returns
84927E,224.31,19.56,204.75,346.5000000000001,33.6465,17.9448,-193.34130000000005,494,194,-0.9442798534798537,0.39271255060728744,FLOWERS TILE HOOK,2.1,1.1550000000000002,Review cost / returns
22889,335.52,27.3,308.21999999999997,424.7705,50.327999999999996,26.8416,-193.72010000000003,200,13,-0.6285124261890859,0.065,NUMBER TILE VINTAGE FONT No,4.13,2.2715,Review cost / returns
17012D,662.12,0.0,662.12,706.2660000000001,99.318,52.9696,-196.43360000000007,522,0,-0.29667371473448934,0.0,ORIGAMI ROSE INCENSE/CANDLE SET,2.46,1.353,Review cost / returns
23057,1783.52,636.15,1147.3700000000001,933.8175,267.528,142.6816,-196.6571000000001,776,433,-0.17139815403923764,0.5579896907216495,BEADED CHANDELIER T-LIGHT HOLDER,4.95,2.7225,Review cost / returns
16043,180.29999999999998,67.67999999999999,112.62,268.19100000000003,27.044999999999995,14.424,-197.04,2145,984,-1.7496004262120404,0.45874125874125876,POP ART PUSH DOWN RUBBER,0.42,0.231,Review cost / returns
21318,903.7199999999999,40.059999999999995,863.66,854.865,135.558,72.2976,-199.0606000000001,974,32,-0.23048491304448523,0.03285420944558522,GLASS CHALICE BLUE SMALL,1.65,0.9075,Review cost / returns
72045D,918.65,851.76,66.89,56.78750000000001,137.79749999999999,73.492,-201.187,539,504,-3.007729107489909,0.935064935064935,ROSES ON BLUE TEACUP CANDLE,2.95,1.6225000000000003,Review cost / returns
21809,2432.03,0.0,2432.03,2075.5625,364.8045,194.5624,-202.89939999999999,3019,0,-0.08342800047696779,0.0,CHRISTMAS HANGING TREE WITH BELL,1.25,0.6875,Review cost / returns
21127,1003.98,5.95,998.0300000000001,971.9325,150.597,80.31840000000001,-204.81790000000004,298,1,-0.2052221877097883,0.003355704697986577,COLOURFUL FISHING GNOME,5.95,3.2725000000000004,Review cost / returns
21208,976.91,17.64,959.27,940.1700000000001,146.5365,78.1528,-205.58930000000007,1078,42,-0.2143184921867671,0.03896103896103896,PASTEL COLOUR HONEYCOMB FAN,1.65,0.9075,Review cost / returns
20661,983.0100000000001,210.3,772.71,752.3725000000001,147.4515,78.6408,-205.7548,899,354,-0.26627686971826425,0.39377085650723026,BLUE POLKADOT PURSE,2.51,1.3805,Review cost / returns
18007,1043.4,120.0,923.4,890.7030000000001,156.51,83.47200000000001,-207.28500000000003,11397,2400,-0.22448018193632233,0.21058173203474598,ESSENTIAL BALM 3.5g TIN IN ENVELOPE,0.18,0.099,Review cost / returns
22268,1278.09,19.310000000000002,1258.78,1172.9575,191.71349999999998,102.2472,-208.1382000000001,2562,53,-0.16534914758734656,0.02068696330991413,DECORATION SITTING BUNNY,0.85,0.4675,Review cost / returns
23543,7019.01,0.0,7019.01,5612.887500000001,1052.8515,561.5208,-208.24980000000016,1237,0,-0.029669397821060258,0.0,WALL ART KEEP CALM,8.25,4.5375000000000005,Review cost / returns
16244B,765.02,0.0,765.02,798.8475,114.75299999999999,61.20159999999999,-209.7821,345,0,-0.27421779822749737,0.0,MAXWELL 2 TONE BLUE 60 PAGE PHOTO A,4.21,2.3155,Review cost / returns
72800C,929.9399999999999,0.0,929.9399999999999,928.455,139.49099999999999,74.3952,-212.40120000000005,662,0,-0.22840312278211503,0.0,4 PINK DINNER CANDLE SILVER FLOCK,2.55,1.4025,Review cost / returns
47585A,2620.38,18.75,2601.63,2213.0625,393.057,209.63039999999998,-214.1199,1086,13,-0.08230221053724011,0.011970534069981584,PINK FAIRY CAKE CUSHION COVER,3.75,2.0625,Review cost / returns
21627,3781.2999999999997,78.7,3702.6,3048.2650000000003,567.1949999999999,302.504,-215.3640000000003,196,6,-0.05816561335277921,0.030612244897959183,ELEPHANT CARNIVAL POUFFE,29.17,16.0435,Review cost / returns
21128,841.63,0.0,841.63,863.4780000000001,126.2445,67.33040000000001,-215.42290000000006,126,0,-0.25595915069567393,0.0,GOLD FISHING GNOME,12.46,6.853000000000001,Review cost / returns
21365,707.9200000000001,0.0,707.9200000000001,760.9525000000001,106.188,56.6336,-215.85410000000007,469,0,-0.30491312577692403,0.0,MIRRORED WALL ART STARS,2.95,1.6225000000000003,Review cost / returns
72801E,404.75,0.0,404.75,528.6875,60.7125,32.379999999999995,-217.03,769,0,-0.5362075355157505,0.0,4 FESTIVE GREEN DINNER CANDLES,1.25,0.6875,Review cost / returns
21849,1493.41,120.0,1373.41,1248.0545000000002,224.01149999999998,119.4728,-218.12880000000004,635,96,-0.15882278416496168,0.15118110236220472,SILVER DIAMANTE PEN IN GIFT BOX,4.21,2.3155,Review cost / returns
84705C,227.33,0.0,227.33,394.71299999999997,34.0995,18.1864,-219.66889999999998,162,0,-0.966299652487573,0.0,PINK FLOCK PHOTO FRAME,4.43,2.4365,Review cost / returns
72799F,2085.69,0.0,2085.69,1826.9350000000004,312.8535,166.8552,-220.95370000000023,1126,0,-0.10593793900339946,0.0,IVORY PILLAR CANDLE GOLD FLOCK,2.95,1.6225000000000003,Review cost / returns
84782A,840.45,76.5,763.95,792.4125,126.0675,67.236,-221.76600000000002,119,6,-0.29028863145493816,0.05042016806722689,PINK 3 TIER GLASS PLATE STAND,12.75,7.0125,Review cost / returns
21795,3734.9400000000005,12.75,3722.1900000000005,3085.5000000000005,560.241,298.7952,-222.34619999999984,441,1,-0.05973531711170032,0.0022675736961451248,SET OF 3 BLUE STRIPE BASKET,12.75,7.0125,Review cost / returns
90030B,292.08000000000004,0.0,292.08000000000004,449.52600000000007,43.812,23.366400000000002,-224.6244000000001,139,0,-0.7690509449465902,0.0,RED KUKUI COCONUT SEED NECKLACE,5.880000000000001,3.234000000000001,Review cost / returns
85031B,901.04,0.0,901.04,918.456,135.156,72.0832,-224.65520000000004,497,0,-0.2493287756370417,0.0,BLOSSOM IMAGES SCRAP BOOK SET,3.36,1.848,Review cost / returns
82076,403.64,0.0,403.64,535.9200000000001,60.546,32.2912,-225.11720000000003,290,0,-0.5577177683083937,0.0,BEECH WOOD PHOTO FRAME,3.36,1.848,Review cost / returns
85092,622.57,30.0,592.57,676.1975000000001,93.38550000000001,49.8056,-226.81860000000006,391,24,-0.3827709806436371,0.061381074168797956,CANDY SPOT TEA COSY,3.35,1.8425000000000002,Review cost / returns
22339,1386.1100000000001,81.93,1304.18,1212.2825000000003,207.9165,110.88880000000002,-226.90780000000012,3522,131,-0.17398503274087943,0.037194775695627486,CHRISTMAS TREE PAINTED ZINC,0.65,0.35750000000000004,Review cost / returns
84952C,705.01,0.0,705.01,771.375,105.75150000000001,56.4008,-228.5173,374,0,-0.324133416547283,0.0,MIRROR LOVE BIRD T-LIGHT HOLDER,3.75,2.0625,Review cost / returns
84657,523.43,0.0,523.43,631.7025000000001,78.5145,41.8744,-228.66140000000013,247,0,-0.43685191907227355,0.0,GREEN ROSE CUSHION COVER,4.65,2.5575000000000006,Review cost / returns
21179,3529.54,4.68,3524.86,2943.875,529.431,282.3632,-230.80919999999998,4294,12,-0.06548038787356093,0.0027945971122496508,NO JUNK MAIL METAL SIGN,1.25,0.6875,Review cost / returns
84926A,293.08,0.0,293.08,456.5,43.961999999999996,23.4464,-230.82840000000004,664,0,-0.7875951958509624,0.0,WAKE UP COCKEREL TILE COASTER,1.25,0.6875,Review cost / returns
72132,464.09999999999997,0.0,464.09999999999997,589.875,69.615,37.128,-232.518,550,0,-0.5010084033613446,0.0,COLUMBIAN CUBE CANDLE,1.95,1.0725,Review cost / returns
20748,14266.980000000001,0.0,14266.980000000001,11220.0,2140.047,1141.3584,-234.4253999999999,1600,0,-0.01643132604097012,0.0,KENSINGTON COFFEE SET,12.75,7.0125,Review cost / returns
22308,2085.0499999999997,66.3,2018.75,1775.928,312.7575,166.804,-236.73950000000025,677,26,-0.11727034055727567,0.03840472673559823,TEA COSY BLUE STRIPE,4.96,2.728,Review cost / returns
84748,1796.12,0.0,1796.12,1620.707,269.418,143.6896,-237.69460000000012,1174,0,-0.13233781707235603,0.0,FOLK FELT HANGING MULTICOL GARLAND,2.51,1.3805,Review cost / returns
84876D,604.27,47.5,556.77,655.875,90.6405,48.3416,-238.0871,332,14,-0.4276219983116906,0.04216867469879518,BLUE HEART COMPACT MIRROR,3.75,2.0625,Review cost / returns
21650,1196.3,7.16,1189.14,1153.2950000000003,179.445,95.70400000000001,-239.30400000000014,3254,28,-0.201241233160099,0.008604794099569761,ASSORTED TUTTI FRUTTI BRACELET,0.65,0.35750000000000004,Review cost / returns
84944,3210.7799999999997,244.45,2966.33,2468.4000000000005,481.61699999999996,256.8624,-240.5494000000003,1149,93,-0.08109327013515027,0.08093994778067885,SET OF 6 KASHMIR FOLKART BAUBLES,4.25,2.3375000000000004,Review cost / returns
20839,1018.11,0.0,1018.11,1027.0425000000002,152.7165,81.4488,-243.09780000000012,633,0,-0.23877360992427155,0.0,FRENCH PAISLEY CUSHION COVER,2.95,1.6225000000000003,Review cost / returns
21316,1149.06,5.9,1143.16,1122.7700000000002,172.35899999999998,91.9248,-243.89380000000017,694,2,-0.2133505371076666,0.002881844380403458,SMALL CHUNKY GLASS ROMAN  BOWL,2.95,1.6225000000000003,Review cost / returns
21391,1839.64,6.300000000000001,1833.3400000000001,1655.1150000000005,275.94599999999997,147.17120000000003,-244.8922000000003,1436,3,-0.13357707790153506,0.0020891364902506965,FRENCH LAVENDER SCENT HEART,2.1,1.1550000000000002,Review cost / returns
20701,721.49,0.0,721.49,801.8395,108.22349999999999,57.7192,-246.29220000000004,353,0,-0.3413660618996799,0.0,PINK CAT FLORAL CUSHION COVER,4.13,2.2715,Review cost / returns
20652,1033.54,0.0,1033.54,1045.6875,155.031,82.6832,-249.8617,1521,0,-0.24175329450238986,0.0,BLUE POLKADOT LUGGAGE TAG,1.25,0.6875,Review cost / returns
37482P,910.99,0.0,910.99,952.2975000000001,136.64849999999998,72.8792,-250.8352000000001,679,0,-0.2753435273713214,0.0,CUBIC MUG PINK POLKADOT,2.55,1.4025,Review cost / returns
22099,1592.02,30.0,1562.02,1448.5625,238.803,127.36160000000001,-252.7071,2131,24,-0.1617822435052048,0.011262318160488035,CARAVAN SQUARE TISSUE BOX,1.25,0.6875,Review cost / returns
37492C,477.29999999999995,4.65,472.65,616.3575000000001,71.59499999999998,38.184,-253.48650000000012,242,1,-0.5363091082196131,0.004132231404958678,GREEN BLUE FLOWER PIGGY BANK,4.65,2.5575000000000006,Review cost / returns
20714,649.8199999999999,0.0,649.8199999999999,756.0300000000001,97.473,51.9856,-255.66860000000005,1580,0,-0.39344526176479655,0.0,POSY SHOPPER BAG,0.87,0.47850000000000004,Review cost / returns
22074,2222.94,19.799999999999997,2203.14,1949.31,333.441,177.8352,-257.44620000000015,2160,12,-0.11685421716277684,0.005555555555555556,6 RIBBONS SHIMMERING PINKS,1.65,0.9075,Review cost / returns
22403,1202.53,15.0,1187.53,1174.9375,180.3795,96.2024,-263.98940000000005,1721,12,-0.22230124712638843,0.006972690296339338,MAGNETS PACK OF 4 VINTAGE LABELS,1.25,0.6875,Review cost / returns
35599D,1366.48,17.700000000000003,1348.78,1300.2,204.972,109.3184,-265.71039999999994,406,6,-0.1970005486439597,0.014778325123152709,PINK AND WHITE CHRISTMAS TREE 120CM,5.91,3.2505,Review cost / returns
21084,1008.8100000000001,4.5600000000000005,1004.25,1038.5375000000001,151.3215,80.7048,-266.3138000000002,2929,24,-0.2651867562857856,0.008193922840559918,SET/6 COLLAGE PAPER CUPS,0.65,0.35750000000000004,Review cost / returns
20902,1525.22,0.0,1525.22,1441.1760000000002,228.783,122.0176,-266.7566000000002,206,0,-0.1748971295944193,0.0,VINTAGE KEEPSAKE BOX PARIS DAYS,12.72,6.996000000000001,Review cost / returns
35095A,725.56,0.0,725.56,825.8085,108.83399999999999,58.0448,-267.1273,1809,0,-0.36816707095209217,0.0,BLUE VICTORIAN FABRIC OVAL BOX,0.83,0.4565,Review cost / returns
22123,1700.93,142.8,1558.1299999999999,1435.5880000000002,255.1395,136.0744,-268.67190000000016,656,24,-0.172432274585561,0.036585365853658534,PING MICROWAVE APRON,4.13,2.2715,Review cost / returns
17012F,680.65,0.0,680.65,792.8580000000001,102.0975,54.452,-268.75750000000005,586,0,-0.39485418350106527,0.0,ORIGAMI SANDLEWOOD INCENSE/CAND SET,2.46,1.353,Review cost / returns
21294,1658.75,0.0,1658.75,1546.875,248.8125,132.7,-269.6375,2250,0,-0.16255463451394123,0.0,ETCHED GLASS COASTER,1.25,0.6875,Review cost / returns
22134,1044.0,5.04,1038.96,1069.5795,156.6,83.52,-270.7395000000001,2355,12,-0.26058702933702943,0.005095541401273885,MINI LADLE LOVE HEART RED,0.83,0.4565,Review cost / returns
21360,2800.36,19.9,2780.46,2407.9,420.054,224.02880000000002,-271.52280000000013,442,2,-0.09765391338123912,0.004524886877828055,JOY LARGE WOOD LETTERS,9.95,5.4725,Review cost / returns
71028B,227.48000000000002,0.0,227.48000000000002,448.305,34.122,18.198400000000003,-273.1454,494,0,-1.2007446808510638,0.0,SILVER BLUE EGG T-LIGHT HOLDER,1.65,0.9075,Review cost / returns
20705,996.19,1.95,994.24,1039.72,149.42849999999999,79.6952,-274.60370000000006,273,1,-0.2761945807853235,0.003663003663003663,MRS ROBOT SOFT TOY,6.95,3.8225000000000002,Review cost / returns
35923,1025.02,4.14,1020.88,1060.125,153.753,82.0016,-274.9996,1546,4,-0.26937504897735287,0.00258732212160414,CANDY HEART HANGING DECORATION,1.25,0.6875,Review cost / returns
21850,1077.93,153.0,924.93,953.9860000000001,161.68949999999998,86.2344,-276.97990000000004,448,36,-0.299460391597202,0.08035714285714286,BLUE  DIAMANTE PEN IN GIFT BOX,4.21,2.3155,Review cost / returns
84684,720.6999999999999,51.0,669.6999999999999,781.1925,108.10499999999999,57.656,-277.2535000000001,609,52,-0.4139965656264001,0.08538587848932677,BEACH HUT PHOTO FRAME,2.55,1.4025,Review cost / returns
17014D,204.36,0.0,204.36,434.6925,30.654,16.3488,-277.3353,479,0,-1.3570918966529653,0.0,ORIGAMI ROSE INCENSE CONES,1.65,0.9075,Review cost / returns
21261,1146.1200000000001,0.0,1146.1200000000001,1161.1490000000001,171.918,91.6896,-278.6366000000001,283,0,-0.24311293756325697,0.0,GREEN GOOSE FEATHER CHRISTMAS TREE,7.46,4.103000000000001,Review cost / returns
20662,471.33000000000004,51.00000000000001,420.33000000000004,590.854,70.6995,37.7064,-278.9298999999999,728,300,-0.6635974115575854,0.41208791208791207,FIRST CLASS HOLIDAY PURSE,2.51,1.3805,Review cost / returns
21710,2239.96,54.45,2185.5099999999998,1949.3100000000002,335.99399999999997,179.1968,-278.9908000000001,727,11,-0.1276547808063107,0.015130674002751032,FOLDING UMBRELLA PINKWHITE POLKADOT,4.95,2.7225,Review cost / returns
46118,513.58,0.0,513.58,674.9435000000001,77.03699999999999,41.0864,-279.4869000000001,373,0,-0.5441935044199542,0.0,FUNKY MONKEY CUSHION COVER,3.29,1.8095,Review cost / returns
22105,1294.7,232.25,1062.45,1044.2905,194.20499999999998,103.57600000000001,-279.6215000000001,692,241,-0.2631855616734906,0.34826589595375723,MIRROR MOSAIC GOBLET CANDLE HOLDER,4.21,2.3155,Review cost / returns
72131,696.18,31.2,664.98,787.215,104.42699999999999,55.6944,-282.35640000000006,750,16,-0.42460886041685475,0.021333333333333333,COLUMBIAN CANDLE RECTANGLE,1.95,1.0725,Review cost / returns
84984C,401.16,0.0,401.16,593.3400000000001,60.174,32.092800000000004,-284.4468000000001,232,0,-0.7090607239006882,0.0,ORIENTAL BLUE CUSHION COVER,4.65,2.5575000000000006,Review cost / returns
22461,3620.56,625.6999999999999,2994.86,2447.3625,543.084,289.64480000000003,-285.2313000000001,411,62,-0.095240278343562,0.15085158150851583,SAVOY ART DECO CLOCK,12.75,7.0125,Review cost / returns
17011C,221.4,0.0,221.4,456.01875,33.21,17.712,-285.54075000000006,335,0,-1.2897052845528458,0.0,ORIGAMI LAVENDER INCENSE+FLOWER,2.475,1.36125,Review cost / returns
21209,1368.04,38.029999999999994,1330.01,1305.8925000000002,205.206,109.4432,-290.5317000000001,1476,37,-0.21844324478763327,0.025067750677506776,MULTICOLOUR HONEYCOMB FAN,1.65,0.9075,Review cost / returns
20730,1011.7,13.75,997.95,1056.0495,151.755,80.936,-290.7905000000002,2218,11,-0.2913878450824191,0.004959422903516681,STRAWBERRY CANDY BAG,0.87,0.47850000000000004,Review cost / returns
72739B,328.39000000000004,0.0,328.39000000000004,543.917,49.2585,26.2712,-291.05670000000003,394,0,-0.8863141386765736,0.0,WHITE CHOCOLATE SCENT CANDLE,2.51,1.3805,Review cost / returns
22093,1436.82,53.160000000000004,1383.66,1344.9810000000002,215.523,114.94560000000001,-291.7896000000002,2355,48,-0.2108824422184642,0.02038216560509554,MOTORING TISSUE BOX,1.06,0.5830000000000001,Review cost / returns
72801G,811.12,0.0,811.12,917.8125,121.66799999999999,64.8896,-293.25010000000003,1335,0,-0.36153725712594936,0.0,4 BURGUNDY WINE DINNER CANDLES,1.25,0.6875,Review cost / returns
16049,560.48,0.0,560.48,732.0390000000001,84.07199999999999,44.8384,-300.46940000000006,3169,0,-0.5360929917213818,0.0,TEATIME GEL PENS ASST,0.42,0.231,Review cost / returns
22115,5703.950000000001,2.95,5701.0,4690.647500000001,855.5925,456.31600000000003,-301.5560000000004,2892,1,-0.05289528152955628,0.00034578146611341634,METAL SIGN EMPIRE TEA,2.95,1.6225000000000003,Review cost / returns
21065,1473.21,39.910000000000004,1433.3,1398.5620000000001,220.98149999999998,117.8568,-304.10030000000006,611,7,-0.21216793413800325,0.011456628477905073,BOOM BOX SPEAKER GIRLS,4.21,2.3155,Review cost / returns
22091,2492.73,68.75,2423.98,2155.3125,373.9095,199.41840000000002,-304.6604,3190,55,-0.1256860205117204,0.017241379310344827,EMPIRE TISSUE BOX,1.25,0.6875,Review cost / returns
17012B,867.4499999999999,0.0,867.4499999999999,975.513,130.11749999999998,69.396,-307.57650000000007,721,0,-0.3545754798547468,0.0,ORIGAMI JASMINE INCENSE/CANDLE SET,2.46,1.353,Review cost / returns
79338,252.29000000000002,0.0,252.29000000000002,501.84749999999997,37.8435,20.1832,-307.58419999999995,553,0,-1.2191692100360694,0.0,DARK PINK FLOCK GLASS CANDLEHOLDER,1.65,0.9075,Review cost / returns
17011A,179.56,0.0,179.56,452.90025,26.934,14.3648,-314.63905,261,0,-1.752278068612163,0.0,ORIGAMI VANILLA INCENSE+FLOWER,3.1550000000000002,1.7352500000000002,Review cost / returns
72799A,877.8000000000001,0.0,877.8000000000001,992.9700000000003,131.67,70.224,-317.0640000000002,612,0,-0.3612030075187972,0.0,BLACK PILLAR CANDLE SILVER FLOCK,2.95,1.6225000000000003,Review cost / returns
21654,824.89,0.0,824.89,953.0125,123.73349999999999,65.9912,-317.84720000000004,1195,0,-0.3853207094279238,0.0,RIDGED GLASS FINGER BOWL,1.45,0.7975,Review cost / returns
35471D,1613.57,2.5,1611.07,1557.875,242.03549999999998,129.0856,-317.9261,2268,2,-0.19733847691285916,0.0008818342151675485,SET OF 3 BIRD LIGHT PINK FEATHER,1.25,0.6875,Review cost / returns
21851,1478.51,0.0,1478.51,1456.4495000000002,221.7765,118.2808,-317.9968000000001,629,0,-0.21507923517595426,0.0,LILAC DIAMANTE PEN IN GIFT BOX,4.21,2.3155,Review cost / returns
22104,968.0799999999999,0.0,968.0799999999999,1064.1454999999999,145.212,77.4464,-318.72389999999996,1187,0,-0.3292330179324023,0.0,MIRROR MOSAIC CANDLE PLATE,1.63,0.8965,Review cost / returns
20670,378.85,86.4,292.45000000000005,527.351,56.8275,30.308000000000003,-322.03649999999993,694,312,-1.1011677209779445,0.4495677233429395,VIP HOLIDAY PURSE,2.51,1.3805,Review cost / returns
21379,712.96,0.0,712.96,875.3910000000001,106.944,57.0368,-326.4118,647,0,-0.45782624551166967,0.0,CAMPHOR WOOD PORTOBELLO MUSHROOM,2.46,1.353,Review cost / returns
47504F,198.11,0.0,198.11,479.15999999999997,29.716499999999996,15.8488,-326.61529999999993,528,0,-1.6486563020544138,0.0,ENGLISH ROSE TORCH,1.65,0.9075,Review cost / returns
62094B,677.99,0.0,677.99,848.815,101.6985,54.2392,-326.76270000000005,305,0,-0.4819579934807299,0.0,TURQ ICE CREAM BUM BAG,5.06,2.783,Review cost / returns
84797A,3361.25,0.0,3361.25,2915.341,504.1875,268.9,-327.1784999999999,481,0,-0.09733834139085158,0.0,PINK HAWAIIAN PICNIC HAMPER FOR 4,11.02,6.061,Review cost / returns
79323B,1572.45,1557.2,15.250000000000028,-18.5625,235.8675,125.796,-327.851,243,248,-21.498426229508155,1.0205761316872428,BLACK CHERRY LIGHTS,6.75,3.7125000000000004,Review cost / returns
84925F,875.66,0.0,875.66,1002.7875,131.349,70.0528,-328.5293000000001,715,0,-0.37517906493387854,0.0,PSYCHEDELIC WALL THERMOMETER,2.55,1.4025,Review cost / returns
84984A,462.12,9.3,452.82,675.1800000000002,69.318,36.9696,-328.6476000000002,266,2,-0.7257797800450514,0.007518796992481203,GREEN PEONY CUSHION COVER,4.65,2.5575000000000006,Review cost / returns
72800F,1067.84,0.0,1067.84,1157.0625,160.17600000000002,85.4272,-334.8257000000001,825,0,-0.3135541841474379,0.0,4 IVORY DINNER CANDLES GOLD FLOCK,2.55,1.4025,Review cost / returns
20888,547.74,0.0,547.74,756.9375,82.161,43.8192,-335.1777,367,0,-0.6119284697119072,0.0,SET 3 JARDIN DE FEMME SCENT CANDLES,3.75,2.0625,Review cost / returns
20704,1371.42,27.8,1343.6200000000001,1364.6325000000002,205.713,109.7136,-336.43910000000005,361,4,-0.25039750822405143,0.0110803324099723,MR ROBOT SOFT TOY,6.95,3.8225000000000002,Review cost / returns
21067,3840.67,39.760000000000005,3800.91,3255.3125,576.1005,307.2536,-337.75659999999993,4771,36,-0.08886203567040524,0.007545587927059317,VINTAGE RED TEATIME MUG,1.25,0.6875,Review cost / returns
21631,1571.75,0.0,1571.75,1549.7625,235.7625,125.74000000000001,-339.515,221,0,-0.21601081596946078,0.0,HIPPY CHIC DECORATIVE PARASOL,12.75,7.0125,Review cost / returns
21377,742.56,19.200000000000003,723.36,893.8930000000001,111.38399999999999,59.4048,-341.3218000000001,518,24,-0.4718560606060607,0.04633204633204633,SMALL CAMPHOR WOOD FIELD  MUSHROOM,3.29,1.8095,Review cost / returns
21344,749.82,37.75,712.07,881.0725,112.473,59.9856,-341.4611,166,5,-0.4795330515258331,0.030120481927710843,MOROCCAN BEATEN METAL DISH,9.95,5.4725,Review cost / returns
20803,886.6999999999999,38.459999999999994,848.24,986.4525,133.005,70.93599999999999,-342.1535000000002,1161,74,-0.4033687399792514,0.06373815676141258,SMALL PINK GLASS SUNDAE DISH,1.65,0.9075,Review cost / returns
85035B,2552.04,0.0,2552.04,2311.7875000000004,382.806,204.1632,-346.71670000000034,989,0,-0.13585864641620052,0.0,CHOCOLATE 3 WICK MORRIS BOX CANDLE,4.25,2.3375000000000004,Review cost / returns
85144,1058.0,14.5,1043.5,1148.4,158.7,84.64,-348.24,290,2,-0.33372304743651177,0.006896551724137931,JARDIN ETCHED GLASS CHEESE DISH,7.25,3.9875000000000003,Review cost / returns
10123G,165.55999999999997,66.24,99.32,410.05250000000007,24.833999999999996,13.2448,-348.8113,2251,1104,-3.511994563028595,0.49044868947134607,ARMY CAMO WRAPPING TAPE,0.65,0.35750000000000004,Review cost / returns
17012A,806.16,0.0,806.16,982.278,120.92399999999999,64.4928,-361.5348000000001,726,0,-0.4484653170586485,0.0,ORIGAMI VANILLA INCENSE/CANDLE SET,2.46,1.353,Review cost / returns
20801,1427.1,24.0,1403.1,1436.886,214.065,114.168,-362.01900000000006,1094,32,-0.2580136839854608,0.029250457038391225,LARGE PINK GLASS SUNDAE DISH,2.46,1.353,Review cost / returns
85018D,977.55,38.25,939.3,1078.5225,146.6325,78.204,-364.05900000000014,790,21,-0.3875854359629513,0.026582278481012658,YULETIDE IMAGES S/6 PAPER BOXES,2.55,1.4025,Review cost / returns
16243B,441.77,0.0,441.77,704.2640000000001,66.2655,35.3416,-364.1011000000001,212,0,-0.8241870203952285,0.0,BROWN COZY SQUARE PHOTO ALBUM,6.04,3.3220000000000005,Review cost / returns
21307,654.2700000000001,2.1,652.1700000000001,866.2500000000001,98.1405,52.34160000000001,-364.56210000000016,751,1,-0.5589985739914441,0.0013315579227696406,SET/4 BUTTERFLY MIRROR MAGNETS,2.1,1.1550000000000002,Review cost / returns
51020B,488.11999999999995,0.58,487.53999999999996,743.875,73.21799999999999,39.0496,-368.60260000000005,1084,2,-0.7560458629035568,0.0018450184501845018,STRIPY DESIGN SHOWER CAP,1.25,0.6875,Review cost / returns
72800A,750.91,0.0,750.91,949.4925000000001,112.6365,60.0728,-371.29179999999997,677,0,-0.49445579363705366,0.0,S/4 BLACK DINNER CANDLE SILVER FLOC,2.55,1.4025,Review cost / returns
37467,328.51,0.0,328.51,626.1255000000001,49.2765,26.2808,-373.1728000000001,273,0,-1.1359556786703604,0.0,PIG MUG IN TWO COLOUR DESIGNS,4.17,2.2935000000000003,Review cost / returns
23521,793.37,0.0,793.37,985.831,119.0055,63.4696,-374.93609999999995,413,0,-0.47258668716992064,0.0,WALL ART CAT AND BIRD,4.34,2.387,Review cost / returns
21308,705.9,15.9,690.0,904.4750000000001,105.885,56.472,-376.8320000000001,132,2,-0.5461333333333335,0.015151515151515152,LOUVRE VANITY MIRROR,12.65,6.9575000000000005,Review cost / returns
22102,1206.54,282.45,924.0899999999999,1025.475,180.981,96.5232,-378.8892,1851,721,-0.410013310391845,0.3895191788222582,MIRROR MOSAIC T-LIGHT HOLDER,1.65,0.9075,Review cost / returns
85180A,1636.42,69.75,1566.67,1570.3050000000003,245.463,130.9136,-380.01160000000027,629,15,-0.24256007965940515,0.02384737678855326,RED HEARTS LIGHT CHAIN,4.65,2.5575000000000006,Review cost / returns
82081,451.35,0.0,451.35,729.2340000000002,67.7025,36.108,-381.6945000000001,174,0,-0.8456729810568298,0.0,PINK HEARTS PHOTO ALBUM,7.62,4.191000000000001,Review cost / returns
84820,900.95,35.7,865.25,1043.9275,135.14249999999998,72.07600000000001,-385.89600000000013,325,6,-0.4459936434556488,0.018461538461538463,DANISH ROSE TRINKET TRAYS,5.95,3.2725000000000004,Review cost / returns
85166B,864.1,0.0,864.1,1051.875,129.615,69.128,-386.518,510,0,-0.4473070246499247,0.0,BLACK METAL BAROQUE PHOTO FRAME,3.75,2.0625,Review cost / returns
21040,1125.85,0.0,1125.85,1253.835,168.8775,90.068,-386.93050000000017,894,0,-0.34367855398143643,0.0,MODERN VINTAGE COTTON SHOPPING BAG,2.55,1.4025,Review cost / returns
22163,2238.07,179.05000000000004,2059.02,1932.3975000000003,335.7105,179.0456,-388.1336000000002,1270,79,-0.1885040456139329,0.06220472440944882,HEART STRING MEMO HOLDER HANGING,2.95,1.6225000000000003,Review cost / returns
23055,1401.43,690.72,710.71,776.8750000000002,210.2145,112.11439999999999,-388.49390000000005,658,432,-0.5466278791630905,0.6565349544072948,IVORY CHANDELIER T-LIGHT HOLDER,6.25,3.4375000000000004,Review cost / returns
37492D,682.9899999999999,13.2,669.79,902.7975000000001,102.44849999999998,54.639199999999995,-390.09520000000026,361,8,-0.5824141895220895,0.0221606648199446,PURPLE GREEN FLOWER PIGGY BANK,4.65,2.5575000000000006,Review cost / returns
21311,547.21,7.83,539.38,808.5000000000002,82.0815,43.7768,-394.9783000000001,727,27,-0.7322820645926806,0.037138927097661624,SET/4 BIRD MIRROR MAGNETS,2.1,1.1550000000000002,Review cost / returns
72800B,1284.43,5.1,1279.33,1382.865,192.6645,102.7544,-398.95390000000003,988,2,-0.31184596624795796,0.0020242914979757085,4 PURPLE FLOCK DINNER CANDLES,2.55,1.4025,Review cost / returns
17109A,333.61,0.0,333.61,659.0155,50.0415,26.6888,-402.1358,709,0,-1.205406912262822,0.0,FLOWER FAIRY INCENSE LILY,1.69,0.9295,Review cost / returns
72487,355.05,0.0,355.05,677.7265,53.2575,28.404,-404.33799999999997,827,0,-1.1388198845233064,0.0,ROSES WHITE ROUND CANDLE,1.49,0.8195,Review cost / returns
22656,9290.0,2368.5,6921.5,5192.0,1393.5,743.2,-407.1999999999999,45,13,-0.058831178212815124,0.28888888888888886,VINTAGE BLUE KITCHEN CABINET,295.0,162.25,Review cost / returns
85222,1581.7800000000002,2.75,1579.0300000000002,1622.7750000000003,237.267,126.54240000000001,-407.5544000000002,1407,2,-0.25810427920938817,0.0014214641080312722,ASSORTED COLOUR SILK COSMETIC PURSE,2.1,1.1550000000000002,Review cost / returns
21011,1389.75,4.35,1385.3999999999999,1473.78,208.4625,111.17999999999999,-408.02250000000004,1851,3,-0.2945160242529234,0.0016207455429497568,GLITTER SNOW PEAR TREE DECORATION,1.45,0.7975,Review cost / returns
84984B,541.3,9.3,532.0,818.4000000000001,81.19500000000001,43.304,-410.89900000000017,322,2,-0.7723665413533838,0.006211180124223602,RED PEONY CUSHION COVER,4.65,2.5575000000000006,Review cost / returns
84813,3300.7599999999998,3.95,3296.81,2952.2625000000003,495.114,264.06080000000003,-414.62730000000005,422,1,-0.12576621036699115,0.002369668246445498,SET OF 4 DIAMOND NAPKIN RINGS,12.75,7.0125,Review cost / returns
84631,1114.11,23.85,1090.26,1250.5350000000003,167.1165,89.1288,-416.52030000000013,289,3,-0.382037587364482,0.010380622837370242,FRUIT TREE AND BIRDS WALL PLAQUE,7.95,4.3725000000000005,Review cost / returns
22094,2652.25,73.72,2578.53,2386.3125,397.8375,212.18,-417.8,3563,92,-0.1620303040879881,0.02582093741229301,RED RETROSPOT TISSUE BOX,1.25,0.6875,Review cost / returns
84625A,1193.0,64.80000000000001,1128.2,1272.0400000000002,178.95,95.44,-418.2300000000002,838,54,-0.370705548661585,0.06443914081145585,PINK NEW BAROQUECANDLESTICK CANDLE,2.95,1.6225000000000003,Review cost / returns
84510F,435.25,2.5,432.75,755.5625,65.2875,34.82,-422.91999999999996,1101,2,-0.9772848064702483,0.0018165304268846503,SET OF 4 NEW ENGLAND COASTERS,1.25,0.6875,Review cost / returns
84706A,325.88,0.0,325.88,674.3825,48.882,26.0704,-423.4549000000001,137,0,-1.2994197250521669,0.0,ENGLISH ROSE TABLE CLOCK,8.95,4.9225,Review cost / returns
21824,2354.75,34.8,2319.95,2201.8975,353.2125,188.38,-423.5400000000001,2785,24,-0.1825642794025734,0.008617594254937163,PAINTED METAL STAR WITH HOLLY BELLS,1.45,0.7975,Review cost / returns
21066,1503.42,15.0,1488.42,1566.8125,225.513,120.2736,-424.1791,2291,12,-0.28498615982048076,0.005237887385421213,VINTAGE RED MUG,1.25,0.6875,Review cost / returns
22783,6316.3,0.0,6316.3,5288.745,947.4449999999999,505.30400000000003,-425.194,482,0,-0.06731694188053132,0.0,SET 3 WICKER OVAL BASKETS W LIDS,19.95,10.9725,Review cost / returns
21299,966.35,33.4,932.95,1136.025,144.9525,77.308,-425.3355,166,4,-0.4559038533683477,0.024096385542168676,EDWARDIAN TOILET ROLL UNIT,12.75,7.0125,Review cost / returns
17012C,952.9499999999999,0.0,952.9499999999999,1159.521,142.9425,76.236,-425.74950000000007,857,0,-0.4467700299071306,0.0,ORIGAMI LAVENDER INCENSE/CANDL SET,2.46,1.353,Review cost / returns
22097,1293.93,15.15,1278.78,1418.3125,194.0895,103.51440000000001,-437.1364,2082,19,-0.34183862744178045,0.009125840537944284,SWALLOW SQUARE TISSUE BOX,1.25,0.6875,Review cost / returns
17091A,1290.02,0.0,1290.02,1436.1875,193.503,103.2016,-442.8721,2089,0,-0.34330638284677756,0.0,LAVENDER INCENSE IN TIN,1.25,0.6875,Review cost / returns
84689,742.9,49.55,693.35,965.3875000000002,111.43499999999999,59.432,-442.9045000000001,312,17,-0.6387892117977935,0.05448717948717949,S/2 BEACH HUT TREASURE CHESTS,5.95,3.2725000000000004,Review cost / returns
21130,1204.38,3.45,1200.93,1368.0975,180.657,96.35040000000001,-444.1749,722,1,-0.3698591091903774,0.0013850415512465374,COLOURFUL STANDING GNOME,3.45,1.8975000000000002,Review cost / returns
22098,1958.68,35.11,1923.57,1919.5,293.80199999999996,156.6944,-446.4264,2871,79,-0.2320822221182489,0.027516544757924068,BOUDOIR SQUARE TISSUE BOX,1.25,0.6875,Review cost / returns
84869,703.54,0.0,703.54,988.2950000000001,105.53099999999999,56.283199999999994,-446.5692000000001,302,0,-0.6347459988060382,0.0,CANDY BUTTON PHOTO ALBUM,5.95,3.2725000000000004,Review cost / returns
22719,1987.83,30.44,1957.39,1946.9669999999999,298.1745,159.0264,-446.77789999999993,1467,28,-0.22825185578755378,0.0190865712338105,GUMBALL MONOCHROME COAT RACK,2.46,1.353,Review cost / returns
84625D,796.29,57.85000000000001,738.4399999999999,1005.9500000000002,119.44349999999999,63.703199999999995,-450.6567000000001,651,31,-0.6102820811440336,0.047619047619047616,WHITE NEWBAROQUE CANDLESTICK CANDLE,2.95,1.6225000000000003,Review cost / returns
84625C,1024.15,103.60000000000001,920.55,1135.75,153.6225,81.932,-450.7545000000002,770,70,-0.4896578132638099,0.09090909090909091,BLUE NEW BAROQUE CANDLESTICK CANDLE,2.95,1.6225000000000003,Review cost / returns
20666,412.45000000000005,68.0,344.45000000000005,705.4355,61.8675,32.996,-455.84900000000005,911,400,-1.3234112353026564,0.43907793633369924,ECONOMY HOLIDAY PURSE,2.51,1.3805,Review cost / returns
22579,3799.85,81.6,3718.2499999999995,3301.0175000000004,569.9775,303.988,-456.7330000000004,7157,96,-0.12283547367713318,0.01341344138605561,WOODEN TREE CHRISTMAS SCANDINAVIAN,0.85,0.4675,Review cost / returns
21530,1370.41,57.040000000000006,1313.3700000000001,1457.0050000000003,205.5615,109.6328,-458.82930000000016,962,64,-0.34935265766691803,0.06652806652806653,DAIRY MAID TOASTRACK,2.95,1.6225000000000003,Review cost / returns
85030,547.35,70.64999999999999,476.7,813.2850000000001,82.10249999999999,43.788,-462.47550000000007,213,27,-0.9701604782882317,0.1267605633802817,FRENCH CHATEAU OVAL PLATTER,7.95,4.3725000000000005,Review cost / returns
79030G,1475.1899999999998,0.0,1475.1899999999998,1599.9225000000001,221.27849999999998,118.0152,-464.0262000000001,1763,0,-0.3145535151404227,0.0,TUMBLER NEW ENGLAND,1.65,0.9075,Review cost / returns
47504K,3098.8199999999997,28.98,3069.84,2824.965,464.823,247.9056,-467.8536000000001,2656,22,-0.15240325228676416,0.008283132530120483,ENGLISH ROSE GARDEN SECATEURS,1.95,1.0725,Review cost / returns
21161,1808.95,47.66,1761.29,1815.1100000000001,271.3425,144.716,-469.87850000000003,2362,86,-0.2667808821943008,0.03640982218458933,KEEP OUT BOYS DOOR HANGER,1.45,0.7975,Review cost / returns
85212,1128.01,0.0,1128.01,1340.7900000000002,169.20149999999998,90.2408,-472.2223000000002,2868,0,-0.41863307949397627,0.0,MINI PAINTED GARDEN DECORATION,0.85,0.4675,Review cost / returns
84637,1454.49,0.0,1454.49,1595.88,218.1735,116.3592,-475.92270000000013,585,0,-0.3272093311057485,0.0,KITCHEN FLOWER POTS WALL PLAQUE,4.96,2.728,Review cost / returns
84927D,211.68,40.86000000000001,170.82000000000002,599.4450000000002,31.752,16.9344,-477.31140000000005,954,435,-2.794236037934668,0.4559748427672956,LA PALMIERA TILE HOOK,2.1,1.1550000000000002,Review cost / returns
79336,369.78000000000003,0.0,369.78000000000003,762.3,55.467,29.5824,-477.5693999999999,840,0,-1.291496024663313,0.0,LIGHT PINK FLOCK GLASS CANDLEHOLDER,1.65,0.9075,Review cost / returns
85218,625.1999999999999,4.35,620.85,957.2062500000002,93.77999999999999,50.016,-480.1522500000002,1992,3,-0.7733788354675045,0.0015060240963855422,S/5 MINI ICE CREAM FRIDGE MAGNETS,0.875,0.48125000000000007,Review cost / returns
22338,2152.75,60.370000000000005,2092.38,2077.614,322.9125,172.22000000000003,-480.36650000000003,6091,95,-0.22957899616704422,0.015596782137580036,STAR DECORATION PAINTED ZINC,0.63,0.34650000000000003,Review cost / returns
85019C,651.19,81.0,570.19,904.6125000000001,97.6785,52.0952,-484.1962000000001,423,36,-0.849183956225118,0.0851063829787234,CURIOUS  IMAGES NOTEBOOK SET,4.25,2.3375000000000004,Review cost / returns
72484,991.3800000000001,0.0,991.3800000000001,1249.875,148.707,79.3104,-486.51239999999996,1818,0,-0.49074260122253816,0.0,ROSES IN WHITE HEART CANDLE,1.25,0.6875,Review cost / returns
17181,645.2099999999999,0.0,645.2099999999999,985.182,96.7815,51.6168,-488.37030000000004,354,0,-0.7569168177802578,0.0,CIRCLE OF FRIENDS CANDLE HOLDER,5.06,2.783,Review cost / returns
85118,1143.68,98.67,1045.01,1275.3125,171.552,91.49440000000001,-493.34889999999996,2062,207,-0.4720996928259059,0.10038797284190107,HEART T-LIGHT HOLDER,1.25,0.6875,Review cost / returns
72803A,1570.5,17.0,1553.5,1692.3500000000004,235.575,125.64,-500.06500000000034,728,4,-0.3218957193434183,0.005494505494505495,ROSE SCENT CANDLE JEWELLED DRAWER,4.25,2.3375000000000004,Review cost / returns
84910A,1230.39,77.35000000000001,1153.04,1371.1775,184.55849999999998,98.4312,-501.12720000000013,432,13,-0.43461389023797975,0.03009259259259259,PINK PAISLEY CUSHION COVER,5.95,3.2725000000000004,Review cost / returns
84907,999.17,45.900000000000006,953.27,1226.0325000000003,149.8755,79.9336,-502.57160000000016,391,6,-0.527208031302779,0.015345268542199489,PINK YELLOW PATCH CUSHION COVER,5.79,3.1845000000000003,Review cost / returns
79163,1240.83,5.16,1235.6699999999998,1453.8425,186.12449999999998,99.2664,-503.56340000000006,1833,10,-0.4075225586119272,0.005455537370430988,BLACK CHAMPAGNE GLASS,1.45,0.7975,Review cost / returns
21352,3110.28,74.25,3036.03,2824.6845,466.542,248.82240000000002,-504.0188999999999,880,11,-0.1660124899951581,0.0125,EUCALYPTUS & PINECONE  WREATH,5.91,3.2505,Review cost / returns
35920,296.34,0.0,296.34,735.625,44.451,23.7072,-507.44320000000005,1070,0,-1.7123682256867114,0.0,FOUR RABBIT EASTER DECORATIONS,1.25,0.6875,Review cost / returns
20890,202.62,0.0,202.62,673.81875,30.393,16.209600000000002,-517.8013500000001,605,0,-2.5555293159609125,0.0,SMALL GLASS ROSE SCENTED CANDLE,2.025,1.11375,Review cost / returns
85167B,1426.34,0.0,1426.34,1617.5500000000004,213.951,114.1072,-519.2682000000003,692,0,-0.3640563960906939,0.0,BLACK GRAND BAROQUE PHOTO FRAME,4.25,2.3375000000000004,Review cost / returns
21532,1423.91,33.6,1390.3100000000002,1585.8150000000005,213.5865,113.9128,-523.0043000000004,1389,16,-0.3761781904755057,0.011519078473722102,DAIRY MAID SUGAR JAM BOWL,2.1,1.1550000000000002,Review cost / returns
37492B,946.7199999999999,47.699999999999996,899.0199999999999,1204.5825000000002,142.00799999999998,75.7376,-523.3081000000003,489,18,-0.5820872728081693,0.03680981595092025,BLUE YELLOW FLOWER PIGGY BANK,4.65,2.5575000000000006,Review cost / returns
47583A,612.8199999999999,49.9,562.92,946.8525000000001,91.923,49.0256,-524.8811000000001,71,2,-0.9324257443331203,0.028169014084507043,SET OF 3 WICKER BASKET ROSE,24.95,13.7225,Review cost / returns
84924F,274.55,120.0,154.55,618.0075000000002,41.1825,21.964000000000002,-526.6040000000002,975,480,-3.4073374312520226,0.49230769230769234,PSYCHEDELIC METAL SIGN CALENDAR,2.27,1.2485000000000002,Review cost / returns
17013D,572.4,1.57,570.8299999999999,968.3025,85.86,45.792,-529.1245,1068,1,-0.926938843438502,0.0009363295880149813,ORIGAMI ROSE INCENSE IN TUBE,1.65,0.9075,Review cost / returns
22422,1762.24,15.600000000000001,1746.64,1870.6875,264.336,140.97920000000002,-529.3626999999999,2745,24,-0.3030748751889341,0.008743169398907104,TOOTHPASTE TUBE PEN,1.25,0.6875,Review cost / returns
85091,548.81,69.69999999999999,479.11,887.5350000000001,82.3215,43.9048,-534.6513,343,17,-1.1159259877689882,0.04956268221574344,CANDY SPOT BREAD BASKETS,4.95,2.7225,Review cost / returns
84507B,1764.03,11.049999999999999,1752.9799999999998,1882.1550000000002,264.6045,141.1224,-534.9019000000003,1349,7,-0.3051386210909425,0.005189028910303929,STRIPES DESIGN MONKEY DOLL,2.55,1.4025,Review cost / returns
51020A,464.55999999999995,0.58,463.97999999999996,895.125,69.684,37.1648,-537.9938000000001,1304,2,-1.1595193758351656,0.0015337423312883436,SUMMER FUN DESIGN SHOWER CAP,1.25,0.6875,Review cost / returns
84817,937.44,87.84,849.6,1173.4800000000002,140.616,74.99520000000001,-539.4912000000003,1059,43,-0.6349943502824862,0.04060434372049103,DANISH ROSE DECORATIVE PLATE,2.1,1.1550000000000002,Review cost / returns
21159,1445.76,34.61,1411.1499999999999,1618.1275,216.864,115.6608,-539.5023,2106,77,-0.3823139283563052,0.0365622032288699,MOODY BOY  DOOR HANGER,1.45,0.7975,Review cost / returns
84686,1027.79,43.4,984.39,1290.7620000000002,154.1685,82.2232,-542.7637000000003,389,20,-0.5513705949877592,0.05141388174807198,BEACH HUT MIRROR,6.36,3.4980000000000007,Review cost / returns
84619,1622.96,0.0,1622.96,1819.6200000000003,243.444,129.8368,-569.9408000000003,72,0,-0.35117365800759126,0.0,BLUE GINGHAM ROSE QUILT,45.95,25.272500000000004,Review cost / returns
17096,1117.51,0.0,1117.51,1441.902,167.62650000000002,89.40080000000002,-581.4193,6242,0,-0.5202810713103239,0.0,ASSORTED LAQUERED INCENSE HOLDERS,0.42,0.231,Review cost / returns
85036C,1671.27,232.25,1439.02,1640.9250000000002,250.6905,133.7016,-586.2971000000002,895,193,-0.4074280413058889,0.21564245810055865,ROSE 1 WICK MORRIS BOXED CANDLE,4.25,2.3375000000000004,Review cost / returns
21332,1644.17,109.75,1534.42,1746.1125000000002,246.6255,131.5336,-589.8516000000001,270,21,-0.3844133939860013,0.07777777777777778,MOROCCAN BEATEN METAL MIRROR,12.75,7.0125,Review cost / returns
20663,369.41,93.85,275.56,788.2654999999999,55.4115,29.5528,-597.6697999999999,1074,503,-2.1689280011612713,0.46834264432029793,QUEEN OF THE SKIES HOLIDAY PURSE,2.51,1.3805,Review cost / returns
84908A,1052.1100000000001,6.95,1045.16,1404.2160000000001,157.81650000000002,84.1688,-601.0413,433,1,-0.5750710895939377,0.0023094688221709007,PINK 5 PATCH FLOWER CUSHION COVER,5.91,3.2505,Review cost / returns
84908B,1052.29,0.0,1052.29,1413.9675,157.8435,84.1832,-603.7042,435,0,-0.5737051573235515,0.0,BLUE 5 PATCH FLOWER CUSHION COVER,5.91,3.2505,Review cost / returns
16254,305.66,0.0,305.66,843.6065,45.849,24.452800000000003,-608.2483,941,0,-1.9899505987044426,0.0,TRANSPARENT ACRYLIC TAPE DISPENSER,1.63,0.8965,Review cost / returns
85028L,654.01,45.9,608.11,1071.2625000000003,98.1015,52.3208,-613.5748000000001,271,26,-1.0089865320419005,0.0959409594095941,FRENCH CHATEAU LARGE FRUIT BOWL,7.95,4.3725000000000005,Review cost / returns
84818,2383.04,132.05,2250.99,2322.001,357.45599999999996,190.6432,-619.1102000000004,1789,107,-0.27503907169734226,0.05980994969256568,DANISH ROSE PHOTO FRAME,2.51,1.3805,Review cost / returns
21162,1657.05,44.76,1612.29,1850.9975,248.5575,132.564,-619.8290000000001,2405,84,-0.38444014414280314,0.03492723492723493,TOXIC AREA  DOOR HANGER,1.45,0.7975,Review cost / returns
21942,1136.28,20.4,1115.8799999999999,1477.432,170.44199999999998,90.9024,-622.8964,1672,24,-0.5582109187367817,0.014354066985645933,SKULLS DESIGN FLANNEL,1.63,0.8965,Review cost / returns
22782,3712.2999999999997,0.0,3712.2999999999997,3485.515,556.845,296.984,-627.0440000000002,254,0,-0.16890984026075487,0.0,SET 3 WICKER STORAGE BASKETS,24.95,13.7225,Review cost / returns
84663A,758.29,15.06,743.23,1199.4345,113.7435,60.6632,-630.6112,375,6,-0.8484738237154045,0.016,GRASS HOPPER WOODEN WALL CLOCK,5.91,3.2505,Review cost / returns
37379B,181.5,0.0,181.5,771.375,27.224999999999998,14.52,-631.6200000000001,1122,0,-3.480000000000001,0.0,BLUE CHERRY BLOSSOM CUP & SAUCER,1.25,0.6875,Review cost / returns
21158,1797.51,38.17,1759.34,1991.3575,269.62649999999996,143.8008,-645.4448,2594,97,-0.3668675753407528,0.037393986121819586,MOODY GIRL DOOR HANGER,1.45,0.7975,Review cost / returns
22066,2745.5499999999997,10.65,2734.9,2748.9825,411.8325,219.644,-645.5590000000001,3458,11,-0.2360448279644594,0.0031810294968189707,LOVE HEART TRINKET POT,1.45,0.7975,Review cost / returns
21322,590.45,0.0,590.45,1100.9075000000003,88.5675,47.236000000000004,-646.2610000000003,301,0,-1.094522821576764,0.0,GLASS SPHERE CANDLE STAND LARGE,6.65,3.6575000000000006,Review cost / returns
20793,518.5,33.75,484.75,1024.65,77.775,41.480000000000004,-659.1550000000001,281,5,-1.3597833935018053,0.017793594306049824,BLUE TILED TRAY,6.75,3.7125000000000004,Review cost / returns
84858C,611.0699999999999,0.0,611.0699999999999,1135.5575000000001,91.6605,48.8856,-665.0336000000001,347,0,-1.0883100135827322,0.0,PINK RIVIERA HANDBAG,5.95,3.2725000000000004,Review cost / returns
21945,1317.3,0.85,1316.45,1679.1444999999999,197.59499999999997,105.384,-665.6735,1874,1,-0.5056580196741236,0.0005336179295624333,STRAWBERRIES  DESIGN FLANNEL,1.63,0.8965,Review cost / returns
85198,1479.6999999999998,0.0,1479.6999999999998,1809.6925,221.95499999999998,118.37599999999999,-670.3235000000002,3871,0,-0.45301311076569595,0.0,ASSORTED FARMYARD ANIMALS IN BUCKET,0.85,0.4675,Review cost / returns
62018,12450.85,0.0,12450.85,10260.6075,1867.6275,996.068,-673.4530000000001,9567,0,-0.05408891762409796,0.0,SOMBRERO,1.95,1.0725,Review cost / returns
21774,2134.81,1.25,2133.56,2319.042,320.2215,170.7848,-676.4883000000001,1715,1,-0.31707020191604646,0.0005830903790087463,DECORATIVE CATS BATHROOM BOTTLE,2.46,1.353,Review cost / returns
84638,1101.55,0.0,1101.55,1529.0,165.2325,88.12400000000001,-680.8065000000001,400,0,-0.6180441196495848,0.0,SMALL KITCHEN FLOWER POTS PLAQUE,6.95,3.8225000000000002,Review cost / returns
84660B,901.0600000000001,0.0,901.0600000000001,1380.4560000000001,135.159,72.0848,-686.6398,747,0,-0.7620356025125963,0.0,BLACK STITCHED WALL CLOCK,3.36,1.848,Review cost / returns
35637A,1445.05,5.95,1439.1,1799.8750000000002,216.7575,115.604,-693.1365000000002,551,1,-0.48164582030435704,0.0018148820326678765,IVORY STRING CURTAIN WITH POLE,5.95,3.2725000000000004,Review cost / returns
23135,5416.18,0.0,5416.18,4873.4125,812.4269999999999,433.29440000000005,-702.9539000000001,1541,0,-0.1297877655469353,0.0,SMALL ZINC HEART WALL ORGANISER,5.75,3.1625,Review cost / returns
17109D,600.0,1.69,598.3100000000001,1168.3815,90.0,48.0,-708.0715,1258,1,-1.183452558038475,0.000794912559618442,FLOWER FAIRY INCENSE BOUQUET,1.69,0.9295,Review cost / returns
20657,727.72,0.0,727.72,1291.125,109.158,58.217600000000004,-730.7805999999999,1878,0,-1.0042057384708403,0.0,TROPICAL LUGGAGE TAG,1.25,0.6875,Review cost / returns
84660C,987.98,0.0,987.98,1495.3125,148.197,79.0384,-734.5679,725,0,-0.7435048280329561,0.0,PINK STITCHED WALL CLOCK,3.75,2.0625,Review cost / returns
22310,3115.5899999999997,21.249999999999996,3094.3399999999997,3125.0065000000004,467.33849999999995,249.2472,-747.2522000000004,1740,13,-0.24149001079390126,0.007471264367816092,IVORY KNITTED MUG COSY,3.29,1.8095,Review cost / returns
21773,1901.9,31.25,1870.65,2190.507,285.28499999999997,152.152,-757.2940000000001,1644,25,-0.4048293373960923,0.015206812652068127,DECORATIVE ROSE BATHROOM BOTTLE,2.46,1.353,Review cost / returns
20889,398.03999999999996,0.0,398.03999999999996,1065.9825000000003,59.705999999999996,31.8432,-759.4917000000003,657,0,-1.9080788362978605,0.0,JARDIN DE FEMME SCENTED CANDLE,2.95,1.6225000000000003,Review cost / returns
85016,2033.33,17.849999999999998,2015.48,2308.196,304.9995,162.6664,-760.3819000000002,1679,7,-0.37727087343957777,0.004169148302561048,SET OF 6 VINTAGE NOTELETS KIT,2.51,1.3805,Review cost / returns
21641,946.31,0.0,946.31,1493.569,141.9465,75.70479999999999,-764.9103,1666,0,-0.8083083767475775,0.0,ASSORTED TUTTI FRUTTI KEYRING BALL,1.63,0.8965,Review cost / returns
84493,111.11999999999999,45.36,65.75999999999999,806.4375000000001,16.668,8.8896,-766.2350999999999,1142,567,-11.651993613138686,0.4964973730297723,BLUE/PINK NEST STRIPE BOX,2.55,1.4025,Review cost / returns
84685,1369.92,8.75,1361.17,1814.7030000000004,205.488,109.59360000000001,-768.6146000000003,436,3,-0.5646720101089506,0.006880733944954129,BEACH HUT KEY CABINET,7.62,4.191000000000001,Review cost / returns
20851,429.57,11.9,417.67,1089.7425,64.43549999999999,34.3656,-770.8736000000001,335,2,-1.845652309239352,0.005970149253731343,ZINC HEART LATTICE TRAY OVAL,5.95,3.2725000000000004,Review cost / returns
20850,713.8000000000001,0.0,713.8000000000001,1330.4500000000003,107.07000000000001,57.104,-780.8240000000002,820,0,-1.0938974502661811,0.0,ZINC HEART LATTICE PLANTER BOWL,2.95,1.6225000000000003,Review cost / returns
85035C,2712.6,12.75,2699.85,2866.6440000000007,406.89,217.008,-790.6920000000006,1371,3,-0.29286515917551,0.002188183807439825,ROSE 3 WICK MORRIS BOX CANDLE,3.81,2.0955000000000004,Review cost / returns
21108,25435.57,6614.370000000001,18821.2,13773.952500000001,3815.3355,2034.8456,-802.9336000000005,12980,3159,-0.04266112681444331,0.2433744221879815,FAIRY CAKE FLANNEL ASSORTED COLOUR,2.55,1.4025,Review cost / returns
22161,2739.69,28.880000000000003,2710.81,2886.3835000000004,410.9535,219.17520000000002,-805.7022000000001,6731,88,-0.29721824842021394,0.013073837468429654,HEART DECORATION RUSTIC HANGING,0.79,0.43450000000000005,Review cost / returns
21811,4592.18,18.72,4573.46,4334.0,688.827,367.3744,-816.7414,6352,48,-0.17858282350780372,0.007556675062972292,HANGING HEART WITH BELL,1.25,0.6875,Review cost / returns
21846,3833.4,81.85000000000001,3751.5499999999997,3700.1690000000003,575.01,306.67199999999997,-830.3010000000003,1625,27,-0.2213221201903214,0.016615384615384615,PINK DIAMANTE PEN IN GIFT BOX,4.21,2.3155,Review cost / returns
35598B,883.5,0.0,883.5,1515.4150000000004,132.525,70.68,-835.1200000000002,934,0,-0.9452405206564801,0.0,BLACK CHRISTMAS TREE 60CM,2.95,1.6225000000000003,Review cost / returns
70006,4147.8099999999995,2.44,4145.37,4030.2075,622.1714999999999,331.8248,-838.8337999999999,4443,2,-0.20235438573637574,0.00045014629754670267,LOVE HEART POCKET WARMER,1.65,0.9075,Review cost / returns
37342,1731.4,45.68,1685.72,2128.2690000000002,259.71,138.512,-840.7710000000001,1629,56,-0.4987607669126546,0.03437691835481891,POLKADOT COFFEE CUP & SAUCER PINK,2.46,1.353,Review cost / returns
23113,5868.5,4803.0599999999995,1065.44,566.2800000000001,880.2749999999999,469.48,-850.5950000000003,1154,946,-0.7983509160534616,0.8197573656845754,PANTRY CHOPPING BOARD,4.95,2.7225,Review cost / returns
22188,28115.98,19.75,28096.23,22483.202500000003,4217.397,2249.2784,-853.6479000000029,10354,5,-0.03038300512203961,0.0004829051574270813,BLACK HEART CARD HOLDER,3.95,2.1725000000000003,Review cost / returns
21948,2923.86,0.0,2923.86,3105.1349999999998,438.579,233.90879999999999,-853.7627999999999,2295,0,-0.2919985225010773,0.0,SET OF 6 CAKE CHOPSTICKS,2.46,1.353,Review cost / returns
21163,1769.24,46.01,1723.23,2173.1875,265.386,141.5392,-856.8827,2810,85,-0.4972538198615391,0.030249110320284697,DO NOT TOUCH MY STUFF DOOR HANGER,1.45,0.7975,Review cost / returns
85109,475.43,131.04000000000002,344.39,1093.4825,71.3145,38.034400000000005,-858.4414,4211,1872,-2.4926432242515757,0.4445499881263358,PINK BOUDOIR T-LIGHT HOLDER,0.85,0.4675,Review cost / returns
21424,2861.64,151.9,2709.7400000000002,2915.6985,429.246,228.9312,-864.1357,955,58,-0.31889985755090894,0.060732984293193716,WOODLAND STORAGE BOX LARGE,5.91,3.2505,Review cost / returns
79164,3208.25,36.599999999999994,3171.65,3304.2075,481.23749999999995,256.66,-870.4549999999998,3665,24,-0.27444863083883775,0.006548431105047749,BLACK WINE GLASS,1.65,0.9075,Review cost / returns
37482B,1127.9099999999999,0.0,1127.9099999999999,1754.5275000000001,169.1865,90.2328,-886.0368000000002,1251,0,-0.7855562943851906,0.0,CUBIC MUG BLUE POLKA DOT,2.55,1.4025,Review cost / returns
21399,1555.12,45.39,1509.73,2042.2269999999999,233.268,124.40960000000001,-890.1745999999998,2390,112,-0.5896250322905419,0.04686192468619247,BLUE POLKADOT COFFEE MUG,1.63,0.8965,Review cost / returns
21786,3055.33,29.4,3025.93,3222.2520000000004,458.29949999999997,244.4264,-899.0479000000003,7486,70,-0.29711457304035466,0.009350788137857334,POLKADOT RAIN HAT,0.79,0.43450000000000005,Review cost / returns
16202A,296.0,97.80000000000001,198.20000000000002,1034.7975000000001,44.4,23.68,-904.6775000000001,663,324,-4.56446770938446,0.48868778280542985,PASTEL PINK PHOTO ALBUM,5.55,3.0525,Review cost / returns
21109,4498.69,13.5,4485.19,4362.1875,674.8035,359.8952,-911.6962000000004,1177,2,-0.2032681335684777,0.0016992353440951572,LARGE CAKE TOWEL CHOCOLATE SPOTS,6.75,3.7125000000000004,Review cost / returns
20689,620.0500000000001,23.4,596.65,1367.9050000000002,93.0075,49.604000000000006,-913.8665000000001,430,12,-1.5316626162741978,0.027906976744186046,RETRO SISTERS EXPRESSO CUPS,5.95,3.2725000000000004,Review cost / returns
22577,7157.66,83.05,7074.61,6357.6755,1073.649,572.6128,-929.3273000000003,14028,101,-0.13136092307561834,0.007199885942400912,WOODEN HEART CHRISTMAS SCANDINAVIAN,0.83,0.4565,Review cost / returns
20849,593.03,0.0,593.03,1390.125,88.9545,47.4424,-933.4919,674,0,-1.5741056944842589,0.0,ZINC HEART LATTICE DOUBLE PLANTER,3.75,2.0625,Review cost / returns
21398,2231.9,4.2,2227.7,2648.4150000000004,334.78499999999997,178.55200000000002,-934.0520000000005,2295,2,-0.41928985051847223,0.0008714596949891067,RED POLKADOT COFFEE  MUG,2.1,1.1550000000000002,Review cost / returns
21082,1963.85,523.94,1439.91,1922.8275,294.5775,157.108,-934.603,7187,3074,-0.6490704280128619,0.4277167107277028,SET/20 FRUIT SALAD PAPER NAPKINS,0.85,0.4675,Review cost / returns
23056,2916.87,1859.07,1057.8000000000002,1330.3125000000002,437.53049999999996,233.3496,-943.3926,966,579,-0.8918440158820191,0.5993788819875776,FLOWERS CHANDELIER T-LIGHT HOLDER,6.25,3.4375000000000004,Review cost / returns
22165,7673.7300000000005,89.25,7584.4800000000005,6781.087500000001,1151.0594999999998,613.8984,-961.5654000000003,976,9,-0.12678066261629015,0.009221311475409836,"DIAMANTE HEART SHAPED WALL MIRROR,",12.75,7.0125,Review cost / returns
20653,528.77,0.0,528.77,1377.75,79.3155,42.3016,-970.5970999999998,2004,0,-1.8355752028292072,0.0,CHERRY BLOSSOM LUGGAGE TAG,1.25,0.6875,Review cost / returns
21275,1731.43,138.45,1592.98,2228.0775,259.7145,138.5144,-1033.3264,250,11,-0.6486750618337958,0.044,ZINC TOP  2 DOOR WOODEN SHELF,16.95,9.3225,Review cost / returns
84819,1372.51,17.0,1355.51,2115.4375000000005,205.8765,109.80080000000001,-1075.6048000000003,909,4,-0.7935056178117463,0.0044004400440044,DANISH ROSE ROUND SEWING BOX,4.25,2.3375000000000004,Review cost / returns
21416,606.8100000000001,0.0,606.8100000000001,1551.0,91.0215,48.5448,-1083.7563,752,0,-1.785989518959806,0.0,CLAM SHELL LARGE,3.75,2.0625,Review cost / returns
22166,3536.7000000000003,63.6,3473.1,3760.3885,530.505,282.936,-1100.7295,441,8,-0.3169299761020414,0.018140589569160998,WALL MIRROR RECTANGLE DIAMANTE PINK,15.79,8.6845,Review cost / returns
16044,389.22,0.0,389.22,1430.583,58.383,31.1376,-1130.8836000000003,6193,0,-2.9055125635887165,0.0,POP-ART FLUORESCENT PENS,0.42,0.231,Review cost / returns
23071,1255.1,434.0,821.1,1670.6250000000002,188.265,100.408,-1138.1980000000003,319,76,-1.3861868225551093,0.23824451410658307,MARIE ANTOINETTE TRINKET BOX GOLD,12.5,6.875000000000001,Review cost / returns
85014D,6670.4,0.0,6670.4,6279.927500000001,1000.56,533.6320000000001,-1143.7195000000008,1919,0,-0.17146190633245395,0.0,PINK/BROWN DOTS RUFFLED UMBRELLA,5.95,3.2725000000000004,Review cost / returns
22578,6433.98,112.49,6321.49,6019.8655,965.0969999999999,514.7184,-1178.1909000000003,13320,133,-0.18637867021857193,0.009984984984984985,WOODEN STAR CHRISTMAS SCANDINAVIAN,0.83,0.4565,Review cost / returns
85197,967.86,0.0,967.86,1932.3150000000005,145.179,77.42880000000001,-1187.0628000000006,1673,0,-1.2264819292046376,0.0,SET OF 12 MINI BUNNIES IN A BUCKET,2.1,1.1550000000000002,Review cost / returns
23072,1273.76,384.0,889.76,1801.2500000000005,191.064,101.9008,-1204.4548000000004,334,72,-1.3536850386621115,0.2155688622754491,MARIE ANTOINETTE TRINKET BOX SILVER,12.5,6.875000000000001,Review cost / returns
21845,3759.2000000000003,111.04,3648.1600000000003,3988.1050000000005,563.88,300.73600000000005,-1204.5610000000006,2522,64,-0.3301831608262797,0.025376685170499604,DAIRY MAID STRIPE MUG,2.95,1.6225000000000003,Review cost / returns
21278,1685.05,320.4,1364.6499999999999,2190.705,252.7575,134.804,-1213.6165,2770,1208,-0.889324368885795,0.43610108303249095,VINTAGE KITCHEN PRINT PUDDINGS,2.55,1.4025,Review cost / returns
85221,1685.46,155.92000000000002,1529.54,2356.0625,252.819,134.8368,-1214.1783,3558,131,-0.7938192528472613,0.036818437324339516,ASSORTED COLOUR SILK COIN PURSE,1.25,0.6875,Review cost / returns
21538,1928.26,7.5,1920.76,2695.6875,289.23900000000003,154.2608,-1218.4272999999998,1309,2,-0.6343464566109247,0.0015278838808250573,DAIRY MAID  PUDDING BOWL,3.75,2.0625,Review cost / returns
21414,870.89,2.1,868.79,1889.5800000000006,130.6335,69.67120000000001,-1221.0947000000006,1637,1,-1.4055119188756784,0.0006108735491753207,SCALLOP SHELL SOAP DISH,2.1,1.1550000000000002,Review cost / returns
21351,3702.75,91.95,3610.8,3987.2250000000004,555.4125,296.22,-1228.0575000000006,1099,25,-0.3401067630442009,0.022747952684258416,CINAMMON & ORANGE WREATH,6.75,3.7125000000000004,Review cost / returns
84815,1200.8200000000002,0.0,1200.8200000000002,2173.8750000000005,180.123,96.0656,-1249.2436000000005,930,0,-1.0403254442797425,0.0,SET OF 3 DANISH ROSE PLANTERS,4.25,2.3375000000000004,Review cost / returns
20688,332.9,0.0,332.9,1518.4400000000003,49.935,26.632,-1262.107,464,0,-3.7912496245118654,0.0,BEAUTY SPEED EXPRESSO CUPS,5.95,3.2725000000000004,Review cost / returns
21336,527.5600000000001,115.27000000000001,412.29,1554.355,79.134,42.204800000000006,-1263.4038000000003,1823,865,-3.06435712726479,0.47449259462424576,GOLD WASHBAG,2.95,1.6225000000000003,Review cost / returns
21540,2403.45,81.5,2321.95,3050.4375000000005,360.5175,192.27599999999998,-1281.2810000000004,1325,20,-0.5518124851956332,0.01509433962264151,DAIRY MAID BUTTER DISH,4.25,2.3375000000000004,Review cost / returns
84842,747.9000000000001,237.60000000000002,510.3,1621.125,112.185,59.83200000000001,-1282.842,1506,720,-2.513897707231041,0.47808764940239046,HELLO SAILOR BATHROOM SET,3.75,2.0625,Review cost / returns
21413,1134.89,0.0,1134.89,2175.9375,170.23349999999996,90.7912,-1302.0721999999998,3165,0,-1.1473113693838166,0.0,PERIWINKLE T-LIGHT HOLDER,1.25,0.6875,Review cost / returns
16162L,570.4300000000001,187.20000000000002,383.23,1557.6275000000003,85.56450000000001,45.63440000000001,-1305.5964000000004,8101,3744,-3.4068220128904323,0.46216516479446984,THE KING GIFT BAG,0.65,0.35750000000000004,Review cost / returns
84924D,272.61,0.0,272.61,1575.75,40.8915,21.8088,-1365.8403000000003,764,0,-5.010235501265545,0.0,LA PALMIERA METAL SIGN CALENDAR,3.75,2.0625,Review cost / returns
47587A,1099.88,864.0,235.88,1374.978,164.982,87.9904,-1392.0704,2706,1200,-5.901604205528235,0.4434589800443459,PINK FAIRY CAKE COASTER,1.66,0.913,Review cost / returns
37471,197.85,68.4,129.45,1483.097,29.6775,15.828,-1399.1525,1405,684,-10.80843955195056,0.48683274021352313,MULTICOLOUR POLKADOT PLATE,3.7399999999999998,2.057,Review cost / returns
35649,1362.8999999999999,0.0,1362.8999999999999,2470.578,204.43499999999997,109.03200000000001,-1421.1449999999998,1826,0,-1.0427360774818402,0.0,VINTAGE BEAD COSMETIC BAG,2.46,1.353,Review cost / returns
84598,4350.14,120.96,4229.18,4665.969,652.521,348.01120000000003,-1437.3212000000005,20775,576,-0.33985812852609737,0.02772563176895307,BOYS ALPHABET IRON ON PATCHES,0.42,0.231,Review cost / returns
85224,1129.3600000000001,0.0,1129.3600000000001,2319.2400000000002,169.404,90.34880000000001,-1449.6328000000005,2008,0,-1.2835878727775027,0.0,ASSORTED COLOUR SILK GLASSES CASE,2.1,1.1550000000000002,Review cost / returns
16202B,528.56,144.48000000000002,384.08,1730.7675000000004,79.28399999999999,42.2848,-1468.2562999999998,1039,472,-3.8227877004790662,0.4542829643888354,PASTEL BLUE PHOTO ALBUM,5.55,3.0525,Review cost / returns
37444B,409.6,127.92,281.68,1664.6850000000002,61.44,32.768,-1477.2130000000002,2010,984,-5.244294944618007,0.48955223880597015,BLUE BREAKFAST CUP AND SAUCER,2.95,1.6225000000000003,Review cost / returns
84396,1380.52,0.0,1380.52,2571.4920000000006,207.078,110.4416,-1508.4916000000007,552,0,-1.092698113754238,0.0,6 HOOK JEWELLERY STAND BLACK DRESS,8.47,4.658500000000001,Review cost / returns
37340,3886.43,501.2200000000001,3385.21,4055.5625000000005,582.9644999999999,310.9144,-1564.2314000000006,13671,4996,-0.4620780985522318,0.3654451027722917,MULTICOLOUR SPRING FLOWER MUG,0.85,0.4675,Review cost / returns
20755,1090.58,0.0,1090.58,2405.755,163.587,87.24640000000001,-1566.0084,5146,0,-1.4359408754974419,0.0,BLUE PAISLEY POCKET BOOK,0.85,0.4675,Review cost / returns
20760,1314.51,0.0,1314.51,2595.0925,197.17649999999998,105.1608,-1582.9198000000001,5551,0,-1.2041900023582932,0.0,GARDEN PATH POCKET BOOK,0.85,0.4675,Review cost / returns
21702,918.6800000000001,0.0,918.6800000000001,2450.162,137.802,73.4944,-1742.7784000000001,2636,0,-1.897046196717029,0.0,SET 5 MINI GATEAUX  FRIDGE MAGNETS,1.69,0.9295,Review cost / returns
47503F,736.55,1.65,734.9,2332.275,110.48249999999999,58.924,-1766.7815,2571,1,-2.4041114437338416,0.00038895371450797355,ASS FLORAL PRINT TORCH,1.65,0.9075,Review cost / returns
85160B,1032.7,391.40999999999997,641.29,2182.125,154.905,82.616,-1778.3559999999998,6155,2981,-2.7730917369676744,0.4843216896831844,BLACK BIRD GARDEN DESIGN MUG,1.25,0.6875,Review cost / returns
20758,955.9699999999999,0.85,955.1199999999999,2537.1225,143.3955,76.4776,-1801.8756,5428,1,-1.8865436803752411,0.00018422991893883567,ABSTRACT CIRCLES POCKET BOOK,0.85,0.4675,Review cost / returns
20757,898.35,0.0,898.35,2503.93,134.7525,71.868,-1812.2005000000001,5356,0,-2.0172544108643624,0.0,RED DAISY POCKET BOOK,0.85,0.4675,Review cost / returns
21279,1621.83,425.84999999999997,1195.98,2647.9200000000005,243.2745,129.7464,-1824.9609000000003,3527,1639,-1.5259125570661718,0.4647008789339382,VINTAGE KITCHEN PRINT FRUITS,2.55,1.4025,Review cost / returns
21280,1800.44,312.0,1488.44,2924.2125,270.066,144.0352,-1849.8737000000003,3333,1248,-1.2428271881970387,0.37443744374437443,VINTAGE KITCHEN PRINT VEGETABLES,2.55,1.4025,Review cost / returns
85015,2751.3,0.0,2751.3,4017.2550000000006,412.695,220.104,-1898.7540000000004,2910,0,-0.6901297568422201,0.0,SET OF 12  VINTAGE POSTCARD SET,2.51,1.3805,Review cost / returns
20731,1252.92,58.300000000000004,1194.62,2809.8125,187.938,100.2336,-1903.3641000000002,4142,55,-1.5932799551321764,0.013278609367455336,POSY CANDY BAG,1.25,0.6875,Review cost / returns
16046,1226.8999999999999,389.03999999999996,837.86,2537.5900000000006,184.035,98.152,-1981.9170000000001,10060,4632,-2.365451268708376,0.46043737574552684,TEATIME PEN CASE & PENS,0.85,0.4675,Review cost / returns
84847,1157.23,368.28000000000003,788.95,2508.0,173.58450000000002,92.5784,-1985.2128999999995,2332,1116,-2.5162721338487857,0.47855917667238423,FLORAL BATHROOM SET,3.75,2.0625,Review cost / returns
37444A,564.21,172.98999999999998,391.22,2274.7450000000003,84.63149999999999,45.1368,-2013.2933000000005,2711,1309,-5.146192168089567,0.482847657690889,YELLOW BREAKFAST CUP AND SAUCER,2.95,1.6225000000000003,Review cost / returns
20759,891.13,0.0,891.13,2700.7475,133.6695,71.2904,-2014.5774,5777,0,-2.260699785665391,0.0,CHRYSANTHEMUM POCKET BOOK,0.85,0.4675,Review cost / returns
20756,856.66,0.0,856.66,2680.645,128.499,68.5328,-2021.0167999999999,5734,0,-2.3591819391590594,0.0,GREEN FERN POCKET BOOK,0.85,0.4675,Review cost / returns
21281,1716.8,384.0,1332.8,3006.96,257.52,137.344,-2069.0240000000003,3680,1536,-1.5523889555822332,0.41739130434782606,VINTAGE KITCHEN PRINT SEAFOOD,2.55,1.4025,Review cost / returns
22065,6320.12,54.769999999999996,6265.349999999999,6892.7925000000005,948.0179999999999,505.6096,-2081.0701000000004,8688,45,-0.3321554422338737,0.0051795580110497235,CHRISTMAS PUDDING TRINKET POT,1.45,0.7975,Review cost / returns
85006,1289.31,564.4,724.91,2545.7025000000003,193.3965,103.14479999999999,-2117.3338000000003,3049,1480,-2.9208229987170826,0.4854050508363398,SET 4 NURSERY DES ROUND BOXES,2.95,1.6225000000000003,Review cost / returns
85132C,5818.94,79.39999999999999,5739.54,6528.225000000001,872.841,465.5152,-2127.0412000000006,2062,12,-0.37059436818978536,0.005819592628516004,CHARLIE AND LOLA FIGURES TINS,5.79,3.1845000000000003,Review cost / returns
16047,1056.4,414.72,641.6800000000001,2538.525,158.46,84.51200000000001,-2139.8169999999996,10614,5184,-3.334710447575114,0.48841153193894854,POP ART PEN CASE & PENS,0.85,0.4675,Review cost / returns
21419,577.6899999999999,0.0,577.6899999999999,2596.6875,86.6535,46.2152,-2151.8662,1259,0,-3.7249497135141687,0.0,CONCH SHELL,3.75,2.0625,Review cost / returns
35957,1259.94,19.92,1240.02,3174.5009999999997,188.99099999999999,100.79520000000001,-2224.2672,3577,100,-1.793734939759036,0.02795638803466592,SMALLFOLKART BAUBLE CHRISTMAS DEC,1.66,0.913,Review cost / returns
20729,1778.12,27.5,1750.62,3602.5,266.71799999999996,142.2496,-2260.8476000000005,5262,22,-1.2914553700974516,0.004180919802356519,RED SPOTTY CANDY BAG,1.25,0.6875,Review cost / returns
37424,1136.3799999999999,274.56,861.8199999999999,2865.907,170.457,90.9104,-2265.4544,5251,2112,-2.6286862685943704,0.4022091030279947,WHITE WITH BLACK CATS MUG,1.66,0.913,Review cost / returns
20773,965.63,1.65,963.9799999999999,3030.1424999999995,144.84449999999998,77.2504,-2288.2573999999995,3340,1,-2.3737602439884644,0.0002994011976047904,BLUE PAISLEY NOTEBOOK,1.65,0.9075,Review cost / returns
47504E,931.86,0.0,931.86,3016.0625,139.779,74.5488,-2298.5303,4387,0,-2.4666047474942587,0.0,ENGLISH ROSE SCISSORS,1.25,0.6875,Review cost / returns
20776,834.31,0.0,834.31,2957.5425,125.14649999999999,66.74480000000001,-2315.1238,3259,0,-2.7748963814409513,0.0,ABSTRACT CIRCLES NOTEBOOK,1.65,0.9075,Review cost / returns
85132A,5195.7699999999995,33.75,5162.0199999999995,6284.316500000002,779.3655,415.6616,-2317.3236000000015,1354,5,-0.44891798172033465,0.003692762186115214,CHARLIE + LOLA BISCUITS TINS,8.47,4.658500000000001,Review cost / returns
47503K,1393.34,4.75,1388.59,3406.26,209.001,111.4672,-2338.1382,3179,3,-1.6838218624648025,0.0009436929852154766,ASSORTED FLORAL SECATEURS,1.95,1.0725,Review cost / returns
20777,1262.7,4.949999999999999,1257.75,3318.7275,189.405,101.016,-2351.3985,3660,3,-1.8695277280858675,0.000819672131147541,CHRYSANTHEMUM NOTEBOOK,1.65,0.9075,Review cost / returns
17109C,661.23,1.69,659.54,2902.8285000000005,99.18449999999999,52.8984,-2395.3714,3124,1,-3.6318819177002153,0.0003201024327784891,FLOWER FAIRY INCENSE ROSE,1.69,0.9295,Review cost / returns
20774,964.13,1.65,962.48,3161.73,144.6195,77.1304,-2420.9999000000003,3485,1,-2.515376838999252,0.00028694404591104734,GREEN FERN NOTEBOOK,1.65,0.9075,Review cost / returns
15059A,1567.0,0.0,1567.0,3639.35,235.05,125.36,-2432.7599999999998,509,0,-1.552495213784301,0.0,ENGLISH ROSE EDWARDIAN PARASOL,13.0,7.15,Review cost / returns
37444C,674.5,99.84,574.66,2886.444,101.175,53.96,-2466.9190000000003,1656,768,-4.292832283437163,0.463768115942029,PINK BREAKFAST CUP AND SAUCER,5.91,3.2505,Review cost / returns
85160A,1493.75,561.6,932.1500000000001,3091.0,224.0625,119.5,-2502.4124999999995,8816,4320,-2.684559888429973,0.4900181488203267,WHITE BIRD GARDEN DESIGN MUG,1.25,0.6875,Review cost / returns
85110,1138.04,387.36,750.6800000000001,3029.4,170.70600000000002,91.04320000000001,-2540.4692,11520,5040,-3.3842239036606805,0.4375,BLACK SILVER FLOWER T-LIGHT HOLDER,0.85,0.4675,Review cost / returns
20778,946.01,4.949999999999999,941.06,3275.1674999999996,141.90149999999997,75.6808,-2551.6897999999997,3612,3,-2.7115059613627186,0.0008305647840531562,GARDEN PATH NOTEBOOK,1.65,0.9075,Review cost / returns
20775,934.79,0.0,934.79,3275.1675,140.21849999999998,74.7832,-2555.3792000000003,3609,0,-2.7336398549406824,0.0,DAISY NOTEBOOK,1.65,0.9075,Review cost / returns
20800,303.96,0.0,303.96,2796.915,45.594,24.3168,-2562.8657999999996,1005,0,-8.431589024871693,0.0,LARGE GLASS SUNDAE DISH CLEAR,5.06,2.783,Review cost / returns
37423,843.88,295.2,548.68,2936.2079999999996,126.58199999999998,67.5104,-2581.6204000000007,6168,2952,-4.705147627032152,0.4785992217898833,WHITE WITH BLACK CATS PLATE,1.66,0.913,Review cost / returns
21393,1172.8100000000002,330.78000000000003,842.0300000000001,3170.475000000001,175.9215,93.82480000000001,-2598.191300000001,5244,2499,-3.085627946747741,0.4765446224256293,BLUE POLKADOT PUDDING BOWL,2.1,1.1550000000000002,Review cost / returns
84568,8033.47,181.64999999999998,7851.82,8695.071000000002,1205.0204999999999,642.6776,-2690.9491000000007,38506,865,-0.3427166058315143,0.022464031579494104,GIRLS ALPHABET IRON ON PATCHES,0.42,0.231,Review cost / returns
23064,3717.56,1514.05,2203.51,4120.875000000001,557.634,297.4048,-2772.4038000000005,221,71,-1.2581761825451212,0.3212669683257919,CINDERELLA CHANDELIER,49.95,27.472500000000004,Review cost / returns
37352,504.55,0.0,504.55,3192.0625,75.6825,40.364000000000004,-2803.5589999999997,4643,0,-5.556553364384104,0.0,BIRD IN TREE MUG,1.25,0.6875,Review cost / returns
20891,236.32999999999998,0.0,236.32999999999998,2990.79,35.44949999999999,18.906399999999998,-2808.8159,684,0,-11.885143231921466,0.0,LARGE GLASS ROSE SCENTED CANDLE,7.95,4.3725000000000005,Review cost / returns
21096,2715.96,911.0400000000001,1804.92,4070.154,407.394,217.2768,-2889.9048000000003,15924,7008,-1.6011262549032645,0.4400904295403165,SET/6 FRUIT SALAD  PAPER PLATES,0.83,0.4565,Review cost / returns
20991,884.5600000000002,0.0,884.5600000000002,3759.8330000000005,132.684,70.76480000000001,-3078.7218000000003,7084,0,-3.4805121190196253,0.0,JAZZ HEARTS MAGNETIC MEMO PAD,0.9650000000000001,0.53075,Review cost / returns
37351,612.5099999999999,0.0,612.5099999999999,3715.25,91.8765,49.0008,-3243.6173,5404,0,-5.295615255261139,0.0,ORANGE FLOWER MUG,1.25,0.6875,Review cost / returns
21085,1873.3300000000002,0.0,1873.3300000000002,4909.1900000000005,280.9995,149.8664,-3466.7259000000004,13732,0,-1.850568719873167,0.0,SET/6 WOODLAND PAPER CUPS,0.65,0.35750000000000004,Review cost / returns
17109B,896.3399999999999,0.0,896.3399999999999,4221.789000000001,134.451,71.7072,-3531.6072000000004,4542,0,-3.940030791887008,0.0,FLOWER FAIRY INCENSE LAVENDER,1.69,0.9295,Review cost / returns
21099,1580.3400000000001,78.0,1502.3400000000001,4743.310000000001,237.051,126.42720000000001,-3604.4482000000007,13388,120,-2.399222679286979,0.0089632506722438,SET/6 STRAWBERRY PAPER CUPS,0.65,0.35750000000000004,Review cost / returns
47503E,1186.9,0.0,1186.9,4703.875,178.035,94.952,-3789.9619999999995,6842,0,-3.1931603336422607,0.0,ASS FLORAL PRINT SCISSORS,1.25,0.6875,Review cost / returns
21392,1478.13,478.44,999.69,4498.725,221.7195,118.25040000000001,-3839.004900000001,7545,3650,-3.8401953605617747,0.48376408217362493,RED POLKADOT PUDDING BOWL,2.1,1.1550000000000002,Review cost / returns
84509F,2456.1,0.0,2456.1,5735.8125,368.415,196.48800000000003,-3844.6155000000003,2781,0,-1.5653334554781972,0.0,SET OF 4 NEW ENGLAND PLACEMATS,3.75,2.0625,Review cost / returns
20993,1334.1100000000001,0.0,1334.1100000000001,5127.0725,200.1165,106.72880000000002,-4099.8078000000005,10967,0,-3.073065789177804,0.0,JAZZ HEARTS MEMO PAD,0.85,0.4675,Review cost / returns
21092,1571.5,20.4,1551.1,5994.285000000001,235.725,125.72,-4804.63,12846,24,-3.0975630197924056,0.0018682858477347033,SET/6 STRAWBERRY PAPER PLATES,0.85,0.4675,Review cost / returns
21091,1868.7,0.0,1868.7,6404.75,280.305,149.496,-4965.851000000001,13700,0,-2.6573826724460856,0.0,SET/6 WOODLAND PAPER PLATES,0.85,0.4675,Review cost / returns
85184D,4549.73,1664.9199999999998,2884.81,7093.570000000001,682.4594999999999,363.97839999999997,-5255.197900000001,8312,3940,-1.821679036054368,0.47401347449470643,S/4 BLUE ROUND DECOUPAGE BOXES,2.95,1.6225000000000003,Review cost / returns
85220,6875.0,3645.6499999999996,3229.35,7754.0925,1031.2499999999998,550.0,-6105.9925,12236,2513,-1.8907806524532802,0.2053775743707094,SMALL FAIRY CAKE FRIDGE MAGNETS,1.45,0.7975,Review cost / returns
37410,3288.65,7.5,3281.15,17669.4375,493.29749999999996,263.092,-15144.677,25707,6,-4.61566127729607,0.00023339946318123468,BLACK AND WHITE PAISLEY FLOWER MUG,1.25,0.6875,Review cost / returns
23166,81700.92000000001,77479.64,4221.28,2433.0625,12255.138,6536.073600000001,-17002.994100000004,78033,74494,-4.027923781412274,0.9546473927697257,MEDIUM CERAMIC TOP STORAGE JAR,1.25,0.6875,Review cost / returns
23843,168469.6,168469.6,0.0,0.0,25270.44,13477.568000000001,-38748.008,80995,80995,,1.0,"PAPER CRAFT , LITTLE BIRDIE",2.08,1.1440000000000001,Review cost / returns
