customer_id,arm,converted,returned,revenue,contribution_profit
control-0,control,0,0,0.0,-0.2
control-1,control,0,0,0.0,-0.2
control-2,control,0,0,0.0,-0.2
control-3,control,0,0,0.0,-0.2
control-4,control,0,0,0.0,-0.2
control-5,control,1,0,20.0,5.8
control-6,control,0,0,0.0,-0.2
control-7,control,0,0,0.0,-0.2
control-8,control,0,0,0.0,-0.2
control-9,control,0,0,0.0,-0.2
control-10,control,0,0,0.0,-0.2
control-11,control,0,0,0.0,-0.2
control-12,control,0,0,0.0,-0.2
control-13,control,0,0,0.0,-0.2
control-14,control,0,0,0.0,-0.2
control-15,control,0,0,0.0,-0.2
control-16,control,0,0,0.0,-0.2
control-17,control,0,0,0.0,-0.2
control-18,control,0,0,0.0,-0.2
control-19,control,0,0,0.0,-0.2
control-20,control,0,0,0.0,-0.2
control-21,control,0,0,0.0,-0.2
control-22,control,1,0,20.0,5.8
control-23,control,0,0,0.0,-0.2
control-24,control,0,0,0.0,-0.2
control-25,control,0,0,0.0,-0.2
control-26,control,0,0,0.0,-0.2
control-27,control,0,0,0.0,-0.2
control-28,control,0,0,0.0,-0.2
control-29,control,0,0,0.0,-0.2
control-30,control,0,0,0.0,-0.2
control-31,control,1,0,20.0,5.8
control-32,control,0,0,0.0,-0.2
control-33,control,0,0,0.0,-0.2
control-34,control,0,0,0.0,-0.2
control-35,control,0,0,0.0,-0.2
control-36,control,0,0,0.0,-0.2
control-37,control,0,0,0.0,-0.2
control-38,control,0,0,0.0,-0.2
control-39,control,0,0,0.0,-0.2
control-40,control,0,0,0.0,-0.2
control-41,control,0,0,0.0,-0.2
control-42,control,0,0,0.0,-0.2
control-43,control,0,0,0.0,-0.2
control-44,control,0,0,0.0,-0.2
control-45,control,0,0,0.0,-0.2
control-46,control,0,0,0.0,-0.2
control-47,control,0,0,0.0,-0.2
control-48,control,0,0,0.0,-0.2
control-49,control,0,0,0.0,-0.2
control-50,control,0,0,0.0,-0.2
control-51,control,0,0,0.0,-0.2
control-52,control,0,0,0.0,-0.2
control-53,control,0,0,0.0,-0.2
control-54,control,0,0,0.0,-0.2
control-55,control,0,0,0.0,-0.2
control-56,control,0,0,0.0,-0.2
control-57,control,0,0,0.0,-0.2
control-58,control,0,0,0.0,-0.2
control-59,control,0,0,0.0,-0.2
control-60,control,0,0,0.0,-0.2
control-61,control,0,0,0.0,-0.2
control-62,control,0,0,0.0,-0.2
control-63,control,0,0,0.0,-0.2
control-64,control,0,0,0.0,-0.2
control-65,control,0,0,0.0,-0.2
control-66,control,0,0,0.0,-0.2
control-67,control,0,0,0.0,-0.2
control-68,control,0,0,0.0,-0.2
control-69,control,0,0,0.0,-0.2
control-70,control,0,0,0.0,-0.2
control-71,control,0,0,0.0,-0.2
control-72,control,0,0,0.0,-0.2
control-73,control,0,0,0.0,-0.2
control-74,control,0,0,0.0,-0.2
control-75,control,0,0,0.0,-0.2
control-76,control,0,0,0.0,-0.2
control-77,control,0,0,0.0,-0.2
control-78,control,0,0,0.0,-0.2
control-79,control,0,0,0.0,-0.2
control-80,control,0,0,0.0,-0.2
control-81,control,0,0,0.0,-0.2
control-82,control,0,0,0.0,-0.2
control-83,control,0,0,0.0,-0.2
control-84,control,0,0,0.0,-0.2
control-85,control,0,0,0.0,-0.2
control-86,control,0,0,0.0,-0.2
control-87,control,0,0,0.0,-0.2
control-88,control,0,0,0.0,-0.2
control-89,control,0,0,0.0,-0.2
control-90,control,0,0,0.0,-0.2
control-91,control,0,0,0.0,-0.2
control-92,control,0,0,0.0,-0.2
control-93,control,0,0,0.0,-0.2
control-94,control,0,0,0.0,-0.2
control-95,control,0,0,0.0,-0.2
control-96,control,0,0,0.0,-0.2
control-97,control,0,0,0.0,-0.2
control-98,control,0,0,0.0,-0.2
control-99,control,1,0,60.0,17.8
control-100,control,0,0,0.0,-0.2
control-101,control,0,0,0.0,-0.2
control-102,control,0,0,0.0,-0.2
control-103,control,1,0,20.0,5.8
control-104,control,0,0,0.0,-0.2
control-105,control,0,0,0.0,-0.2
control-106,control,0,0,0.0,-0.2
control-107,control,0,0,0.0,-0.2
control-108,control,0,0,0.0,-0.2
control-109,control,0,0,0.0,-0.2
control-110,control,0,0,0.0,-0.2
control-111,control,0,0,0.0,-0.2
control-112,control,0,0,0.0,-0.2
control-113,control,0,0,0.0,-0.2
control-114,control,0,0,0.0,-0.2
control-115,control,0,0,0.0,-0.2
control-116,control,0,0,0.0,-0.2
control-117,control,0,0,0.0,-0.2
control-118,control,0,0,0.0,-0.2
control-119,control,0,0,0.0,-0.2
control-120,control,0,0,0.0,-0.2
control-121,control,0,0,0.0,-0.2
control-122,control,0,0,0.0,-0.2
control-123,control,0,0,0.0,-0.2
control-124,control,0,0,0.0,-0.2
control-125,control,0,0,0.0,-0.2
control-126,control,0,0,0.0,-0.2
control-127,control,0,0,0.0,-0.2
control-128,control,0,0,0.0,-0.2
control-129,control,0,0,0.0,-0.2
control-130,control,0,0,0.0,-0.2
control-131,control,0,0,0.0,-0.2
control-132,control,0,0,0.0,-0.2
control-133,control,0,0,0.0,-0.2
control-134,control,0,0,0.0,-0.2
control-135,control,0,0,0.0,-0.2
control-136,control,1,0,20.0,5.8
control-137,control,0,0,0.0,-0.2
control-138,control,0,0,0.0,-0.2
control-139,control,0,0,0.0,-0.2
control-140,control,0,0,0.0,-0.2
control-141,control,0,0,0.0,-0.2
control-142,control,0,0,0.0,-0.2
control-143,control,0,0,0.0,-0.2
control-144,control,0,0,0.0,-0.2
control-145,control,0,0,0.0,-0.2
control-146,control,0,0,0.0,-0.2
control-147,control,0,0,0.0,-0.2
control-148,control,0,0,0.0,-0.2
control-149,control,0,0,0.0,-0.2
control-150,control,0,0,0.0,-0.2
control-151,control,0,0,0.0,-0.2
control-152,control,0,0,0.0,-0.2
control-153,control,0,0,0.0,-0.2
control-154,control,0,0,0.0,-0.2
control-155,control,0,0,0.0,-0.2
control-156,control,0,0,0.0,-0.2
control-157,control,0,0,0.0,-0.2
control-158,control,0,0,0.0,-0.2
control-159,control,0,0,0.0,-0.2
control-160,control,0,0,0.0,-0.2
control-161,control,0,0,0.0,-0.2
control-162,control,0,0,0.0,-0.2
control-163,control,0,0,0.0,-0.2
control-164,control,0,0,0.0,-0.2
control-165,control,0,0,0.0,-0.2
control-166,control,0,0,0.0,-0.2
control-167,control,0,0,0.0,-0.2
control-168,control,0,0,0.0,-0.2
control-169,control,1,0,40.0,11.8
control-170,control,0,0,0.0,-0.2
control-171,control,0,0,0.0,-0.2
control-172,control,0,0,0.0,-0.2
control-173,control,0,0,0.0,-0.2
control-174,control,0,0,0.0,-0.2
control-175,control,0,0,0.0,-0.2
control-176,control,0,0,0.0,-0.2
control-177,control,1,0,20.0,5.8
control-178,control,0,0,0.0,-0.2
control-179,control,0,0,0.0,-0.2
control-180,control,0,0,0.0,-0.2
control-181,control,0,0,0.0,-0.2
control-182,control,0,0,0.0,-0.2
control-183,control,0,0,0.0,-0.2
control-184,control,0,0,0.0,-0.2
control-185,control,0,0,0.0,-0.2
control-186,control,0,0,0.0,-0.2
control-187,control,0,0,0.0,-0.2
control-188,control,0,0,0.0,-0.2
control-189,control,0,0,0.0,-0.2
control-190,control,0,0,0.0,-0.2
control-191,control,0,0,0.0,-0.2
control-192,control,0,0,0.0,-0.2
control-193,control,0,0,0.0,-0.2
control-194,control,0,0,0.0,-0.2
control-195,control,0,0,0.0,-0.2
control-196,control,0,0,0.0,-0.2
control-197,control,0,0,0.0,-0.2
control-198,control,0,0,0.0,-0.2
control-199,control,0,0,0.0,-0.2
control-200,control,0,0,0.0,-0.2
control-201,control,1,0,60.0,17.8
control-202,control,0,0,0.0,-0.2
control-203,control,0,0,0.0,-0.2
control-204,control,0,0,0.0,-0.2
control-205,control,0,0,0.0,-0.2
control-206,control,0,0,0.0,-0.2
control-207,control,0,0,0.0,-0.2
control-208,control,0,0,0.0,-0.2
control-209,control,0,0,0.0,-0.2
control-210,control,0,0,0.0,-0.2
control-211,control,0,0,0.0,-0.2
control-212,control,0,0,0.0,-0.2
control-213,control,0,0,0.0,-0.2
control-214,control,0,0,0.0,-0.2
control-215,control,0,0,0.0,-0.2
control-216,control,0,0,0.0,-0.2
control-217,control,0,0,0.0,-0.2
control-218,control,0,0,0.0,-0.2
control-219,control,0,0,0.0,-0.2
control-220,control,0,0,0.0,-0.2
control-221,control,0,0,0.0,-0.2
control-222,control,0,0,0.0,-0.2
control-223,control,1,0,20.0,5.8
control-224,control,0,0,0.0,-0.2
control-225,control,0,0,0.0,-0.2
control-226,control,0,0,0.0,-0.2
control-227,control,0,0,0.0,-0.2
control-228,control,0,0,0.0,-0.2
control-229,control,0,0,0.0,-0.2
control-230,control,0,0,0.0,-0.2
control-231,control,0,0,0.0,-0.2
control-232,control,1,0,40.0,11.8
control-233,control,0,0,0.0,-0.2
control-234,control,0,0,0.0,-0.2
control-235,control,0,0,0.0,-0.2
control-236,control,0,0,0.0,-0.2
control-237,control,0,0,0.0,-0.2
control-238,control,0,0,0.0,-0.2
control-239,control,0,0,0.0,-0.2
control-240,control,0,0,0.0,-0.2
control-241,control,0,0,0.0,-0.2
control-242,control,0,0,0.0,-0.2
control-243,control,0,0,0.0,-0.2
control-244,control,0,0,0.0,-0.2
control-245,control,0,0,0.0,-0.2
control-246,control,0,0,0.0,-0.2
control-247,control,0,0,0.0,-0.2
control-248,control,0,0,0.0,-0.2
control-249,control,0,0,0.0,-0.2
control-250,control,0,0,0.0,-0.2
control-251,control,0,0,0.0,-0.2
control-252,control,0,0,0.0,-0.2
control-253,control,0,0,0.0,-0.2
control-254,control,0,0,0.0,-0.2
control-255,control,0,0,0.0,-0.2
control-256,control,0,0,0.0,-0.2
control-257,control,0,0,0.0,-0.2
control-258,control,0,0,0.0,-0.2
control-259,control,0,0,0.0,-0.2
control-260,control,0,0,0.0,-0.2
control-261,control,0,0,0.0,-0.2
control-262,control,0,0,0.0,-0.2
control-263,control,0,0,0.0,-0.2
control-264,control,0,0,0.0,-0.2
control-265,control,0,0,0.0,-0.2
control-266,control,0,0,0.0,-0.2
control-267,control,0,0,0.0,-0.2
control-268,control,0,0,0.0,-0.2
control-269,control,0,0,0.0,-0.2
control-270,control,0,0,0.0,-0.2
control-271,control,0,0,0.0,-0.2
control-272,control,0,0,0.0,-0.2
control-273,control,0,0,0.0,-0.2
control-274,control,0,0,0.0,-0.2
control-275,control,0,0,0.0,-0.2
control-276,control,0,0,0.0,-0.2
control-277,control,0,0,0.0,-0.2
control-278,control,0,0,0.0,-0.2
control-279,control,0,0,0.0,-0.2
control-280,control,0,0,0.0,-0.2
control-281,control,0,0,0.0,-0.2
control-282,control,0,0,0.0,-0.2
control-283,control,0,0,0.0,-0.2
control-284,control,0,0,0.0,-0.2
control-285,control,0,0,0.0,-0.2
control-286,control,0,0,0.0,-0.2
control-287,control,0,0,0.0,-0.2
control-288,control,0,0,0.0,-0.2
control-289,control,0,0,0.0,-0.2
control-290,control,0,0,0.0,-0.2
control-291,control,0,0,0.0,-0.2
control-292,control,0,0,0.0,-0.2
control-293,control,0,0,0.0,-0.2
control-294,control,0,0,0.0,-0.2
control-295,control,0,0,0.0,-0.2
control-296,control,1,0,40.0,11.8
control-297,control,0,0,0.0,-0.2
control-298,control,0,0,0.0,-0.2
control-299,control,0,0,0.0,-0.2
control-300,control,0,0,0.0,-0.2
control-301,control,0,0,0.0,-0.2
control-302,control,0,0,0.0,-0.2
control-303,control,0,0,0.0,-0.2
control-304,control,0,0,0.0,-0.2
control-305,control,0,0,0.0,-0.2
control-306,control,0,0,0.0,-0.2
control-307,control,0,0,0.0,-0.2
control-308,control,0,0,0.0,-0.2
control-309,control,0,0,0.0,-0.2
control-310,control,0,0,0.0,-0.2
control-311,control,0,0,0.0,-0.2
control-312,control,0,0,0.0,-0.2
control-313,control,0,0,0.0,-0.2
control-314,control,0,0,0.0,-0.2
control-315,control,0,0,0.0,-0.2
control-316,control,0,0,0.0,-0.2
control-317,control,0,0,0.0,-0.2
control-318,control,0,0,0.0,-0.2
control-319,control,0,0,0.0,-0.2
control-320,control,0,0,0.0,-0.2
control-321,control,0,0,0.0,-0.2
control-322,control,0,0,0.0,-0.2
control-323,control,0,0,0.0,-0.2
control-324,control,0,0,0.0,-0.2
control-325,control,0,0,0.0,-0.2
control-326,control,0,0,0.0,-0.2
control-327,control,0,0,0.0,-0.2
control-328,control,0,0,0.0,-0.2
control-329,control,0,0,0.0,-0.2
control-330,control,0,0,0.0,-0.2
control-331,control,0,0,0.0,-0.2
control-332,control,0,0,0.0,-0.2
control-333,control,0,0,0.0,-0.2
control-334,control,0,0,0.0,-0.2
control-335,control,0,0,0.0,-0.2
control-336,control,0,0,0.0,-0.2
control-337,control,0,0,0.0,-0.2
control-338,control,0,0,0.0,-0.2
control-339,control,0,0,0.0,-0.2
control-340,control,0,0,0.0,-0.2
control-341,control,1,1,0.0,-6.2
control-342,control,0,0,0.0,-0.2
control-343,control,0,0,0.0,-0.2
control-344,control,0,0,0.0,-0.2
control-345,control,0,0,0.0,-0.2
control-346,control,0,0,0.0,-0.2
control-347,control,0,0,0.0,-0.2
control-348,control,0,0,0.0,-0.2
control-349,control,0,0,0.0,-0.2
control-350,control,0,0,0.0,-0.2
control-351,control,0,0,0.0,-0.2
control-352,control,0,0,0.0,-0.2
control-353,control,0,0,0.0,-0.2
control-354,control,0,0,0.0,-0.2
control-355,control,0,0,0.0,-0.2
control-356,control,0,0,0.0,-0.2
control-357,control,0,0,0.0,-0.2
control-358,control,0,0,0.0,-0.2
control-359,control,0,0,0.0,-0.2
control-360,control,0,0,0.0,-0.2
control-361,control,0,0,0.0,-0.2
control-362,control,0,0,0.0,-0.2
control-363,control,0,0,0.0,-0.2
control-364,control,0,0,0.0,-0.2
control-365,control,0,0,0.0,-0.2
control-366,control,0,0,0.0,-0.2
control-367,control,0,0,0.0,-0.2
control-368,control,0,0,0.0,-0.2
control-369,control,0,0,0.0,-0.2
control-370,control,0,0,0.0,-0.2
control-371,control,0,0,0.0,-0.2
control-372,control,0,0,0.0,-0.2
control-373,control,0,0,0.0,-0.2
control-374,control,0,0,0.0,-0.2
control-375,control,0,0,0.0,-0.2
control-376,control,0,0,0.0,-0.2
control-377,control,0,0,0.0,-0.2
control-378,control,0,0,0.0,-0.2
control-379,control,0,0,0.0,-0.2
control-380,control,0,0,0.0,-0.2
control-381,control,0,0,0.0,-0.2
control-382,control,0,0,0.0,-0.2
control-383,control,0,0,0.0,-0.2
control-384,control,0,0,0.0,-0.2
control-385,control,1,0,20.0,5.8
control-386,control,0,0,0.0,-0.2
control-387,control,1,0,40.0,11.8
control-388,control,0,0,0.0,-0.2
control-389,control,0,0,0.0,-0.2
control-390,control,0,0,0.0,-0.2
control-391,control,0,0,0.0,-0.2
control-392,control,0,0,0.0,-0.2
control-393,control,0,0,0.0,-0.2
control-394,control,0,0,0.0,-0.2
control-395,control,0,0,0.0,-0.2
control-396,control,0,0,0.0,-0.2
control-397,control,0,0,0.0,-0.2
control-398,control,0,0,0.0,-0.2
control-399,control,0,0,0.0,-0.2
control-400,control,0,0,0.0,-0.2
control-401,control,0,0,0.0,-0.2
control-402,control,0,0,0.0,-0.2
control-403,control,0,0,0.0,-0.2
control-404,control,1,0,20.0,5.8
control-405,control,0,0,0.0,-0.2
control-406,control,0,0,0.0,-0.2
control-407,control,0,0,0.0,-0.2
control-408,control,0,0,0.0,-0.2
control-409,control,1,0,60.0,17.8
control-410,control,0,0,0.0,-0.2
control-411,control,0,0,0.0,-0.2
control-412,control,0,0,0.0,-0.2
control-413,control,0,0,0.0,-0.2
control-414,control,0,0,0.0,-0.2
control-415,control,0,0,0.0,-0.2
control-416,control,0,0,0.0,-0.2
control-417,control,0,0,0.0,-0.2
control-418,control,0,0,0.0,-0.2
control-419,control,0,0,0.0,-0.2
control-420,control,0,0,0.0,-0.2
control-421,control,0,0,0.0,-0.2
control-422,control,0,0,0.0,-0.2
control-423,control,0,0,0.0,-0.2
control-424,control,0,0,0.0,-0.2
control-425,control,0,0,0.0,-0.2
control-426,control,0,0,0.0,-0.2
control-427,control,0,0,0.0,-0.2
control-428,control,0,0,0.0,-0.2
control-429,control,0,0,0.0,-0.2
control-430,control,0,0,0.0,-0.2
control-431,control,0,0,0.0,-0.2
control-432,control,0,0,0.0,-0.2
control-433,control,0,0,0.0,-0.2
control-434,control,0,0,0.0,-0.2
control-435,control,0,0,0.0,-0.2
control-436,control,0,0,0.0,-0.2
control-437,control,0,0,0.0,-0.2
control-438,control,0,0,0.0,-0.2
control-439,control,0,0,0.0,-0.2
control-440,control,0,0,0.0,-0.2
control-441,control,0,0,0.0,-0.2
control-442,control,0,0,0.0,-0.2
control-443,control,0,0,0.0,-0.2
control-444,control,0,0,0.0,-0.2
control-445,control,0,0,0.0,-0.2
control-446,control,1,0,60.0,17.8
control-447,control,0,0,0.0,-0.2
control-448,control,0,0,0.0,-0.2
control-449,control,0,0,0.0,-0.2
control-450,control,0,0,0.0,-0.2
control-451,control,0,0,0.0,-0.2
control-452,control,0,0,0.0,-0.2
control-453,control,0,0,0.0,-0.2
control-454,control,0,0,0.0,-0.2
control-455,control,0,0,0.0,-0.2
control-456,control,1,0,40.0,11.8
control-457,control,0,0,0.0,-0.2
control-458,control,0,0,0.0,-0.2
control-459,control,0,0,0.0,-0.2
control-460,control,0,0,0.0,-0.2
control-461,control,0,0,0.0,-0.2
control-462,control,0,0,0.0,-0.2
control-463,control,0,0,0.0,-0.2
control-464,control,0,0,0.0,-0.2
control-465,control,0,0,0.0,-0.2
control-466,control,0,0,0.0,-0.2
control-467,control,0,0,0.0,-0.2
control-468,control,0,0,0.0,-0.2
control-469,control,0,0,0.0,-0.2
control-470,control,0,0,0.0,-0.2
control-471,control,0,0,0.0,-0.2
control-472,control,0,0,0.0,-0.2
control-473,control,0,0,0.0,-0.2
control-474,control,0,0,0.0,-0.2
control-475,control,0,0,0.0,-0.2
control-476,control,0,0,0.0,-0.2
control-477,control,0,0,0.0,-0.2
control-478,control,0,0,0.0,-0.2
control-479,control,0,0,0.0,-0.2
control-480,control,0,0,0.0,-0.2
control-481,control,0,0,0.0,-0.2
control-482,control,0,0,0.0,-0.2
control-483,control,0,0,0.0,-0.2
control-484,control,0,0,0.0,-0.2
control-485,control,0,0,0.0,-0.2
control-486,control,0,0,0.0,-0.2
control-487,control,0,0,0.0,-0.2
control-488,control,0,0,0.0,-0.2
control-489,control,0,0,0.0,-0.2
control-490,control,0,0,0.0,-0.2
control-491,control,0,0,0.0,-0.2
control-492,control,0,0,0.0,-0.2
control-493,control,0,0,0.0,-0.2
control-494,control,0,0,0.0,-0.2
control-495,control,0,0,0.0,-0.2
control-496,control,0,0,0.0,-0.2
control-497,control,0,0,0.0,-0.2
control-498,control,0,0,0.0,-0.2
control-499,control,0,0,0.0,-0.2
control-500,control,0,0,0.0,-0.2
control-501,control,0,0,0.0,-0.2
control-502,control,0,0,0.0,-0.2
control-503,control,0,0,0.0,-0.2
control-504,control,0,0,0.0,-0.2
control-505,control,0,0,0.0,-0.2
control-506,control,0,0,0.0,-0.2
control-507,control,0,0,0.0,-0.2
control-508,control,0,0,0.0,-0.2
control-509,control,0,0,0.0,-0.2
control-510,control,0,0,0.0,-0.2
control-511,control,0,0,0.0,-0.2
control-512,control,0,0,0.0,-0.2
control-513,control,0,0,0.0,-0.2
control-514,control,0,0,0.0,-0.2
control-515,control,0,0,0.0,-0.2
control-516,control,0,0,0.0,-0.2
control-517,control,0,0,0.0,-0.2
control-518,control,0,0,0.0,-0.2
control-519,control,0,0,0.0,-0.2
control-520,control,0,0,0.0,-0.2
control-521,control,0,0,0.0,-0.2
control-522,control,0,0,0.0,-0.2
control-523,control,0,0,0.0,-0.2
control-524,control,0,0,0.0,-0.2
control-525,control,0,0,0.0,-0.2
control-526,control,1,0,20.0,5.8
control-527,control,1,0,20.0,5.8
control-528,control,0,0,0.0,-0.2
control-529,control,0,0,0.0,-0.2
control-530,control,0,0,0.0,-0.2
control-531,control,0,0,0.0,-0.2
control-532,control,0,0,0.0,-0.2
control-533,control,0,0,0.0,-0.2
control-534,control,0,0,0.0,-0.2
control-535,control,0,0,0.0,-0.2
control-536,control,0,0,0.0,-0.2
control-537,control,0,0,0.0,-0.2
control-538,control,0,0,0.0,-0.2
control-539,control,0,0,0.0,-0.2
control-540,control,1,0,60.0,17.8
control-541,control,0,0,0.0,-0.2
control-542,control,0,0,0.0,-0.2
control-543,control,1,0,60.0,17.8
control-544,control,0,0,0.0,-0.2
control-545,control,0,0,0.0,-0.2
control-546,control,0,0,0.0,-0.2
control-547,control,0,0,0.0,-0.2
control-548,control,0,0,0.0,-0.2
control-549,control,0,0,0.0,-0.2
control-550,control,0,0,0.0,-0.2
control-551,control,0,0,0.0,-0.2
control-552,control,0,0,0.0,-0.2
control-553,control,0,0,0.0,-0.2
control-554,control,0,0,0.0,-0.2
control-555,control,0,0,0.0,-0.2
control-556,control,0,0,0.0,-0.2
control-557,control,0,0,0.0,-0.2
control-558,control,0,0,0.0,-0.2
control-559,control,0,0,0.0,-0.2
control-560,control,0,0,0.0,-0.2
control-561,control,0,0,0.0,-0.2
control-562,control,0,0,0.0,-0.2
control-563,control,0,0,0.0,-0.2
control-564,control,0,0,0.0,-0.2
control-565,control,0,0,0.0,-0.2
control-566,control,0,0,0.0,-0.2
control-567,control,0,0,0.0,-0.2
control-568,control,0,0,0.0,-0.2
control-569,control,0,0,0.0,-0.2
control-570,control,0,0,0.0,-0.2
control-571,control,0,0,0.0,-0.2
control-572,control,0,0,0.0,-0.2
control-573,control,0,0,0.0,-0.2
control-574,control,0,0,0.0,-0.2
control-575,control,0,0,0.0,-0.2
control-576,control,0,0,0.0,-0.2
control-577,control,0,0,0.0,-0.2
control-578,control,0,0,0.0,-0.2
control-579,control,0,0,0.0,-0.2
control-580,control,0,0,0.0,-0.2
control-581,control,0,0,0.0,-0.2
control-582,control,0,0,0.0,-0.2
control-583,control,0,0,0.0,-0.2
control-584,control,0,0,0.0,-0.2
control-585,control,0,0,0.0,-0.2
control-586,control,0,0,0.0,-0.2
control-587,control,0,0,0.0,-0.2
control-588,control,0,0,0.0,-0.2
control-589,control,0,0,0.0,-0.2
control-590,control,0,0,0.0,-0.2
control-591,control,0,0,0.0,-0.2
control-592,control,0,0,0.0,-0.2
control-593,control,0,0,0.0,-0.2
control-594,control,0,0,0.0,-0.2
control-595,control,0,0,0.0,-0.2
control-596,control,0,0,0.0,-0.2
control-597,control,0,0,0.0,-0.2
control-598,control,1,0,60.0,17.8
control-599,control,0,0,0.0,-0.2
control-600,control,0,0,0.0,-0.2
control-601,control,0,0,0.0,-0.2
control-602,control,0,0,0.0,-0.2
control-603,control,0,0,0.0,-0.2
control-604,control,1,0,40.0,11.8
control-605,control,0,0,0.0,-0.2
control-606,control,0,0,0.0,-0.2
control-607,control,0,0,0.0,-0.2
control-608,control,0,0,0.0,-0.2
control-609,control,0,0,0.0,-0.2
control-610,control,0,0,0.0,-0.2
control-611,control,0,0,0.0,-0.2
control-612,control,1,0,20.0,5.8
control-613,control,1,0,40.0,11.8
control-614,control,0,0,0.0,-0.2
control-615,control,0,0,0.0,-0.2
control-616,control,0,0,0.0,-0.2
control-617,control,0,0,0.0,-0.2
control-618,control,0,0,0.0,-0.2
control-619,control,0,0,0.0,-0.2
control-620,control,0,0,0.0,-0.2
control-621,control,0,0,0.0,-0.2
control-622,control,1,0,40.0,11.8
control-623,control,0,0,0.0,-0.2
control-624,control,1,0,40.0,11.8
control-625,control,0,0,0.0,-0.2
control-626,control,0,0,0.0,-0.2
control-627,control,0,0,0.0,-0.2
control-628,control,0,0,0.0,-0.2
control-629,control,0,0,0.0,-0.2
control-630,control,0,0,0.0,-0.2
control-631,control,0,0,0.0,-0.2
control-632,control,0,0,0.0,-0.2
control-633,control,0,0,0.0,-0.2
control-634,control,0,0,0.0,-0.2
control-635,control,0,0,0.0,-0.2
control-636,control,0,0,0.0,-0.2
control-637,control,0,0,0.0,-0.2
control-638,control,0,0,0.0,-0.2
control-639,control,0,0,0.0,-0.2
control-640,control,0,0,0.0,-0.2
control-641,control,0,0,0.0,-0.2
control-642,control,0,0,0.0,-0.2
control-643,control,0,0,0.0,-0.2
control-644,control,0,0,0.0,-0.2
control-645,control,0,0,0.0,-0.2
control-646,control,0,0,0.0,-0.2
control-647,control,0,0,0.0,-0.2
control-648,control,0,0,0.0,-0.2
control-649,control,0,0,0.0,-0.2
control-650,control,0,0,0.0,-0.2
control-651,control,0,0,0.0,-0.2
control-652,control,0,0,0.0,-0.2
control-653,control,0,0,0.0,-0.2
control-654,control,0,0,0.0,-0.2
control-655,control,0,0,0.0,-0.2
control-656,control,0,0,0.0,-0.2
control-657,control,0,0,0.0,-0.2
control-658,control,0,0,0.0,-0.2
control-659,control,0,0,0.0,-0.2
control-660,control,0,0,0.0,-0.2
control-661,control,0,0,0.0,-0.2
control-662,control,0,0,0.0,-0.2
control-663,control,0,0,0.0,-0.2
control-664,control,0,0,0.0,-0.2
control-665,control,0,0,0.0,-0.2
control-666,control,0,0,0.0,-0.2
control-667,control,1,1,0.0,-3.2
control-668,control,0,0,0.0,-0.2
control-669,control,0,0,0.0,-0.2
control-670,control,0,0,0.0,-0.2
control-671,control,0,0,0.0,-0.2
control-672,control,1,0,40.0,11.8
control-673,control,0,0,0.0,-0.2
control-674,control,0,0,0.0,-0.2
control-675,control,0,0,0.0,-0.2
control-676,control,0,0,0.0,-0.2
control-677,control,0,0,0.0,-0.2
control-678,control,0,0,0.0,-0.2
control-679,control,0,0,0.0,-0.2
control-680,control,0,0,0.0,-0.2
control-681,control,0,0,0.0,-0.2
control-682,control,0,0,0.0,-0.2
control-683,control,0,0,0.0,-0.2
control-684,control,0,0,0.0,-0.2
control-685,control,0,0,0.0,-0.2
control-686,control,0,0,0.0,-0.2
control-687,control,1,0,60.0,17.8
control-688,control,0,0,0.0,-0.2
control-689,control,0,0,0.0,-0.2
control-690,control,0,0,0.0,-0.2
control-691,control,0,0,0.0,-0.2
control-692,control,0,0,0.0,-0.2
control-693,control,0,0,0.0,-0.2
control-694,control,0,0,0.0,-0.2
control-695,control,0,0,0.0,-0.2
control-696,control,0,0,0.0,-0.2
control-697,control,0,0,0.0,-0.2
control-698,control,0,0,0.0,-0.2
control-699,control,0,0,0.0,-0.2
control-700,control,0,0,0.0,-0.2
control-701,control,0,0,0.0,-0.2
control-702,control,0,0,0.0,-0.2
control-703,control,0,0,0.0,-0.2
control-704,control,0,0,0.0,-0.2
control-705,control,0,0,0.0,-0.2
control-706,control,0,0,0.0,-0.2
control-707,control,0,0,0.0,-0.2
control-708,control,0,0,0.0,-0.2
control-709,control,0,0,0.0,-0.2
control-710,control,1,1,0.0,-6.2
control-711,control,0,0,0.0,-0.2
control-712,control,0,0,0.0,-0.2
control-713,control,0,0,0.0,-0.2
control-714,control,0,0,0.0,-0.2
control-715,control,0,0,0.0,-0.2
control-716,control,0,0,0.0,-0.2
control-717,control,0,0,0.0,-0.2
control-718,control,0,0,0.0,-0.2
control-719,control,1,0,60.0,17.8
control-720,control,0,0,0.0,-0.2
control-721,control,0,0,0.0,-0.2
control-722,control,0,0,0.0,-0.2
control-723,control,1,0,40.0,11.8
control-724,control,0,0,0.0,-0.2
control-725,control,0,0,0.0,-0.2
control-726,control,0,0,0.0,-0.2
control-727,control,0,0,0.0,-0.2
control-728,control,0,0,0.0,-0.2
control-729,control,0,0,0.0,-0.2
control-730,control,0,0,0.0,-0.2
control-731,control,0,0,0.0,-0.2
control-732,control,0,0,0.0,-0.2
control-733,control,0,0,0.0,-0.2
control-734,control,0,0,0.0,-0.2
control-735,control,0,0,0.0,-0.2
control-736,control,0,0,0.0,-0.2
control-737,control,0,0,0.0,-0.2
control-738,control,0,0,0.0,-0.2
control-739,control,0,0,0.0,-0.2
control-740,control,0,0,0.0,-0.2
control-741,control,0,0,0.0,-0.2
control-742,control,0,0,0.0,-0.2
control-743,control,0,0,0.0,-0.2
control-744,control,0,0,0.0,-0.2
control-745,control,0,0,0.0,-0.2
control-746,control,0,0,0.0,-0.2
control-747,control,0,0,0.0,-0.2
control-748,control,0,0,0.0,-0.2
control-749,control,0,0,0.0,-0.2
control-750,control,0,0,0.0,-0.2
control-751,control,0,0,0.0,-0.2
control-752,control,0,0,0.0,-0.2
control-753,control,0,0,0.0,-0.2
control-754,control,0,0,0.0,-0.2
control-755,control,0,0,0.0,-0.2
control-756,control,0,0,0.0,-0.2
control-757,control,0,0,0.0,-0.2
control-758,control,0,0,0.0,-0.2
control-759,control,0,0,0.0,-0.2
control-760,control,0,0,0.0,-0.2
control-761,control,0,0,0.0,-0.2
control-762,control,0,0,0.0,-0.2
control-763,control,0,0,0.0,-0.2
control-764,control,0,0,0.0,-0.2
control-765,control,0,0,0.0,-0.2
control-766,control,0,0,0.0,-0.2
control-767,control,0,0,0.0,-0.2
control-768,control,0,0,0.0,-0.2
control-769,control,0,0,0.0,-0.2
control-770,control,0,0,0.0,-0.2
control-771,control,0,0,0.0,-0.2
control-772,control,0,0,0.0,-0.2
control-773,control,0,0,0.0,-0.2
control-774,control,0,0,0.0,-0.2
control-775,control,0,0,0.0,-0.2
control-776,control,0,0,0.0,-0.2
control-777,control,0,0,0.0,-0.2
control-778,control,0,0,0.0,-0.2
control-779,control,0,0,0.0,-0.2
control-780,control,0,0,0.0,-0.2
control-781,control,0,0,0.0,-0.2
control-782,control,0,0,0.0,-0.2
control-783,control,0,0,0.0,-0.2
control-784,control,1,0,40.0,11.8
control-785,control,0,0,0.0,-0.2
control-786,control,0,0,0.0,-0.2
control-787,control,0,0,0.0,-0.2
control-788,control,0,0,0.0,-0.2
control-789,control,0,0,0.0,-0.2
control-790,control,0,0,0.0,-0.2
control-791,control,0,0,0.0,-0.2
control-792,control,0,0,0.0,-0.2
control-793,control,0,0,0.0,-0.2
control-794,control,0,0,0.0,-0.2
control-795,control,0,0,0.0,-0.2
control-796,control,0,0,0.0,-0.2
control-797,control,0,0,0.0,-0.2
control-798,control,0,0,0.0,-0.2
control-799,control,0,0,0.0,-0.2
control-800,control,0,0,0.0,-0.2
control-801,control,0,0,0.0,-0.2
control-802,control,0,0,0.0,-0.2
control-803,control,0,0,0.0,-0.2
control-804,control,0,0,0.0,-0.2
control-805,control,0,0,0.0,-0.2
control-806,control,0,0,0.0,-0.2
control-807,control,0,0,0.0,-0.2
control-808,control,0,0,0.0,-0.2
control-809,control,1,0,20.0,5.8
control-810,control,0,0,0.0,-0.2
control-811,control,0,0,0.0,-0.2
control-812,control,1,0,20.0,5.8
control-813,control,0,0,0.0,-0.2
control-814,control,0,0,0.0,-0.2
control-815,control,0,0,0.0,-0.2
control-816,control,0,0,0.0,-0.2
control-817,control,0,0,0.0,-0.2
control-818,control,0,0,0.0,-0.2
control-819,control,0,0,0.0,-0.2
control-820,control,0,0,0.0,-0.2
control-821,control,0,0,0.0,-0.2
control-822,control,0,0,0.0,-0.2
control-823,control,0,0,0.0,-0.2
control-824,control,0,0,0.0,-0.2
control-825,control,0,0,0.0,-0.2
control-826,control,0,0,0.0,-0.2
control-827,control,0,0,0.0,-0.2
control-828,control,0,0,0.0,-0.2
control-829,control,0,0,0.0,-0.2
control-830,control,0,0,0.0,-0.2
control-831,control,0,0,0.0,-0.2
control-832,control,0,0,0.0,-0.2
control-833,control,0,0,0.0,-0.2
control-834,control,0,0,0.0,-0.2
control-835,control,0,0,0.0,-0.2
control-836,control,0,0,0.0,-0.2
control-837,control,1,0,20.0,5.8
control-838,control,0,0,0.0,-0.2
control-839,control,0,0,0.0,-0.2
control-840,control,0,0,0.0,-0.2
control-841,control,0,0,0.0,-0.2
control-842,control,0,0,0.0,-0.2
control-843,control,0,0,0.0,-0.2
control-844,control,0,0,0.0,-0.2
control-845,control,0,0,0.0,-0.2
control-846,control,0,0,0.0,-0.2
control-847,control,0,0,0.0,-0.2
control-848,control,0,0,0.0,-0.2
control-849,control,1,1,0.0,-6.2
control-850,control,0,0,0.0,-0.2
control-851,control,0,0,0.0,-0.2
control-852,control,0,0,0.0,-0.2
control-853,control,0,0,0.0,-0.2
control-854,control,0,0,0.0,-0.2
control-855,control,0,0,0.0,-0.2
control-856,control,0,0,0.0,-0.2
control-857,control,0,0,0.0,-0.2
control-858,control,0,0,0.0,-0.2
control-859,control,0,0,0.0,-0.2
control-860,control,0,0,0.0,-0.2
control-861,control,0,0,0.0,-0.2
control-862,control,0,0,0.0,-0.2
control-863,control,0,0,0.0,-0.2
control-864,control,0,0,0.0,-0.2
control-865,control,0,0,0.0,-0.2
control-866,control,0,0,0.0,-0.2
control-867,control,0,0,0.0,-0.2
control-868,control,0,0,0.0,-0.2
control-869,control,0,0,0.0,-0.2
control-870,control,0,0,0.0,-0.2
control-871,control,0,0,0.0,-0.2
control-872,control,1,0,20.0,5.8
control-873,control,0,0,0.0,-0.2
control-874,control,0,0,0.0,-0.2
control-875,control,0,0,0.0,-0.2
control-876,control,0,0,0.0,-0.2
control-877,control,0,0,0.0,-0.2
control-878,control,0,0,0.0,-0.2
control-879,control,0,0,0.0,-0.2
control-880,control,0,0,0.0,-0.2
control-881,control,0,0,0.0,-0.2
control-882,control,0,0,0.0,-0.2
control-883,control,0,0,0.0,-0.2
control-884,control,0,0,0.0,-0.2
control-885,control,0,0,0.0,-0.2
control-886,control,0,0,0.0,-0.2
control-887,control,0,0,0.0,-0.2
control-888,control,0,0,0.0,-0.2
control-889,control,0,0,0.0,-0.2
control-890,control,0,0,0.0,-0.2
control-891,control,1,0,20.0,5.8
control-892,control,0,0,0.0,-0.2
control-893,control,0,0,0.0,-0.2
control-894,control,0,0,0.0,-0.2
control-895,control,0,0,0.0,-0.2
control-896,control,0,0,0.0,-0.2
control-897,control,0,0,0.0,-0.2
control-898,control,0,0,0.0,-0.2
control-899,control,0,0,0.0,-0.2
control-900,control,0,0,0.0,-0.2
control-901,control,0,0,0.0,-0.2
control-902,control,0,0,0.0,-0.2
control-903,control,0,0,0.0,-0.2
control-904,control,1,0,20.0,5.8
control-905,control,0,0,0.0,-0.2
control-906,control,0,0,0.0,-0.2
control-907,control,0,0,0.0,-0.2
control-908,control,0,0,0.0,-0.2
control-909,control,0,0,0.0,-0.2
control-910,control,0,0,0.0,-0.2
control-911,control,0,0,0.0,-0.2
control-912,control,0,0,0.0,-0.2
control-913,control,1,0,40.0,11.8
control-914,control,1,1,0.0,-6.2
control-915,control,1,0,20.0,5.8
control-916,control,0,0,0.0,-0.2
control-917,control,0,0,0.0,-0.2
control-918,control,0,0,0.0,-0.2
control-919,control,0,0,0.0,-0.2
control-920,control,0,0,0.0,-0.2
control-921,control,0,0,0.0,-0.2
control-922,control,0,0,0.0,-0.2
control-923,control,0,0,0.0,-0.2
control-924,control,0,0,0.0,-0.2
control-925,control,0,0,0.0,-0.2
control-926,control,0,0,0.0,-0.2
control-927,control,0,0,0.0,-0.2
control-928,control,0,0,0.0,-0.2
control-929,control,0,0,0.0,-0.2
control-930,control,0,0,0.0,-0.2
control-931,control,0,0,0.0,-0.2
control-932,control,0,0,0.0,-0.2
control-933,control,0,0,0.0,-0.2
control-934,control,0,0,0.0,-0.2
control-935,control,0,0,0.0,-0.2
control-936,control,0,0,0.0,-0.2
control-937,control,0,0,0.0,-0.2
control-938,control,0,0,0.0,-0.2
control-939,control,0,0,0.0,-0.2
control-940,control,0,0,0.0,-0.2
control-941,control,0,0,0.0,-0.2
control-942,control,0,0,0.0,-0.2
control-943,control,0,0,0.0,-0.2
control-944,control,0,0,0.0,-0.2
control-945,control,0,0,0.0,-0.2
control-946,control,0,0,0.0,-0.2
control-947,control,0,0,0.0,-0.2
control-948,control,0,0,0.0,-0.2
control-949,control,0,0,0.0,-0.2
control-950,control,0,0,0.0,-0.2
control-951,control,0,0,0.0,-0.2
control-952,control,0,0,0.0,-0.2
control-953,control,0,0,0.0,-0.2
control-954,control,0,0,0.0,-0.2
control-955,control,0,0,0.0,-0.2
control-956,control,0,0,0.0,-0.2
control-957,control,0,0,0.0,-0.2
control-958,control,0,0,0.0,-0.2
control-959,control,0,0,0.0,-0.2
control-960,control,0,0,0.0,-0.2
control-961,control,0,0,0.0,-0.2
control-962,control,0,0,0.0,-0.2
control-963,control,0,0,0.0,-0.2
control-964,control,1,0,40.0,11.8
control-965,control,0,0,0.0,-0.2
control-966,control,1,0,60.0,17.8
control-967,control,0,0,0.0,-0.2
control-968,control,0,0,0.0,-0.2
control-969,control,0,0,0.0,-0.2
control-970,control,0,0,0.0,-0.2
control-971,control,0,0,0.0,-0.2
control-972,control,0,0,0.0,-0.2
control-973,control,0,0,0.0,-0.2
control-974,control,0,0,0.0,-0.2
control-975,control,0,0,0.0,-0.2
control-976,control,0,0,0.0,-0.2
control-977,control,0,0,0.0,-0.2
control-978,control,0,0,0.0,-0.2
control-979,control,0,0,0.0,-0.2
control-980,control,1,0,60.0,17.8
control-981,control,0,0,0.0,-0.2
control-982,control,0,0,0.0,-0.2
control-983,control,0,0,0.0,-0.2
control-984,control,0,0,0.0,-0.2
control-985,control,0,0,0.0,-0.2
control-986,control,0,0,0.0,-0.2
control-987,control,0,0,0.0,-0.2
control-988,control,0,0,0.0,-0.2
control-989,control,0,0,0.0,-0.2
control-990,control,0,0,0.0,-0.2
control-991,control,0,0,0.0,-0.2
control-992,control,0,0,0.0,-0.2
control-993,control,0,0,0.0,-0.2
control-994,control,0,0,0.0,-0.2
control-995,control,0,0,0.0,-0.2
control-996,control,0,0,0.0,-0.2
control-997,control,0,0,0.0,-0.2
control-998,control,1,0,40.0,11.8
control-999,control,0,0,0.0,-0.2
control-1000,control,0,0,0.0,-0.2
control-1001,control,0,0,0.0,-0.2
control-1002,control,0,0,0.0,-0.2
control-1003,control,0,0,0.0,-0.2
control-1004,control,0,0,0.0,-0.2
control-1005,control,0,0,0.0,-0.2
control-1006,control,0,0,0.0,-0.2
control-1007,control,0,0,0.0,-0.2
control-1008,control,0,0,0.0,-0.2
control-1009,control,0,0,0.0,-0.2
control-1010,control,0,0,0.0,-0.2
control-1011,control,0,0,0.0,-0.2
control-1012,control,0,0,0.0,-0.2
control-1013,control,1,0,40.0,11.8
control-1014,control,0,0,0.0,-0.2
control-1015,control,0,0,0.0,-0.2
control-1016,control,0,0,0.0,-0.2
control-1017,control,0,0,0.0,-0.2
control-1018,control,0,0,0.0,-0.2
control-1019,control,0,0,0.0,-0.2
control-1020,control,0,0,0.0,-0.2
control-1021,control,0,0,0.0,-0.2
control-1022,control,1,1,0.0,-6.2
control-1023,control,0,0,0.0,-0.2
control-1024,control,0,0,0.0,-0.2
control-1025,control,0,0,0.0,-0.2
control-1026,control,0,0,0.0,-0.2
control-1027,control,0,0,0.0,-0.2
control-1028,control,0,0,0.0,-0.2
control-1029,control,0,0,0.0,-0.2
control-1030,control,0,0,0.0,-0.2
control-1031,control,0,0,0.0,-0.2
control-1032,control,0,0,0.0,-0.2
control-1033,control,0,0,0.0,-0.2
control-1034,control,0,0,0.0,-0.2
control-1035,control,0,0,0.0,-0.2
control-1036,control,0,0,0.0,-0.2
control-1037,control,0,0,0.0,-0.2
control-1038,control,0,0,0.0,-0.2
control-1039,control,0,0,0.0,-0.2
control-1040,control,0,0,0.0,-0.2
control-1041,control,0,0,0.0,-0.2
control-1042,control,0,0,0.0,-0.2
control-1043,control,0,0,0.0,-0.2
control-1044,control,0,0,0.0,-0.2
control-1045,control,0,0,0.0,-0.2
control-1046,control,0,0,0.0,-0.2
control-1047,control,0,0,0.0,-0.2
control-1048,control,0,0,0.0,-0.2
control-1049,control,0,0,0.0,-0.2
control-1050,control,0,0,0.0,-0.2
control-1051,control,0,0,0.0,-0.2
control-1052,control,0,0,0.0,-0.2
control-1053,control,0,0,0.0,-0.2
control-1054,control,0,0,0.0,-0.2
control-1055,control,0,0,0.0,-0.2
control-1056,control,0,0,0.0,-0.2
control-1057,control,0,0,0.0,-0.2
control-1058,control,0,0,0.0,-0.2
control-1059,control,0,0,0.0,-0.2
control-1060,control,1,0,20.0,5.8
control-1061,control,0,0,0.0,-0.2
control-1062,control,0,0,0.0,-0.2
control-1063,control,0,0,0.0,-0.2
control-1064,control,0,0,0.0,-0.2
control-1065,control,1,1,0.0,-6.2
control-1066,control,0,0,0.0,-0.2
control-1067,control,0,0,0.0,-0.2
control-1068,control,0,0,0.0,-0.2
control-1069,control,0,0,0.0,-0.2
control-1070,control,0,0,0.0,-0.2
control-1071,control,0,0,0.0,-0.2
control-1072,control,0,0,0.0,-0.2
control-1073,control,0,0,0.0,-0.2
control-1074,control,0,0,0.0,-0.2
control-1075,control,0,0,0.0,-0.2
control-1076,control,0,0,0.0,-0.2
control-1077,control,0,0,0.0,-0.2
control-1078,control,0,0,0.0,-0.2
control-1079,control,0,0,0.0,-0.2
control-1080,control,0,0,0.0,-0.2
control-1081,control,0,0,0.0,-0.2
control-1082,control,0,0,0.0,-0.2
control-1083,control,0,0,0.0,-0.2
control-1084,control,1,0,60.0,17.8
control-1085,control,0,0,0.0,-0.2
control-1086,control,0,0,0.0,-0.2
control-1087,control,0,0,0.0,-0.2
control-1088,control,0,0,0.0,-0.2
control-1089,control,0,0,0.0,-0.2
control-1090,control,0,0,0.0,-0.2
control-1091,control,0,0,0.0,-0.2
control-1092,control,0,0,0.0,-0.2
control-1093,control,0,0,0.0,-0.2
control-1094,control,0,0,0.0,-0.2
control-1095,control,0,0,0.0,-0.2
control-1096,control,0,0,0.0,-0.2
control-1097,control,0,0,0.0,-0.2
control-1098,control,0,0,0.0,-0.2
control-1099,control,0,0,0.0,-0.2
control-1100,control,0,0,0.0,-0.2
control-1101,control,0,0,0.0,-0.2
control-1102,control,0,0,0.0,-0.2
control-1103,control,0,0,0.0,-0.2
control-1104,control,0,0,0.0,-0.2
control-1105,control,0,0,0.0,-0.2
control-1106,control,0,0,0.0,-0.2
control-1107,control,0,0,0.0,-0.2
control-1108,control,1,0,20.0,5.8
control-1109,control,0,0,0.0,-0.2
control-1110,control,0,0,0.0,-0.2
control-1111,control,0,0,0.0,-0.2
control-1112,control,0,0,0.0,-0.2
control-1113,control,0,0,0.0,-0.2
control-1114,control,1,0,40.0,11.8
control-1115,control,0,0,0.0,-0.2
control-1116,control,0,0,0.0,-0.2
control-1117,control,0,0,0.0,-0.2
control-1118,control,0,0,0.0,-0.2
control-1119,control,0,0,0.0,-0.2
control-1120,control,0,0,0.0,-0.2
control-1121,control,0,0,0.0,-0.2
control-1122,control,0,0,0.0,-0.2
control-1123,control,0,0,0.0,-0.2
control-1124,control,0,0,0.0,-0.2
control-1125,control,0,0,0.0,-0.2
control-1126,control,0,0,0.0,-0.2
control-1127,control,0,0,0.0,-0.2
control-1128,control,0,0,0.0,-0.2
control-1129,control,1,0,40.0,11.8
control-1130,control,1,0,20.0,5.8
control-1131,control,0,0,0.0,-0.2
control-1132,control,0,0,0.0,-0.2
control-1133,control,0,0,0.0,-0.2
control-1134,control,1,0,60.0,17.8
control-1135,control,0,0,0.0,-0.2
control-1136,control,0,0,0.0,-0.2
control-1137,control,0,0,0.0,-0.2
control-1138,control,0,0,0.0,-0.2
control-1139,control,0,0,0.0,-0.2
control-1140,control,0,0,0.0,-0.2
control-1141,control,0,0,0.0,-0.2
control-1142,control,0,0,0.0,-0.2
control-1143,control,0,0,0.0,-0.2
control-1144,control,0,0,0.0,-0.2
control-1145,control,0,0,0.0,-0.2
control-1146,control,0,0,0.0,-0.2
control-1147,control,0,0,0.0,-0.2
control-1148,control,0,0,0.0,-0.2
control-1149,control,0,0,0.0,-0.2
control-1150,control,0,0,0.0,-0.2
control-1151,control,0,0,0.0,-0.2
control-1152,control,0,0,0.0,-0.2
control-1153,control,0,0,0.0,-0.2
control-1154,control,0,0,0.0,-0.2
control-1155,control,0,0,0.0,-0.2
control-1156,control,0,0,0.0,-0.2
control-1157,control,0,0,0.0,-0.2
control-1158,control,0,0,0.0,-0.2
control-1159,control,0,0,0.0,-0.2
control-1160,control,0,0,0.0,-0.2
control-1161,control,0,0,0.0,-0.2
control-1162,control,0,0,0.0,-0.2
control-1163,control,0,0,0.0,-0.2
control-1164,control,0,0,0.0,-0.2
control-1165,control,0,0,0.0,-0.2
control-1166,control,0,0,0.0,-0.2
control-1167,control,0,0,0.0,-0.2
control-1168,control,0,0,0.0,-0.2
control-1169,control,0,0,0.0,-0.2
control-1170,control,0,0,0.0,-0.2
control-1171,control,0,0,0.0,-0.2
control-1172,control,0,0,0.0,-0.2
control-1173,control,0,0,0.0,-0.2
control-1174,control,0,0,0.0,-0.2
control-1175,control,0,0,0.0,-0.2
control-1176,control,0,0,0.0,-0.2
control-1177,control,0,0,0.0,-0.2
control-1178,control,0,0,0.0,-0.2
control-1179,control,0,0,0.0,-0.2
control-1180,control,0,0,0.0,-0.2
control-1181,control,0,0,0.0,-0.2
control-1182,control,0,0,0.0,-0.2
control-1183,control,0,0,0.0,-0.2
control-1184,control,0,0,0.0,-0.2
control-1185,control,0,0,0.0,-0.2
control-1186,control,0,0,0.0,-0.2
control-1187,control,1,0,40.0,11.8
control-1188,control,0,0,0.0,-0.2
control-1189,control,0,0,0.0,-0.2
control-1190,control,0,0,0.0,-0.2
control-1191,control,0,0,0.0,-0.2
control-1192,control,0,0,0.0,-0.2
control-1193,control,1,0,20.0,5.8
control-1194,control,0,0,0.0,-0.2
control-1195,control,0,0,0.0,-0.2
control-1196,control,0,0,0.0,-0.2
control-1197,control,0,0,0.0,-0.2
control-1198,control,0,0,0.0,-0.2
control-1199,control,0,0,0.0,-0.2
control-1200,control,0,0,0.0,-0.2
control-1201,control,0,0,0.0,-0.2
control-1202,control,0,0,0.0,-0.2
control-1203,control,0,0,0.0,-0.2
control-1204,control,0,0,0.0,-0.2
control-1205,control,0,0,0.0,-0.2
control-1206,control,0,0,0.0,-0.2
control-1207,control,0,0,0.0,-0.2
control-1208,control,0,0,0.0,-0.2
control-1209,control,0,0,0.0,-0.2
control-1210,control,0,0,0.0,-0.2
control-1211,control,0,0,0.0,-0.2
control-1212,control,0,0,0.0,-0.2
control-1213,control,0,0,0.0,-0.2
control-1214,control,0,0,0.0,-0.2
control-1215,control,0,0,0.0,-0.2
control-1216,control,0,0,0.0,-0.2
control-1217,control,0,0,0.0,-0.2
control-1218,control,0,0,0.0,-0.2
control-1219,control,0,0,0.0,-0.2
control-1220,control,0,0,0.0,-0.2
control-1221,control,0,0,0.0,-0.2
control-1222,control,0,0,0.0,-0.2
control-1223,control,0,0,0.0,-0.2
control-1224,control,0,0,0.0,-0.2
control-1225,control,0,0,0.0,-0.2
control-1226,control,0,0,0.0,-0.2
control-1227,control,0,0,0.0,-0.2
control-1228,control,0,0,0.0,-0.2
control-1229,control,0,0,0.0,-0.2
control-1230,control,0,0,0.0,-0.2
control-1231,control,0,0,0.0,-0.2
control-1232,control,0,0,0.0,-0.2
control-1233,control,0,0,0.0,-0.2
control-1234,control,0,0,0.0,-0.2
control-1235,control,0,0,0.0,-0.2
control-1236,control,0,0,0.0,-0.2
control-1237,control,0,0,0.0,-0.2
control-1238,control,0,0,0.0,-0.2
control-1239,control,0,0,0.0,-0.2
control-1240,control,0,0,0.0,-0.2
control-1241,control,0,0,0.0,-0.2
control-1242,control,0,0,0.0,-0.2
control-1243,control,0,0,0.0,-0.2
control-1244,control,0,0,0.0,-0.2
control-1245,control,0,0,0.0,-0.2
control-1246,control,0,0,0.0,-0.2
control-1247,control,0,0,0.0,-0.2
control-1248,control,0,0,0.0,-0.2
control-1249,control,0,0,0.0,-0.2
control-1250,control,0,0,0.0,-0.2
control-1251,control,0,0,0.0,-0.2
control-1252,control,0,0,0.0,-0.2
control-1253,control,0,0,0.0,-0.2
control-1254,control,0,0,0.0,-0.2
control-1255,control,0,0,0.0,-0.2
control-1256,control,0,0,0.0,-0.2
control-1257,control,0,0,0.0,-0.2
control-1258,control,0,0,0.0,-0.2
control-1259,control,1,0,40.0,11.8
control-1260,control,0,0,0.0,-0.2
control-1261,control,0,0,0.0,-0.2
control-1262,control,0,0,0.0,-0.2
control-1263,control,0,0,0.0,-0.2
control-1264,control,0,0,0.0,-0.2
control-1265,control,0,0,0.0,-0.2
control-1266,control,0,0,0.0,-0.2
control-1267,control,1,0,40.0,11.8
control-1268,control,0,0,0.0,-0.2
control-1269,control,0,0,0.0,-0.2
control-1270,control,1,1,0.0,-6.2
control-1271,control,0,0,0.0,-0.2
control-1272,control,0,0,0.0,-0.2
control-1273,control,0,0,0.0,-0.2
control-1274,control,0,0,0.0,-0.2
control-1275,control,0,0,0.0,-0.2
control-1276,control,0,0,0.0,-0.2
control-1277,control,0,0,0.0,-0.2
control-1278,control,0,0,0.0,-0.2
control-1279,control,0,0,0.0,-0.2
control-1280,control,0,0,0.0,-0.2
control-1281,control,0,0,0.0,-0.2
control-1282,control,0,0,0.0,-0.2
control-1283,control,0,0,0.0,-0.2
control-1284,control,0,0,0.0,-0.2
control-1285,control,0,0,0.0,-0.2
control-1286,control,0,0,0.0,-0.2
control-1287,control,0,0,0.0,-0.2
control-1288,control,0,0,0.0,-0.2
control-1289,control,0,0,0.0,-0.2
control-1290,control,0,0,0.0,-0.2
control-1291,control,0,0,0.0,-0.2
control-1292,control,0,0,0.0,-0.2
control-1293,control,0,0,0.0,-0.2
control-1294,control,0,0,0.0,-0.2
control-1295,control,0,0,0.0,-0.2
control-1296,control,0,0,0.0,-0.2
control-1297,control,0,0,0.0,-0.2
control-1298,control,0,0,0.0,-0.2
control-1299,control,0,0,0.0,-0.2
control-1300,control,0,0,0.0,-0.2
control-1301,control,0,0,0.0,-0.2
control-1302,control,0,0,0.0,-0.2
control-1303,control,0,0,0.0,-0.2
control-1304,control,0,0,0.0,-0.2
control-1305,control,0,0,0.0,-0.2
control-1306,control,0,0,0.0,-0.2
control-1307,control,0,0,0.0,-0.2
control-1308,control,0,0,0.0,-0.2
control-1309,control,0,0,0.0,-0.2
control-1310,control,0,0,0.0,-0.2
control-1311,control,0,0,0.0,-0.2
control-1312,control,0,0,0.0,-0.2
control-1313,control,0,0,0.0,-0.2
control-1314,control,0,0,0.0,-0.2
control-1315,control,0,0,0.0,-0.2
control-1316,control,0,0,0.0,-0.2
control-1317,control,0,0,0.0,-0.2
control-1318,control,0,0,0.0,-0.2
control-1319,control,0,0,0.0,-0.2
control-1320,control,0,0,0.0,-0.2
control-1321,control,0,0,0.0,-0.2
control-1322,control,0,0,0.0,-0.2
control-1323,control,0,0,0.0,-0.2
control-1324,control,0,0,0.0,-0.2
control-1325,control,0,0,0.0,-0.2
control-1326,control,0,0,0.0,-0.2
control-1327,control,0,0,0.0,-0.2
control-1328,control,0,0,0.0,-0.2
control-1329,control,0,0,0.0,-0.2
control-1330,control,0,0,0.0,-0.2
control-1331,control,0,0,0.0,-0.2
control-1332,control,0,0,0.0,-0.2
control-1333,control,1,0,20.0,5.8
control-1334,control,1,0,60.0,17.8
control-1335,control,0,0,0.0,-0.2
control-1336,control,0,0,0.0,-0.2
control-1337,control,0,0,0.0,-0.2
control-1338,control,0,0,0.0,-0.2
control-1339,control,0,0,0.0,-0.2
control-1340,control,0,0,0.0,-0.2
control-1341,control,0,0,0.0,-0.2
control-1342,control,0,0,0.0,-0.2
control-1343,control,0,0,0.0,-0.2
control-1344,control,1,0,60.0,17.8
control-1345,control,0,0,0.0,-0.2
control-1346,control,0,0,0.0,-0.2
control-1347,control,0,0,0.0,-0.2
control-1348,control,0,0,0.0,-0.2
control-1349,control,0,0,0.0,-0.2
control-1350,control,0,0,0.0,-0.2
control-1351,control,0,0,0.0,-0.2
control-1352,control,0,0,0.0,-0.2
control-1353,control,0,0,0.0,-0.2
control-1354,control,0,0,0.0,-0.2
control-1355,control,0,0,0.0,-0.2
control-1356,control,0,0,0.0,-0.2
control-1357,control,0,0,0.0,-0.2
control-1358,control,0,0,0.0,-0.2
control-1359,control,0,0,0.0,-0.2
control-1360,control,0,0,0.0,-0.2
control-1361,control,0,0,0.0,-0.2
control-1362,control,0,0,0.0,-0.2
control-1363,control,0,0,0.0,-0.2
control-1364,control,0,0,0.0,-0.2
control-1365,control,0,0,0.0,-0.2
control-1366,control,0,0,0.0,-0.2
control-1367,control,0,0,0.0,-0.2
control-1368,control,0,0,0.0,-0.2
control-1369,control,0,0,0.0,-0.2
control-1370,control,0,0,0.0,-0.2
control-1371,control,0,0,0.0,-0.2
control-1372,control,0,0,0.0,-0.2
control-1373,control,0,0,0.0,-0.2
control-1374,control,1,0,60.0,17.8
control-1375,control,0,0,0.0,-0.2
control-1376,control,0,0,0.0,-0.2
control-1377,control,0,0,0.0,-0.2
control-1378,control,0,0,0.0,-0.2
control-1379,control,0,0,0.0,-0.2
control-1380,control,0,0,0.0,-0.2
control-1381,control,0,0,0.0,-0.2
control-1382,control,0,0,0.0,-0.2
control-1383,control,1,0,40.0,11.8
control-1384,control,1,0,20.0,5.8
control-1385,control,0,0,0.0,-0.2
control-1386,control,0,0,0.0,-0.2
control-1387,control,0,0,0.0,-0.2
control-1388,control,0,0,0.0,-0.2
control-1389,control,0,0,0.0,-0.2
control-1390,control,0,0,0.0,-0.2
control-1391,control,0,0,0.0,-0.2
control-1392,control,0,0,0.0,-0.2
control-1393,control,0,0,0.0,-0.2
control-1394,control,0,0,0.0,-0.2
control-1395,control,0,0,0.0,-0.2
control-1396,control,0,0,0.0,-0.2
control-1397,control,0,0,0.0,-0.2
control-1398,control,0,0,0.0,-0.2
control-1399,control,0,0,0.0,-0.2
control-1400,control,0,0,0.0,-0.2
control-1401,control,0,0,0.0,-0.2
control-1402,control,1,0,60.0,17.8
control-1403,control,0,0,0.0,-0.2
control-1404,control,0,0,0.0,-0.2
control-1405,control,0,0,0.0,-0.2
control-1406,control,1,0,40.0,11.8
control-1407,control,0,0,0.0,-0.2
control-1408,control,0,0,0.0,-0.2
control-1409,control,0,0,0.0,-0.2
control-1410,control,0,0,0.0,-0.2
control-1411,control,1,0,40.0,11.8
control-1412,control,0,0,0.0,-0.2
control-1413,control,0,0,0.0,-0.2
control-1414,control,0,0,0.0,-0.2
control-1415,control,0,0,0.0,-0.2
control-1416,control,0,0,0.0,-0.2
control-1417,control,0,0,0.0,-0.2
control-1418,control,0,0,0.0,-0.2
control-1419,control,1,0,60.0,17.8
control-1420,control,0,0,0.0,-0.2
control-1421,control,0,0,0.0,-0.2
control-1422,control,0,0,0.0,-0.2
control-1423,control,0,0,0.0,-0.2
control-1424,control,0,0,0.0,-0.2
control-1425,control,0,0,0.0,-0.2
control-1426,control,0,0,0.0,-0.2
control-1427,control,0,0,0.0,-0.2
control-1428,control,0,0,0.0,-0.2
control-1429,control,0,0,0.0,-0.2
control-1430,control,0,0,0.0,-0.2
control-1431,control,0,0,0.0,-0.2
control-1432,control,0,0,0.0,-0.2
control-1433,control,0,0,0.0,-0.2
control-1434,control,0,0,0.0,-0.2
control-1435,control,1,0,60.0,17.8
control-1436,control,0,0,0.0,-0.2
control-1437,control,0,0,0.0,-0.2
control-1438,control,0,0,0.0,-0.2
control-1439,control,1,0,40.0,11.8
control-1440,control,0,0,0.0,-0.2
control-1441,control,0,0,0.0,-0.2
control-1442,control,0,0,0.0,-0.2
control-1443,control,0,0,0.0,-0.2
control-1444,control,0,0,0.0,-0.2
control-1445,control,0,0,0.0,-0.2
control-1446,control,0,0,0.0,-0.2
control-1447,control,0,0,0.0,-0.2
control-1448,control,0,0,0.0,-0.2
control-1449,control,0,0,0.0,-0.2
control-1450,control,0,0,0.0,-0.2
control-1451,control,0,0,0.0,-0.2
control-1452,control,0,0,0.0,-0.2
control-1453,control,0,0,0.0,-0.2
control-1454,control,0,0,0.0,-0.2
control-1455,control,0,0,0.0,-0.2
control-1456,control,0,0,0.0,-0.2
control-1457,control,0,0,0.0,-0.2
control-1458,control,0,0,0.0,-0.2
control-1459,control,0,0,0.0,-0.2
control-1460,control,0,0,0.0,-0.2
control-1461,control,0,0,0.0,-0.2
control-1462,control,0,0,0.0,-0.2
control-1463,control,0,0,0.0,-0.2
control-1464,control,0,0,0.0,-0.2
control-1465,control,0,0,0.0,-0.2
control-1466,control,0,0,0.0,-0.2
control-1467,control,0,0,0.0,-0.2
control-1468,control,0,0,0.0,-0.2
control-1469,control,0,0,0.0,-0.2
control-1470,control,0,0,0.0,-0.2
control-1471,control,0,0,0.0,-0.2
control-1472,control,0,0,0.0,-0.2
control-1473,control,0,0,0.0,-0.2
control-1474,control,0,0,0.0,-0.2
control-1475,control,0,0,0.0,-0.2
control-1476,control,0,0,0.0,-0.2
control-1477,control,1,0,60.0,17.8
control-1478,control,0,0,0.0,-0.2
control-1479,control,0,0,0.0,-0.2
control-1480,control,0,0,0.0,-0.2
control-1481,control,0,0,0.0,-0.2
control-1482,control,0,0,0.0,-0.2
control-1483,control,0,0,0.0,-0.2
control-1484,control,0,0,0.0,-0.2
control-1485,control,0,0,0.0,-0.2
control-1486,control,1,0,40.0,11.8
control-1487,control,0,0,0.0,-0.2
control-1488,control,0,0,0.0,-0.2
control-1489,control,0,0,0.0,-0.2
control-1490,control,0,0,0.0,-0.2
control-1491,control,0,0,0.0,-0.2
control-1492,control,0,0,0.0,-0.2
control-1493,control,0,0,0.0,-0.2
control-1494,control,0,0,0.0,-0.2
control-1495,control,0,0,0.0,-0.2
control-1496,control,0,0,0.0,-0.2
control-1497,control,0,0,0.0,-0.2
control-1498,control,0,0,0.0,-0.2
control-1499,control,0,0,0.0,-0.2
control-1500,control,0,0,0.0,-0.2
control-1501,control,1,0,20.0,5.8
control-1502,control,0,0,0.0,-0.2
control-1503,control,0,0,0.0,-0.2
control-1504,control,0,0,0.0,-0.2
control-1505,control,0,0,0.0,-0.2
control-1506,control,0,0,0.0,-0.2
control-1507,control,0,0,0.0,-0.2
control-1508,control,0,0,0.0,-0.2
control-1509,control,0,0,0.0,-0.2
control-1510,control,0,0,0.0,-0.2
control-1511,control,0,0,0.0,-0.2
control-1512,control,0,0,0.0,-0.2
control-1513,control,0,0,0.0,-0.2
control-1514,control,0,0,0.0,-0.2
control-1515,control,0,0,0.0,-0.2
control-1516,control,0,0,0.0,-0.2
control-1517,control,1,0,60.0,17.8
control-1518,control,0,0,0.0,-0.2
control-1519,control,0,0,0.0,-0.2
control-1520,control,0,0,0.0,-0.2
control-1521,control,0,0,0.0,-0.2
control-1522,control,0,0,0.0,-0.2
control-1523,control,0,0,0.0,-0.2
control-1524,control,0,0,0.0,-0.2
control-1525,control,0,0,0.0,-0.2
control-1526,control,0,0,0.0,-0.2
control-1527,control,0,0,0.0,-0.2
control-1528,control,0,0,0.0,-0.2
control-1529,control,0,0,0.0,-0.2
control-1530,control,0,0,0.0,-0.2
control-1531,control,0,0,0.0,-0.2
control-1532,control,0,0,0.0,-0.2
control-1533,control,0,0,0.0,-0.2
control-1534,control,0,0,0.0,-0.2
control-1535,control,0,0,0.0,-0.2
control-1536,control,0,0,0.0,-0.2
control-1537,control,0,0,0.0,-0.2
control-1538,control,0,0,0.0,-0.2
control-1539,control,0,0,0.0,-0.2
control-1540,control,0,0,0.0,-0.2
control-1541,control,0,0,0.0,-0.2
control-1542,control,0,0,0.0,-0.2
control-1543,control,0,0,0.0,-0.2
control-1544,control,0,0,0.0,-0.2
control-1545,control,0,0,0.0,-0.2
control-1546,control,0,0,0.0,-0.2
control-1547,control,0,0,0.0,-0.2
control-1548,control,0,0,0.0,-0.2
control-1549,control,0,0,0.0,-0.2
control-1550,control,0,0,0.0,-0.2
control-1551,control,0,0,0.0,-0.2
control-1552,control,0,0,0.0,-0.2
control-1553,control,0,0,0.0,-0.2
control-1554,control,0,0,0.0,-0.2
control-1555,control,0,0,0.0,-0.2
control-1556,control,0,0,0.0,-0.2
control-1557,control,0,0,0.0,-0.2
control-1558,control,0,0,0.0,-0.2
control-1559,control,0,0,0.0,-0.2
control-1560,control,1,0,60.0,17.8
control-1561,control,0,0,0.0,-0.2
control-1562,control,0,0,0.0,-0.2
control-1563,control,0,0,0.0,-0.2
control-1564,control,0,0,0.0,-0.2
control-1565,control,0,0,0.0,-0.2
control-1566,control,0,0,0.0,-0.2
control-1567,control,0,0,0.0,-0.2
control-1568,control,0,0,0.0,-0.2
control-1569,control,0,0,0.0,-0.2
control-1570,control,0,0,0.0,-0.2
control-1571,control,0,0,0.0,-0.2
control-1572,control,0,0,0.0,-0.2
control-1573,control,0,0,0.0,-0.2
control-1574,control,0,0,0.0,-0.2
control-1575,control,0,0,0.0,-0.2
control-1576,control,0,0,0.0,-0.2
control-1577,control,0,0,0.0,-0.2
control-1578,control,1,0,60.0,17.8
control-1579,control,0,0,0.0,-0.2
control-1580,control,0,0,0.0,-0.2
control-1581,control,0,0,0.0,-0.2
control-1582,control,0,0,0.0,-0.2
control-1583,control,0,0,0.0,-0.2
control-1584,control,0,0,0.0,-0.2
control-1585,control,0,0,0.0,-0.2
control-1586,control,0,0,0.0,-0.2
control-1587,control,0,0,0.0,-0.2
control-1588,control,0,0,0.0,-0.2
control-1589,control,0,0,0.0,-0.2
control-1590,control,0,0,0.0,-0.2
control-1591,control,0,0,0.0,-0.2
control-1592,control,0,0,0.0,-0.2
control-1593,control,0,0,0.0,-0.2
control-1594,control,0,0,0.0,-0.2
control-1595,control,0,0,0.0,-0.2
control-1596,control,0,0,0.0,-0.2
control-1597,control,0,0,0.0,-0.2
control-1598,control,0,0,0.0,-0.2
control-1599,control,0,0,0.0,-0.2
control-1600,control,0,0,0.0,-0.2
control-1601,control,0,0,0.0,-0.2
control-1602,control,0,0,0.0,-0.2
control-1603,control,0,0,0.0,-0.2
control-1604,control,0,0,0.0,-0.2
control-1605,control,0,0,0.0,-0.2
control-1606,control,1,1,0.0,-3.2
control-1607,control,0,0,0.0,-0.2
control-1608,control,0,0,0.0,-0.2
control-1609,control,0,0,0.0,-0.2
control-1610,control,0,0,0.0,-0.2
control-1611,control,0,0,0.0,-0.2
control-1612,control,0,0,0.0,-0.2
control-1613,control,0,0,0.0,-0.2
control-1614,control,0,0,0.0,-0.2
control-1615,control,0,0,0.0,-0.2
control-1616,control,0,0,0.0,-0.2
control-1617,control,0,0,0.0,-0.2
control-1618,control,1,0,40.0,11.8
control-1619,control,0,0,0.0,-0.2
control-1620,control,0,0,0.0,-0.2
control-1621,control,0,0,0.0,-0.2
control-1622,control,0,0,0.0,-0.2
control-1623,control,0,0,0.0,-0.2
control-1624,control,0,0,0.0,-0.2
control-1625,control,0,0,0.0,-0.2
control-1626,control,0,0,0.0,-0.2
control-1627,control,0,0,0.0,-0.2
control-1628,control,0,0,0.0,-0.2
control-1629,control,0,0,0.0,-0.2
control-1630,control,0,0,0.0,-0.2
control-1631,control,0,0,0.0,-0.2
control-1632,control,0,0,0.0,-0.2
control-1633,control,0,0,0.0,-0.2
control-1634,control,1,0,20.0,5.8
control-1635,control,0,0,0.0,-0.2
control-1636,control,0,0,0.0,-0.2
control-1637,control,0,0,0.0,-0.2
control-1638,control,0,0,0.0,-0.2
control-1639,control,0,0,0.0,-0.2
control-1640,control,0,0,0.0,-0.2
control-1641,control,0,0,0.0,-0.2
control-1642,control,0,0,0.0,-0.2
control-1643,control,0,0,0.0,-0.2
control-1644,control,0,0,0.0,-0.2
control-1645,control,0,0,0.0,-0.2
control-1646,control,0,0,0.0,-0.2
control-1647,control,0,0,0.0,-0.2
control-1648,control,0,0,0.0,-0.2
control-1649,control,0,0,0.0,-0.2
control-1650,control,0,0,0.0,-0.2
control-1651,control,0,0,0.0,-0.2
control-1652,control,0,0,0.0,-0.2
control-1653,control,0,0,0.0,-0.2
control-1654,control,0,0,0.0,-0.2
control-1655,control,0,0,0.0,-0.2
control-1656,control,0,0,0.0,-0.2
control-1657,control,0,0,0.0,-0.2
control-1658,control,0,0,0.0,-0.2
control-1659,control,0,0,0.0,-0.2
control-1660,control,0,0,0.0,-0.2
control-1661,control,0,0,0.0,-0.2
control-1662,control,0,0,0.0,-0.2
control-1663,control,0,0,0.0,-0.2
control-1664,control,0,0,0.0,-0.2
control-1665,control,0,0,0.0,-0.2
control-1666,control,0,0,0.0,-0.2
control-1667,control,0,0,0.0,-0.2
control-1668,control,0,0,0.0,-0.2
control-1669,control,0,0,0.0,-0.2
control-1670,control,0,0,0.0,-0.2
control-1671,control,0,0,0.0,-0.2
control-1672,control,0,0,0.0,-0.2
control-1673,control,0,0,0.0,-0.2
control-1674,control,0,0,0.0,-0.2
control-1675,control,0,0,0.0,-0.2
control-1676,control,0,0,0.0,-0.2
control-1677,control,0,0,0.0,-0.2
control-1678,control,0,0,0.0,-0.2
control-1679,control,0,0,0.0,-0.2
control-1680,control,0,0,0.0,-0.2
control-1681,control,0,0,0.0,-0.2
control-1682,control,0,0,0.0,-0.2
control-1683,control,0,0,0.0,-0.2
control-1684,control,0,0,0.0,-0.2
control-1685,control,0,0,0.0,-0.2
control-1686,control,0,0,0.0,-0.2
control-1687,control,0,0,0.0,-0.2
control-1688,control,0,0,0.0,-0.2
control-1689,control,0,0,0.0,-0.2
control-1690,control,0,0,0.0,-0.2
control-1691,control,0,0,0.0,-0.2
control-1692,control,0,0,0.0,-0.2
control-1693,control,0,0,0.0,-0.2
control-1694,control,0,0,0.0,-0.2
control-1695,control,0,0,0.0,-0.2
control-1696,control,0,0,0.0,-0.2
control-1697,control,0,0,0.0,-0.2
control-1698,control,1,0,40.0,11.8
control-1699,control,0,0,0.0,-0.2
control-1700,control,0,0,0.0,-0.2
control-1701,control,1,0,40.0,11.8
control-1702,control,0,0,0.0,-0.2
control-1703,control,0,0,0.0,-0.2
control-1704,control,0,0,0.0,-0.2
control-1705,control,1,0,40.0,11.8
control-1706,control,0,0,0.0,-0.2
control-1707,control,0,0,0.0,-0.2
control-1708,control,0,0,0.0,-0.2
control-1709,control,0,0,0.0,-0.2
control-1710,control,0,0,0.0,-0.2
control-1711,control,0,0,0.0,-0.2
control-1712,control,1,0,20.0,5.8
control-1713,control,0,0,0.0,-0.2
control-1714,control,0,0,0.0,-0.2
control-1715,control,0,0,0.0,-0.2
control-1716,control,0,0,0.0,-0.2
control-1717,control,0,0,0.0,-0.2
control-1718,control,0,0,0.0,-0.2
control-1719,control,0,0,0.0,-0.2
control-1720,control,0,0,0.0,-0.2
control-1721,control,0,0,0.0,-0.2
control-1722,control,0,0,0.0,-0.2
control-1723,control,0,0,0.0,-0.2
control-1724,control,0,0,0.0,-0.2
control-1725,control,0,0,0.0,-0.2
control-1726,control,0,0,0.0,-0.2
control-1727,control,0,0,0.0,-0.2
control-1728,control,0,0,0.0,-0.2
control-1729,control,0,0,0.0,-0.2
control-1730,control,0,0,0.0,-0.2
control-1731,control,0,0,0.0,-0.2
control-1732,control,0,0,0.0,-0.2
control-1733,control,0,0,0.0,-0.2
control-1734,control,0,0,0.0,-0.2
control-1735,control,0,0,0.0,-0.2
control-1736,control,0,0,0.0,-0.2
control-1737,control,0,0,0.0,-0.2
control-1738,control,0,0,0.0,-0.2
control-1739,control,0,0,0.0,-0.2
control-1740,control,0,0,0.0,-0.2
control-1741,control,0,0,0.0,-0.2
control-1742,control,0,0,0.0,-0.2
control-1743,control,1,0,20.0,5.8
control-1744,control,0,0,0.0,-0.2
control-1745,control,0,0,0.0,-0.2
control-1746,control,0,0,0.0,-0.2
control-1747,control,0,0,0.0,-0.2
control-1748,control,0,0,0.0,-0.2
control-1749,control,0,0,0.0,-0.2
control-1750,control,0,0,0.0,-0.2
control-1751,control,0,0,0.0,-0.2
control-1752,control,0,0,0.0,-0.2
control-1753,control,0,0,0.0,-0.2
control-1754,control,0,0,0.0,-0.2
control-1755,control,0,0,0.0,-0.2
control-1756,control,0,0,0.0,-0.2
control-1757,control,1,0,40.0,11.8
control-1758,control,0,0,0.0,-0.2
control-1759,control,0,0,0.0,-0.2
control-1760,control,0,0,0.0,-0.2
control-1761,control,0,0,0.0,-0.2
control-1762,control,0,0,0.0,-0.2
control-1763,control,0,0,0.0,-0.2
control-1764,control,0,0,0.0,-0.2
control-1765,control,0,0,0.0,-0.2
control-1766,control,1,0,60.0,17.8
control-1767,control,0,0,0.0,-0.2
control-1768,control,0,0,0.0,-0.2
control-1769,control,0,0,0.0,-0.2
control-1770,control,0,0,0.0,-0.2
control-1771,control,0,0,0.0,-0.2
control-1772,control,0,0,0.0,-0.2
control-1773,control,0,0,0.0,-0.2
control-1774,control,0,0,0.0,-0.2
control-1775,control,0,0,0.0,-0.2
control-1776,control,0,0,0.0,-0.2
control-1777,control,0,0,0.0,-0.2
control-1778,control,0,0,0.0,-0.2
control-1779,control,0,0,0.0,-0.2
control-1780,control,0,0,0.0,-0.2
control-1781,control,0,0,0.0,-0.2
control-1782,control,0,0,0.0,-0.2
control-1783,control,0,0,0.0,-0.2
control-1784,control,0,0,0.0,-0.2
control-1785,control,0,0,0.0,-0.2
control-1786,control,0,0,0.0,-0.2
control-1787,control,0,0,0.0,-0.2
control-1788,control,0,0,0.0,-0.2
control-1789,control,0,0,0.0,-0.2
control-1790,control,0,0,0.0,-0.2
control-1791,control,0,0,0.0,-0.2
control-1792,control,0,0,0.0,-0.2
control-1793,control,0,0,0.0,-0.2
control-1794,control,0,0,0.0,-0.2
control-1795,control,0,0,0.0,-0.2
control-1796,control,0,0,0.0,-0.2
control-1797,control,0,0,0.0,-0.2
control-1798,control,0,0,0.0,-0.2
control-1799,control,0,0,0.0,-0.2
control-1800,control,0,0,0.0,-0.2
control-1801,control,0,0,0.0,-0.2
control-1802,control,0,0,0.0,-0.2
control-1803,control,0,0,0.0,-0.2
control-1804,control,0,0,0.0,-0.2
control-1805,control,0,0,0.0,-0.2
control-1806,control,0,0,0.0,-0.2
control-1807,control,0,0,0.0,-0.2
control-1808,control,0,0,0.0,-0.2
control-1809,control,0,0,0.0,-0.2
control-1810,control,0,0,0.0,-0.2
control-1811,control,0,0,0.0,-0.2
control-1812,control,0,0,0.0,-0.2
control-1813,control,0,0,0.0,-0.2
control-1814,control,0,0,0.0,-0.2
control-1815,control,0,0,0.0,-0.2
control-1816,control,0,0,0.0,-0.2
control-1817,control,0,0,0.0,-0.2
control-1818,control,0,0,0.0,-0.2
control-1819,control,0,0,0.0,-0.2
control-1820,control,0,0,0.0,-0.2
control-1821,control,0,0,0.0,-0.2
control-1822,control,0,0,0.0,-0.2
control-1823,control,0,0,0.0,-0.2
control-1824,control,0,0,0.0,-0.2
control-1825,control,0,0,0.0,-0.2
control-1826,control,0,0,0.0,-0.2
control-1827,control,0,0,0.0,-0.2
control-1828,control,0,0,0.0,-0.2
control-1829,control,0,0,0.0,-0.2
control-1830,control,0,0,0.0,-0.2
control-1831,control,1,0,60.0,17.8
control-1832,control,0,0,0.0,-0.2
control-1833,control,0,0,0.0,-0.2
control-1834,control,0,0,0.0,-0.2
control-1835,control,0,0,0.0,-0.2
control-1836,control,0,0,0.0,-0.2
control-1837,control,0,0,0.0,-0.2
control-1838,control,0,0,0.0,-0.2
control-1839,control,0,0,0.0,-0.2
control-1840,control,0,0,0.0,-0.2
control-1841,control,0,0,0.0,-0.2
control-1842,control,0,0,0.0,-0.2
control-1843,control,0,0,0.0,-0.2
control-1844,control,0,0,0.0,-0.2
control-1845,control,0,0,0.0,-0.2
control-1846,control,0,0,0.0,-0.2
control-1847,control,0,0,0.0,-0.2
control-1848,control,0,0,0.0,-0.2
control-1849,control,0,0,0.0,-0.2
control-1850,control,0,0,0.0,-0.2
control-1851,control,0,0,0.0,-0.2
control-1852,control,0,0,0.0,-0.2
control-1853,control,0,0,0.0,-0.2
control-1854,control,0,0,0.0,-0.2
control-1855,control,1,0,60.0,17.8
control-1856,control,0,0,0.0,-0.2
control-1857,control,0,0,0.0,-0.2
control-1858,control,0,0,0.0,-0.2
control-1859,control,0,0,0.0,-0.2
control-1860,control,0,0,0.0,-0.2
control-1861,control,1,0,20.0,5.8
control-1862,control,1,0,40.0,11.8
control-1863,control,0,0,0.0,-0.2
control-1864,control,0,0,0.0,-0.2
control-1865,control,0,0,0.0,-0.2
control-1866,control,0,0,0.0,-0.2
control-1867,control,0,0,0.0,-0.2
control-1868,control,0,0,0.0,-0.2
control-1869,control,0,0,0.0,-0.2
control-1870,control,0,0,0.0,-0.2
control-1871,control,0,0,0.0,-0.2
control-1872,control,1,0,60.0,17.8
control-1873,control,1,1,0.0,-9.2
control-1874,control,0,0,0.0,-0.2
control-1875,control,0,0,0.0,-0.2
control-1876,control,0,0,0.0,-0.2
control-1877,control,0,0,0.0,-0.2
control-1878,control,0,0,0.0,-0.2
control-1879,control,0,0,0.0,-0.2
control-1880,control,0,0,0.0,-0.2
control-1881,control,0,0,0.0,-0.2
control-1882,control,0,0,0.0,-0.2
control-1883,control,0,0,0.0,-0.2
control-1884,control,0,0,0.0,-0.2
control-1885,control,0,0,0.0,-0.2
control-1886,control,0,0,0.0,-0.2
control-1887,control,0,0,0.0,-0.2
control-1888,control,0,0,0.0,-0.2
control-1889,control,0,0,0.0,-0.2
control-1890,control,0,0,0.0,-0.2
control-1891,control,0,0,0.0,-0.2
control-1892,control,0,0,0.0,-0.2
control-1893,control,0,0,0.0,-0.2
control-1894,control,0,0,0.0,-0.2
control-1895,control,0,0,0.0,-0.2
control-1896,control,0,0,0.0,-0.2
control-1897,control,0,0,0.0,-0.2
control-1898,control,0,0,0.0,-0.2
control-1899,control,0,0,0.0,-0.2
control-1900,control,0,0,0.0,-0.2
control-1901,control,0,0,0.0,-0.2
control-1902,control,0,0,0.0,-0.2
control-1903,control,0,0,0.0,-0.2
control-1904,control,0,0,0.0,-0.2
control-1905,control,0,0,0.0,-0.2
control-1906,control,0,0,0.0,-0.2
control-1907,control,0,0,0.0,-0.2
control-1908,control,0,0,0.0,-0.2
control-1909,control,0,0,0.0,-0.2
control-1910,control,0,0,0.0,-0.2
control-1911,control,0,0,0.0,-0.2
control-1912,control,0,0,0.0,-0.2
control-1913,control,0,0,0.0,-0.2
control-1914,control,0,0,0.0,-0.2
control-1915,control,0,0,0.0,-0.2
control-1916,control,0,0,0.0,-0.2
control-1917,control,0,0,0.0,-0.2
control-1918,control,0,0,0.0,-0.2
control-1919,control,1,0,60.0,17.8
control-1920,control,0,0,0.0,-0.2
control-1921,control,0,0,0.0,-0.2
control-1922,control,0,0,0.0,-0.2
control-1923,control,0,0,0.0,-0.2
control-1924,control,0,0,0.0,-0.2
control-1925,control,0,0,0.0,-0.2
control-1926,control,0,0,0.0,-0.2
control-1927,control,0,0,0.0,-0.2
control-1928,control,0,0,0.0,-0.2
control-1929,control,0,0,0.0,-0.2
control-1930,control,0,0,0.0,-0.2
control-1931,control,0,0,0.0,-0.2
control-1932,control,0,0,0.0,-0.2
control-1933,control,0,0,0.0,-0.2
control-1934,control,0,0,0.0,-0.2
control-1935,control,0,0,0.0,-0.2
control-1936,control,0,0,0.0,-0.2
control-1937,control,0,0,0.0,-0.2
control-1938,control,0,0,0.0,-0.2
control-1939,control,0,0,0.0,-0.2
control-1940,control,0,0,0.0,-0.2
control-1941,control,0,0,0.0,-0.2
control-1942,control,0,0,0.0,-0.2
control-1943,control,0,0,0.0,-0.2
control-1944,control,0,0,0.0,-0.2
control-1945,control,0,0,0.0,-0.2
control-1946,control,0,0,0.0,-0.2
control-1947,control,0,0,0.0,-0.2
control-1948,control,0,0,0.0,-0.2
control-1949,control,0,0,0.0,-0.2
control-1950,control,1,0,40.0,11.8
control-1951,control,0,0,0.0,-0.2
control-1952,control,0,0,0.0,-0.2
control-1953,control,1,0,40.0,11.8
control-1954,control,0,0,0.0,-0.2
control-1955,control,1,0,20.0,5.8
control-1956,control,0,0,0.0,-0.2
control-1957,control,0,0,0.0,-0.2
control-1958,control,0,0,0.0,-0.2
control-1959,control,0,0,0.0,-0.2
control-1960,control,0,0,0.0,-0.2
control-1961,control,0,0,0.0,-0.2
control-1962,control,0,0,0.0,-0.2
control-1963,control,0,0,0.0,-0.2
control-1964,control,0,0,0.0,-0.2
control-1965,control,0,0,0.0,-0.2
control-1966,control,0,0,0.0,-0.2
control-1967,control,0,0,0.0,-0.2
control-1968,control,0,0,0.0,-0.2
control-1969,control,0,0,0.0,-0.2
control-1970,control,0,0,0.0,-0.2
control-1971,control,1,1,0.0,-3.2
control-1972,control,0,0,0.0,-0.2
control-1973,control,0,0,0.0,-0.2
control-1974,control,0,0,0.0,-0.2
control-1975,control,0,0,0.0,-0.2
control-1976,control,0,0,0.0,-0.2
control-1977,control,0,0,0.0,-0.2
control-1978,control,0,0,0.0,-0.2
control-1979,control,0,0,0.0,-0.2
control-1980,control,0,0,0.0,-0.2
control-1981,control,0,0,0.0,-0.2
control-1982,control,0,0,0.0,-0.2
control-1983,control,0,0,0.0,-0.2
control-1984,control,0,0,0.0,-0.2
control-1985,control,0,0,0.0,-0.2
control-1986,control,0,0,0.0,-0.2
control-1987,control,0,0,0.0,-0.2
control-1988,control,1,0,40.0,11.8
control-1989,control,0,0,0.0,-0.2
control-1990,control,0,0,0.0,-0.2
control-1991,control,0,0,0.0,-0.2
control-1992,control,0,0,0.0,-0.2
control-1993,control,0,0,0.0,-0.2
control-1994,control,0,0,0.0,-0.2
control-1995,control,0,0,0.0,-0.2
control-1996,control,0,0,0.0,-0.2
control-1997,control,0,0,0.0,-0.2
control-1998,control,0,0,0.0,-0.2
control-1999,control,0,0,0.0,-0.2
control-2000,control,0,0,0.0,-0.2
control-2001,control,0,0,0.0,-0.2
control-2002,control,1,0,40.0,11.8
control-2003,control,0,0,0.0,-0.2
control-2004,control,0,0,0.0,-0.2
control-2005,control,0,0,0.0,-0.2
control-2006,control,0,0,0.0,-0.2
control-2007,control,0,0,0.0,-0.2
control-2008,control,0,0,0.0,-0.2
control-2009,control,0,0,0.0,-0.2
control-2010,control,0,0,0.0,-0.2
control-2011,control,0,0,0.0,-0.2
control-2012,control,0,0,0.0,-0.2
control-2013,control,0,0,0.0,-0.2
control-2014,control,0,0,0.0,-0.2
control-2015,control,0,0,0.0,-0.2
control-2016,control,0,0,0.0,-0.2
control-2017,control,0,0,0.0,-0.2
control-2018,control,0,0,0.0,-0.2
control-2019,control,0,0,0.0,-0.2
control-2020,control,0,0,0.0,-0.2
control-2021,control,0,0,0.0,-0.2
control-2022,control,0,0,0.0,-0.2
control-2023,control,0,0,0.0,-0.2
control-2024,control,0,0,0.0,-0.2
control-2025,control,0,0,0.0,-0.2
control-2026,control,0,0,0.0,-0.2
control-2027,control,0,0,0.0,-0.2
control-2028,control,0,0,0.0,-0.2
control-2029,control,0,0,0.0,-0.2
control-2030,control,0,0,0.0,-0.2
control-2031,control,0,0,0.0,-0.2
control-2032,control,0,0,0.0,-0.2
control-2033,control,0,0,0.0,-0.2
control-2034,control,0,0,0.0,-0.2
control-2035,control,0,0,0.0,-0.2
control-2036,control,0,0,0.0,-0.2
control-2037,control,0,0,0.0,-0.2
control-2038,control,0,0,0.0,-0.2
control-2039,control,0,0,0.0,-0.2
control-2040,control,0,0,0.0,-0.2
control-2041,control,0,0,0.0,-0.2
control-2042,control,0,0,0.0,-0.2
control-2043,control,0,0,0.0,-0.2
control-2044,control,1,0,60.0,17.8
control-2045,control,0,0,0.0,-0.2
control-2046,control,0,0,0.0,-0.2
control-2047,control,0,0,0.0,-0.2
control-2048,control,0,0,0.0,-0.2
control-2049,control,0,0,0.0,-0.2
control-2050,control,1,0,40.0,11.8
control-2051,control,0,0,0.0,-0.2
control-2052,control,0,0,0.0,-0.2
control-2053,control,0,0,0.0,-0.2
control-2054,control,0,0,0.0,-0.2
control-2055,control,0,0,0.0,-0.2
control-2056,control,1,0,40.0,11.8
control-2057,control,0,0,0.0,-0.2
control-2058,control,0,0,0.0,-0.2
control-2059,control,0,0,0.0,-0.2
control-2060,control,0,0,0.0,-0.2
control-2061,control,0,0,0.0,-0.2
control-2062,control,0,0,0.0,-0.2
control-2063,control,0,0,0.0,-0.2
control-2064,control,0,0,0.0,-0.2
control-2065,control,0,0,0.0,-0.2
control-2066,control,0,0,0.0,-0.2
control-2067,control,1,0,40.0,11.8
control-2068,control,0,0,0.0,-0.2
control-2069,control,0,0,0.0,-0.2
control-2070,control,0,0,0.0,-0.2
control-2071,control,0,0,0.0,-0.2
control-2072,control,0,0,0.0,-0.2
control-2073,control,0,0,0.0,-0.2
control-2074,control,0,0,0.0,-0.2
control-2075,control,0,0,0.0,-0.2
control-2076,control,1,0,20.0,5.8
control-2077,control,0,0,0.0,-0.2
control-2078,control,0,0,0.0,-0.2
control-2079,control,0,0,0.0,-0.2
control-2080,control,0,0,0.0,-0.2
control-2081,control,0,0,0.0,-0.2
control-2082,control,0,0,0.0,-0.2
control-2083,control,0,0,0.0,-0.2
control-2084,control,0,0,0.0,-0.2
control-2085,control,0,0,0.0,-0.2
control-2086,control,0,0,0.0,-0.2
control-2087,control,0,0,0.0,-0.2
control-2088,control,0,0,0.0,-0.2
control-2089,control,0,0,0.0,-0.2
control-2090,control,0,0,0.0,-0.2
control-2091,control,0,0,0.0,-0.2
control-2092,control,0,0,0.0,-0.2
control-2093,control,0,0,0.0,-0.2
control-2094,control,0,0,0.0,-0.2
control-2095,control,0,0,0.0,-0.2
control-2096,control,0,0,0.0,-0.2
control-2097,control,0,0,0.0,-0.2
control-2098,control,0,0,0.0,-0.2
control-2099,control,0,0,0.0,-0.2
control-2100,control,0,0,0.0,-0.2
control-2101,control,0,0,0.0,-0.2
control-2102,control,0,0,0.0,-0.2
control-2103,control,0,0,0.0,-0.2
control-2104,control,0,0,0.0,-0.2
control-2105,control,0,0,0.0,-0.2
control-2106,control,0,0,0.0,-0.2
control-2107,control,1,0,40.0,11.8
control-2108,control,0,0,0.0,-0.2
control-2109,control,0,0,0.0,-0.2
control-2110,control,0,0,0.0,-0.2
control-2111,control,0,0,0.0,-0.2
control-2112,control,0,0,0.0,-0.2
control-2113,control,0,0,0.0,-0.2
control-2114,control,0,0,0.0,-0.2
control-2115,control,0,0,0.0,-0.2
control-2116,control,0,0,0.0,-0.2
control-2117,control,0,0,0.0,-0.2
control-2118,control,0,0,0.0,-0.2
control-2119,control,0,0,0.0,-0.2
control-2120,control,0,0,0.0,-0.2
control-2121,control,0,0,0.0,-0.2
control-2122,control,0,0,0.0,-0.2
control-2123,control,0,0,0.0,-0.2
control-2124,control,0,0,0.0,-0.2
control-2125,control,0,0,0.0,-0.2
control-2126,control,0,0,0.0,-0.2
control-2127,control,0,0,0.0,-0.2
control-2128,control,0,0,0.0,-0.2
control-2129,control,0,0,0.0,-0.2
control-2130,control,0,0,0.0,-0.2
control-2131,control,0,0,0.0,-0.2
control-2132,control,1,1,0.0,-3.2
control-2133,control,0,0,0.0,-0.2
control-2134,control,0,0,0.0,-0.2
control-2135,control,0,0,0.0,-0.2
control-2136,control,0,0,0.0,-0.2
control-2137,control,0,0,0.0,-0.2
control-2138,control,0,0,0.0,-0.2
control-2139,control,0,0,0.0,-0.2
control-2140,control,0,0,0.0,-0.2
control-2141,control,0,0,0.0,-0.2
control-2142,control,0,0,0.0,-0.2
control-2143,control,0,0,0.0,-0.2
control-2144,control,0,0,0.0,-0.2
control-2145,control,0,0,0.0,-0.2
control-2146,control,0,0,0.0,-0.2
control-2147,control,1,0,20.0,5.8
control-2148,control,0,0,0.0,-0.2
control-2149,control,0,0,0.0,-0.2
control-2150,control,0,0,0.0,-0.2
control-2151,control,0,0,0.0,-0.2
control-2152,control,0,0,0.0,-0.2
control-2153,control,0,0,0.0,-0.2
control-2154,control,0,0,0.0,-0.2
control-2155,control,0,0,0.0,-0.2
control-2156,control,0,0,0.0,-0.2
control-2157,control,0,0,0.0,-0.2
control-2158,control,0,0,0.0,-0.2
control-2159,control,0,0,0.0,-0.2
control-2160,control,0,0,0.0,-0.2
control-2161,control,0,0,0.0,-0.2
control-2162,control,0,0,0.0,-0.2
control-2163,control,0,0,0.0,-0.2
control-2164,control,0,0,0.0,-0.2
control-2165,control,0,0,0.0,-0.2
control-2166,control,0,0,0.0,-0.2
control-2167,control,0,0,0.0,-0.2
control-2168,control,0,0,0.0,-0.2
control-2169,control,0,0,0.0,-0.2
control-2170,control,0,0,0.0,-0.2
control-2171,control,0,0,0.0,-0.2
control-2172,control,0,0,0.0,-0.2
control-2173,control,0,0,0.0,-0.2
control-2174,control,0,0,0.0,-0.2
control-2175,control,0,0,0.0,-0.2
control-2176,control,0,0,0.0,-0.2
control-2177,control,0,0,0.0,-0.2
control-2178,control,0,0,0.0,-0.2
control-2179,control,1,0,40.0,11.8
control-2180,control,0,0,0.0,-0.2
control-2181,control,1,0,40.0,11.8
control-2182,control,0,0,0.0,-0.2
control-2183,control,0,0,0.0,-0.2
control-2184,control,0,0,0.0,-0.2
control-2185,control,0,0,0.0,-0.2
control-2186,control,0,0,0.0,-0.2
control-2187,control,0,0,0.0,-0.2
control-2188,control,0,0,0.0,-0.2
control-2189,control,0,0,0.0,-0.2
control-2190,control,0,0,0.0,-0.2
control-2191,control,0,0,0.0,-0.2
control-2192,control,0,0,0.0,-0.2
control-2193,control,0,0,0.0,-0.2
control-2194,control,0,0,0.0,-0.2
control-2195,control,0,0,0.0,-0.2
control-2196,control,0,0,0.0,-0.2
control-2197,control,0,0,0.0,-0.2
control-2198,control,0,0,0.0,-0.2
control-2199,control,0,0,0.0,-0.2
control-2200,control,0,0,0.0,-0.2
control-2201,control,0,0,0.0,-0.2
control-2202,control,0,0,0.0,-0.2
control-2203,control,0,0,0.0,-0.2
control-2204,control,0,0,0.0,-0.2
control-2205,control,0,0,0.0,-0.2
control-2206,control,0,0,0.0,-0.2
control-2207,control,0,0,0.0,-0.2
control-2208,control,0,0,0.0,-0.2
control-2209,control,0,0,0.0,-0.2
control-2210,control,1,0,20.0,5.8
control-2211,control,0,0,0.0,-0.2
control-2212,control,0,0,0.0,-0.2
control-2213,control,0,0,0.0,-0.2
control-2214,control,0,0,0.0,-0.2
control-2215,control,0,0,0.0,-0.2
control-2216,control,0,0,0.0,-0.2
control-2217,control,0,0,0.0,-0.2
control-2218,control,0,0,0.0,-0.2
control-2219,control,0,0,0.0,-0.2
control-2220,control,0,0,0.0,-0.2
control-2221,control,0,0,0.0,-0.2
control-2222,control,0,0,0.0,-0.2
control-2223,control,0,0,0.0,-0.2
control-2224,control,0,0,0.0,-0.2
control-2225,control,0,0,0.0,-0.2
control-2226,control,0,0,0.0,-0.2
control-2227,control,0,0,0.0,-0.2
control-2228,control,0,0,0.0,-0.2
control-2229,control,0,0,0.0,-0.2
control-2230,control,0,0,0.0,-0.2
control-2231,control,0,0,0.0,-0.2
control-2232,control,0,0,0.0,-0.2
control-2233,control,0,0,0.0,-0.2
control-2234,control,0,0,0.0,-0.2
control-2235,control,0,0,0.0,-0.2
control-2236,control,0,0,0.0,-0.2
control-2237,control,0,0,0.0,-0.2
control-2238,control,0,0,0.0,-0.2
control-2239,control,0,0,0.0,-0.2
control-2240,control,0,0,0.0,-0.2
control-2241,control,0,0,0.0,-0.2
control-2242,control,0,0,0.0,-0.2
control-2243,control,0,0,0.0,-0.2
control-2244,control,0,0,0.0,-0.2
control-2245,control,0,0,0.0,-0.2
control-2246,control,0,0,0.0,-0.2
control-2247,control,0,0,0.0,-0.2
control-2248,control,0,0,0.0,-0.2
control-2249,control,0,0,0.0,-0.2
control-2250,control,0,0,0.0,-0.2
control-2251,control,0,0,0.0,-0.2
control-2252,control,0,0,0.0,-0.2
control-2253,control,0,0,0.0,-0.2
control-2254,control,1,0,20.0,5.8
control-2255,control,0,0,0.0,-0.2
control-2256,control,0,0,0.0,-0.2
control-2257,control,0,0,0.0,-0.2
control-2258,control,0,0,0.0,-0.2
control-2259,control,0,0,0.0,-0.2
control-2260,control,0,0,0.0,-0.2
control-2261,control,1,0,20.0,5.8
control-2262,control,0,0,0.0,-0.2
control-2263,control,0,0,0.0,-0.2
control-2264,control,0,0,0.0,-0.2
control-2265,control,0,0,0.0,-0.2
control-2266,control,0,0,0.0,-0.2
control-2267,control,0,0,0.0,-0.2
control-2268,control,0,0,0.0,-0.2
control-2269,control,0,0,0.0,-0.2
control-2270,control,0,0,0.0,-0.2
control-2271,control,0,0,0.0,-0.2
control-2272,control,0,0,0.0,-0.2
control-2273,control,0,0,0.0,-0.2
control-2274,control,0,0,0.0,-0.2
control-2275,control,0,0,0.0,-0.2
control-2276,control,0,0,0.0,-0.2
control-2277,control,0,0,0.0,-0.2
control-2278,control,0,0,0.0,-0.2
control-2279,control,0,0,0.0,-0.2
control-2280,control,0,0,0.0,-0.2
control-2281,control,0,0,0.0,-0.2
control-2282,control,0,0,0.0,-0.2
control-2283,control,0,0,0.0,-0.2
control-2284,control,0,0,0.0,-0.2
control-2285,control,0,0,0.0,-0.2
control-2286,control,0,0,0.0,-0.2
control-2287,control,0,0,0.0,-0.2
control-2288,control,0,0,0.0,-0.2
control-2289,control,0,0,0.0,-0.2
control-2290,control,1,0,40.0,11.8
control-2291,control,0,0,0.0,-0.2
control-2292,control,0,0,0.0,-0.2
control-2293,control,0,0,0.0,-0.2
control-2294,control,0,0,0.0,-0.2
control-2295,control,0,0,0.0,-0.2
control-2296,control,0,0,0.0,-0.2
control-2297,control,0,0,0.0,-0.2
control-2298,control,0,0,0.0,-0.2
control-2299,control,0,0,0.0,-0.2
control-2300,control,0,0,0.0,-0.2
control-2301,control,0,0,0.0,-0.2
control-2302,control,0,0,0.0,-0.2
control-2303,control,0,0,0.0,-0.2
control-2304,control,0,0,0.0,-0.2
control-2305,control,0,0,0.0,-0.2
control-2306,control,0,0,0.0,-0.2
control-2307,control,0,0,0.0,-0.2
control-2308,control,0,0,0.0,-0.2
control-2309,control,0,0,0.0,-0.2
control-2310,control,1,0,20.0,5.8
control-2311,control,0,0,0.0,-0.2
control-2312,control,0,0,0.0,-0.2
control-2313,control,0,0,0.0,-0.2
control-2314,control,0,0,0.0,-0.2
control-2315,control,0,0,0.0,-0.2
control-2316,control,0,0,0.0,-0.2
control-2317,control,0,0,0.0,-0.2
control-2318,control,0,0,0.0,-0.2
control-2319,control,0,0,0.0,-0.2
control-2320,control,0,0,0.0,-0.2
control-2321,control,0,0,0.0,-0.2
control-2322,control,0,0,0.0,-0.2
control-2323,control,0,0,0.0,-0.2
control-2324,control,0,0,0.0,-0.2
control-2325,control,1,0,20.0,5.8
control-2326,control,0,0,0.0,-0.2
control-2327,control,0,0,0.0,-0.2
control-2328,control,0,0,0.0,-0.2
control-2329,control,0,0,0.0,-0.2
control-2330,control,0,0,0.0,-0.2
control-2331,control,0,0,0.0,-0.2
control-2332,control,0,0,0.0,-0.2
control-2333,control,0,0,0.0,-0.2
control-2334,control,0,0,0.0,-0.2
control-2335,control,0,0,0.0,-0.2
control-2336,control,0,0,0.0,-0.2
control-2337,control,0,0,0.0,-0.2
control-2338,control,0,0,0.0,-0.2
control-2339,control,0,0,0.0,-0.2
control-2340,control,0,0,0.0,-0.2
control-2341,control,0,0,0.0,-0.2
control-2342,control,0,0,0.0,-0.2
control-2343,control,0,0,0.0,-0.2
control-2344,control,0,0,0.0,-0.2
control-2345,control,0,0,0.0,-0.2
control-2346,control,0,0,0.0,-0.2
control-2347,control,0,0,0.0,-0.2
control-2348,control,0,0,0.0,-0.2
control-2349,control,0,0,0.0,-0.2
control-2350,control,0,0,0.0,-0.2
control-2351,control,0,0,0.0,-0.2
control-2352,control,0,0,0.0,-0.2
control-2353,control,0,0,0.0,-0.2
control-2354,control,0,0,0.0,-0.2
control-2355,control,0,0,0.0,-0.2
control-2356,control,0,0,0.0,-0.2
control-2357,control,0,0,0.0,-0.2
control-2358,control,1,0,60.0,17.8
control-2359,control,0,0,0.0,-0.2
control-2360,control,0,0,0.0,-0.2
control-2361,control,0,0,0.0,-0.2
control-2362,control,0,0,0.0,-0.2
control-2363,control,0,0,0.0,-0.2
control-2364,control,0,0,0.0,-0.2
control-2365,control,0,0,0.0,-0.2
control-2366,control,0,0,0.0,-0.2
control-2367,control,0,0,0.0,-0.2
control-2368,control,0,0,0.0,-0.2
control-2369,control,0,0,0.0,-0.2
control-2370,control,0,0,0.0,-0.2
control-2371,control,0,0,0.0,-0.2
control-2372,control,0,0,0.0,-0.2
control-2373,control,0,0,0.0,-0.2
control-2374,control,0,0,0.0,-0.2
control-2375,control,0,0,0.0,-0.2
control-2376,control,0,0,0.0,-0.2
control-2377,control,0,0,0.0,-0.2
control-2378,control,0,0,0.0,-0.2
control-2379,control,0,0,0.0,-0.2
control-2380,control,0,0,0.0,-0.2
control-2381,control,0,0,0.0,-0.2
control-2382,control,0,0,0.0,-0.2
control-2383,control,0,0,0.0,-0.2
control-2384,control,0,0,0.0,-0.2
control-2385,control,0,0,0.0,-0.2
control-2386,control,1,0,20.0,5.8
control-2387,control,0,0,0.0,-0.2
control-2388,control,0,0,0.0,-0.2
control-2389,control,0,0,0.0,-0.2
control-2390,control,0,0,0.0,-0.2
control-2391,control,0,0,0.0,-0.2
control-2392,control,0,0,0.0,-0.2
control-2393,control,0,0,0.0,-0.2
control-2394,control,0,0,0.0,-0.2
control-2395,control,1,0,20.0,5.8
control-2396,control,0,0,0.0,-0.2
control-2397,control,0,0,0.0,-0.2
control-2398,control,0,0,0.0,-0.2
control-2399,control,0,0,0.0,-0.2
control-2400,control,0,0,0.0,-0.2
control-2401,control,0,0,0.0,-0.2
control-2402,control,0,0,0.0,-0.2
control-2403,control,0,0,0.0,-0.2
control-2404,control,0,0,0.0,-0.2
control-2405,control,0,0,0.0,-0.2
control-2406,control,0,0,0.0,-0.2
control-2407,control,0,0,0.0,-0.2
control-2408,control,0,0,0.0,-0.2
control-2409,control,0,0,0.0,-0.2
control-2410,control,0,0,0.0,-0.2
control-2411,control,1,1,0.0,-3.2
control-2412,control,0,0,0.0,-0.2
control-2413,control,0,0,0.0,-0.2
control-2414,control,0,0,0.0,-0.2
control-2415,control,0,0,0.0,-0.2
control-2416,control,0,0,0.0,-0.2
control-2417,control,0,0,0.0,-0.2
control-2418,control,0,0,0.0,-0.2
control-2419,control,0,0,0.0,-0.2
control-2420,control,0,0,0.0,-0.2
control-2421,control,0,0,0.0,-0.2
control-2422,control,0,0,0.0,-0.2
control-2423,control,0,0,0.0,-0.2
control-2424,control,0,0,0.0,-0.2
control-2425,control,0,0,0.0,-0.2
control-2426,control,0,0,0.0,-0.2
control-2427,control,0,0,0.0,-0.2
control-2428,control,0,0,0.0,-0.2
control-2429,control,0,0,0.0,-0.2
control-2430,control,0,0,0.0,-0.2
control-2431,control,0,0,0.0,-0.2
control-2432,control,0,0,0.0,-0.2
control-2433,control,0,0,0.0,-0.2
control-2434,control,0,0,0.0,-0.2
control-2435,control,1,0,40.0,11.8
control-2436,control,0,0,0.0,-0.2
control-2437,control,0,0,0.0,-0.2
control-2438,control,0,0,0.0,-0.2
control-2439,control,0,0,0.0,-0.2
control-2440,control,1,0,40.0,11.8
control-2441,control,0,0,0.0,-0.2
control-2442,control,0,0,0.0,-0.2
control-2443,control,0,0,0.0,-0.2
control-2444,control,0,0,0.0,-0.2
control-2445,control,0,0,0.0,-0.2
control-2446,control,0,0,0.0,-0.2
control-2447,control,0,0,0.0,-0.2
control-2448,control,0,0,0.0,-0.2
control-2449,control,0,0,0.0,-0.2
control-2450,control,0,0,0.0,-0.2
control-2451,control,0,0,0.0,-0.2
control-2452,control,0,0,0.0,-0.2
control-2453,control,0,0,0.0,-0.2
control-2454,control,0,0,0.0,-0.2
control-2455,control,0,0,0.0,-0.2
control-2456,control,0,0,0.0,-0.2
control-2457,control,0,0,0.0,-0.2
control-2458,control,0,0,0.0,-0.2
control-2459,control,0,0,0.0,-0.2
control-2460,control,0,0,0.0,-0.2
control-2461,control,0,0,0.0,-0.2
control-2462,control,0,0,0.0,-0.2
control-2463,control,0,0,0.0,-0.2
control-2464,control,0,0,0.0,-0.2
control-2465,control,0,0,0.0,-0.2
control-2466,control,0,0,0.0,-0.2
control-2467,control,0,0,0.0,-0.2
control-2468,control,0,0,0.0,-0.2
control-2469,control,0,0,0.0,-0.2
control-2470,control,0,0,0.0,-0.2
control-2471,control,0,0,0.0,-0.2
control-2472,control,0,0,0.0,-0.2
control-2473,control,0,0,0.0,-0.2
control-2474,control,0,0,0.0,-0.2
control-2475,control,0,0,0.0,-0.2
control-2476,control,0,0,0.0,-0.2
control-2477,control,0,0,0.0,-0.2
control-2478,control,0,0,0.0,-0.2
control-2479,control,0,0,0.0,-0.2
control-2480,control,0,0,0.0,-0.2
control-2481,control,0,0,0.0,-0.2
control-2482,control,0,0,0.0,-0.2
control-2483,control,0,0,0.0,-0.2
control-2484,control,0,0,0.0,-0.2
control-2485,control,0,0,0.0,-0.2
control-2486,control,0,0,0.0,-0.2
control-2487,control,0,0,0.0,-0.2
control-2488,control,0,0,0.0,-0.2
control-2489,control,0,0,0.0,-0.2
control-2490,control,1,0,20.0,5.8
control-2491,control,0,0,0.0,-0.2
control-2492,control,0,0,0.0,-0.2
control-2493,control,0,0,0.0,-0.2
control-2494,control,0,0,0.0,-0.2
control-2495,control,0,0,0.0,-0.2
control-2496,control,0,0,0.0,-0.2
control-2497,control,0,0,0.0,-0.2
control-2498,control,0,0,0.0,-0.2
control-2499,control,0,0,0.0,-0.2
control-2500,control,0,0,0.0,-0.2
control-2501,control,0,0,0.0,-0.2
control-2502,control,1,0,20.0,5.8
control-2503,control,0,0,0.0,-0.2
control-2504,control,0,0,0.0,-0.2
control-2505,control,0,0,0.0,-0.2
control-2506,control,0,0,0.0,-0.2
control-2507,control,0,0,0.0,-0.2
control-2508,control,0,0,0.0,-0.2
control-2509,control,0,0,0.0,-0.2
control-2510,control,0,0,0.0,-0.2
control-2511,control,0,0,0.0,-0.2
control-2512,control,0,0,0.0,-0.2
control-2513,control,0,0,0.0,-0.2
control-2514,control,0,0,0.0,-0.2
control-2515,control,0,0,0.0,-0.2
control-2516,control,0,0,0.0,-0.2
control-2517,control,0,0,0.0,-0.2
control-2518,control,0,0,0.0,-0.2
control-2519,control,0,0,0.0,-0.2
control-2520,control,0,0,0.0,-0.2
control-2521,control,0,0,0.0,-0.2
control-2522,control,0,0,0.0,-0.2
control-2523,control,0,0,0.0,-0.2
control-2524,control,0,0,0.0,-0.2
control-2525,control,0,0,0.0,-0.2
control-2526,control,0,0,0.0,-0.2
control-2527,control,0,0,0.0,-0.2
control-2528,control,0,0,0.0,-0.2
control-2529,control,0,0,0.0,-0.2
control-2530,control,0,0,0.0,-0.2
control-2531,control,0,0,0.0,-0.2
control-2532,control,0,0,0.0,-0.2
control-2533,control,0,0,0.0,-0.2
control-2534,control,1,0,40.0,11.8
control-2535,control,0,0,0.0,-0.2
control-2536,control,0,0,0.0,-0.2
control-2537,control,0,0,0.0,-0.2
control-2538,control,0,0,0.0,-0.2
control-2539,control,0,0,0.0,-0.2
control-2540,control,0,0,0.0,-0.2
control-2541,control,0,0,0.0,-0.2
control-2542,control,0,0,0.0,-0.2
control-2543,control,0,0,0.0,-0.2
control-2544,control,0,0,0.0,-0.2
control-2545,control,0,0,0.0,-0.2
control-2546,control,1,0,20.0,5.8
control-2547,control,0,0,0.0,-0.2
control-2548,control,0,0,0.0,-0.2
control-2549,control,0,0,0.0,-0.2
control-2550,control,0,0,0.0,-0.2
control-2551,control,0,0,0.0,-0.2
control-2552,control,0,0,0.0,-0.2
control-2553,control,1,0,20.0,5.8
control-2554,control,0,0,0.0,-0.2
control-2555,control,0,0,0.0,-0.2
control-2556,control,0,0,0.0,-0.2
control-2557,control,0,0,0.0,-0.2
control-2558,control,0,0,0.0,-0.2
control-2559,control,0,0,0.0,-0.2
control-2560,control,0,0,0.0,-0.2
control-2561,control,0,0,0.0,-0.2
control-2562,control,0,0,0.0,-0.2
control-2563,control,0,0,0.0,-0.2
control-2564,control,0,0,0.0,-0.2
control-2565,control,0,0,0.0,-0.2
control-2566,control,0,0,0.0,-0.2
control-2567,control,0,0,0.0,-0.2
control-2568,control,0,0,0.0,-0.2
control-2569,control,1,0,60.0,17.8
control-2570,control,0,0,0.0,-0.2
control-2571,control,0,0,0.0,-0.2
control-2572,control,0,0,0.0,-0.2
control-2573,control,0,0,0.0,-0.2
control-2574,control,0,0,0.0,-0.2
control-2575,control,0,0,0.0,-0.2
control-2576,control,0,0,0.0,-0.2
control-2577,control,0,0,0.0,-0.2
control-2578,control,0,0,0.0,-0.2
control-2579,control,0,0,0.0,-0.2
control-2580,control,0,0,0.0,-0.2
control-2581,control,0,0,0.0,-0.2
control-2582,control,0,0,0.0,-0.2
control-2583,control,0,0,0.0,-0.2
control-2584,control,0,0,0.0,-0.2
control-2585,control,0,0,0.0,-0.2
control-2586,control,0,0,0.0,-0.2
control-2587,control,0,0,0.0,-0.2
control-2588,control,0,0,0.0,-0.2
control-2589,control,0,0,0.0,-0.2
control-2590,control,0,0,0.0,-0.2
control-2591,control,0,0,0.0,-0.2
control-2592,control,0,0,0.0,-0.2
control-2593,control,0,0,0.0,-0.2
control-2594,control,0,0,0.0,-0.2
control-2595,control,0,0,0.0,-0.2
control-2596,control,0,0,0.0,-0.2
control-2597,control,0,0,0.0,-0.2
control-2598,control,0,0,0.0,-0.2
control-2599,control,1,0,40.0,11.8
control-2600,control,0,0,0.0,-0.2
control-2601,control,0,0,0.0,-0.2
control-2602,control,0,0,0.0,-0.2
control-2603,control,0,0,0.0,-0.2
control-2604,control,0,0,0.0,-0.2
control-2605,control,0,0,0.0,-0.2
control-2606,control,0,0,0.0,-0.2
control-2607,control,0,0,0.0,-0.2
control-2608,control,0,0,0.0,-0.2
control-2609,control,0,0,0.0,-0.2
control-2610,control,0,0,0.0,-0.2
control-2611,control,0,0,0.0,-0.2
control-2612,control,0,0,0.0,-0.2
control-2613,control,0,0,0.0,-0.2
control-2614,control,0,0,0.0,-0.2
control-2615,control,0,0,0.0,-0.2
control-2616,control,0,0,0.0,-0.2
control-2617,control,0,0,0.0,-0.2
control-2618,control,0,0,0.0,-0.2
control-2619,control,0,0,0.0,-0.2
control-2620,control,0,0,0.0,-0.2
control-2621,control,1,0,40.0,11.8
control-2622,control,0,0,0.0,-0.2
control-2623,control,0,0,0.0,-0.2
control-2624,control,0,0,0.0,-0.2
control-2625,control,0,0,0.0,-0.2
control-2626,control,0,0,0.0,-0.2
control-2627,control,0,0,0.0,-0.2
control-2628,control,0,0,0.0,-0.2
control-2629,control,0,0,0.0,-0.2
control-2630,control,0,0,0.0,-0.2
control-2631,control,0,0,0.0,-0.2
control-2632,control,0,0,0.0,-0.2
control-2633,control,0,0,0.0,-0.2
control-2634,control,0,0,0.0,-0.2
control-2635,control,0,0,0.0,-0.2
control-2636,control,0,0,0.0,-0.2
control-2637,control,0,0,0.0,-0.2
control-2638,control,0,0,0.0,-0.2
control-2639,control,0,0,0.0,-0.2
control-2640,control,0,0,0.0,-0.2
control-2641,control,0,0,0.0,-0.2
control-2642,control,0,0,0.0,-0.2
control-2643,control,0,0,0.0,-0.2
control-2644,control,0,0,0.0,-0.2
control-2645,control,0,0,0.0,-0.2
control-2646,control,0,0,0.0,-0.2
control-2647,control,0,0,0.0,-0.2
control-2648,control,0,0,0.0,-0.2
control-2649,control,0,0,0.0,-0.2
control-2650,control,1,0,20.0,5.8
control-2651,control,0,0,0.0,-0.2
control-2652,control,0,0,0.0,-0.2
control-2653,control,0,0,0.0,-0.2
control-2654,control,0,0,0.0,-0.2
control-2655,control,0,0,0.0,-0.2
control-2656,control,0,0,0.0,-0.2
control-2657,control,0,0,0.0,-0.2
control-2658,control,0,0,0.0,-0.2
control-2659,control,0,0,0.0,-0.2
control-2660,control,0,0,0.0,-0.2
control-2661,control,0,0,0.0,-0.2
control-2662,control,0,0,0.0,-0.2
control-2663,control,0,0,0.0,-0.2
control-2664,control,0,0,0.0,-0.2
control-2665,control,0,0,0.0,-0.2
control-2666,control,0,0,0.0,-0.2
control-2667,control,0,0,0.0,-0.2
control-2668,control,0,0,0.0,-0.2
control-2669,control,0,0,0.0,-0.2
control-2670,control,0,0,0.0,-0.2
control-2671,control,0,0,0.0,-0.2
control-2672,control,0,0,0.0,-0.2
control-2673,control,0,0,0.0,-0.2
control-2674,control,0,0,0.0,-0.2
control-2675,control,0,0,0.0,-0.2
control-2676,control,0,0,0.0,-0.2
control-2677,control,0,0,0.0,-0.2
control-2678,control,0,0,0.0,-0.2
control-2679,control,0,0,0.0,-0.2
control-2680,control,0,0,0.0,-0.2
control-2681,control,0,0,0.0,-0.2
control-2682,control,0,0,0.0,-0.2
control-2683,control,0,0,0.0,-0.2
control-2684,control,0,0,0.0,-0.2
control-2685,control,0,0,0.0,-0.2
control-2686,control,0,0,0.0,-0.2
control-2687,control,0,0,0.0,-0.2
control-2688,control,0,0,0.0,-0.2
control-2689,control,0,0,0.0,-0.2
control-2690,control,0,0,0.0,-0.2
control-2691,control,0,0,0.0,-0.2
control-2692,control,0,0,0.0,-0.2
control-2693,control,1,0,60.0,17.8
control-2694,control,0,0,0.0,-0.2
control-2695,control,0,0,0.0,-0.2
control-2696,control,0,0,0.0,-0.2
control-2697,control,0,0,0.0,-0.2
control-2698,control,0,0,0.0,-0.2
control-2699,control,0,0,0.0,-0.2
control-2700,control,0,0,0.0,-0.2
control-2701,control,0,0,0.0,-0.2
control-2702,control,0,0,0.0,-0.2
control-2703,control,0,0,0.0,-0.2
control-2704,control,0,0,0.0,-0.2
control-2705,control,0,0,0.0,-0.2
control-2706,control,0,0,0.0,-0.2
control-2707,control,0,0,0.0,-0.2
control-2708,control,0,0,0.0,-0.2
control-2709,control,0,0,0.0,-0.2
control-2710,control,1,1,0.0,-9.2
control-2711,control,0,0,0.0,-0.2
control-2712,control,0,0,0.0,-0.2
control-2713,control,0,0,0.0,-0.2
control-2714,control,0,0,0.0,-0.2
control-2715,control,0,0,0.0,-0.2
control-2716,control,0,0,0.0,-0.2
control-2717,control,1,0,20.0,5.8
control-2718,control,0,0,0.0,-0.2
control-2719,control,0,0,0.0,-0.2
control-2720,control,0,0,0.0,-0.2
control-2721,control,0,0,0.0,-0.2
control-2722,control,0,0,0.0,-0.2
control-2723,control,0,0,0.0,-0.2
control-2724,control,0,0,0.0,-0.2
control-2725,control,0,0,0.0,-0.2
control-2726,control,0,0,0.0,-0.2
control-2727,control,0,0,0.0,-0.2
control-2728,control,0,0,0.0,-0.2
control-2729,control,0,0,0.0,-0.2
control-2730,control,0,0,0.0,-0.2
control-2731,control,0,0,0.0,-0.2
control-2732,control,0,0,0.0,-0.2
control-2733,control,0,0,0.0,-0.2
control-2734,control,0,0,0.0,-0.2
control-2735,control,0,0,0.0,-0.2
control-2736,control,0,0,0.0,-0.2
control-2737,control,0,0,0.0,-0.2
control-2738,control,0,0,0.0,-0.2
control-2739,control,0,0,0.0,-0.2
control-2740,control,0,0,0.0,-0.2
control-2741,control,0,0,0.0,-0.2
control-2742,control,0,0,0.0,-0.2
control-2743,control,0,0,0.0,-0.2
control-2744,control,0,0,0.0,-0.2
control-2745,control,0,0,0.0,-0.2
control-2746,control,0,0,0.0,-0.2
control-2747,control,0,0,0.0,-0.2
control-2748,control,0,0,0.0,-0.2
control-2749,control,0,0,0.0,-0.2
control-2750,control,0,0,0.0,-0.2
control-2751,control,0,0,0.0,-0.2
control-2752,control,0,0,0.0,-0.2
control-2753,control,0,0,0.0,-0.2
control-2754,control,0,0,0.0,-0.2
control-2755,control,0,0,0.0,-0.2
control-2756,control,0,0,0.0,-0.2
control-2757,control,0,0,0.0,-0.2
control-2758,control,0,0,0.0,-0.2
control-2759,control,0,0,0.0,-0.2
control-2760,control,0,0,0.0,-0.2
control-2761,control,0,0,0.0,-0.2
control-2762,control,0,0,0.0,-0.2
control-2763,control,0,0,0.0,-0.2
control-2764,control,0,0,0.0,-0.2
control-2765,control,0,0,0.0,-0.2
control-2766,control,0,0,0.0,-0.2
control-2767,control,0,0,0.0,-0.2
control-2768,control,0,0,0.0,-0.2
control-2769,control,1,0,40.0,11.8
control-2770,control,0,0,0.0,-0.2
control-2771,control,0,0,0.0,-0.2
control-2772,control,0,0,0.0,-0.2
control-2773,control,0,0,0.0,-0.2
control-2774,control,0,0,0.0,-0.2
control-2775,control,0,0,0.0,-0.2
control-2776,control,0,0,0.0,-0.2
control-2777,control,0,0,0.0,-0.2
control-2778,control,0,0,0.0,-0.2
control-2779,control,0,0,0.0,-0.2
control-2780,control,0,0,0.0,-0.2
control-2781,control,0,0,0.0,-0.2
control-2782,control,0,0,0.0,-0.2
control-2783,control,0,0,0.0,-0.2
control-2784,control,0,0,0.0,-0.2
control-2785,control,0,0,0.0,-0.2
control-2786,control,0,0,0.0,-0.2
control-2787,control,0,0,0.0,-0.2
control-2788,control,0,0,0.0,-0.2
control-2789,control,0,0,0.0,-0.2
control-2790,control,0,0,0.0,-0.2
control-2791,control,0,0,0.0,-0.2
control-2792,control,0,0,0.0,-0.2
control-2793,control,1,0,60.0,17.8
control-2794,control,0,0,0.0,-0.2
control-2795,control,0,0,0.0,-0.2
control-2796,control,0,0,0.0,-0.2
control-2797,control,0,0,0.0,-0.2
control-2798,control,0,0,0.0,-0.2
control-2799,control,0,0,0.0,-0.2
control-2800,control,1,0,60.0,17.8
control-2801,control,0,0,0.0,-0.2
control-2802,control,0,0,0.0,-0.2
control-2803,control,0,0,0.0,-0.2
control-2804,control,0,0,0.0,-0.2
control-2805,control,0,0,0.0,-0.2
control-2806,control,0,0,0.0,-0.2
control-2807,control,0,0,0.0,-0.2
control-2808,control,0,0,0.0,-0.2
control-2809,control,0,0,0.0,-0.2
control-2810,control,0,0,0.0,-0.2
control-2811,control,0,0,0.0,-0.2
control-2812,control,0,0,0.0,-0.2
control-2813,control,0,0,0.0,-0.2
control-2814,control,0,0,0.0,-0.2
control-2815,control,0,0,0.0,-0.2
control-2816,control,0,0,0.0,-0.2
control-2817,control,0,0,0.0,-0.2
control-2818,control,0,0,0.0,-0.2
control-2819,control,0,0,0.0,-0.2
control-2820,control,0,0,0.0,-0.2
control-2821,control,0,0,0.0,-0.2
control-2822,control,0,0,0.0,-0.2
control-2823,control,1,0,20.0,5.8
control-2824,control,1,0,20.0,5.8
control-2825,control,0,0,0.0,-0.2
control-2826,control,0,0,0.0,-0.2
control-2827,control,0,0,0.0,-0.2
control-2828,control,0,0,0.0,-0.2
control-2829,control,0,0,0.0,-0.2
control-2830,control,0,0,0.0,-0.2
control-2831,control,0,0,0.0,-0.2
control-2832,control,0,0,0.0,-0.2
control-2833,control,0,0,0.0,-0.2
control-2834,control,0,0,0.0,-0.2
control-2835,control,0,0,0.0,-0.2
control-2836,control,0,0,0.0,-0.2
control-2837,control,0,0,0.0,-0.2
control-2838,control,0,0,0.0,-0.2
control-2839,control,0,0,0.0,-0.2
control-2840,control,0,0,0.0,-0.2
control-2841,control,0,0,0.0,-0.2
control-2842,control,0,0,0.0,-0.2
control-2843,control,0,0,0.0,-0.2
control-2844,control,0,0,0.0,-0.2
control-2845,control,0,0,0.0,-0.2
control-2846,control,0,0,0.0,-0.2
control-2847,control,0,0,0.0,-0.2
control-2848,control,0,0,0.0,-0.2
control-2849,control,0,0,0.0,-0.2
control-2850,control,0,0,0.0,-0.2
control-2851,control,0,0,0.0,-0.2
control-2852,control,0,0,0.0,-0.2
control-2853,control,0,0,0.0,-0.2
control-2854,control,0,0,0.0,-0.2
control-2855,control,0,0,0.0,-0.2
control-2856,control,0,0,0.0,-0.2
control-2857,control,0,0,0.0,-0.2
control-2858,control,0,0,0.0,-0.2
control-2859,control,0,0,0.0,-0.2
control-2860,control,0,0,0.0,-0.2
control-2861,control,0,0,0.0,-0.2
control-2862,control,0,0,0.0,-0.2
control-2863,control,0,0,0.0,-0.2
control-2864,control,0,0,0.0,-0.2
control-2865,control,0,0,0.0,-0.2
control-2866,control,0,0,0.0,-0.2
control-2867,control,0,0,0.0,-0.2
control-2868,control,0,0,0.0,-0.2
control-2869,control,0,0,0.0,-0.2
control-2870,control,0,0,0.0,-0.2
control-2871,control,0,0,0.0,-0.2
control-2872,control,0,0,0.0,-0.2
control-2873,control,0,0,0.0,-0.2
control-2874,control,0,0,0.0,-0.2
control-2875,control,0,0,0.0,-0.2
control-2876,control,0,0,0.0,-0.2
control-2877,control,0,0,0.0,-0.2
control-2878,control,0,0,0.0,-0.2
control-2879,control,0,0,0.0,-0.2
control-2880,control,0,0,0.0,-0.2
control-2881,control,0,0,0.0,-0.2
control-2882,control,0,0,0.0,-0.2
control-2883,control,0,0,0.0,-0.2
control-2884,control,0,0,0.0,-0.2
control-2885,control,0,0,0.0,-0.2
control-2886,control,0,0,0.0,-0.2
control-2887,control,0,0,0.0,-0.2
control-2888,control,0,0,0.0,-0.2
control-2889,control,0,0,0.0,-0.2
control-2890,control,0,0,0.0,-0.2
control-2891,control,1,0,20.0,5.8
control-2892,control,0,0,0.0,-0.2
control-2893,control,0,0,0.0,-0.2
control-2894,control,1,0,60.0,17.8
control-2895,control,0,0,0.0,-0.2
control-2896,control,1,1,0.0,-6.2
control-2897,control,0,0,0.0,-0.2
control-2898,control,0,0,0.0,-0.2
control-2899,control,0,0,0.0,-0.2
control-2900,control,0,0,0.0,-0.2
control-2901,control,0,0,0.0,-0.2
control-2902,control,0,0,0.0,-0.2
control-2903,control,1,0,60.0,17.8
control-2904,control,0,0,0.0,-0.2
control-2905,control,0,0,0.0,-0.2
control-2906,control,1,0,20.0,5.8
control-2907,control,0,0,0.0,-0.2
control-2908,control,0,0,0.0,-0.2
control-2909,control,0,0,0.0,-0.2
control-2910,control,0,0,0.0,-0.2
control-2911,control,0,0,0.0,-0.2
control-2912,control,0,0,0.0,-0.2
control-2913,control,0,0,0.0,-0.2
control-2914,control,0,0,0.0,-0.2
control-2915,control,0,0,0.0,-0.2
control-2916,control,0,0,0.0,-0.2
control-2917,control,0,0,0.0,-0.2
control-2918,control,0,0,0.0,-0.2
control-2919,control,0,0,0.0,-0.2
control-2920,control,1,0,20.0,5.8
control-2921,control,0,0,0.0,-0.2
control-2922,control,0,0,0.0,-0.2
control-2923,control,0,0,0.0,-0.2
control-2924,control,0,0,0.0,-0.2
control-2925,control,0,0,0.0,-0.2
control-2926,control,0,0,0.0,-0.2
control-2927,control,0,0,0.0,-0.2
control-2928,control,0,0,0.0,-0.2
control-2929,control,0,0,0.0,-0.2
control-2930,control,0,0,0.0,-0.2
control-2931,control,0,0,0.0,-0.2
control-2932,control,0,0,0.0,-0.2
control-2933,control,0,0,0.0,-0.2
control-2934,control,0,0,0.0,-0.2
control-2935,control,0,0,0.0,-0.2
control-2936,control,0,0,0.0,-0.2
control-2937,control,0,0,0.0,-0.2
control-2938,control,0,0,0.0,-0.2
control-2939,control,0,0,0.0,-0.2
control-2940,control,1,0,20.0,5.8
control-2941,control,0,0,0.0,-0.2
control-2942,control,0,0,0.0,-0.2
control-2943,control,0,0,0.0,-0.2
control-2944,control,0,0,0.0,-0.2
control-2945,control,0,0,0.0,-0.2
control-2946,control,0,0,0.0,-0.2
control-2947,control,0,0,0.0,-0.2
control-2948,control,1,0,20.0,5.8
control-2949,control,0,0,0.0,-0.2
control-2950,control,0,0,0.0,-0.2
control-2951,control,0,0,0.0,-0.2
control-2952,control,0,0,0.0,-0.2
control-2953,control,0,0,0.0,-0.2
control-2954,control,0,0,0.0,-0.2
control-2955,control,0,0,0.0,-0.2
control-2956,control,0,0,0.0,-0.2
control-2957,control,0,0,0.0,-0.2
control-2958,control,0,0,0.0,-0.2
control-2959,control,0,0,0.0,-0.2
control-2960,control,0,0,0.0,-0.2
control-2961,control,1,0,40.0,11.8
control-2962,control,0,0,0.0,-0.2
control-2963,control,0,0,0.0,-0.2
control-2964,control,0,0,0.0,-0.2
control-2965,control,0,0,0.0,-0.2
control-2966,control,0,0,0.0,-0.2
control-2967,control,0,0,0.0,-0.2
control-2968,control,0,0,0.0,-0.2
control-2969,control,0,0,0.0,-0.2
control-2970,control,0,0,0.0,-0.2
control-2971,control,0,0,0.0,-0.2
control-2972,control,0,0,0.0,-0.2
control-2973,control,0,0,0.0,-0.2
control-2974,control,0,0,0.0,-0.2
control-2975,control,0,0,0.0,-0.2
control-2976,control,0,0,0.0,-0.2
control-2977,control,0,0,0.0,-0.2
control-2978,control,0,0,0.0,-0.2
control-2979,control,0,0,0.0,-0.2
control-2980,control,0,0,0.0,-0.2
control-2981,control,0,0,0.0,-0.2
control-2982,control,0,0,0.0,-0.2
control-2983,control,0,0,0.0,-0.2
control-2984,control,0,0,0.0,-0.2
control-2985,control,0,0,0.0,-0.2
control-2986,control,0,0,0.0,-0.2
control-2987,control,0,0,0.0,-0.2
control-2988,control,0,0,0.0,-0.2
control-2989,control,0,0,0.0,-0.2
control-2990,control,0,0,0.0,-0.2
control-2991,control,0,0,0.0,-0.2
control-2992,control,0,0,0.0,-0.2
control-2993,control,0,0,0.0,-0.2
control-2994,control,0,0,0.0,-0.2
control-2995,control,0,0,0.0,-0.2
control-2996,control,0,0,0.0,-0.2
control-2997,control,0,0,0.0,-0.2
control-2998,control,1,0,40.0,11.8
control-2999,control,0,0,0.0,-0.2
control-3000,control,0,0,0.0,-0.2
control-3001,control,0,0,0.0,-0.2
control-3002,control,0,0,0.0,-0.2
control-3003,control,0,0,0.0,-0.2
control-3004,control,0,0,0.0,-0.2
control-3005,control,0,0,0.0,-0.2
control-3006,control,0,0,0.0,-0.2
control-3007,control,0,0,0.0,-0.2
control-3008,control,0,0,0.0,-0.2
control-3009,control,0,0,0.0,-0.2
control-3010,control,0,0,0.0,-0.2
control-3011,control,0,0,0.0,-0.2
control-3012,control,0,0,0.0,-0.2
control-3013,control,0,0,0.0,-0.2
control-3014,control,0,0,0.0,-0.2
control-3015,control,0,0,0.0,-0.2
control-3016,control,0,0,0.0,-0.2
control-3017,control,0,0,0.0,-0.2
control-3018,control,0,0,0.0,-0.2
control-3019,control,0,0,0.0,-0.2
control-3020,control,0,0,0.0,-0.2
control-3021,control,0,0,0.0,-0.2
control-3022,control,0,0,0.0,-0.2
control-3023,control,0,0,0.0,-0.2
control-3024,control,0,0,0.0,-0.2
control-3025,control,0,0,0.0,-0.2
control-3026,control,0,0,0.0,-0.2
control-3027,control,0,0,0.0,-0.2
control-3028,control,0,0,0.0,-0.2
control-3029,control,0,0,0.0,-0.2
control-3030,control,0,0,0.0,-0.2
control-3031,control,0,0,0.0,-0.2
control-3032,control,0,0,0.0,-0.2
control-3033,control,0,0,0.0,-0.2
control-3034,control,1,0,40.0,11.8
control-3035,control,0,0,0.0,-0.2
control-3036,control,0,0,0.0,-0.2
control-3037,control,0,0,0.0,-0.2
control-3038,control,0,0,0.0,-0.2
control-3039,control,0,0,0.0,-0.2
control-3040,control,0,0,0.0,-0.2
control-3041,control,0,0,0.0,-0.2
control-3042,control,0,0,0.0,-0.2
control-3043,control,0,0,0.0,-0.2
control-3044,control,0,0,0.0,-0.2
control-3045,control,1,0,60.0,17.8
control-3046,control,0,0,0.0,-0.2
control-3047,control,0,0,0.0,-0.2
control-3048,control,0,0,0.0,-0.2
control-3049,control,0,0,0.0,-0.2
control-3050,control,0,0,0.0,-0.2
control-3051,control,0,0,0.0,-0.2
control-3052,control,0,0,0.0,-0.2
control-3053,control,0,0,0.0,-0.2
control-3054,control,0,0,0.0,-0.2
control-3055,control,0,0,0.0,-0.2
control-3056,control,0,0,0.0,-0.2
control-3057,control,0,0,0.0,-0.2
control-3058,control,0,0,0.0,-0.2
control-3059,control,0,0,0.0,-0.2
control-3060,control,0,0,0.0,-0.2
control-3061,control,0,0,0.0,-0.2
control-3062,control,0,0,0.0,-0.2
control-3063,control,0,0,0.0,-0.2
control-3064,control,0,0,0.0,-0.2
control-3065,control,0,0,0.0,-0.2
control-3066,control,0,0,0.0,-0.2
control-3067,control,0,0,0.0,-0.2
control-3068,control,0,0,0.0,-0.2
control-3069,control,0,0,0.0,-0.2
control-3070,control,0,0,0.0,-0.2
control-3071,control,1,1,0.0,-3.2
control-3072,control,0,0,0.0,-0.2
control-3073,control,0,0,0.0,-0.2
control-3074,control,0,0,0.0,-0.2
control-3075,control,0,0,0.0,-0.2
control-3076,control,0,0,0.0,-0.2
control-3077,control,0,0,0.0,-0.2
control-3078,control,0,0,0.0,-0.2
control-3079,control,0,0,0.0,-0.2
control-3080,control,0,0,0.0,-0.2
control-3081,control,0,0,0.0,-0.2
control-3082,control,0,0,0.0,-0.2
control-3083,control,0,0,0.0,-0.2
control-3084,control,0,0,0.0,-0.2
control-3085,control,0,0,0.0,-0.2
control-3086,control,0,0,0.0,-0.2
control-3087,control,0,0,0.0,-0.2
control-3088,control,0,0,0.0,-0.2
control-3089,control,0,0,0.0,-0.2
control-3090,control,0,0,0.0,-0.2
control-3091,control,0,0,0.0,-0.2
control-3092,control,0,0,0.0,-0.2
control-3093,control,1,0,40.0,11.8
control-3094,control,0,0,0.0,-0.2
control-3095,control,0,0,0.0,-0.2
control-3096,control,0,0,0.0,-0.2
control-3097,control,0,0,0.0,-0.2
control-3098,control,0,0,0.0,-0.2
control-3099,control,0,0,0.0,-0.2
control-3100,control,1,0,40.0,11.8
control-3101,control,0,0,0.0,-0.2
control-3102,control,1,0,20.0,5.8
control-3103,control,0,0,0.0,-0.2
control-3104,control,0,0,0.0,-0.2
control-3105,control,0,0,0.0,-0.2
control-3106,control,0,0,0.0,-0.2
control-3107,control,0,0,0.0,-0.2
control-3108,control,0,0,0.0,-0.2
control-3109,control,0,0,0.0,-0.2
control-3110,control,0,0,0.0,-0.2
control-3111,control,0,0,0.0,-0.2
control-3112,control,0,0,0.0,-0.2
control-3113,control,0,0,0.0,-0.2
control-3114,control,0,0,0.0,-0.2
control-3115,control,0,0,0.0,-0.2
control-3116,control,0,0,0.0,-0.2
control-3117,control,0,0,0.0,-0.2
control-3118,control,0,0,0.0,-0.2
control-3119,control,0,0,0.0,-0.2
control-3120,control,0,0,0.0,-0.2
control-3121,control,0,0,0.0,-0.2
control-3122,control,0,0,0.0,-0.2
control-3123,control,0,0,0.0,-0.2
control-3124,control,0,0,0.0,-0.2
control-3125,control,0,0,0.0,-0.2
control-3126,control,0,0,0.0,-0.2
control-3127,control,0,0,0.0,-0.2
control-3128,control,0,0,0.0,-0.2
control-3129,control,0,0,0.0,-0.2
control-3130,control,0,0,0.0,-0.2
control-3131,control,0,0,0.0,-0.2
control-3132,control,0,0,0.0,-0.2
control-3133,control,0,0,0.0,-0.2
control-3134,control,0,0,0.0,-0.2
control-3135,control,0,0,0.0,-0.2
control-3136,control,0,0,0.0,-0.2
control-3137,control,0,0,0.0,-0.2
control-3138,control,0,0,0.0,-0.2
control-3139,control,0,0,0.0,-0.2
control-3140,control,0,0,0.0,-0.2
control-3141,control,0,0,0.0,-0.2
control-3142,control,1,1,0.0,-3.2
control-3143,control,0,0,0.0,-0.2
control-3144,control,0,0,0.0,-0.2
control-3145,control,0,0,0.0,-0.2
control-3146,control,0,0,0.0,-0.2
control-3147,control,0,0,0.0,-0.2
control-3148,control,0,0,0.0,-0.2
control-3149,control,0,0,0.0,-0.2
control-3150,control,0,0,0.0,-0.2
control-3151,control,0,0,0.0,-0.2
control-3152,control,0,0,0.0,-0.2
control-3153,control,0,0,0.0,-0.2
control-3154,control,0,0,0.0,-0.2
control-3155,control,0,0,0.0,-0.2
control-3156,control,0,0,0.0,-0.2
control-3157,control,0,0,0.0,-0.2
control-3158,control,0,0,0.0,-0.2
control-3159,control,0,0,0.0,-0.2
control-3160,control,1,0,20.0,5.8
control-3161,control,1,0,40.0,11.8
control-3162,control,0,0,0.0,-0.2
control-3163,control,0,0,0.0,-0.2
control-3164,control,0,0,0.0,-0.2
control-3165,control,0,0,0.0,-0.2
control-3166,control,0,0,0.0,-0.2
control-3167,control,0,0,0.0,-0.2
control-3168,control,0,0,0.0,-0.2
control-3169,control,0,0,0.0,-0.2
control-3170,control,1,0,20.0,5.8
control-3171,control,0,0,0.0,-0.2
control-3172,control,0,0,0.0,-0.2
control-3173,control,1,0,60.0,17.8
control-3174,control,0,0,0.0,-0.2
control-3175,control,0,0,0.0,-0.2
control-3176,control,0,0,0.0,-0.2
control-3177,control,0,0,0.0,-0.2
control-3178,control,0,0,0.0,-0.2
control-3179,control,0,0,0.0,-0.2
control-3180,control,0,0,0.0,-0.2
control-3181,control,0,0,0.0,-0.2
control-3182,control,0,0,0.0,-0.2
control-3183,control,0,0,0.0,-0.2
control-3184,control,0,0,0.0,-0.2
control-3185,control,0,0,0.0,-0.2
control-3186,control,0,0,0.0,-0.2
control-3187,control,0,0,0.0,-0.2
control-3188,control,0,0,0.0,-0.2
control-3189,control,0,0,0.0,-0.2
control-3190,control,0,0,0.0,-0.2
control-3191,control,0,0,0.0,-0.2
control-3192,control,0,0,0.0,-0.2
control-3193,control,0,0,0.0,-0.2
control-3194,control,0,0,0.0,-0.2
control-3195,control,0,0,0.0,-0.2
control-3196,control,0,0,0.0,-0.2
control-3197,control,0,0,0.0,-0.2
control-3198,control,0,0,0.0,-0.2
control-3199,control,0,0,0.0,-0.2
control-3200,control,0,0,0.0,-0.2
control-3201,control,0,0,0.0,-0.2
control-3202,control,0,0,0.0,-0.2
control-3203,control,0,0,0.0,-0.2
control-3204,control,0,0,0.0,-0.2
control-3205,control,0,0,0.0,-0.2
control-3206,control,0,0,0.0,-0.2
control-3207,control,0,0,0.0,-0.2
control-3208,control,0,0,0.0,-0.2
control-3209,control,0,0,0.0,-0.2
control-3210,control,0,0,0.0,-0.2
control-3211,control,0,0,0.0,-0.2
control-3212,control,0,0,0.0,-0.2
control-3213,control,0,0,0.0,-0.2
control-3214,control,0,0,0.0,-0.2
control-3215,control,0,0,0.0,-0.2
control-3216,control,0,0,0.0,-0.2
control-3217,control,0,0,0.0,-0.2
control-3218,control,0,0,0.0,-0.2
control-3219,control,0,0,0.0,-0.2
control-3220,control,0,0,0.0,-0.2
control-3221,control,0,0,0.0,-0.2
control-3222,control,0,0,0.0,-0.2
control-3223,control,0,0,0.0,-0.2
control-3224,control,0,0,0.0,-0.2
control-3225,control,0,0,0.0,-0.2
control-3226,control,0,0,0.0,-0.2
control-3227,control,0,0,0.0,-0.2
control-3228,control,0,0,0.0,-0.2
control-3229,control,0,0,0.0,-0.2
control-3230,control,0,0,0.0,-0.2
control-3231,control,0,0,0.0,-0.2
control-3232,control,0,0,0.0,-0.2
control-3233,control,0,0,0.0,-0.2
control-3234,control,0,0,0.0,-0.2
control-3235,control,0,0,0.0,-0.2
control-3236,control,1,0,60.0,17.8
control-3237,control,0,0,0.0,-0.2
control-3238,control,0,0,0.0,-0.2
control-3239,control,0,0,0.0,-0.2
control-3240,control,0,0,0.0,-0.2
control-3241,control,0,0,0.0,-0.2
control-3242,control,0,0,0.0,-0.2
control-3243,control,0,0,0.0,-0.2
control-3244,control,0,0,0.0,-0.2
control-3245,control,0,0,0.0,-0.2
control-3246,control,0,0,0.0,-0.2
control-3247,control,0,0,0.0,-0.2
control-3248,control,0,0,0.0,-0.2
control-3249,control,0,0,0.0,-0.2
control-3250,control,1,0,20.0,5.8
control-3251,control,0,0,0.0,-0.2
control-3252,control,0,0,0.0,-0.2
control-3253,control,0,0,0.0,-0.2
control-3254,control,0,0,0.0,-0.2
control-3255,control,0,0,0.0,-0.2
control-3256,control,0,0,0.0,-0.2
control-3257,control,0,0,0.0,-0.2
control-3258,control,0,0,0.0,-0.2
control-3259,control,0,0,0.0,-0.2
control-3260,control,0,0,0.0,-0.2
control-3261,control,0,0,0.0,-0.2
control-3262,control,0,0,0.0,-0.2
control-3263,control,0,0,0.0,-0.2
control-3264,control,0,0,0.0,-0.2
control-3265,control,0,0,0.0,-0.2
control-3266,control,0,0,0.0,-0.2
control-3267,control,0,0,0.0,-0.2
control-3268,control,1,0,20.0,5.8
control-3269,control,0,0,0.0,-0.2
control-3270,control,1,0,60.0,17.8
control-3271,control,0,0,0.0,-0.2
control-3272,control,0,0,0.0,-0.2
control-3273,control,0,0,0.0,-0.2
control-3274,control,0,0,0.0,-0.2
control-3275,control,0,0,0.0,-0.2
control-3276,control,0,0,0.0,-0.2
control-3277,control,0,0,0.0,-0.2
control-3278,control,0,0,0.0,-0.2
control-3279,control,0,0,0.0,-0.2
control-3280,control,0,0,0.0,-0.2
control-3281,control,0,0,0.0,-0.2
control-3282,control,0,0,0.0,-0.2
control-3283,control,0,0,0.0,-0.2
control-3284,control,0,0,0.0,-0.2
control-3285,control,0,0,0.0,-0.2
control-3286,control,0,0,0.0,-0.2
control-3287,control,0,0,0.0,-0.2
control-3288,control,0,0,0.0,-0.2
control-3289,control,0,0,0.0,-0.2
control-3290,control,0,0,0.0,-0.2
control-3291,control,0,0,0.0,-0.2
control-3292,control,0,0,0.0,-0.2
control-3293,control,0,0,0.0,-0.2
control-3294,control,0,0,0.0,-0.2
control-3295,control,1,0,40.0,11.8
control-3296,control,0,0,0.0,-0.2
control-3297,control,0,0,0.0,-0.2
control-3298,control,0,0,0.0,-0.2
control-3299,control,0,0,0.0,-0.2
control-3300,control,0,0,0.0,-0.2
control-3301,control,0,0,0.0,-0.2
control-3302,control,0,0,0.0,-0.2
control-3303,control,1,0,40.0,11.8
control-3304,control,0,0,0.0,-0.2
control-3305,control,0,0,0.0,-0.2
control-3306,control,0,0,0.0,-0.2
control-3307,control,0,0,0.0,-0.2
control-3308,control,0,0,0.0,-0.2
control-3309,control,0,0,0.0,-0.2
control-3310,control,0,0,0.0,-0.2
control-3311,control,0,0,0.0,-0.2
control-3312,control,0,0,0.0,-0.2
control-3313,control,0,0,0.0,-0.2
control-3314,control,0,0,0.0,-0.2
control-3315,control,0,0,0.0,-0.2
control-3316,control,0,0,0.0,-0.2
control-3317,control,0,0,0.0,-0.2
control-3318,control,0,0,0.0,-0.2
control-3319,control,0,0,0.0,-0.2
control-3320,control,0,0,0.0,-0.2
control-3321,control,0,0,0.0,-0.2
control-3322,control,0,0,0.0,-0.2
control-3323,control,0,0,0.0,-0.2
control-3324,control,0,0,0.0,-0.2
control-3325,control,0,0,0.0,-0.2
control-3326,control,0,0,0.0,-0.2
control-3327,control,0,0,0.0,-0.2
control-3328,control,0,0,0.0,-0.2
control-3329,control,0,0,0.0,-0.2
control-3330,control,0,0,0.0,-0.2
control-3331,control,0,0,0.0,-0.2
control-3332,control,0,0,0.0,-0.2
control-3333,control,0,0,0.0,-0.2
control-3334,control,0,0,0.0,-0.2
control-3335,control,0,0,0.0,-0.2
control-3336,control,0,0,0.0,-0.2
control-3337,control,0,0,0.0,-0.2
control-3338,control,0,0,0.0,-0.2
control-3339,control,0,0,0.0,-0.2
control-3340,control,0,0,0.0,-0.2
control-3341,control,0,0,0.0,-0.2
control-3342,control,0,0,0.0,-0.2
control-3343,control,0,0,0.0,-0.2
control-3344,control,0,0,0.0,-0.2
control-3345,control,0,0,0.0,-0.2
control-3346,control,0,0,0.0,-0.2
control-3347,control,0,0,0.0,-0.2
control-3348,control,0,0,0.0,-0.2
control-3349,control,0,0,0.0,-0.2
control-3350,control,0,0,0.0,-0.2
control-3351,control,0,0,0.0,-0.2
control-3352,control,0,0,0.0,-0.2
control-3353,control,0,0,0.0,-0.2
control-3354,control,0,0,0.0,-0.2
control-3355,control,0,0,0.0,-0.2
control-3356,control,0,0,0.0,-0.2
control-3357,control,0,0,0.0,-0.2
control-3358,control,0,0,0.0,-0.2
control-3359,control,0,0,0.0,-0.2
control-3360,control,0,0,0.0,-0.2
control-3361,control,0,0,0.0,-0.2
control-3362,control,0,0,0.0,-0.2
control-3363,control,0,0,0.0,-0.2
control-3364,control,0,0,0.0,-0.2
control-3365,control,0,0,0.0,-0.2
control-3366,control,0,0,0.0,-0.2
control-3367,control,0,0,0.0,-0.2
control-3368,control,0,0,0.0,-0.2
control-3369,control,0,0,0.0,-0.2
control-3370,control,0,0,0.0,-0.2
control-3371,control,0,0,0.0,-0.2
control-3372,control,0,0,0.0,-0.2
control-3373,control,0,0,0.0,-0.2
control-3374,control,0,0,0.0,-0.2
control-3375,control,0,0,0.0,-0.2
control-3376,control,0,0,0.0,-0.2
control-3377,control,0,0,0.0,-0.2
control-3378,control,0,0,0.0,-0.2
control-3379,control,1,0,40.0,11.8
control-3380,control,0,0,0.0,-0.2
control-3381,control,0,0,0.0,-0.2
control-3382,control,0,0,0.0,-0.2
control-3383,control,0,0,0.0,-0.2
control-3384,control,0,0,0.0,-0.2
control-3385,control,0,0,0.0,-0.2
control-3386,control,0,0,0.0,-0.2
control-3387,control,0,0,0.0,-0.2
control-3388,control,0,0,0.0,-0.2
control-3389,control,0,0,0.0,-0.2
control-3390,control,0,0,0.0,-0.2
control-3391,control,0,0,0.0,-0.2
control-3392,control,1,0,60.0,17.8
control-3393,control,0,0,0.0,-0.2
control-3394,control,0,0,0.0,-0.2
control-3395,control,0,0,0.0,-0.2
control-3396,control,0,0,0.0,-0.2
control-3397,control,0,0,0.0,-0.2
control-3398,control,0,0,0.0,-0.2
control-3399,control,0,0,0.0,-0.2
control-3400,control,0,0,0.0,-0.2
control-3401,control,0,0,0.0,-0.2
control-3402,control,0,0,0.0,-0.2
control-3403,control,0,0,0.0,-0.2
control-3404,control,0,0,0.0,-0.2
control-3405,control,0,0,0.0,-0.2
control-3406,control,0,0,0.0,-0.2
control-3407,control,0,0,0.0,-0.2
control-3408,control,0,0,0.0,-0.2
control-3409,control,0,0,0.0,-0.2
control-3410,control,0,0,0.0,-0.2
control-3411,control,0,0,0.0,-0.2
control-3412,control,0,0,0.0,-0.2
control-3413,control,0,0,0.0,-0.2
control-3414,control,0,0,0.0,-0.2
control-3415,control,0,0,0.0,-0.2
control-3416,control,0,0,0.0,-0.2
control-3417,control,0,0,0.0,-0.2
control-3418,control,0,0,0.0,-0.2
control-3419,control,0,0,0.0,-0.2
control-3420,control,0,0,0.0,-0.2
control-3421,control,0,0,0.0,-0.2
control-3422,control,0,0,0.0,-0.2
control-3423,control,0,0,0.0,-0.2
control-3424,control,0,0,0.0,-0.2
control-3425,control,0,0,0.0,-0.2
control-3426,control,0,0,0.0,-0.2
control-3427,control,0,0,0.0,-0.2
control-3428,control,0,0,0.0,-0.2
control-3429,control,0,0,0.0,-0.2
control-3430,control,0,0,0.0,-0.2
control-3431,control,0,0,0.0,-0.2
control-3432,control,1,0,60.0,17.8
control-3433,control,0,0,0.0,-0.2
control-3434,control,0,0,0.0,-0.2
control-3435,control,0,0,0.0,-0.2
control-3436,control,0,0,0.0,-0.2
control-3437,control,0,0,0.0,-0.2
control-3438,control,0,0,0.0,-0.2
control-3439,control,0,0,0.0,-0.2
control-3440,control,0,0,0.0,-0.2
control-3441,control,0,0,0.0,-0.2
control-3442,control,0,0,0.0,-0.2
control-3443,control,0,0,0.0,-0.2
control-3444,control,0,0,0.0,-0.2
control-3445,control,0,0,0.0,-0.2
control-3446,control,0,0,0.0,-0.2
control-3447,control,0,0,0.0,-0.2
control-3448,control,0,0,0.0,-0.2
control-3449,control,0,0,0.0,-0.2
control-3450,control,0,0,0.0,-0.2
control-3451,control,0,0,0.0,-0.2
control-3452,control,0,0,0.0,-0.2
control-3453,control,0,0,0.0,-0.2
control-3454,control,1,0,60.0,17.8
control-3455,control,0,0,0.0,-0.2
control-3456,control,0,0,0.0,-0.2
control-3457,control,0,0,0.0,-0.2
control-3458,control,0,0,0.0,-0.2
control-3459,control,0,0,0.0,-0.2
control-3460,control,0,0,0.0,-0.2
control-3461,control,0,0,0.0,-0.2
control-3462,control,0,0,0.0,-0.2
control-3463,control,0,0,0.0,-0.2
control-3464,control,0,0,0.0,-0.2
control-3465,control,0,0,0.0,-0.2
control-3466,control,0,0,0.0,-0.2
control-3467,control,0,0,0.0,-0.2
control-3468,control,0,0,0.0,-0.2
control-3469,control,1,0,60.0,17.8
control-3470,control,0,0,0.0,-0.2
control-3471,control,0,0,0.0,-0.2
control-3472,control,0,0,0.0,-0.2
control-3473,control,0,0,0.0,-0.2
control-3474,control,0,0,0.0,-0.2
control-3475,control,0,0,0.0,-0.2
control-3476,control,0,0,0.0,-0.2
control-3477,control,0,0,0.0,-0.2
control-3478,control,0,0,0.0,-0.2
control-3479,control,0,0,0.0,-0.2
control-3480,control,0,0,0.0,-0.2
control-3481,control,0,0,0.0,-0.2
control-3482,control,0,0,0.0,-0.2
control-3483,control,0,0,0.0,-0.2
control-3484,control,0,0,0.0,-0.2
control-3485,control,0,0,0.0,-0.2
control-3486,control,0,0,0.0,-0.2
control-3487,control,0,0,0.0,-0.2
control-3488,control,0,0,0.0,-0.2
control-3489,control,0,0,0.0,-0.2
control-3490,control,0,0,0.0,-0.2
control-3491,control,0,0,0.0,-0.2
control-3492,control,0,0,0.0,-0.2
control-3493,control,0,0,0.0,-0.2
control-3494,control,0,0,0.0,-0.2
control-3495,control,0,0,0.0,-0.2
control-3496,control,0,0,0.0,-0.2
control-3497,control,0,0,0.0,-0.2
control-3498,control,0,0,0.0,-0.2
control-3499,control,0,0,0.0,-0.2
control-3500,control,0,0,0.0,-0.2
control-3501,control,0,0,0.0,-0.2
control-3502,control,0,0,0.0,-0.2
control-3503,control,0,0,0.0,-0.2
control-3504,control,0,0,0.0,-0.2
control-3505,control,0,0,0.0,-0.2
control-3506,control,0,0,0.0,-0.2
control-3507,control,0,0,0.0,-0.2
control-3508,control,0,0,0.0,-0.2
control-3509,control,0,0,0.0,-0.2
control-3510,control,1,0,60.0,17.8
control-3511,control,0,0,0.0,-0.2
control-3512,control,1,1,0.0,-6.2
control-3513,control,1,0,60.0,17.8
control-3514,control,0,0,0.0,-0.2
control-3515,control,0,0,0.0,-0.2
control-3516,control,0,0,0.0,-0.2
control-3517,control,0,0,0.0,-0.2
control-3518,control,0,0,0.0,-0.2
control-3519,control,0,0,0.0,-0.2
control-3520,control,0,0,0.0,-0.2
control-3521,control,0,0,0.0,-0.2
control-3522,control,0,0,0.0,-0.2
control-3523,control,0,0,0.0,-0.2
control-3524,control,0,0,0.0,-0.2
control-3525,control,0,0,0.0,-0.2
control-3526,control,0,0,0.0,-0.2
control-3527,control,0,0,0.0,-0.2
control-3528,control,0,0,0.0,-0.2
control-3529,control,0,0,0.0,-0.2
control-3530,control,0,0,0.0,-0.2
control-3531,control,0,0,0.0,-0.2
control-3532,control,0,0,0.0,-0.2
control-3533,control,0,0,0.0,-0.2
control-3534,control,0,0,0.0,-0.2
control-3535,control,0,0,0.0,-0.2
control-3536,control,0,0,0.0,-0.2
control-3537,control,0,0,0.0,-0.2
control-3538,control,0,0,0.0,-0.2
control-3539,control,0,0,0.0,-0.2
control-3540,control,0,0,0.0,-0.2
control-3541,control,0,0,0.0,-0.2
control-3542,control,0,0,0.0,-0.2
control-3543,control,0,0,0.0,-0.2
control-3544,control,0,0,0.0,-0.2
control-3545,control,0,0,0.0,-0.2
control-3546,control,0,0,0.0,-0.2
control-3547,control,1,0,40.0,11.8
control-3548,control,0,0,0.0,-0.2
control-3549,control,0,0,0.0,-0.2
control-3550,control,0,0,0.0,-0.2
control-3551,control,0,0,0.0,-0.2
control-3552,control,0,0,0.0,-0.2
control-3553,control,0,0,0.0,-0.2
control-3554,control,0,0,0.0,-0.2
control-3555,control,0,0,0.0,-0.2
control-3556,control,0,0,0.0,-0.2
control-3557,control,0,0,0.0,-0.2
control-3558,control,0,0,0.0,-0.2
control-3559,control,0,0,0.0,-0.2
control-3560,control,0,0,0.0,-0.2
control-3561,control,0,0,0.0,-0.2
control-3562,control,0,0,0.0,-0.2
control-3563,control,0,0,0.0,-0.2
control-3564,control,1,0,60.0,17.8
control-3565,control,0,0,0.0,-0.2
control-3566,control,0,0,0.0,-0.2
control-3567,control,0,0,0.0,-0.2
control-3568,control,0,0,0.0,-0.2
control-3569,control,0,0,0.0,-0.2
control-3570,control,0,0,0.0,-0.2
control-3571,control,0,0,0.0,-0.2
control-3572,control,0,0,0.0,-0.2
control-3573,control,0,0,0.0,-0.2
control-3574,control,0,0,0.0,-0.2
control-3575,control,0,0,0.0,-0.2
control-3576,control,0,0,0.0,-0.2
control-3577,control,0,0,0.0,-0.2
control-3578,control,0,0,0.0,-0.2
control-3579,control,0,0,0.0,-0.2
control-3580,control,0,0,0.0,-0.2
control-3581,control,0,0,0.0,-0.2
control-3582,control,0,0,0.0,-0.2
control-3583,control,0,0,0.0,-0.2
control-3584,control,0,0,0.0,-0.2
control-3585,control,0,0,0.0,-0.2
control-3586,control,0,0,0.0,-0.2
control-3587,control,0,0,0.0,-0.2
control-3588,control,0,0,0.0,-0.2
control-3589,control,0,0,0.0,-0.2
control-3590,control,0,0,0.0,-0.2
control-3591,control,0,0,0.0,-0.2
control-3592,control,0,0,0.0,-0.2
control-3593,control,0,0,0.0,-0.2
control-3594,control,0,0,0.0,-0.2
control-3595,control,1,0,40.0,11.8
control-3596,control,0,0,0.0,-0.2
control-3597,control,0,0,0.0,-0.2
control-3598,control,1,0,40.0,11.8
control-3599,control,0,0,0.0,-0.2
control-3600,control,0,0,0.0,-0.2
control-3601,control,0,0,0.0,-0.2
control-3602,control,0,0,0.0,-0.2
control-3603,control,0,0,0.0,-0.2
control-3604,control,0,0,0.0,-0.2
control-3605,control,0,0,0.0,-0.2
control-3606,control,0,0,0.0,-0.2
control-3607,control,0,0,0.0,-0.2
control-3608,control,0,0,0.0,-0.2
control-3609,control,0,0,0.0,-0.2
control-3610,control,0,0,0.0,-0.2
control-3611,control,0,0,0.0,-0.2
control-3612,control,0,0,0.0,-0.2
control-3613,control,0,0,0.0,-0.2
control-3614,control,0,0,0.0,-0.2
control-3615,control,0,0,0.0,-0.2
control-3616,control,0,0,0.0,-0.2
control-3617,control,0,0,0.0,-0.2
control-3618,control,0,0,0.0,-0.2
control-3619,control,1,0,60.0,17.8
control-3620,control,0,0,0.0,-0.2
control-3621,control,0,0,0.0,-0.2
control-3622,control,0,0,0.0,-0.2
control-3623,control,0,0,0.0,-0.2
control-3624,control,0,0,0.0,-0.2
control-3625,control,0,0,0.0,-0.2
control-3626,control,0,0,0.0,-0.2
control-3627,control,0,0,0.0,-0.2
control-3628,control,0,0,0.0,-0.2
control-3629,control,0,0,0.0,-0.2
control-3630,control,0,0,0.0,-0.2
control-3631,control,1,0,60.0,17.8
control-3632,control,0,0,0.0,-0.2
control-3633,control,0,0,0.0,-0.2
control-3634,control,0,0,0.0,-0.2
control-3635,control,0,0,0.0,-0.2
control-3636,control,0,0,0.0,-0.2
control-3637,control,0,0,0.0,-0.2
control-3638,control,0,0,0.0,-0.2
control-3639,control,0,0,0.0,-0.2
control-3640,control,0,0,0.0,-0.2
control-3641,control,0,0,0.0,-0.2
control-3642,control,0,0,0.0,-0.2
control-3643,control,0,0,0.0,-0.2
control-3644,control,0,0,0.0,-0.2
control-3645,control,0,0,0.0,-0.2
control-3646,control,0,0,0.0,-0.2
control-3647,control,0,0,0.0,-0.2
control-3648,control,0,0,0.0,-0.2
control-3649,control,0,0,0.0,-0.2
control-3650,control,0,0,0.0,-0.2
control-3651,control,0,0,0.0,-0.2
control-3652,control,0,0,0.0,-0.2
control-3653,control,0,0,0.0,-0.2
control-3654,control,0,0,0.0,-0.2
control-3655,control,0,0,0.0,-0.2
control-3656,control,0,0,0.0,-0.2
control-3657,control,0,0,0.0,-0.2
control-3658,control,0,0,0.0,-0.2
control-3659,control,0,0,0.0,-0.2
control-3660,control,0,0,0.0,-0.2
control-3661,control,0,0,0.0,-0.2
control-3662,control,0,0,0.0,-0.2
control-3663,control,0,0,0.0,-0.2
control-3664,control,0,0,0.0,-0.2
control-3665,control,0,0,0.0,-0.2
control-3666,control,0,0,0.0,-0.2
control-3667,control,0,0,0.0,-0.2
control-3668,control,0,0,0.0,-0.2
control-3669,control,0,0,0.0,-0.2
control-3670,control,0,0,0.0,-0.2
control-3671,control,0,0,0.0,-0.2
control-3672,control,0,0,0.0,-0.2
control-3673,control,0,0,0.0,-0.2
control-3674,control,0,0,0.0,-0.2
control-3675,control,0,0,0.0,-0.2
control-3676,control,0,0,0.0,-0.2
control-3677,control,0,0,0.0,-0.2
control-3678,control,0,0,0.0,-0.2
control-3679,control,0,0,0.0,-0.2
control-3680,control,0,0,0.0,-0.2
control-3681,control,0,0,0.0,-0.2
control-3682,control,0,0,0.0,-0.2
control-3683,control,0,0,0.0,-0.2
control-3684,control,0,0,0.0,-0.2
control-3685,control,0,0,0.0,-0.2
control-3686,control,0,0,0.0,-0.2
control-3687,control,1,0,40.0,11.8
control-3688,control,0,0,0.0,-0.2
control-3689,control,0,0,0.0,-0.2
control-3690,control,0,0,0.0,-0.2
control-3691,control,0,0,0.0,-0.2
control-3692,control,0,0,0.0,-0.2
control-3693,control,0,0,0.0,-0.2
control-3694,control,0,0,0.0,-0.2
control-3695,control,0,0,0.0,-0.2
control-3696,control,0,0,0.0,-0.2
control-3697,control,0,0,0.0,-0.2
control-3698,control,0,0,0.0,-0.2
control-3699,control,0,0,0.0,-0.2
control-3700,control,0,0,0.0,-0.2
control-3701,control,0,0,0.0,-0.2
control-3702,control,0,0,0.0,-0.2
control-3703,control,0,0,0.0,-0.2
control-3704,control,0,0,0.0,-0.2
control-3705,control,0,0,0.0,-0.2
control-3706,control,0,0,0.0,-0.2
control-3707,control,0,0,0.0,-0.2
control-3708,control,0,0,0.0,-0.2
control-3709,control,0,0,0.0,-0.2
control-3710,control,0,0,0.0,-0.2
control-3711,control,0,0,0.0,-0.2
control-3712,control,1,0,60.0,17.8
control-3713,control,0,0,0.0,-0.2
control-3714,control,0,0,0.0,-0.2
control-3715,control,0,0,0.0,-0.2
control-3716,control,0,0,0.0,-0.2
control-3717,control,0,0,0.0,-0.2
control-3718,control,0,0,0.0,-0.2
control-3719,control,0,0,0.0,-0.2
control-3720,control,0,0,0.0,-0.2
control-3721,control,0,0,0.0,-0.2
control-3722,control,0,0,0.0,-0.2
control-3723,control,0,0,0.0,-0.2
control-3724,control,0,0,0.0,-0.2
control-3725,control,0,0,0.0,-0.2
control-3726,control,1,0,60.0,17.8
control-3727,control,0,0,0.0,-0.2
control-3728,control,0,0,0.0,-0.2
control-3729,control,0,0,0.0,-0.2
control-3730,control,0,0,0.0,-0.2
control-3731,control,0,0,0.0,-0.2
control-3732,control,0,0,0.0,-0.2
control-3733,control,0,0,0.0,-0.2
control-3734,control,0,0,0.0,-0.2
control-3735,control,1,0,60.0,17.8
control-3736,control,0,0,0.0,-0.2
control-3737,control,0,0,0.0,-0.2
control-3738,control,0,0,0.0,-0.2
control-3739,control,0,0,0.0,-0.2
control-3740,control,0,0,0.0,-0.2
control-3741,control,0,0,0.0,-0.2
control-3742,control,0,0,0.0,-0.2
control-3743,control,0,0,0.0,-0.2
control-3744,control,0,0,0.0,-0.2
control-3745,control,0,0,0.0,-0.2
control-3746,control,0,0,0.0,-0.2
control-3747,control,0,0,0.0,-0.2
control-3748,control,0,0,0.0,-0.2
control-3749,control,0,0,0.0,-0.2
control-3750,control,0,0,0.0,-0.2
control-3751,control,0,0,0.0,-0.2
control-3752,control,0,0,0.0,-0.2
control-3753,control,0,0,0.0,-0.2
control-3754,control,0,0,0.0,-0.2
control-3755,control,0,0,0.0,-0.2
control-3756,control,0,0,0.0,-0.2
control-3757,control,0,0,0.0,-0.2
control-3758,control,0,0,0.0,-0.2
control-3759,control,0,0,0.0,-0.2
control-3760,control,1,0,40.0,11.8
control-3761,control,0,0,0.0,-0.2
control-3762,control,0,0,0.0,-0.2
control-3763,control,0,0,0.0,-0.2
control-3764,control,0,0,0.0,-0.2
control-3765,control,0,0,0.0,-0.2
control-3766,control,0,0,0.0,-0.2
control-3767,control,0,0,0.0,-0.2
control-3768,control,0,0,0.0,-0.2
control-3769,control,0,0,0.0,-0.2
control-3770,control,0,0,0.0,-0.2
control-3771,control,1,0,40.0,11.8
control-3772,control,0,0,0.0,-0.2
control-3773,control,0,0,0.0,-0.2
control-3774,control,0,0,0.0,-0.2
control-3775,control,0,0,0.0,-0.2
control-3776,control,0,0,0.0,-0.2
control-3777,control,0,0,0.0,-0.2
control-3778,control,0,0,0.0,-0.2
control-3779,control,1,0,20.0,5.8
control-3780,control,0,0,0.0,-0.2
control-3781,control,0,0,0.0,-0.2
control-3782,control,0,0,0.0,-0.2
control-3783,control,0,0,0.0,-0.2
control-3784,control,0,0,0.0,-0.2
control-3785,control,0,0,0.0,-0.2
control-3786,control,1,0,40.0,11.8
control-3787,control,0,0,0.0,-0.2
control-3788,control,0,0,0.0,-0.2
control-3789,control,0,0,0.0,-0.2
control-3790,control,0,0,0.0,-0.2
control-3791,control,0,0,0.0,-0.2
control-3792,control,0,0,0.0,-0.2
control-3793,control,0,0,0.0,-0.2
control-3794,control,0,0,0.0,-0.2
control-3795,control,0,0,0.0,-0.2
control-3796,control,0,0,0.0,-0.2
control-3797,control,0,0,0.0,-0.2
control-3798,control,0,0,0.0,-0.2
control-3799,control,0,0,0.0,-0.2
control-3800,control,0,0,0.0,-0.2
control-3801,control,0,0,0.0,-0.2
control-3802,control,0,0,0.0,-0.2
control-3803,control,0,0,0.0,-0.2
control-3804,control,0,0,0.0,-0.2
control-3805,control,0,0,0.0,-0.2
control-3806,control,0,0,0.0,-0.2
control-3807,control,0,0,0.0,-0.2
control-3808,control,0,0,0.0,-0.2
control-3809,control,0,0,0.0,-0.2
control-3810,control,0,0,0.0,-0.2
control-3811,control,0,0,0.0,-0.2
control-3812,control,0,0,0.0,-0.2
control-3813,control,0,0,0.0,-0.2
control-3814,control,0,0,0.0,-0.2
control-3815,control,0,0,0.0,-0.2
control-3816,control,0,0,0.0,-0.2
control-3817,control,0,0,0.0,-0.2
control-3818,control,0,0,0.0,-0.2
control-3819,control,0,0,0.0,-0.2
control-3820,control,0,0,0.0,-0.2
control-3821,control,0,0,0.0,-0.2
control-3822,control,0,0,0.0,-0.2
control-3823,control,0,0,0.0,-0.2
control-3824,control,0,0,0.0,-0.2
control-3825,control,0,0,0.0,-0.2
control-3826,control,0,0,0.0,-0.2
control-3827,control,0,0,0.0,-0.2
control-3828,control,0,0,0.0,-0.2
control-3829,control,0,0,0.0,-0.2
control-3830,control,0,0,0.0,-0.2
control-3831,control,0,0,0.0,-0.2
control-3832,control,0,0,0.0,-0.2
control-3833,control,0,0,0.0,-0.2
control-3834,control,0,0,0.0,-0.2
control-3835,control,0,0,0.0,-0.2
control-3836,control,0,0,0.0,-0.2
control-3837,control,0,0,0.0,-0.2
control-3838,control,0,0,0.0,-0.2
control-3839,control,0,0,0.0,-0.2
control-3840,control,0,0,0.0,-0.2
control-3841,control,0,0,0.0,-0.2
control-3842,control,0,0,0.0,-0.2
control-3843,control,0,0,0.0,-0.2
control-3844,control,1,0,60.0,17.8
control-3845,control,0,0,0.0,-0.2
control-3846,control,0,0,0.0,-0.2
control-3847,control,0,0,0.0,-0.2
control-3848,control,0,0,0.0,-0.2
control-3849,control,0,0,0.0,-0.2
control-3850,control,0,0,0.0,-0.2
control-3851,control,0,0,0.0,-0.2
control-3852,control,0,0,0.0,-0.2
control-3853,control,0,0,0.0,-0.2
control-3854,control,0,0,0.0,-0.2
control-3855,control,0,0,0.0,-0.2
control-3856,control,0,0,0.0,-0.2
control-3857,control,0,0,0.0,-0.2
control-3858,control,0,0,0.0,-0.2
control-3859,control,0,0,0.0,-0.2
control-3860,control,0,0,0.0,-0.2
control-3861,control,0,0,0.0,-0.2
control-3862,control,0,0,0.0,-0.2
control-3863,control,0,0,0.0,-0.2
control-3864,control,0,0,0.0,-0.2
control-3865,control,0,0,0.0,-0.2
control-3866,control,0,0,0.0,-0.2
control-3867,control,0,0,0.0,-0.2
control-3868,control,0,0,0.0,-0.2
control-3869,control,0,0,0.0,-0.2
control-3870,control,0,0,0.0,-0.2
control-3871,control,0,0,0.0,-0.2
control-3872,control,0,0,0.0,-0.2
control-3873,control,0,0,0.0,-0.2
control-3874,control,1,0,60.0,17.8
control-3875,control,0,0,0.0,-0.2
control-3876,control,0,0,0.0,-0.2
control-3877,control,1,0,40.0,11.8
control-3878,control,0,0,0.0,-0.2
control-3879,control,0,0,0.0,-0.2
control-3880,control,0,0,0.0,-0.2
control-3881,control,0,0,0.0,-0.2
control-3882,control,0,0,0.0,-0.2
control-3883,control,0,0,0.0,-0.2
control-3884,control,1,0,40.0,11.8
control-3885,control,0,0,0.0,-0.2
control-3886,control,1,0,40.0,11.8
control-3887,control,0,0,0.0,-0.2
control-3888,control,0,0,0.0,-0.2
control-3889,control,0,0,0.0,-0.2
control-3890,control,0,0,0.0,-0.2
control-3891,control,0,0,0.0,-0.2
control-3892,control,0,0,0.0,-0.2
control-3893,control,0,0,0.0,-0.2
control-3894,control,0,0,0.0,-0.2
control-3895,control,0,0,0.0,-0.2
control-3896,control,0,0,0.0,-0.2
control-3897,control,0,0,0.0,-0.2
control-3898,control,0,0,0.0,-0.2
control-3899,control,0,0,0.0,-0.2
control-3900,control,0,0,0.0,-0.2
control-3901,control,0,0,0.0,-0.2
control-3902,control,0,0,0.0,-0.2
control-3903,control,0,0,0.0,-0.2
control-3904,control,0,0,0.0,-0.2
control-3905,control,0,0,0.0,-0.2
control-3906,control,0,0,0.0,-0.2
control-3907,control,0,0,0.0,-0.2
control-3908,control,0,0,0.0,-0.2
control-3909,control,0,0,0.0,-0.2
control-3910,control,0,0,0.0,-0.2
control-3911,control,0,0,0.0,-0.2
control-3912,control,0,0,0.0,-0.2
control-3913,control,0,0,0.0,-0.2
control-3914,control,0,0,0.0,-0.2
control-3915,control,0,0,0.0,-0.2
control-3916,control,0,0,0.0,-0.2
control-3917,control,0,0,0.0,-0.2
control-3918,control,0,0,0.0,-0.2
control-3919,control,0,0,0.0,-0.2
control-3920,control,0,0,0.0,-0.2
control-3921,control,0,0,0.0,-0.2
control-3922,control,0,0,0.0,-0.2
control-3923,control,0,0,0.0,-0.2
control-3924,control,0,0,0.0,-0.2
control-3925,control,0,0,0.0,-0.2
control-3926,control,0,0,0.0,-0.2
control-3927,control,0,0,0.0,-0.2
control-3928,control,0,0,0.0,-0.2
control-3929,control,0,0,0.0,-0.2
control-3930,control,0,0,0.0,-0.2
control-3931,control,0,0,0.0,-0.2
control-3932,control,0,0,0.0,-0.2
control-3933,control,0,0,0.0,-0.2
control-3934,control,0,0,0.0,-0.2
control-3935,control,0,0,0.0,-0.2
control-3936,control,0,0,0.0,-0.2
control-3937,control,0,0,0.0,-0.2
control-3938,control,0,0,0.0,-0.2
control-3939,control,0,0,0.0,-0.2
control-3940,control,0,0,0.0,-0.2
control-3941,control,0,0,0.0,-0.2
control-3942,control,0,0,0.0,-0.2
control-3943,control,0,0,0.0,-0.2
control-3944,control,0,0,0.0,-0.2
control-3945,control,0,0,0.0,-0.2
control-3946,control,0,0,0.0,-0.2
control-3947,control,0,0,0.0,-0.2
control-3948,control,0,0,0.0,-0.2
control-3949,control,0,0,0.0,-0.2
control-3950,control,0,0,0.0,-0.2
control-3951,control,1,0,20.0,5.8
control-3952,control,0,0,0.0,-0.2
control-3953,control,0,0,0.0,-0.2
control-3954,control,0,0,0.0,-0.2
control-3955,control,0,0,0.0,-0.2
control-3956,control,1,0,60.0,17.8
control-3957,control,0,0,0.0,-0.2
control-3958,control,0,0,0.0,-0.2
control-3959,control,0,0,0.0,-0.2
control-3960,control,0,0,0.0,-0.2
control-3961,control,0,0,0.0,-0.2
control-3962,control,0,0,0.0,-0.2
control-3963,control,0,0,0.0,-0.2
control-3964,control,0,0,0.0,-0.2
control-3965,control,0,0,0.0,-0.2
control-3966,control,0,0,0.0,-0.2
control-3967,control,0,0,0.0,-0.2
control-3968,control,0,0,0.0,-0.2
control-3969,control,0,0,0.0,-0.2
control-3970,control,1,0,40.0,11.8
control-3971,control,0,0,0.0,-0.2
control-3972,control,0,0,0.0,-0.2
control-3973,control,0,0,0.0,-0.2
control-3974,control,0,0,0.0,-0.2
control-3975,control,0,0,0.0,-0.2
control-3976,control,0,0,0.0,-0.2
control-3977,control,0,0,0.0,-0.2
control-3978,control,0,0,0.0,-0.2
control-3979,control,0,0,0.0,-0.2
control-3980,control,0,0,0.0,-0.2
control-3981,control,0,0,0.0,-0.2
control-3982,control,0,0,0.0,-0.2
control-3983,control,0,0,0.0,-0.2
control-3984,control,0,0,0.0,-0.2
control-3985,control,0,0,0.0,-0.2
control-3986,control,0,0,0.0,-0.2
control-3987,control,0,0,0.0,-0.2
control-3988,control,1,0,20.0,5.8
control-3989,control,1,0,20.0,5.8
control-3990,control,1,0,40.0,11.8
control-3991,control,0,0,0.0,-0.2
control-3992,control,0,0,0.0,-0.2
control-3993,control,0,0,0.0,-0.2
control-3994,control,0,0,0.0,-0.2
control-3995,control,0,0,0.0,-0.2
control-3996,control,0,0,0.0,-0.2
control-3997,control,0,0,0.0,-0.2
control-3998,control,0,0,0.0,-0.2
control-3999,control,0,0,0.0,-0.2
control-4000,control,0,0,0.0,-0.2
control-4001,control,0,0,0.0,-0.2
control-4002,control,0,0,0.0,-0.2
control-4003,control,0,0,0.0,-0.2
control-4004,control,0,0,0.0,-0.2
control-4005,control,0,0,0.0,-0.2
control-4006,control,0,0,0.0,-0.2
control-4007,control,0,0,0.0,-0.2
control-4008,control,0,0,0.0,-0.2
control-4009,control,0,0,0.0,-0.2
control-4010,control,0,0,0.0,-0.2
control-4011,control,0,0,0.0,-0.2
control-4012,control,0,0,0.0,-0.2
control-4013,control,0,0,0.0,-0.2
control-4014,control,0,0,0.0,-0.2
control-4015,control,0,0,0.0,-0.2
control-4016,control,0,0,0.0,-0.2
control-4017,control,0,0,0.0,-0.2
control-4018,control,0,0,0.0,-0.2
control-4019,control,0,0,0.0,-0.2
control-4020,control,0,0,0.0,-0.2
control-4021,control,0,0,0.0,-0.2
control-4022,control,0,0,0.0,-0.2
control-4023,control,0,0,0.0,-0.2
control-4024,control,0,0,0.0,-0.2
control-4025,control,0,0,0.0,-0.2
control-4026,control,0,0,0.0,-0.2
control-4027,control,0,0,0.0,-0.2
control-4028,control,0,0,0.0,-0.2
control-4029,control,0,0,0.0,-0.2
control-4030,control,0,0,0.0,-0.2
control-4031,control,0,0,0.0,-0.2
control-4032,control,0,0,0.0,-0.2
control-4033,control,0,0,0.0,-0.2
control-4034,control,0,0,0.0,-0.2
control-4035,control,0,0,0.0,-0.2
control-4036,control,0,0,0.0,-0.2
control-4037,control,0,0,0.0,-0.2
control-4038,control,0,0,0.0,-0.2
control-4039,control,0,0,0.0,-0.2
control-4040,control,0,0,0.0,-0.2
control-4041,control,0,0,0.0,-0.2
control-4042,control,0,0,0.0,-0.2
control-4043,control,0,0,0.0,-0.2
control-4044,control,0,0,0.0,-0.2
control-4045,control,0,0,0.0,-0.2
control-4046,control,0,0,0.0,-0.2
control-4047,control,0,0,0.0,-0.2
control-4048,control,0,0,0.0,-0.2
control-4049,control,0,0,0.0,-0.2
control-4050,control,0,0,0.0,-0.2
control-4051,control,0,0,0.0,-0.2
control-4052,control,0,0,0.0,-0.2
control-4053,control,0,0,0.0,-0.2
control-4054,control,0,0,0.0,-0.2
control-4055,control,0,0,0.0,-0.2
control-4056,control,0,0,0.0,-0.2
control-4057,control,1,0,40.0,11.8
control-4058,control,0,0,0.0,-0.2
control-4059,control,0,0,0.0,-0.2
control-4060,control,1,0,40.0,11.8
control-4061,control,0,0,0.0,-0.2
control-4062,control,0,0,0.0,-0.2
control-4063,control,0,0,0.0,-0.2
control-4064,control,0,0,0.0,-0.2
control-4065,control,0,0,0.0,-0.2
control-4066,control,0,0,0.0,-0.2
control-4067,control,0,0,0.0,-0.2
control-4068,control,0,0,0.0,-0.2
control-4069,control,0,0,0.0,-0.2
control-4070,control,0,0,0.0,-0.2
control-4071,control,0,0,0.0,-0.2
control-4072,control,0,0,0.0,-0.2
control-4073,control,0,0,0.0,-0.2
control-4074,control,0,0,0.0,-0.2
control-4075,control,0,0,0.0,-0.2
control-4076,control,0,0,0.0,-0.2
control-4077,control,0,0,0.0,-0.2
control-4078,control,0,0,0.0,-0.2
control-4079,control,0,0,0.0,-0.2
control-4080,control,0,0,0.0,-0.2
control-4081,control,0,0,0.0,-0.2
control-4082,control,0,0,0.0,-0.2
control-4083,control,0,0,0.0,-0.2
control-4084,control,0,0,0.0,-0.2
control-4085,control,0,0,0.0,-0.2
control-4086,control,0,0,0.0,-0.2
control-4087,control,0,0,0.0,-0.2
control-4088,control,0,0,0.0,-0.2
control-4089,control,0,0,0.0,-0.2
control-4090,control,0,0,0.0,-0.2
control-4091,control,0,0,0.0,-0.2
control-4092,control,0,0,0.0,-0.2
control-4093,control,0,0,0.0,-0.2
control-4094,control,0,0,0.0,-0.2
control-4095,control,0,0,0.0,-0.2
control-4096,control,0,0,0.0,-0.2
control-4097,control,0,0,0.0,-0.2
control-4098,control,0,0,0.0,-0.2
control-4099,control,0,0,0.0,-0.2
control-4100,control,0,0,0.0,-0.2
control-4101,control,0,0,0.0,-0.2
control-4102,control,0,0,0.0,-0.2
control-4103,control,0,0,0.0,-0.2
control-4104,control,0,0,0.0,-0.2
control-4105,control,0,0,0.0,-0.2
control-4106,control,0,0,0.0,-0.2
control-4107,control,0,0,0.0,-0.2
control-4108,control,0,0,0.0,-0.2
control-4109,control,0,0,0.0,-0.2
control-4110,control,0,0,0.0,-0.2
control-4111,control,0,0,0.0,-0.2
control-4112,control,0,0,0.0,-0.2
control-4113,control,0,0,0.0,-0.2
control-4114,control,0,0,0.0,-0.2
control-4115,control,0,0,0.0,-0.2
control-4116,control,0,0,0.0,-0.2
control-4117,control,0,0,0.0,-0.2
control-4118,control,0,0,0.0,-0.2
control-4119,control,0,0,0.0,-0.2
control-4120,control,1,0,20.0,5.8
control-4121,control,0,0,0.0,-0.2
control-4122,control,0,0,0.0,-0.2
control-4123,control,0,0,0.0,-0.2
control-4124,control,1,0,20.0,5.8
control-4125,control,0,0,0.0,-0.2
control-4126,control,0,0,0.0,-0.2
control-4127,control,0,0,0.0,-0.2
control-4128,control,0,0,0.0,-0.2
control-4129,control,0,0,0.0,-0.2
control-4130,control,0,0,0.0,-0.2
control-4131,control,0,0,0.0,-0.2
control-4132,control,0,0,0.0,-0.2
control-4133,control,0,0,0.0,-0.2
control-4134,control,0,0,0.0,-0.2
control-4135,control,0,0,0.0,-0.2
control-4136,control,0,0,0.0,-0.2
control-4137,control,0,0,0.0,-0.2
control-4138,control,0,0,0.0,-0.2
control-4139,control,0,0,0.0,-0.2
control-4140,control,0,0,0.0,-0.2
control-4141,control,0,0,0.0,-0.2
control-4142,control,0,0,0.0,-0.2
control-4143,control,0,0,0.0,-0.2
control-4144,control,0,0,0.0,-0.2
control-4145,control,0,0,0.0,-0.2
control-4146,control,0,0,0.0,-0.2
control-4147,control,0,0,0.0,-0.2
control-4148,control,0,0,0.0,-0.2
control-4149,control,0,0,0.0,-0.2
control-4150,control,0,0,0.0,-0.2
control-4151,control,0,0,0.0,-0.2
control-4152,control,0,0,0.0,-0.2
control-4153,control,0,0,0.0,-0.2
control-4154,control,0,0,0.0,-0.2
control-4155,control,0,0,0.0,-0.2
control-4156,control,0,0,0.0,-0.2
control-4157,control,0,0,0.0,-0.2
control-4158,control,0,0,0.0,-0.2
control-4159,control,0,0,0.0,-0.2
control-4160,control,0,0,0.0,-0.2
control-4161,control,0,0,0.0,-0.2
control-4162,control,0,0,0.0,-0.2
control-4163,control,0,0,0.0,-0.2
control-4164,control,0,0,0.0,-0.2
control-4165,control,0,0,0.0,-0.2
control-4166,control,0,0,0.0,-0.2
control-4167,control,0,0,0.0,-0.2
control-4168,control,0,0,0.0,-0.2
control-4169,control,0,0,0.0,-0.2
control-4170,control,1,0,20.0,5.8
control-4171,control,0,0,0.0,-0.2
control-4172,control,1,0,20.0,5.8
control-4173,control,0,0,0.0,-0.2
control-4174,control,0,0,0.0,-0.2
control-4175,control,0,0,0.0,-0.2
control-4176,control,0,0,0.0,-0.2
control-4177,control,1,0,20.0,5.8
control-4178,control,0,0,0.0,-0.2
control-4179,control,0,0,0.0,-0.2
control-4180,control,0,0,0.0,-0.2
control-4181,control,0,0,0.0,-0.2
control-4182,control,0,0,0.0,-0.2
control-4183,control,0,0,0.0,-0.2
control-4184,control,0,0,0.0,-0.2
control-4185,control,0,0,0.0,-0.2
control-4186,control,0,0,0.0,-0.2
control-4187,control,0,0,0.0,-0.2
control-4188,control,0,0,0.0,-0.2
control-4189,control,0,0,0.0,-0.2
control-4190,control,0,0,0.0,-0.2
control-4191,control,0,0,0.0,-0.2
control-4192,control,0,0,0.0,-0.2
control-4193,control,0,0,0.0,-0.2
control-4194,control,0,0,0.0,-0.2
control-4195,control,0,0,0.0,-0.2
control-4196,control,0,0,0.0,-0.2
control-4197,control,0,0,0.0,-0.2
control-4198,control,0,0,0.0,-0.2
control-4199,control,0,0,0.0,-0.2
control-4200,control,0,0,0.0,-0.2
control-4201,control,0,0,0.0,-0.2
control-4202,control,0,0,0.0,-0.2
control-4203,control,0,0,0.0,-0.2
control-4204,control,0,0,0.0,-0.2
control-4205,control,0,0,0.0,-0.2
control-4206,control,0,0,0.0,-0.2
control-4207,control,0,0,0.0,-0.2
control-4208,control,0,0,0.0,-0.2
control-4209,control,0,0,0.0,-0.2
control-4210,control,0,0,0.0,-0.2
control-4211,control,0,0,0.0,-0.2
control-4212,control,0,0,0.0,-0.2
control-4213,control,0,0,0.0,-0.2
control-4214,control,0,0,0.0,-0.2
control-4215,control,0,0,0.0,-0.2
control-4216,control,0,0,0.0,-0.2
control-4217,control,0,0,0.0,-0.2
control-4218,control,1,1,0.0,-3.2
control-4219,control,0,0,0.0,-0.2
control-4220,control,0,0,0.0,-0.2
control-4221,control,0,0,0.0,-0.2
control-4222,control,0,0,0.0,-0.2
control-4223,control,0,0,0.0,-0.2
control-4224,control,0,0,0.0,-0.2
control-4225,control,0,0,0.0,-0.2
control-4226,control,0,0,0.0,-0.2
control-4227,control,0,0,0.0,-0.2
control-4228,control,0,0,0.0,-0.2
control-4229,control,0,0,0.0,-0.2
control-4230,control,1,0,60.0,17.8
control-4231,control,0,0,0.0,-0.2
control-4232,control,0,0,0.0,-0.2
control-4233,control,0,0,0.0,-0.2
control-4234,control,0,0,0.0,-0.2
control-4235,control,0,0,0.0,-0.2
control-4236,control,0,0,0.0,-0.2
control-4237,control,0,0,0.0,-0.2
control-4238,control,0,0,0.0,-0.2
control-4239,control,0,0,0.0,-0.2
control-4240,control,0,0,0.0,-0.2
control-4241,control,0,0,0.0,-0.2
control-4242,control,0,0,0.0,-0.2
control-4243,control,0,0,0.0,-0.2
control-4244,control,0,0,0.0,-0.2
control-4245,control,0,0,0.0,-0.2
control-4246,control,0,0,0.0,-0.2
control-4247,control,0,0,0.0,-0.2
control-4248,control,0,0,0.0,-0.2
control-4249,control,0,0,0.0,-0.2
control-4250,control,0,0,0.0,-0.2
control-4251,control,0,0,0.0,-0.2
control-4252,control,0,0,0.0,-0.2
control-4253,control,0,0,0.0,-0.2
control-4254,control,0,0,0.0,-0.2
control-4255,control,0,0,0.0,-0.2
control-4256,control,0,0,0.0,-0.2
control-4257,control,0,0,0.0,-0.2
control-4258,control,1,0,40.0,11.8
control-4259,control,0,0,0.0,-0.2
control-4260,control,1,0,20.0,5.8
control-4261,control,0,0,0.0,-0.2
control-4262,control,0,0,0.0,-0.2
control-4263,control,0,0,0.0,-0.2
control-4264,control,0,0,0.0,-0.2
control-4265,control,0,0,0.0,-0.2
control-4266,control,0,0,0.0,-0.2
control-4267,control,0,0,0.0,-0.2
control-4268,control,0,0,0.0,-0.2
control-4269,control,0,0,0.0,-0.2
control-4270,control,1,0,20.0,5.8
control-4271,control,0,0,0.0,-0.2
control-4272,control,0,0,0.0,-0.2
control-4273,control,0,0,0.0,-0.2
control-4274,control,0,0,0.0,-0.2
control-4275,control,0,0,0.0,-0.2
control-4276,control,0,0,0.0,-0.2
control-4277,control,0,0,0.0,-0.2
control-4278,control,0,0,0.0,-0.2
control-4279,control,0,0,0.0,-0.2
control-4280,control,0,0,0.0,-0.2
control-4281,control,0,0,0.0,-0.2
control-4282,control,0,0,0.0,-0.2
control-4283,control,0,0,0.0,-0.2
control-4284,control,0,0,0.0,-0.2
control-4285,control,0,0,0.0,-0.2
control-4286,control,0,0,0.0,-0.2
control-4287,control,0,0,0.0,-0.2
control-4288,control,1,0,60.0,17.8
control-4289,control,0,0,0.0,-0.2
control-4290,control,0,0,0.0,-0.2
control-4291,control,0,0,0.0,-0.2
control-4292,control,0,0,0.0,-0.2
control-4293,control,0,0,0.0,-0.2
control-4294,control,0,0,0.0,-0.2
control-4295,control,0,0,0.0,-0.2
control-4296,control,0,0,0.0,-0.2
control-4297,control,0,0,0.0,-0.2
control-4298,control,0,0,0.0,-0.2
control-4299,control,0,0,0.0,-0.2
control-4300,control,0,0,0.0,-0.2
control-4301,control,0,0,0.0,-0.2
control-4302,control,1,0,40.0,11.8
control-4303,control,0,0,0.0,-0.2
control-4304,control,0,0,0.0,-0.2
control-4305,control,0,0,0.0,-0.2
control-4306,control,0,0,0.0,-0.2
control-4307,control,0,0,0.0,-0.2
control-4308,control,0,0,0.0,-0.2
control-4309,control,0,0,0.0,-0.2
control-4310,control,0,0,0.0,-0.2
control-4311,control,0,0,0.0,-0.2
control-4312,control,0,0,0.0,-0.2
control-4313,control,0,0,0.0,-0.2
control-4314,control,0,0,0.0,-0.2
control-4315,control,0,0,0.0,-0.2
control-4316,control,0,0,0.0,-0.2
control-4317,control,0,0,0.0,-0.2
control-4318,control,0,0,0.0,-0.2
control-4319,control,0,0,0.0,-0.2
control-4320,control,0,0,0.0,-0.2
control-4321,control,0,0,0.0,-0.2
control-4322,control,0,0,0.0,-0.2
control-4323,control,0,0,0.0,-0.2
control-4324,control,0,0,0.0,-0.2
control-4325,control,0,0,0.0,-0.2
control-4326,control,0,0,0.0,-0.2
control-4327,control,0,0,0.0,-0.2
control-4328,control,0,0,0.0,-0.2
control-4329,control,0,0,0.0,-0.2
control-4330,control,0,0,0.0,-0.2
control-4331,control,0,0,0.0,-0.2
control-4332,control,0,0,0.0,-0.2
control-4333,control,0,0,0.0,-0.2
control-4334,control,0,0,0.0,-0.2
control-4335,control,0,0,0.0,-0.2
control-4336,control,0,0,0.0,-0.2
control-4337,control,0,0,0.0,-0.2
control-4338,control,0,0,0.0,-0.2
control-4339,control,0,0,0.0,-0.2
control-4340,control,0,0,0.0,-0.2
control-4341,control,0,0,0.0,-0.2
control-4342,control,0,0,0.0,-0.2
control-4343,control,0,0,0.0,-0.2
control-4344,control,0,0,0.0,-0.2
control-4345,control,0,0,0.0,-0.2
control-4346,control,0,0,0.0,-0.2
control-4347,control,0,0,0.0,-0.2
control-4348,control,0,0,0.0,-0.2
control-4349,control,0,0,0.0,-0.2
control-4350,control,0,0,0.0,-0.2
control-4351,control,0,0,0.0,-0.2
control-4352,control,0,0,0.0,-0.2
control-4353,control,0,0,0.0,-0.2
control-4354,control,0,0,0.0,-0.2
control-4355,control,0,0,0.0,-0.2
control-4356,control,1,0,60.0,17.8
control-4357,control,0,0,0.0,-0.2
control-4358,control,0,0,0.0,-0.2
control-4359,control,0,0,0.0,-0.2
control-4360,control,0,0,0.0,-0.2
control-4361,control,0,0,0.0,-0.2
control-4362,control,0,0,0.0,-0.2
control-4363,control,1,0,60.0,17.8
control-4364,control,0,0,0.0,-0.2
control-4365,control,0,0,0.0,-0.2
control-4366,control,0,0,0.0,-0.2
control-4367,control,0,0,0.0,-0.2
control-4368,control,0,0,0.0,-0.2
control-4369,control,0,0,0.0,-0.2
control-4370,control,0,0,0.0,-0.2
control-4371,control,0,0,0.0,-0.2
control-4372,control,0,0,0.0,-0.2
control-4373,control,0,0,0.0,-0.2
control-4374,control,0,0,0.0,-0.2
control-4375,control,0,0,0.0,-0.2
control-4376,control,0,0,0.0,-0.2
control-4377,control,0,0,0.0,-0.2
control-4378,control,0,0,0.0,-0.2
control-4379,control,0,0,0.0,-0.2
control-4380,control,0,0,0.0,-0.2
control-4381,control,0,0,0.0,-0.2
control-4382,control,0,0,0.0,-0.2
control-4383,control,0,0,0.0,-0.2
control-4384,control,0,0,0.0,-0.2
control-4385,control,0,0,0.0,-0.2
control-4386,control,0,0,0.0,-0.2
control-4387,control,0,0,0.0,-0.2
control-4388,control,0,0,0.0,-0.2
control-4389,control,0,0,0.0,-0.2
control-4390,control,0,0,0.0,-0.2
control-4391,control,0,0,0.0,-0.2
control-4392,control,0,0,0.0,-0.2
control-4393,control,0,0,0.0,-0.2
control-4394,control,0,0,0.0,-0.2
control-4395,control,0,0,0.0,-0.2
control-4396,control,0,0,0.0,-0.2
control-4397,control,0,0,0.0,-0.2
control-4398,control,0,0,0.0,-0.2
control-4399,control,0,0,0.0,-0.2
control-4400,control,0,0,0.0,-0.2
control-4401,control,0,0,0.0,-0.2
control-4402,control,0,0,0.0,-0.2
control-4403,control,0,0,0.0,-0.2
control-4404,control,0,0,0.0,-0.2
control-4405,control,0,0,0.0,-0.2
control-4406,control,0,0,0.0,-0.2
control-4407,control,0,0,0.0,-0.2
control-4408,control,0,0,0.0,-0.2
control-4409,control,0,0,0.0,-0.2
control-4410,control,0,0,0.0,-0.2
control-4411,control,0,0,0.0,-0.2
control-4412,control,0,0,0.0,-0.2
control-4413,control,0,0,0.0,-0.2
control-4414,control,0,0,0.0,-0.2
control-4415,control,0,0,0.0,-0.2
control-4416,control,0,0,0.0,-0.2
control-4417,control,0,0,0.0,-0.2
control-4418,control,0,0,0.0,-0.2
control-4419,control,0,0,0.0,-0.2
control-4420,control,0,0,0.0,-0.2
control-4421,control,0,0,0.0,-0.2
control-4422,control,0,0,0.0,-0.2
control-4423,control,0,0,0.0,-0.2
control-4424,control,0,0,0.0,-0.2
control-4425,control,0,0,0.0,-0.2
control-4426,control,0,0,0.0,-0.2
control-4427,control,0,0,0.0,-0.2
control-4428,control,0,0,0.0,-0.2
control-4429,control,0,0,0.0,-0.2
control-4430,control,0,0,0.0,-0.2
control-4431,control,0,0,0.0,-0.2
control-4432,control,0,0,0.0,-0.2
control-4433,control,0,0,0.0,-0.2
control-4434,control,0,0,0.0,-0.2
control-4435,control,0,0,0.0,-0.2
control-4436,control,0,0,0.0,-0.2
control-4437,control,0,0,0.0,-0.2
control-4438,control,0,0,0.0,-0.2
control-4439,control,0,0,0.0,-0.2
control-4440,control,0,0,0.0,-0.2
control-4441,control,0,0,0.0,-0.2
control-4442,control,0,0,0.0,-0.2
control-4443,control,0,0,0.0,-0.2
control-4444,control,0,0,0.0,-0.2
control-4445,control,0,0,0.0,-0.2
control-4446,control,0,0,0.0,-0.2
control-4447,control,0,0,0.0,-0.2
control-4448,control,0,0,0.0,-0.2
control-4449,control,0,0,0.0,-0.2
control-4450,control,0,0,0.0,-0.2
control-4451,control,1,0,20.0,5.8
control-4452,control,0,0,0.0,-0.2
control-4453,control,0,0,0.0,-0.2
control-4454,control,0,0,0.0,-0.2
control-4455,control,0,0,0.0,-0.2
control-4456,control,0,0,0.0,-0.2
control-4457,control,0,0,0.0,-0.2
control-4458,control,0,0,0.0,-0.2
control-4459,control,0,0,0.0,-0.2
control-4460,control,0,0,0.0,-0.2
control-4461,control,0,0,0.0,-0.2
control-4462,control,0,0,0.0,-0.2
control-4463,control,1,0,60.0,17.8
control-4464,control,0,0,0.0,-0.2
control-4465,control,0,0,0.0,-0.2
control-4466,control,0,0,0.0,-0.2
control-4467,control,0,0,0.0,-0.2
control-4468,control,1,0,20.0,5.8
control-4469,control,0,0,0.0,-0.2
control-4470,control,0,0,0.0,-0.2
control-4471,control,0,0,0.0,-0.2
control-4472,control,0,0,0.0,-0.2
control-4473,control,0,0,0.0,-0.2
control-4474,control,0,0,0.0,-0.2
control-4475,control,0,0,0.0,-0.2
control-4476,control,0,0,0.0,-0.2
control-4477,control,0,0,0.0,-0.2
control-4478,control,0,0,0.0,-0.2
control-4479,control,1,0,60.0,17.8
control-4480,control,0,0,0.0,-0.2
control-4481,control,0,0,0.0,-0.2
control-4482,control,0,0,0.0,-0.2
control-4483,control,0,0,0.0,-0.2
control-4484,control,0,0,0.0,-0.2
control-4485,control,0,0,0.0,-0.2
control-4486,control,0,0,0.0,-0.2
control-4487,control,0,0,0.0,-0.2
control-4488,control,0,0,0.0,-0.2
control-4489,control,0,0,0.0,-0.2
control-4490,control,0,0,0.0,-0.2
control-4491,control,0,0,0.0,-0.2
control-4492,control,1,0,20.0,5.8
control-4493,control,0,0,0.0,-0.2
control-4494,control,0,0,0.0,-0.2
control-4495,control,0,0,0.0,-0.2
control-4496,control,0,0,0.0,-0.2
control-4497,control,0,0,0.0,-0.2
control-4498,control,0,0,0.0,-0.2
control-4499,control,0,0,0.0,-0.2
control-4500,control,0,0,0.0,-0.2
control-4501,control,0,0,0.0,-0.2
control-4502,control,0,0,0.0,-0.2
control-4503,control,0,0,0.0,-0.2
control-4504,control,0,0,0.0,-0.2
control-4505,control,0,0,0.0,-0.2
control-4506,control,0,0,0.0,-0.2
control-4507,control,0,0,0.0,-0.2
control-4508,control,0,0,0.0,-0.2
control-4509,control,0,0,0.0,-0.2
control-4510,control,0,0,0.0,-0.2
control-4511,control,0,0,0.0,-0.2
control-4512,control,0,0,0.0,-0.2
control-4513,control,0,0,0.0,-0.2
control-4514,control,0,0,0.0,-0.2
control-4515,control,0,0,0.0,-0.2
control-4516,control,0,0,0.0,-0.2
control-4517,control,0,0,0.0,-0.2
control-4518,control,0,0,0.0,-0.2
control-4519,control,0,0,0.0,-0.2
control-4520,control,0,0,0.0,-0.2
control-4521,control,0,0,0.0,-0.2
control-4522,control,0,0,0.0,-0.2
control-4523,control,0,0,0.0,-0.2
control-4524,control,0,0,0.0,-0.2
control-4525,control,0,0,0.0,-0.2
control-4526,control,0,0,0.0,-0.2
control-4527,control,0,0,0.0,-0.2
control-4528,control,0,0,0.0,-0.2
control-4529,control,0,0,0.0,-0.2
control-4530,control,0,0,0.0,-0.2
control-4531,control,0,0,0.0,-0.2
control-4532,control,0,0,0.0,-0.2
control-4533,control,0,0,0.0,-0.2
control-4534,control,0,0,0.0,-0.2
control-4535,control,0,0,0.0,-0.2
control-4536,control,0,0,0.0,-0.2
control-4537,control,0,0,0.0,-0.2
control-4538,control,0,0,0.0,-0.2
control-4539,control,0,0,0.0,-0.2
control-4540,control,0,0,0.0,-0.2
control-4541,control,0,0,0.0,-0.2
control-4542,control,1,0,40.0,11.8
control-4543,control,0,0,0.0,-0.2
control-4544,control,0,0,0.0,-0.2
control-4545,control,0,0,0.0,-0.2
control-4546,control,1,0,20.0,5.8
control-4547,control,0,0,0.0,-0.2
control-4548,control,0,0,0.0,-0.2
control-4549,control,0,0,0.0,-0.2
control-4550,control,0,0,0.0,-0.2
control-4551,control,0,0,0.0,-0.2
control-4552,control,0,0,0.0,-0.2
control-4553,control,0,0,0.0,-0.2
control-4554,control,0,0,0.0,-0.2
control-4555,control,0,0,0.0,-0.2
control-4556,control,0,0,0.0,-0.2
control-4557,control,0,0,0.0,-0.2
control-4558,control,0,0,0.0,-0.2
control-4559,control,0,0,0.0,-0.2
control-4560,control,1,0,60.0,17.8
control-4561,control,0,0,0.0,-0.2
control-4562,control,0,0,0.0,-0.2
control-4563,control,0,0,0.0,-0.2
control-4564,control,0,0,0.0,-0.2
control-4565,control,0,0,0.0,-0.2
control-4566,control,0,0,0.0,-0.2
control-4567,control,0,0,0.0,-0.2
control-4568,control,0,0,0.0,-0.2
control-4569,control,0,0,0.0,-0.2
control-4570,control,0,0,0.0,-0.2
control-4571,control,0,0,0.0,-0.2
control-4572,control,0,0,0.0,-0.2
control-4573,control,0,0,0.0,-0.2
control-4574,control,0,0,0.0,-0.2
control-4575,control,0,0,0.0,-0.2
control-4576,control,0,0,0.0,-0.2
control-4577,control,0,0,0.0,-0.2
control-4578,control,0,0,0.0,-0.2
control-4579,control,0,0,0.0,-0.2
control-4580,control,0,0,0.0,-0.2
control-4581,control,0,0,0.0,-0.2
control-4582,control,0,0,0.0,-0.2
control-4583,control,1,0,60.0,17.8
control-4584,control,0,0,0.0,-0.2
control-4585,control,0,0,0.0,-0.2
control-4586,control,0,0,0.0,-0.2
control-4587,control,0,0,0.0,-0.2
control-4588,control,0,0,0.0,-0.2
control-4589,control,0,0,0.0,-0.2
control-4590,control,0,0,0.0,-0.2
control-4591,control,0,0,0.0,-0.2
control-4592,control,0,0,0.0,-0.2
control-4593,control,0,0,0.0,-0.2
control-4594,control,0,0,0.0,-0.2
control-4595,control,1,0,20.0,5.8
control-4596,control,0,0,0.0,-0.2
control-4597,control,0,0,0.0,-0.2
control-4598,control,0,0,0.0,-0.2
control-4599,control,0,0,0.0,-0.2
control-4600,control,0,0,0.0,-0.2
control-4601,control,0,0,0.0,-0.2
control-4602,control,1,1,0.0,-6.2
control-4603,control,0,0,0.0,-0.2
control-4604,control,0,0,0.0,-0.2
control-4605,control,0,0,0.0,-0.2
control-4606,control,0,0,0.0,-0.2
control-4607,control,0,0,0.0,-0.2
control-4608,control,0,0,0.0,-0.2
control-4609,control,1,0,60.0,17.8
control-4610,control,0,0,0.0,-0.2
control-4611,control,0,0,0.0,-0.2
control-4612,control,0,0,0.0,-0.2
control-4613,control,0,0,0.0,-0.2
control-4614,control,0,0,0.0,-0.2
control-4615,control,0,0,0.0,-0.2
control-4616,control,0,0,0.0,-0.2
control-4617,control,0,0,0.0,-0.2
control-4618,control,0,0,0.0,-0.2
control-4619,control,0,0,0.0,-0.2
control-4620,control,0,0,0.0,-0.2
control-4621,control,0,0,0.0,-0.2
control-4622,control,0,0,0.0,-0.2
control-4623,control,0,0,0.0,-0.2
control-4624,control,0,0,0.0,-0.2
control-4625,control,0,0,0.0,-0.2
control-4626,control,0,0,0.0,-0.2
control-4627,control,0,0,0.0,-0.2
control-4628,control,0,0,0.0,-0.2
control-4629,control,0,0,0.0,-0.2
control-4630,control,0,0,0.0,-0.2
control-4631,control,0,0,0.0,-0.2
control-4632,control,0,0,0.0,-0.2
control-4633,control,0,0,0.0,-0.2
control-4634,control,0,0,0.0,-0.2
control-4635,control,0,0,0.0,-0.2
control-4636,control,0,0,0.0,-0.2
control-4637,control,0,0,0.0,-0.2
control-4638,control,0,0,0.0,-0.2
control-4639,control,0,0,0.0,-0.2
control-4640,control,0,0,0.0,-0.2
control-4641,control,0,0,0.0,-0.2
control-4642,control,0,0,0.0,-0.2
control-4643,control,0,0,0.0,-0.2
control-4644,control,0,0,0.0,-0.2
control-4645,control,1,0,20.0,5.8
control-4646,control,0,0,0.0,-0.2
control-4647,control,0,0,0.0,-0.2
control-4648,control,0,0,0.0,-0.2
control-4649,control,0,0,0.0,-0.2
control-4650,control,0,0,0.0,-0.2
control-4651,control,0,0,0.0,-0.2
control-4652,control,0,0,0.0,-0.2
control-4653,control,0,0,0.0,-0.2
control-4654,control,0,0,0.0,-0.2
control-4655,control,0,0,0.0,-0.2
control-4656,control,0,0,0.0,-0.2
control-4657,control,0,0,0.0,-0.2
control-4658,control,0,0,0.0,-0.2
control-4659,control,0,0,0.0,-0.2
control-4660,control,0,0,0.0,-0.2
control-4661,control,0,0,0.0,-0.2
control-4662,control,0,0,0.0,-0.2
control-4663,control,0,0,0.0,-0.2
control-4664,control,0,0,0.0,-0.2
control-4665,control,0,0,0.0,-0.2
control-4666,control,0,0,0.0,-0.2
control-4667,control,0,0,0.0,-0.2
control-4668,control,0,0,0.0,-0.2
control-4669,control,0,0,0.0,-0.2
control-4670,control,0,0,0.0,-0.2
control-4671,control,0,0,0.0,-0.2
control-4672,control,0,0,0.0,-0.2
control-4673,control,0,0,0.0,-0.2
control-4674,control,0,0,0.0,-0.2
control-4675,control,0,0,0.0,-0.2
control-4676,control,0,0,0.0,-0.2
control-4677,control,0,0,0.0,-0.2
control-4678,control,0,0,0.0,-0.2
control-4679,control,0,0,0.0,-0.2
control-4680,control,0,0,0.0,-0.2
control-4681,control,0,0,0.0,-0.2
control-4682,control,0,0,0.0,-0.2
control-4683,control,0,0,0.0,-0.2
control-4684,control,1,0,40.0,11.8
control-4685,control,0,0,0.0,-0.2
control-4686,control,0,0,0.0,-0.2
control-4687,control,0,0,0.0,-0.2
control-4688,control,0,0,0.0,-0.2
control-4689,control,0,0,0.0,-0.2
control-4690,control,0,0,0.0,-0.2
control-4691,control,0,0,0.0,-0.2
control-4692,control,0,0,0.0,-0.2
control-4693,control,0,0,0.0,-0.2
control-4694,control,0,0,0.0,-0.2
control-4695,control,0,0,0.0,-0.2
control-4696,control,0,0,0.0,-0.2
control-4697,control,0,0,0.0,-0.2
control-4698,control,0,0,0.0,-0.2
control-4699,control,0,0,0.0,-0.2
control-4700,control,1,0,60.0,17.8
control-4701,control,0,0,0.0,-0.2
control-4702,control,0,0,0.0,-0.2
control-4703,control,0,0,0.0,-0.2
control-4704,control,0,0,0.0,-0.2
control-4705,control,0,0,0.0,-0.2
control-4706,control,0,0,0.0,-0.2
control-4707,control,0,0,0.0,-0.2
control-4708,control,0,0,0.0,-0.2
control-4709,control,0,0,0.0,-0.2
control-4710,control,0,0,0.0,-0.2
control-4711,control,0,0,0.0,-0.2
control-4712,control,0,0,0.0,-0.2
control-4713,control,0,0,0.0,-0.2
control-4714,control,0,0,0.0,-0.2
control-4715,control,0,0,0.0,-0.2
control-4716,control,0,0,0.0,-0.2
control-4717,control,0,0,0.0,-0.2
control-4718,control,0,0,0.0,-0.2
control-4719,control,0,0,0.0,-0.2
control-4720,control,0,0,0.0,-0.2
control-4721,control,0,0,0.0,-0.2
control-4722,control,0,0,0.0,-0.2
control-4723,control,0,0,0.0,-0.2
control-4724,control,0,0,0.0,-0.2
control-4725,control,0,0,0.0,-0.2
control-4726,control,0,0,0.0,-0.2
control-4727,control,0,0,0.0,-0.2
control-4728,control,0,0,0.0,-0.2
control-4729,control,0,0,0.0,-0.2
control-4730,control,0,0,0.0,-0.2
control-4731,control,0,0,0.0,-0.2
control-4732,control,0,0,0.0,-0.2
control-4733,control,0,0,0.0,-0.2
control-4734,control,0,0,0.0,-0.2
control-4735,control,0,0,0.0,-0.2
control-4736,control,0,0,0.0,-0.2
control-4737,control,0,0,0.0,-0.2
control-4738,control,0,0,0.0,-0.2
control-4739,control,0,0,0.0,-0.2
control-4740,control,0,0,0.0,-0.2
control-4741,control,0,0,0.0,-0.2
control-4742,control,0,0,0.0,-0.2
control-4743,control,0,0,0.0,-0.2
control-4744,control,0,0,0.0,-0.2
control-4745,control,0,0,0.0,-0.2
control-4746,control,0,0,0.0,-0.2
control-4747,control,0,0,0.0,-0.2
control-4748,control,0,0,0.0,-0.2
control-4749,control,0,0,0.0,-0.2
control-4750,control,0,0,0.0,-0.2
control-4751,control,0,0,0.0,-0.2
control-4752,control,0,0,0.0,-0.2
control-4753,control,0,0,0.0,-0.2
control-4754,control,0,0,0.0,-0.2
control-4755,control,0,0,0.0,-0.2
control-4756,control,0,0,0.0,-0.2
control-4757,control,1,0,60.0,17.8
control-4758,control,0,0,0.0,-0.2
control-4759,control,0,0,0.0,-0.2
control-4760,control,0,0,0.0,-0.2
control-4761,control,0,0,0.0,-0.2
control-4762,control,0,0,0.0,-0.2
control-4763,control,0,0,0.0,-0.2
control-4764,control,0,0,0.0,-0.2
control-4765,control,0,0,0.0,-0.2
control-4766,control,0,0,0.0,-0.2
control-4767,control,0,0,0.0,-0.2
control-4768,control,0,0,0.0,-0.2
control-4769,control,0,0,0.0,-0.2
control-4770,control,0,0,0.0,-0.2
control-4771,control,0,0,0.0,-0.2
control-4772,control,0,0,0.0,-0.2
control-4773,control,0,0,0.0,-0.2
control-4774,control,0,0,0.0,-0.2
control-4775,control,0,0,0.0,-0.2
control-4776,control,0,0,0.0,-0.2
control-4777,control,0,0,0.0,-0.2
control-4778,control,0,0,0.0,-0.2
control-4779,control,0,0,0.0,-0.2
control-4780,control,0,0,0.0,-0.2
control-4781,control,1,0,40.0,11.8
control-4782,control,0,0,0.0,-0.2
control-4783,control,0,0,0.0,-0.2
control-4784,control,1,0,20.0,5.8
control-4785,control,0,0,0.0,-0.2
control-4786,control,0,0,0.0,-0.2
control-4787,control,0,0,0.0,-0.2
control-4788,control,0,0,0.0,-0.2
control-4789,control,0,0,0.0,-0.2
control-4790,control,0,0,0.0,-0.2
control-4791,control,0,0,0.0,-0.2
control-4792,control,0,0,0.0,-0.2
control-4793,control,1,0,20.0,5.8
control-4794,control,0,0,0.0,-0.2
control-4795,control,0,0,0.0,-0.2
control-4796,control,0,0,0.0,-0.2
control-4797,control,0,0,0.0,-0.2
control-4798,control,0,0,0.0,-0.2
control-4799,control,0,0,0.0,-0.2
control-4800,control,0,0,0.0,-0.2
control-4801,control,0,0,0.0,-0.2
control-4802,control,0,0,0.0,-0.2
control-4803,control,0,0,0.0,-0.2
control-4804,control,0,0,0.0,-0.2
control-4805,control,0,0,0.0,-0.2
control-4806,control,0,0,0.0,-0.2
control-4807,control,0,0,0.0,-0.2
control-4808,control,0,0,0.0,-0.2
control-4809,control,0,0,0.0,-0.2
control-4810,control,0,0,0.0,-0.2
control-4811,control,0,0,0.0,-0.2
control-4812,control,0,0,0.0,-0.2
control-4813,control,0,0,0.0,-0.2
control-4814,control,0,0,0.0,-0.2
control-4815,control,0,0,0.0,-0.2
control-4816,control,0,0,0.0,-0.2
control-4817,control,0,0,0.0,-0.2
control-4818,control,0,0,0.0,-0.2
control-4819,control,0,0,0.0,-0.2
control-4820,control,0,0,0.0,-0.2
control-4821,control,0,0,0.0,-0.2
control-4822,control,0,0,0.0,-0.2
control-4823,control,0,0,0.0,-0.2
control-4824,control,0,0,0.0,-0.2
control-4825,control,0,0,0.0,-0.2
control-4826,control,0,0,0.0,-0.2
control-4827,control,0,0,0.0,-0.2
control-4828,control,0,0,0.0,-0.2
control-4829,control,0,0,0.0,-0.2
control-4830,control,0,0,0.0,-0.2
control-4831,control,0,0,0.0,-0.2
control-4832,control,0,0,0.0,-0.2
control-4833,control,0,0,0.0,-0.2
control-4834,control,0,0,0.0,-0.2
control-4835,control,0,0,0.0,-0.2
control-4836,control,0,0,0.0,-0.2
control-4837,control,0,0,0.0,-0.2
control-4838,control,0,0,0.0,-0.2
control-4839,control,0,0,0.0,-0.2
control-4840,control,0,0,0.0,-0.2
control-4841,control,0,0,0.0,-0.2
control-4842,control,0,0,0.0,-0.2
control-4843,control,0,0,0.0,-0.2
control-4844,control,0,0,0.0,-0.2
control-4845,control,0,0,0.0,-0.2
control-4846,control,0,0,0.0,-0.2
control-4847,control,0,0,0.0,-0.2
control-4848,control,0,0,0.0,-0.2
control-4849,control,0,0,0.0,-0.2
control-4850,control,0,0,0.0,-0.2
control-4851,control,0,0,0.0,-0.2
control-4852,control,0,0,0.0,-0.2
control-4853,control,0,0,0.0,-0.2
control-4854,control,0,0,0.0,-0.2
control-4855,control,0,0,0.0,-0.2
control-4856,control,0,0,0.0,-0.2
control-4857,control,0,0,0.0,-0.2
control-4858,control,0,0,0.0,-0.2
control-4859,control,0,0,0.0,-0.2
control-4860,control,0,0,0.0,-0.2
control-4861,control,0,0,0.0,-0.2
control-4862,control,0,0,0.0,-0.2
control-4863,control,0,0,0.0,-0.2
control-4864,control,0,0,0.0,-0.2
control-4865,control,0,0,0.0,-0.2
control-4866,control,0,0,0.0,-0.2
control-4867,control,0,0,0.0,-0.2
control-4868,control,0,0,0.0,-0.2
control-4869,control,0,0,0.0,-0.2
control-4870,control,0,0,0.0,-0.2
control-4871,control,0,0,0.0,-0.2
control-4872,control,0,0,0.0,-0.2
control-4873,control,0,0,0.0,-0.2
control-4874,control,0,0,0.0,-0.2
control-4875,control,0,0,0.0,-0.2
control-4876,control,0,0,0.0,-0.2
control-4877,control,0,0,0.0,-0.2
control-4878,control,0,0,0.0,-0.2
control-4879,control,0,0,0.0,-0.2
control-4880,control,0,0,0.0,-0.2
control-4881,control,0,0,0.0,-0.2
control-4882,control,0,0,0.0,-0.2
control-4883,control,0,0,0.0,-0.2
control-4884,control,0,0,0.0,-0.2
control-4885,control,0,0,0.0,-0.2
control-4886,control,0,0,0.0,-0.2
control-4887,control,0,0,0.0,-0.2
control-4888,control,0,0,0.0,-0.2
control-4889,control,1,0,40.0,11.8
control-4890,control,0,0,0.0,-0.2
control-4891,control,0,0,0.0,-0.2
control-4892,control,0,0,0.0,-0.2
control-4893,control,0,0,0.0,-0.2
control-4894,control,0,0,0.0,-0.2
control-4895,control,0,0,0.0,-0.2
control-4896,control,0,0,0.0,-0.2
control-4897,control,0,0,0.0,-0.2
control-4898,control,0,0,0.0,-0.2
control-4899,control,0,0,0.0,-0.2
control-4900,control,0,0,0.0,-0.2
control-4901,control,0,0,0.0,-0.2
control-4902,control,0,0,0.0,-0.2
control-4903,control,0,0,0.0,-0.2
control-4904,control,0,0,0.0,-0.2
control-4905,control,0,0,0.0,-0.2
control-4906,control,0,0,0.0,-0.2
control-4907,control,0,0,0.0,-0.2
control-4908,control,0,0,0.0,-0.2
control-4909,control,0,0,0.0,-0.2
control-4910,control,0,0,0.0,-0.2
control-4911,control,0,0,0.0,-0.2
control-4912,control,0,0,0.0,-0.2
control-4913,control,0,0,0.0,-0.2
control-4914,control,0,0,0.0,-0.2
control-4915,control,0,0,0.0,-0.2
control-4916,control,0,0,0.0,-0.2
control-4917,control,0,0,0.0,-0.2
control-4918,control,0,0,0.0,-0.2
control-4919,control,0,0,0.0,-0.2
control-4920,control,0,0,0.0,-0.2
control-4921,control,0,0,0.0,-0.2
control-4922,control,0,0,0.0,-0.2
control-4923,control,0,0,0.0,-0.2
control-4924,control,0,0,0.0,-0.2
control-4925,control,0,0,0.0,-0.2
control-4926,control,0,0,0.0,-0.2
control-4927,control,0,0,0.0,-0.2
control-4928,control,0,0,0.0,-0.2
control-4929,control,0,0,0.0,-0.2
control-4930,control,0,0,0.0,-0.2
control-4931,control,0,0,0.0,-0.2
control-4932,control,0,0,0.0,-0.2
control-4933,control,0,0,0.0,-0.2
control-4934,control,0,0,0.0,-0.2
control-4935,control,0,0,0.0,-0.2
control-4936,control,0,0,0.0,-0.2
control-4937,control,0,0,0.0,-0.2
control-4938,control,0,0,0.0,-0.2
control-4939,control,0,0,0.0,-0.2
control-4940,control,0,0,0.0,-0.2
control-4941,control,0,0,0.0,-0.2
control-4942,control,0,0,0.0,-0.2
control-4943,control,1,0,20.0,5.8
control-4944,control,0,0,0.0,-0.2
control-4945,control,0,0,0.0,-0.2
control-4946,control,0,0,0.0,-0.2
control-4947,control,0,0,0.0,-0.2
control-4948,control,0,0,0.0,-0.2
control-4949,control,0,0,0.0,-0.2
control-4950,control,0,0,0.0,-0.2
control-4951,control,0,0,0.0,-0.2
control-4952,control,0,0,0.0,-0.2
control-4953,control,1,1,0.0,-6.2
control-4954,control,0,0,0.0,-0.2
control-4955,control,0,0,0.0,-0.2
control-4956,control,0,0,0.0,-0.2
control-4957,control,0,0,0.0,-0.2
control-4958,control,0,0,0.0,-0.2
control-4959,control,0,0,0.0,-0.2
control-4960,control,0,0,0.0,-0.2
control-4961,control,0,0,0.0,-0.2
control-4962,control,0,0,0.0,-0.2
control-4963,control,0,0,0.0,-0.2
control-4964,control,0,0,0.0,-0.2
control-4965,control,0,0,0.0,-0.2
control-4966,control,0,0,0.0,-0.2
control-4967,control,0,0,0.0,-0.2
control-4968,control,0,0,0.0,-0.2
control-4969,control,0,0,0.0,-0.2
control-4970,control,0,0,0.0,-0.2
control-4971,control,0,0,0.0,-0.2
control-4972,control,0,0,0.0,-0.2
control-4973,control,0,0,0.0,-0.2
control-4974,control,0,0,0.0,-0.2
control-4975,control,0,0,0.0,-0.2
control-4976,control,0,0,0.0,-0.2
control-4977,control,0,0,0.0,-0.2
control-4978,control,0,0,0.0,-0.2
control-4979,control,0,0,0.0,-0.2
control-4980,control,0,0,0.0,-0.2
control-4981,control,0,0,0.0,-0.2
control-4982,control,0,0,0.0,-0.2
control-4983,control,0,0,0.0,-0.2
control-4984,control,0,0,0.0,-0.2
control-4985,control,0,0,0.0,-0.2
control-4986,control,0,0,0.0,-0.2
control-4987,control,0,0,0.0,-0.2
control-4988,control,0,0,0.0,-0.2
control-4989,control,0,0,0.0,-0.2
control-4990,control,0,0,0.0,-0.2
control-4991,control,0,0,0.0,-0.2
control-4992,control,0,0,0.0,-0.2
control-4993,control,0,0,0.0,-0.2
control-4994,control,0,0,0.0,-0.2
control-4995,control,0,0,0.0,-0.2
control-4996,control,0,0,0.0,-0.2
control-4997,control,0,0,0.0,-0.2
control-4998,control,0,0,0.0,-0.2
control-4999,control,0,0,0.0,-0.2
control-5000,control,0,0,0.0,-0.2
control-5001,control,0,0,0.0,-0.2
control-5002,control,0,0,0.0,-0.2
control-5003,control,0,0,0.0,-0.2
control-5004,control,0,0,0.0,-0.2
control-5005,control,0,0,0.0,-0.2
control-5006,control,0,0,0.0,-0.2
control-5007,control,0,0,0.0,-0.2
control-5008,control,0,0,0.0,-0.2
control-5009,control,0,0,0.0,-0.2
control-5010,control,0,0,0.0,-0.2
control-5011,control,0,0,0.0,-0.2
control-5012,control,0,0,0.0,-0.2
control-5013,control,0,0,0.0,-0.2
control-5014,control,0,0,0.0,-0.2
control-5015,control,0,0,0.0,-0.2
control-5016,control,0,0,0.0,-0.2
control-5017,control,0,0,0.0,-0.2
control-5018,control,0,0,0.0,-0.2
control-5019,control,0,0,0.0,-0.2
control-5020,control,0,0,0.0,-0.2
control-5021,control,0,0,0.0,-0.2
control-5022,control,0,0,0.0,-0.2
control-5023,control,0,0,0.0,-0.2
control-5024,control,0,0,0.0,-0.2
control-5025,control,0,0,0.0,-0.2
control-5026,control,0,0,0.0,-0.2
control-5027,control,0,0,0.0,-0.2
control-5028,control,0,0,0.0,-0.2
control-5029,control,0,0,0.0,-0.2
control-5030,control,0,0,0.0,-0.2
control-5031,control,0,0,0.0,-0.2
control-5032,control,0,0,0.0,-0.2
control-5033,control,0,0,0.0,-0.2
control-5034,control,0,0,0.0,-0.2
control-5035,control,0,0,0.0,-0.2
control-5036,control,0,0,0.0,-0.2
control-5037,control,0,0,0.0,-0.2
control-5038,control,0,0,0.0,-0.2
control-5039,control,0,0,0.0,-0.2
control-5040,control,0,0,0.0,-0.2
control-5041,control,0,0,0.0,-0.2
control-5042,control,0,0,0.0,-0.2
control-5043,control,0,0,0.0,-0.2
control-5044,control,0,0,0.0,-0.2
control-5045,control,1,0,60.0,17.8
control-5046,control,0,0,0.0,-0.2
control-5047,control,0,0,0.0,-0.2
control-5048,control,0,0,0.0,-0.2
control-5049,control,1,0,40.0,11.8
control-5050,control,0,0,0.0,-0.2
control-5051,control,0,0,0.0,-0.2
control-5052,control,0,0,0.0,-0.2
control-5053,control,0,0,0.0,-0.2
control-5054,control,0,0,0.0,-0.2
control-5055,control,0,0,0.0,-0.2
control-5056,control,0,0,0.0,-0.2
control-5057,control,0,0,0.0,-0.2
control-5058,control,0,0,0.0,-0.2
control-5059,control,0,0,0.0,-0.2
control-5060,control,0,0,0.0,-0.2
control-5061,control,0,0,0.0,-0.2
control-5062,control,0,0,0.0,-0.2
control-5063,control,0,0,0.0,-0.2
control-5064,control,0,0,0.0,-0.2
control-5065,control,0,0,0.0,-0.2
control-5066,control,0,0,0.0,-0.2
control-5067,control,0,0,0.0,-0.2
control-5068,control,0,0,0.0,-0.2
control-5069,control,0,0,0.0,-0.2
control-5070,control,0,0,0.0,-0.2
control-5071,control,0,0,0.0,-0.2
control-5072,control,0,0,0.0,-0.2
control-5073,control,0,0,0.0,-0.2
control-5074,control,1,0,20.0,5.8
control-5075,control,0,0,0.0,-0.2
control-5076,control,0,0,0.0,-0.2
control-5077,control,0,0,0.0,-0.2
control-5078,control,0,0,0.0,-0.2
control-5079,control,0,0,0.0,-0.2
control-5080,control,0,0,0.0,-0.2
control-5081,control,0,0,0.0,-0.2
control-5082,control,0,0,0.0,-0.2
control-5083,control,0,0,0.0,-0.2
control-5084,control,0,0,0.0,-0.2
control-5085,control,0,0,0.0,-0.2
control-5086,control,0,0,0.0,-0.2
control-5087,control,0,0,0.0,-0.2
control-5088,control,0,0,0.0,-0.2
control-5089,control,0,0,0.0,-0.2
control-5090,control,0,0,0.0,-0.2
control-5091,control,0,0,0.0,-0.2
control-5092,control,0,0,0.0,-0.2
control-5093,control,0,0,0.0,-0.2
control-5094,control,1,0,20.0,5.8
control-5095,control,0,0,0.0,-0.2
control-5096,control,0,0,0.0,-0.2
control-5097,control,0,0,0.0,-0.2
control-5098,control,0,0,0.0,-0.2
control-5099,control,0,0,0.0,-0.2
control-5100,control,0,0,0.0,-0.2
control-5101,control,0,0,0.0,-0.2
control-5102,control,0,0,0.0,-0.2
control-5103,control,0,0,0.0,-0.2
control-5104,control,0,0,0.0,-0.2
control-5105,control,0,0,0.0,-0.2
control-5106,control,0,0,0.0,-0.2
control-5107,control,0,0,0.0,-0.2
control-5108,control,0,0,0.0,-0.2
control-5109,control,0,0,0.0,-0.2
control-5110,control,0,0,0.0,-0.2
control-5111,control,0,0,0.0,-0.2
control-5112,control,0,0,0.0,-0.2
control-5113,control,0,0,0.0,-0.2
control-5114,control,0,0,0.0,-0.2
control-5115,control,0,0,0.0,-0.2
control-5116,control,0,0,0.0,-0.2
control-5117,control,0,0,0.0,-0.2
control-5118,control,0,0,0.0,-0.2
control-5119,control,0,0,0.0,-0.2
control-5120,control,0,0,0.0,-0.2
control-5121,control,0,0,0.0,-0.2
control-5122,control,0,0,0.0,-0.2
control-5123,control,0,0,0.0,-0.2
control-5124,control,0,0,0.0,-0.2
control-5125,control,0,0,0.0,-0.2
control-5126,control,0,0,0.0,-0.2
control-5127,control,0,0,0.0,-0.2
control-5128,control,0,0,0.0,-0.2
control-5129,control,1,0,40.0,11.8
control-5130,control,0,0,0.0,-0.2
control-5131,control,0,0,0.0,-0.2
control-5132,control,0,0,0.0,-0.2
control-5133,control,0,0,0.0,-0.2
control-5134,control,0,0,0.0,-0.2
control-5135,control,0,0,0.0,-0.2
control-5136,control,0,0,0.0,-0.2
control-5137,control,0,0,0.0,-0.2
control-5138,control,0,0,0.0,-0.2
control-5139,control,0,0,0.0,-0.2
control-5140,control,0,0,0.0,-0.2
control-5141,control,0,0,0.0,-0.2
control-5142,control,0,0,0.0,-0.2
control-5143,control,0,0,0.0,-0.2
control-5144,control,0,0,0.0,-0.2
control-5145,control,0,0,0.0,-0.2
control-5146,control,0,0,0.0,-0.2
control-5147,control,0,0,0.0,-0.2
control-5148,control,0,0,0.0,-0.2
control-5149,control,0,0,0.0,-0.2
control-5150,control,0,0,0.0,-0.2
control-5151,control,0,0,0.0,-0.2
control-5152,control,0,0,0.0,-0.2
control-5153,control,0,0,0.0,-0.2
control-5154,control,0,0,0.0,-0.2
control-5155,control,0,0,0.0,-0.2
control-5156,control,0,0,0.0,-0.2
control-5157,control,0,0,0.0,-0.2
control-5158,control,0,0,0.0,-0.2
control-5159,control,0,0,0.0,-0.2
control-5160,control,1,0,60.0,17.8
control-5161,control,0,0,0.0,-0.2
control-5162,control,0,0,0.0,-0.2
control-5163,control,0,0,0.0,-0.2
control-5164,control,0,0,0.0,-0.2
control-5165,control,0,0,0.0,-0.2
control-5166,control,0,0,0.0,-0.2
control-5167,control,0,0,0.0,-0.2
control-5168,control,0,0,0.0,-0.2
control-5169,control,0,0,0.0,-0.2
control-5170,control,0,0,0.0,-0.2
control-5171,control,0,0,0.0,-0.2
control-5172,control,0,0,0.0,-0.2
control-5173,control,0,0,0.0,-0.2
control-5174,control,0,0,0.0,-0.2
control-5175,control,0,0,0.0,-0.2
control-5176,control,0,0,0.0,-0.2
control-5177,control,0,0,0.0,-0.2
control-5178,control,0,0,0.0,-0.2
control-5179,control,0,0,0.0,-0.2
control-5180,control,0,0,0.0,-0.2
control-5181,control,0,0,0.0,-0.2
control-5182,control,0,0,0.0,-0.2
control-5183,control,0,0,0.0,-0.2
control-5184,control,0,0,0.0,-0.2
control-5185,control,0,0,0.0,-0.2
control-5186,control,0,0,0.0,-0.2
control-5187,control,0,0,0.0,-0.2
control-5188,control,0,0,0.0,-0.2
control-5189,control,0,0,0.0,-0.2
control-5190,control,0,0,0.0,-0.2
control-5191,control,0,0,0.0,-0.2
control-5192,control,0,0,0.0,-0.2
control-5193,control,0,0,0.0,-0.2
control-5194,control,0,0,0.0,-0.2
control-5195,control,1,0,40.0,11.8
control-5196,control,0,0,0.0,-0.2
control-5197,control,0,0,0.0,-0.2
control-5198,control,0,0,0.0,-0.2
control-5199,control,0,0,0.0,-0.2
control-5200,control,0,0,0.0,-0.2
control-5201,control,0,0,0.0,-0.2
control-5202,control,0,0,0.0,-0.2
control-5203,control,0,0,0.0,-0.2
control-5204,control,0,0,0.0,-0.2
control-5205,control,0,0,0.0,-0.2
control-5206,control,0,0,0.0,-0.2
control-5207,control,0,0,0.0,-0.2
control-5208,control,0,0,0.0,-0.2
control-5209,control,0,0,0.0,-0.2
control-5210,control,0,0,0.0,-0.2
control-5211,control,0,0,0.0,-0.2
control-5212,control,1,0,40.0,11.8
control-5213,control,0,0,0.0,-0.2
control-5214,control,0,0,0.0,-0.2
control-5215,control,0,0,0.0,-0.2
control-5216,control,0,0,0.0,-0.2
control-5217,control,0,0,0.0,-0.2
control-5218,control,0,0,0.0,-0.2
control-5219,control,0,0,0.0,-0.2
control-5220,control,0,0,0.0,-0.2
control-5221,control,0,0,0.0,-0.2
control-5222,control,0,0,0.0,-0.2
control-5223,control,0,0,0.0,-0.2
control-5224,control,0,0,0.0,-0.2
control-5225,control,0,0,0.0,-0.2
control-5226,control,0,0,0.0,-0.2
control-5227,control,0,0,0.0,-0.2
control-5228,control,0,0,0.0,-0.2
control-5229,control,0,0,0.0,-0.2
control-5230,control,0,0,0.0,-0.2
control-5231,control,0,0,0.0,-0.2
control-5232,control,0,0,0.0,-0.2
control-5233,control,0,0,0.0,-0.2
control-5234,control,0,0,0.0,-0.2
control-5235,control,0,0,0.0,-0.2
control-5236,control,0,0,0.0,-0.2
control-5237,control,0,0,0.0,-0.2
control-5238,control,0,0,0.0,-0.2
control-5239,control,0,0,0.0,-0.2
control-5240,control,0,0,0.0,-0.2
control-5241,control,0,0,0.0,-0.2
control-5242,control,0,0,0.0,-0.2
control-5243,control,0,0,0.0,-0.2
control-5244,control,0,0,0.0,-0.2
control-5245,control,0,0,0.0,-0.2
control-5246,control,0,0,0.0,-0.2
control-5247,control,0,0,0.0,-0.2
control-5248,control,0,0,0.0,-0.2
control-5249,control,0,0,0.0,-0.2
control-5250,control,0,0,0.0,-0.2
control-5251,control,0,0,0.0,-0.2
control-5252,control,0,0,0.0,-0.2
control-5253,control,0,0,0.0,-0.2
control-5254,control,0,0,0.0,-0.2
control-5255,control,0,0,0.0,-0.2
control-5256,control,0,0,0.0,-0.2
control-5257,control,0,0,0.0,-0.2
control-5258,control,0,0,0.0,-0.2
control-5259,control,0,0,0.0,-0.2
control-5260,control,0,0,0.0,-0.2
control-5261,control,0,0,0.0,-0.2
control-5262,control,0,0,0.0,-0.2
control-5263,control,0,0,0.0,-0.2
control-5264,control,0,0,0.0,-0.2
control-5265,control,0,0,0.0,-0.2
control-5266,control,0,0,0.0,-0.2
control-5267,control,0,0,0.0,-0.2
control-5268,control,0,0,0.0,-0.2
control-5269,control,0,0,0.0,-0.2
control-5270,control,1,0,40.0,11.8
control-5271,control,0,0,0.0,-0.2
control-5272,control,0,0,0.0,-0.2
control-5273,control,0,0,0.0,-0.2
control-5274,control,0,0,0.0,-0.2
control-5275,control,0,0,0.0,-0.2
control-5276,control,0,0,0.0,-0.2
control-5277,control,0,0,0.0,-0.2
control-5278,control,0,0,0.0,-0.2
control-5279,control,0,0,0.0,-0.2
control-5280,control,1,0,40.0,11.8
control-5281,control,0,0,0.0,-0.2
control-5282,control,1,0,40.0,11.8
control-5283,control,0,0,0.0,-0.2
control-5284,control,0,0,0.0,-0.2
control-5285,control,0,0,0.0,-0.2
control-5286,control,0,0,0.0,-0.2
control-5287,control,0,0,0.0,-0.2
control-5288,control,0,0,0.0,-0.2
control-5289,control,0,0,0.0,-0.2
control-5290,control,0,0,0.0,-0.2
control-5291,control,0,0,0.0,-0.2
control-5292,control,0,0,0.0,-0.2
control-5293,control,0,0,0.0,-0.2
control-5294,control,0,0,0.0,-0.2
control-5295,control,0,0,0.0,-0.2
control-5296,control,1,0,20.0,5.8
control-5297,control,0,0,0.0,-0.2
control-5298,control,0,0,0.0,-0.2
control-5299,control,0,0,0.0,-0.2
control-5300,control,0,0,0.0,-0.2
control-5301,control,0,0,0.0,-0.2
control-5302,control,0,0,0.0,-0.2
control-5303,control,0,0,0.0,-0.2
control-5304,control,0,0,0.0,-0.2
control-5305,control,0,0,0.0,-0.2
control-5306,control,1,0,40.0,11.8
control-5307,control,0,0,0.0,-0.2
control-5308,control,0,0,0.0,-0.2
control-5309,control,0,0,0.0,-0.2
control-5310,control,0,0,0.0,-0.2
control-5311,control,0,0,0.0,-0.2
control-5312,control,0,0,0.0,-0.2
control-5313,control,0,0,0.0,-0.2
control-5314,control,0,0,0.0,-0.2
control-5315,control,0,0,0.0,-0.2
control-5316,control,0,0,0.0,-0.2
control-5317,control,0,0,0.0,-0.2
control-5318,control,0,0,0.0,-0.2
control-5319,control,0,0,0.0,-0.2
control-5320,control,0,0,0.0,-0.2
control-5321,control,0,0,0.0,-0.2
control-5322,control,0,0,0.0,-0.2
control-5323,control,0,0,0.0,-0.2
control-5324,control,0,0,0.0,-0.2
control-5325,control,0,0,0.0,-0.2
control-5326,control,0,0,0.0,-0.2
control-5327,control,0,0,0.0,-0.2
control-5328,control,0,0,0.0,-0.2
control-5329,control,0,0,0.0,-0.2
control-5330,control,0,0,0.0,-0.2
control-5331,control,0,0,0.0,-0.2
control-5332,control,0,0,0.0,-0.2
control-5333,control,0,0,0.0,-0.2
control-5334,control,0,0,0.0,-0.2
control-5335,control,0,0,0.0,-0.2
control-5336,control,0,0,0.0,-0.2
control-5337,control,0,0,0.0,-0.2
control-5338,control,0,0,0.0,-0.2
control-5339,control,0,0,0.0,-0.2
control-5340,control,0,0,0.0,-0.2
control-5341,control,0,0,0.0,-0.2
control-5342,control,0,0,0.0,-0.2
control-5343,control,0,0,0.0,-0.2
control-5344,control,0,0,0.0,-0.2
control-5345,control,0,0,0.0,-0.2
control-5346,control,0,0,0.0,-0.2
control-5347,control,0,0,0.0,-0.2
control-5348,control,0,0,0.0,-0.2
control-5349,control,0,0,0.0,-0.2
control-5350,control,0,0,0.0,-0.2
control-5351,control,0,0,0.0,-0.2
control-5352,control,0,0,0.0,-0.2
control-5353,control,0,0,0.0,-0.2
control-5354,control,0,0,0.0,-0.2
control-5355,control,0,0,0.0,-0.2
control-5356,control,0,0,0.0,-0.2
control-5357,control,0,0,0.0,-0.2
control-5358,control,0,0,0.0,-0.2
control-5359,control,0,0,0.0,-0.2
control-5360,control,0,0,0.0,-0.2
control-5361,control,0,0,0.0,-0.2
control-5362,control,0,0,0.0,-0.2
control-5363,control,0,0,0.0,-0.2
control-5364,control,0,0,0.0,-0.2
control-5365,control,1,0,20.0,5.8
control-5366,control,0,0,0.0,-0.2
control-5367,control,0,0,0.0,-0.2
control-5368,control,0,0,0.0,-0.2
control-5369,control,0,0,0.0,-0.2
control-5370,control,0,0,0.0,-0.2
control-5371,control,1,0,40.0,11.8
control-5372,control,0,0,0.0,-0.2
control-5373,control,0,0,0.0,-0.2
control-5374,control,0,0,0.0,-0.2
control-5375,control,0,0,0.0,-0.2
control-5376,control,0,0,0.0,-0.2
control-5377,control,0,0,0.0,-0.2
control-5378,control,0,0,0.0,-0.2
control-5379,control,0,0,0.0,-0.2
control-5380,control,0,0,0.0,-0.2
control-5381,control,0,0,0.0,-0.2
control-5382,control,0,0,0.0,-0.2
control-5383,control,0,0,0.0,-0.2
control-5384,control,0,0,0.0,-0.2
control-5385,control,0,0,0.0,-0.2
control-5386,control,0,0,0.0,-0.2
control-5387,control,0,0,0.0,-0.2
control-5388,control,0,0,0.0,-0.2
control-5389,control,0,0,0.0,-0.2
control-5390,control,0,0,0.0,-0.2
control-5391,control,0,0,0.0,-0.2
control-5392,control,1,0,20.0,5.8
control-5393,control,0,0,0.0,-0.2
control-5394,control,0,0,0.0,-0.2
control-5395,control,0,0,0.0,-0.2
control-5396,control,0,0,0.0,-0.2
control-5397,control,0,0,0.0,-0.2
control-5398,control,0,0,0.0,-0.2
control-5399,control,0,0,0.0,-0.2
control-5400,control,0,0,0.0,-0.2
control-5401,control,0,0,0.0,-0.2
control-5402,control,0,0,0.0,-0.2
control-5403,control,0,0,0.0,-0.2
control-5404,control,0,0,0.0,-0.2
control-5405,control,0,0,0.0,-0.2
control-5406,control,0,0,0.0,-0.2
control-5407,control,0,0,0.0,-0.2
control-5408,control,0,0,0.0,-0.2
control-5409,control,0,0,0.0,-0.2
control-5410,control,0,0,0.0,-0.2
control-5411,control,0,0,0.0,-0.2
control-5412,control,0,0,0.0,-0.2
control-5413,control,0,0,0.0,-0.2
control-5414,control,0,0,0.0,-0.2
control-5415,control,0,0,0.0,-0.2
control-5416,control,0,0,0.0,-0.2
control-5417,control,1,0,40.0,11.8
control-5418,control,0,0,0.0,-0.2
control-5419,control,0,0,0.0,-0.2
control-5420,control,0,0,0.0,-0.2
control-5421,control,0,0,0.0,-0.2
control-5422,control,0,0,0.0,-0.2
control-5423,control,0,0,0.0,-0.2
control-5424,control,0,0,0.0,-0.2
control-5425,control,0,0,0.0,-0.2
control-5426,control,1,0,40.0,11.8
control-5427,control,0,0,0.0,-0.2
control-5428,control,0,0,0.0,-0.2
control-5429,control,0,0,0.0,-0.2
control-5430,control,0,0,0.0,-0.2
control-5431,control,0,0,0.0,-0.2
control-5432,control,0,0,0.0,-0.2
control-5433,control,0,0,0.0,-0.2
control-5434,control,0,0,0.0,-0.2
control-5435,control,0,0,0.0,-0.2
control-5436,control,0,0,0.0,-0.2
control-5437,control,0,0,0.0,-0.2
control-5438,control,0,0,0.0,-0.2
control-5439,control,0,0,0.0,-0.2
control-5440,control,0,0,0.0,-0.2
control-5441,control,0,0,0.0,-0.2
control-5442,control,0,0,0.0,-0.2
control-5443,control,0,0,0.0,-0.2
control-5444,control,1,0,60.0,17.8
control-5445,control,0,0,0.0,-0.2
control-5446,control,0,0,0.0,-0.2
control-5447,control,0,0,0.0,-0.2
control-5448,control,0,0,0.0,-0.2
control-5449,control,0,0,0.0,-0.2
control-5450,control,0,0,0.0,-0.2
control-5451,control,0,0,0.0,-0.2
control-5452,control,0,0,0.0,-0.2
control-5453,control,0,0,0.0,-0.2
control-5454,control,0,0,0.0,-0.2
control-5455,control,0,0,0.0,-0.2
control-5456,control,0,0,0.0,-0.2
control-5457,control,0,0,0.0,-0.2
control-5458,control,0,0,0.0,-0.2
control-5459,control,0,0,0.0,-0.2
control-5460,control,0,0,0.0,-0.2
control-5461,control,0,0,0.0,-0.2
control-5462,control,0,0,0.0,-0.2
control-5463,control,0,0,0.0,-0.2
control-5464,control,0,0,0.0,-0.2
control-5465,control,0,0,0.0,-0.2
control-5466,control,0,0,0.0,-0.2
control-5467,control,0,0,0.0,-0.2
control-5468,control,0,0,0.0,-0.2
control-5469,control,0,0,0.0,-0.2
control-5470,control,0,0,0.0,-0.2
control-5471,control,0,0,0.0,-0.2
control-5472,control,0,0,0.0,-0.2
control-5473,control,0,0,0.0,-0.2
control-5474,control,0,0,0.0,-0.2
control-5475,control,0,0,0.0,-0.2
control-5476,control,0,0,0.0,-0.2
control-5477,control,0,0,0.0,-0.2
control-5478,control,0,0,0.0,-0.2
control-5479,control,1,0,60.0,17.8
control-5480,control,0,0,0.0,-0.2
control-5481,control,0,0,0.0,-0.2
control-5482,control,0,0,0.0,-0.2
control-5483,control,0,0,0.0,-0.2
control-5484,control,0,0,0.0,-0.2
control-5485,control,0,0,0.0,-0.2
control-5486,control,0,0,0.0,-0.2
control-5487,control,0,0,0.0,-0.2
control-5488,control,0,0,0.0,-0.2
control-5489,control,0,0,0.0,-0.2
control-5490,control,0,0,0.0,-0.2
control-5491,control,0,0,0.0,-0.2
control-5492,control,0,0,0.0,-0.2
control-5493,control,0,0,0.0,-0.2
control-5494,control,0,0,0.0,-0.2
control-5495,control,0,0,0.0,-0.2
control-5496,control,1,0,60.0,17.8
control-5497,control,0,0,0.0,-0.2
control-5498,control,0,0,0.0,-0.2
control-5499,control,0,0,0.0,-0.2
control-5500,control,0,0,0.0,-0.2
control-5501,control,0,0,0.0,-0.2
control-5502,control,0,0,0.0,-0.2
control-5503,control,0,0,0.0,-0.2
control-5504,control,0,0,0.0,-0.2
control-5505,control,0,0,0.0,-0.2
control-5506,control,0,0,0.0,-0.2
control-5507,control,0,0,0.0,-0.2
control-5508,control,0,0,0.0,-0.2
control-5509,control,0,0,0.0,-0.2
control-5510,control,0,0,0.0,-0.2
control-5511,control,0,0,0.0,-0.2
control-5512,control,0,0,0.0,-0.2
control-5513,control,0,0,0.0,-0.2
control-5514,control,0,0,0.0,-0.2
control-5515,control,1,0,20.0,5.8
control-5516,control,0,0,0.0,-0.2
control-5517,control,0,0,0.0,-0.2
control-5518,control,0,0,0.0,-0.2
control-5519,control,0,0,0.0,-0.2
control-5520,control,0,0,0.0,-0.2
control-5521,control,0,0,0.0,-0.2
control-5522,control,0,0,0.0,-0.2
control-5523,control,0,0,0.0,-0.2
control-5524,control,0,0,0.0,-0.2
control-5525,control,0,0,0.0,-0.2
control-5526,control,0,0,0.0,-0.2
control-5527,control,0,0,0.0,-0.2
control-5528,control,1,0,60.0,17.8
control-5529,control,0,0,0.0,-0.2
control-5530,control,0,0,0.0,-0.2
control-5531,control,0,0,0.0,-0.2
control-5532,control,0,0,0.0,-0.2
control-5533,control,0,0,0.0,-0.2
control-5534,control,0,0,0.0,-0.2
control-5535,control,0,0,0.0,-0.2
control-5536,control,0,0,0.0,-0.2
control-5537,control,0,0,0.0,-0.2
control-5538,control,0,0,0.0,-0.2
control-5539,control,0,0,0.0,-0.2
control-5540,control,1,0,40.0,11.8
control-5541,control,0,0,0.0,-0.2
control-5542,control,0,0,0.0,-0.2
control-5543,control,0,0,0.0,-0.2
control-5544,control,0,0,0.0,-0.2
control-5545,control,0,0,0.0,-0.2
control-5546,control,1,0,20.0,5.8
control-5547,control,0,0,0.0,-0.2
control-5548,control,0,0,0.0,-0.2
control-5549,control,0,0,0.0,-0.2
control-5550,control,0,0,0.0,-0.2
control-5551,control,0,0,0.0,-0.2
control-5552,control,0,0,0.0,-0.2
control-5553,control,0,0,0.0,-0.2
control-5554,control,0,0,0.0,-0.2
control-5555,control,0,0,0.0,-0.2
control-5556,control,0,0,0.0,-0.2
control-5557,control,0,0,0.0,-0.2
control-5558,control,0,0,0.0,-0.2
control-5559,control,0,0,0.0,-0.2
control-5560,control,0,0,0.0,-0.2
control-5561,control,0,0,0.0,-0.2
control-5562,control,0,0,0.0,-0.2
control-5563,control,0,0,0.0,-0.2
control-5564,control,0,0,0.0,-0.2
control-5565,control,0,0,0.0,-0.2
control-5566,control,0,0,0.0,-0.2
control-5567,control,0,0,0.0,-0.2
control-5568,control,0,0,0.0,-0.2
control-5569,control,0,0,0.0,-0.2
control-5570,control,0,0,0.0,-0.2
control-5571,control,0,0,0.0,-0.2
control-5572,control,0,0,0.0,-0.2
control-5573,control,0,0,0.0,-0.2
control-5574,control,0,0,0.0,-0.2
control-5575,control,0,0,0.0,-0.2
control-5576,control,1,0,40.0,11.8
control-5577,control,0,0,0.0,-0.2
control-5578,control,0,0,0.0,-0.2
control-5579,control,0,0,0.0,-0.2
control-5580,control,0,0,0.0,-0.2
control-5581,control,0,0,0.0,-0.2
control-5582,control,0,0,0.0,-0.2
control-5583,control,0,0,0.0,-0.2
control-5584,control,0,0,0.0,-0.2
control-5585,control,1,0,40.0,11.8
control-5586,control,0,0,0.0,-0.2
control-5587,control,0,0,0.0,-0.2
control-5588,control,0,0,0.0,-0.2
control-5589,control,0,0,0.0,-0.2
control-5590,control,0,0,0.0,-0.2
control-5591,control,0,0,0.0,-0.2
control-5592,control,0,0,0.0,-0.2
control-5593,control,0,0,0.0,-0.2
control-5594,control,0,0,0.0,-0.2
control-5595,control,0,0,0.0,-0.2
control-5596,control,0,0,0.0,-0.2
control-5597,control,0,0,0.0,-0.2
control-5598,control,0,0,0.0,-0.2
control-5599,control,0,0,0.0,-0.2
control-5600,control,0,0,0.0,-0.2
control-5601,control,0,0,0.0,-0.2
control-5602,control,0,0,0.0,-0.2
control-5603,control,0,0,0.0,-0.2
control-5604,control,0,0,0.0,-0.2
control-5605,control,0,0,0.0,-0.2
control-5606,control,0,0,0.0,-0.2
control-5607,control,0,0,0.0,-0.2
control-5608,control,0,0,0.0,-0.2
control-5609,control,0,0,0.0,-0.2
control-5610,control,0,0,0.0,-0.2
control-5611,control,0,0,0.0,-0.2
control-5612,control,0,0,0.0,-0.2
control-5613,control,0,0,0.0,-0.2
control-5614,control,0,0,0.0,-0.2
control-5615,control,0,0,0.0,-0.2
control-5616,control,0,0,0.0,-0.2
control-5617,control,0,0,0.0,-0.2
control-5618,control,0,0,0.0,-0.2
control-5619,control,0,0,0.0,-0.2
control-5620,control,0,0,0.0,-0.2
control-5621,control,0,0,0.0,-0.2
control-5622,control,0,0,0.0,-0.2
control-5623,control,0,0,0.0,-0.2
control-5624,control,0,0,0.0,-0.2
control-5625,control,0,0,0.0,-0.2
control-5626,control,0,0,0.0,-0.2
control-5627,control,0,0,0.0,-0.2
control-5628,control,0,0,0.0,-0.2
control-5629,control,0,0,0.0,-0.2
control-5630,control,0,0,0.0,-0.2
control-5631,control,0,0,0.0,-0.2
control-5632,control,0,0,0.0,-0.2
control-5633,control,0,0,0.0,-0.2
control-5634,control,0,0,0.0,-0.2
control-5635,control,0,0,0.0,-0.2
control-5636,control,0,0,0.0,-0.2
control-5637,control,0,0,0.0,-0.2
control-5638,control,0,0,0.0,-0.2
control-5639,control,0,0,0.0,-0.2
control-5640,control,0,0,0.0,-0.2
control-5641,control,0,0,0.0,-0.2
control-5642,control,0,0,0.0,-0.2
control-5643,control,0,0,0.0,-0.2
control-5644,control,0,0,0.0,-0.2
control-5645,control,0,0,0.0,-0.2
control-5646,control,0,0,0.0,-0.2
control-5647,control,0,0,0.0,-0.2
control-5648,control,0,0,0.0,-0.2
control-5649,control,0,0,0.0,-0.2
control-5650,control,0,0,0.0,-0.2
control-5651,control,0,0,0.0,-0.2
control-5652,control,0,0,0.0,-0.2
control-5653,control,0,0,0.0,-0.2
control-5654,control,0,0,0.0,-0.2
control-5655,control,0,0,0.0,-0.2
control-5656,control,0,0,0.0,-0.2
control-5657,control,0,0,0.0,-0.2
control-5658,control,0,0,0.0,-0.2
control-5659,control,0,0,0.0,-0.2
control-5660,control,0,0,0.0,-0.2
control-5661,control,0,0,0.0,-0.2
control-5662,control,0,0,0.0,-0.2
control-5663,control,0,0,0.0,-0.2
control-5664,control,0,0,0.0,-0.2
control-5665,control,0,0,0.0,-0.2
control-5666,control,0,0,0.0,-0.2
control-5667,control,0,0,0.0,-0.2
control-5668,control,0,0,0.0,-0.2
control-5669,control,0,0,0.0,-0.2
control-5670,control,0,0,0.0,-0.2
control-5671,control,0,0,0.0,-0.2
control-5672,control,0,0,0.0,-0.2
control-5673,control,0,0,0.0,-0.2
control-5674,control,0,0,0.0,-0.2
control-5675,control,0,0,0.0,-0.2
control-5676,control,0,0,0.0,-0.2
control-5677,control,0,0,0.0,-0.2
control-5678,control,0,0,0.0,-0.2
control-5679,control,0,0,0.0,-0.2
control-5680,control,0,0,0.0,-0.2
control-5681,control,0,0,0.0,-0.2
control-5682,control,0,0,0.0,-0.2
control-5683,control,0,0,0.0,-0.2
control-5684,control,0,0,0.0,-0.2
control-5685,control,0,0,0.0,-0.2
control-5686,control,0,0,0.0,-0.2
control-5687,control,0,0,0.0,-0.2
control-5688,control,0,0,0.0,-0.2
control-5689,control,0,0,0.0,-0.2
control-5690,control,0,0,0.0,-0.2
control-5691,control,0,0,0.0,-0.2
control-5692,control,0,0,0.0,-0.2
control-5693,control,0,0,0.0,-0.2
control-5694,control,0,0,0.0,-0.2
control-5695,control,0,0,0.0,-0.2
control-5696,control,0,0,0.0,-0.2
control-5697,control,0,0,0.0,-0.2
control-5698,control,0,0,0.0,-0.2
control-5699,control,0,0,0.0,-0.2
control-5700,control,0,0,0.0,-0.2
control-5701,control,0,0,0.0,-0.2
control-5702,control,0,0,0.0,-0.2
control-5703,control,0,0,0.0,-0.2
control-5704,control,0,0,0.0,-0.2
control-5705,control,0,0,0.0,-0.2
control-5706,control,0,0,0.0,-0.2
control-5707,control,0,0,0.0,-0.2
control-5708,control,0,0,0.0,-0.2
control-5709,control,0,0,0.0,-0.2
control-5710,control,0,0,0.0,-0.2
control-5711,control,0,0,0.0,-0.2
control-5712,control,1,0,20.0,5.8
control-5713,control,0,0,0.0,-0.2
control-5714,control,0,0,0.0,-0.2
control-5715,control,0,0,0.0,-0.2
control-5716,control,0,0,0.0,-0.2
control-5717,control,1,0,60.0,17.8
control-5718,control,0,0,0.0,-0.2
control-5719,control,0,0,0.0,-0.2
control-5720,control,0,0,0.0,-0.2
control-5721,control,0,0,0.0,-0.2
control-5722,control,0,0,0.0,-0.2
control-5723,control,0,0,0.0,-0.2
control-5724,control,0,0,0.0,-0.2
control-5725,control,0,0,0.0,-0.2
control-5726,control,0,0,0.0,-0.2
control-5727,control,0,0,0.0,-0.2
control-5728,control,0,0,0.0,-0.2
control-5729,control,0,0,0.0,-0.2
control-5730,control,0,0,0.0,-0.2
control-5731,control,0,0,0.0,-0.2
control-5732,control,0,0,0.0,-0.2
control-5733,control,0,0,0.0,-0.2
control-5734,control,0,0,0.0,-0.2
control-5735,control,1,0,60.0,17.8
control-5736,control,0,0,0.0,-0.2
control-5737,control,0,0,0.0,-0.2
control-5738,control,0,0,0.0,-0.2
control-5739,control,0,0,0.0,-0.2
control-5740,control,0,0,0.0,-0.2
control-5741,control,0,0,0.0,-0.2
control-5742,control,0,0,0.0,-0.2
control-5743,control,0,0,0.0,-0.2
control-5744,control,0,0,0.0,-0.2
control-5745,control,0,0,0.0,-0.2
control-5746,control,0,0,0.0,-0.2
control-5747,control,1,0,60.0,17.8
control-5748,control,1,0,40.0,11.8
control-5749,control,1,0,40.0,11.8
control-5750,control,0,0,0.0,-0.2
control-5751,control,0,0,0.0,-0.2
control-5752,control,0,0,0.0,-0.2
control-5753,control,0,0,0.0,-0.2
control-5754,control,0,0,0.0,-0.2
control-5755,control,0,0,0.0,-0.2
control-5756,control,0,0,0.0,-0.2
control-5757,control,0,0,0.0,-0.2
control-5758,control,0,0,0.0,-0.2
control-5759,control,0,0,0.0,-0.2
control-5760,control,0,0,0.0,-0.2
control-5761,control,0,0,0.0,-0.2
control-5762,control,0,0,0.0,-0.2
control-5763,control,0,0,0.0,-0.2
control-5764,control,0,0,0.0,-0.2
control-5765,control,0,0,0.0,-0.2
control-5766,control,0,0,0.0,-0.2
control-5767,control,0,0,0.0,-0.2
control-5768,control,0,0,0.0,-0.2
control-5769,control,0,0,0.0,-0.2
control-5770,control,0,0,0.0,-0.2
control-5771,control,0,0,0.0,-0.2
control-5772,control,0,0,0.0,-0.2
control-5773,control,0,0,0.0,-0.2
control-5774,control,0,0,0.0,-0.2
control-5775,control,0,0,0.0,-0.2
control-5776,control,0,0,0.0,-0.2
control-5777,control,0,0,0.0,-0.2
control-5778,control,0,0,0.0,-0.2
control-5779,control,0,0,0.0,-0.2
control-5780,control,1,0,60.0,17.8
control-5781,control,1,0,60.0,17.8
control-5782,control,0,0,0.0,-0.2
control-5783,control,0,0,0.0,-0.2
control-5784,control,0,0,0.0,-0.2
control-5785,control,0,0,0.0,-0.2
control-5786,control,0,0,0.0,-0.2
control-5787,control,0,0,0.0,-0.2
control-5788,control,0,0,0.0,-0.2
control-5789,control,0,0,0.0,-0.2
control-5790,control,0,0,0.0,-0.2
control-5791,control,0,0,0.0,-0.2
control-5792,control,0,0,0.0,-0.2
control-5793,control,0,0,0.0,-0.2
control-5794,control,0,0,0.0,-0.2
control-5795,control,0,0,0.0,-0.2
control-5796,control,0,0,0.0,-0.2
control-5797,control,0,0,0.0,-0.2
control-5798,control,0,0,0.0,-0.2
control-5799,control,0,0,0.0,-0.2
control-5800,control,0,0,0.0,-0.2
control-5801,control,0,0,0.0,-0.2
control-5802,control,0,0,0.0,-0.2
control-5803,control,0,0,0.0,-0.2
control-5804,control,0,0,0.0,-0.2
control-5805,control,0,0,0.0,-0.2
control-5806,control,0,0,0.0,-0.2
control-5807,control,0,0,0.0,-0.2
control-5808,control,0,0,0.0,-0.2
control-5809,control,0,0,0.0,-0.2
control-5810,control,0,0,0.0,-0.2
control-5811,control,0,0,0.0,-0.2
control-5812,control,0,0,0.0,-0.2
control-5813,control,0,0,0.0,-0.2
control-5814,control,0,0,0.0,-0.2
control-5815,control,0,0,0.0,-0.2
control-5816,control,0,0,0.0,-0.2
control-5817,control,0,0,0.0,-0.2
control-5818,control,0,0,0.0,-0.2
control-5819,control,0,0,0.0,-0.2
control-5820,control,0,0,0.0,-0.2
control-5821,control,0,0,0.0,-0.2
control-5822,control,0,0,0.0,-0.2
control-5823,control,0,0,0.0,-0.2
control-5824,control,0,0,0.0,-0.2
control-5825,control,0,0,0.0,-0.2
control-5826,control,0,0,0.0,-0.2
control-5827,control,0,0,0.0,-0.2
control-5828,control,0,0,0.0,-0.2
control-5829,control,0,0,0.0,-0.2
control-5830,control,0,0,0.0,-0.2
control-5831,control,0,0,0.0,-0.2
control-5832,control,0,0,0.0,-0.2
control-5833,control,0,0,0.0,-0.2
control-5834,control,0,0,0.0,-0.2
control-5835,control,0,0,0.0,-0.2
control-5836,control,0,0,0.0,-0.2
control-5837,control,0,0,0.0,-0.2
control-5838,control,0,0,0.0,-0.2
control-5839,control,0,0,0.0,-0.2
control-5840,control,0,0,0.0,-0.2
control-5841,control,0,0,0.0,-0.2
control-5842,control,0,0,0.0,-0.2
control-5843,control,0,0,0.0,-0.2
control-5844,control,0,0,0.0,-0.2
control-5845,control,0,0,0.0,-0.2
control-5846,control,0,0,0.0,-0.2
control-5847,control,0,0,0.0,-0.2
control-5848,control,0,0,0.0,-0.2
control-5849,control,0,0,0.0,-0.2
control-5850,control,1,0,40.0,11.8
control-5851,control,0,0,0.0,-0.2
control-5852,control,0,0,0.0,-0.2
control-5853,control,0,0,0.0,-0.2
control-5854,control,0,0,0.0,-0.2
control-5855,control,0,0,0.0,-0.2
control-5856,control,0,0,0.0,-0.2
control-5857,control,0,0,0.0,-0.2
control-5858,control,0,0,0.0,-0.2
control-5859,control,0,0,0.0,-0.2
control-5860,control,0,0,0.0,-0.2
control-5861,control,0,0,0.0,-0.2
control-5862,control,0,0,0.0,-0.2
control-5863,control,0,0,0.0,-0.2
control-5864,control,0,0,0.0,-0.2
control-5865,control,0,0,0.0,-0.2
control-5866,control,0,0,0.0,-0.2
control-5867,control,0,0,0.0,-0.2
control-5868,control,0,0,0.0,-0.2
control-5869,control,0,0,0.0,-0.2
control-5870,control,0,0,0.0,-0.2
control-5871,control,0,0,0.0,-0.2
control-5872,control,0,0,0.0,-0.2
control-5873,control,0,0,0.0,-0.2
control-5874,control,0,0,0.0,-0.2
control-5875,control,0,0,0.0,-0.2
control-5876,control,0,0,0.0,-0.2
control-5877,control,0,0,0.0,-0.2
control-5878,control,0,0,0.0,-0.2
control-5879,control,0,0,0.0,-0.2
control-5880,control,0,0,0.0,-0.2
control-5881,control,0,0,0.0,-0.2
control-5882,control,0,0,0.0,-0.2
control-5883,control,1,0,40.0,11.8
control-5884,control,0,0,0.0,-0.2
control-5885,control,0,0,0.0,-0.2
control-5886,control,0,0,0.0,-0.2
control-5887,control,0,0,0.0,-0.2
control-5888,control,0,0,0.0,-0.2
control-5889,control,0,0,0.0,-0.2
control-5890,control,1,0,40.0,11.8
control-5891,control,0,0,0.0,-0.2
control-5892,control,0,0,0.0,-0.2
control-5893,control,0,0,0.0,-0.2
control-5894,control,0,0,0.0,-0.2
control-5895,control,0,0,0.0,-0.2
control-5896,control,0,0,0.0,-0.2
control-5897,control,0,0,0.0,-0.2
control-5898,control,0,0,0.0,-0.2
control-5899,control,0,0,0.0,-0.2
control-5900,control,0,0,0.0,-0.2
control-5901,control,0,0,0.0,-0.2
control-5902,control,0,0,0.0,-0.2
control-5903,control,0,0,0.0,-0.2
control-5904,control,0,0,0.0,-0.2
control-5905,control,0,0,0.0,-0.2
control-5906,control,0,0,0.0,-0.2
control-5907,control,0,0,0.0,-0.2
control-5908,control,0,0,0.0,-0.2
control-5909,control,0,0,0.0,-0.2
control-5910,control,1,0,60.0,17.8
control-5911,control,0,0,0.0,-0.2
control-5912,control,0,0,0.0,-0.2
control-5913,control,0,0,0.0,-0.2
control-5914,control,0,0,0.0,-0.2
control-5915,control,0,0,0.0,-0.2
control-5916,control,0,0,0.0,-0.2
control-5917,control,0,0,0.0,-0.2
control-5918,control,0,0,0.0,-0.2
control-5919,control,0,0,0.0,-0.2
control-5920,control,0,0,0.0,-0.2
control-5921,control,0,0,0.0,-0.2
control-5922,control,0,0,0.0,-0.2
control-5923,control,0,0,0.0,-0.2
control-5924,control,0,0,0.0,-0.2
control-5925,control,0,0,0.0,-0.2
control-5926,control,0,0,0.0,-0.2
control-5927,control,0,0,0.0,-0.2
control-5928,control,0,0,0.0,-0.2
control-5929,control,0,0,0.0,-0.2
control-5930,control,1,0,40.0,11.8
control-5931,control,0,0,0.0,-0.2
control-5932,control,0,0,0.0,-0.2
control-5933,control,0,0,0.0,-0.2
control-5934,control,0,0,0.0,-0.2
control-5935,control,0,0,0.0,-0.2
control-5936,control,0,0,0.0,-0.2
control-5937,control,0,0,0.0,-0.2
control-5938,control,0,0,0.0,-0.2
control-5939,control,0,0,0.0,-0.2
control-5940,control,0,0,0.0,-0.2
control-5941,control,0,0,0.0,-0.2
control-5942,control,0,0,0.0,-0.2
control-5943,control,0,0,0.0,-0.2
control-5944,control,0,0,0.0,-0.2
control-5945,control,0,0,0.0,-0.2
control-5946,control,0,0,0.0,-0.2
control-5947,control,0,0,0.0,-0.2
control-5948,control,0,0,0.0,-0.2
control-5949,control,0,0,0.0,-0.2
control-5950,control,0,0,0.0,-0.2
control-5951,control,0,0,0.0,-0.2
control-5952,control,0,0,0.0,-0.2
control-5953,control,0,0,0.0,-0.2
control-5954,control,0,0,0.0,-0.2
control-5955,control,0,0,0.0,-0.2
control-5956,control,0,0,0.0,-0.2
control-5957,control,0,0,0.0,-0.2
control-5958,control,0,0,0.0,-0.2
control-5959,control,0,0,0.0,-0.2
control-5960,control,0,0,0.0,-0.2
control-5961,control,0,0,0.0,-0.2
control-5962,control,0,0,0.0,-0.2
control-5963,control,0,0,0.0,-0.2
control-5964,control,0,0,0.0,-0.2
control-5965,control,0,0,0.0,-0.2
control-5966,control,0,0,0.0,-0.2
control-5967,control,0,0,0.0,-0.2
control-5968,control,0,0,0.0,-0.2
control-5969,control,0,0,0.0,-0.2
control-5970,control,0,0,0.0,-0.2
control-5971,control,0,0,0.0,-0.2
control-5972,control,0,0,0.0,-0.2
control-5973,control,1,0,60.0,17.8
control-5974,control,1,1,0.0,-9.2
control-5975,control,0,0,0.0,-0.2
control-5976,control,0,0,0.0,-0.2
control-5977,control,0,0,0.0,-0.2
control-5978,control,0,0,0.0,-0.2
control-5979,control,0,0,0.0,-0.2
control-5980,control,0,0,0.0,-0.2
control-5981,control,0,0,0.0,-0.2
control-5982,control,0,0,0.0,-0.2
control-5983,control,0,0,0.0,-0.2
control-5984,control,0,0,0.0,-0.2
control-5985,control,0,0,0.0,-0.2
control-5986,control,0,0,0.0,-0.2
control-5987,control,0,0,0.0,-0.2
control-5988,control,1,0,20.0,5.8
control-5989,control,0,0,0.0,-0.2
control-5990,control,0,0,0.0,-0.2
control-5991,control,0,0,0.0,-0.2
control-5992,control,1,0,60.0,17.8
control-5993,control,0,0,0.0,-0.2
control-5994,control,0,0,0.0,-0.2
control-5995,control,0,0,0.0,-0.2
control-5996,control,0,0,0.0,-0.2
control-5997,control,0,0,0.0,-0.2
control-5998,control,0,0,0.0,-0.2
control-5999,control,0,0,0.0,-0.2
control-6000,control,0,0,0.0,-0.2
control-6001,control,0,0,0.0,-0.2
control-6002,control,0,0,0.0,-0.2
control-6003,control,0,0,0.0,-0.2
control-6004,control,0,0,0.0,-0.2
control-6005,control,0,0,0.0,-0.2
control-6006,control,0,0,0.0,-0.2
control-6007,control,0,0,0.0,-0.2
control-6008,control,0,0,0.0,-0.2
control-6009,control,0,0,0.0,-0.2
control-6010,control,0,0,0.0,-0.2
control-6011,control,0,0,0.0,-0.2
control-6012,control,0,0,0.0,-0.2
control-6013,control,0,0,0.0,-0.2
control-6014,control,0,0,0.0,-0.2
control-6015,control,0,0,0.0,-0.2
control-6016,control,0,0,0.0,-0.2
control-6017,control,0,0,0.0,-0.2
control-6018,control,0,0,0.0,-0.2
control-6019,control,0,0,0.0,-0.2
control-6020,control,1,0,60.0,17.8
control-6021,control,0,0,0.0,-0.2
control-6022,control,0,0,0.0,-0.2
control-6023,control,0,0,0.0,-0.2
control-6024,control,0,0,0.0,-0.2
control-6025,control,0,0,0.0,-0.2
control-6026,control,0,0,0.0,-0.2
control-6027,control,0,0,0.0,-0.2
control-6028,control,0,0,0.0,-0.2
control-6029,control,0,0,0.0,-0.2
control-6030,control,0,0,0.0,-0.2
control-6031,control,0,0,0.0,-0.2
control-6032,control,0,0,0.0,-0.2
control-6033,control,0,0,0.0,-0.2
control-6034,control,1,0,40.0,11.8
control-6035,control,0,0,0.0,-0.2
control-6036,control,0,0,0.0,-0.2
control-6037,control,0,0,0.0,-0.2
control-6038,control,0,0,0.0,-0.2
control-6039,control,0,0,0.0,-0.2
control-6040,control,0,0,0.0,-0.2
control-6041,control,0,0,0.0,-0.2
control-6042,control,0,0,0.0,-0.2
control-6043,control,1,0,40.0,11.8
control-6044,control,0,0,0.0,-0.2
control-6045,control,0,0,0.0,-0.2
control-6046,control,0,0,0.0,-0.2
control-6047,control,0,0,0.0,-0.2
control-6048,control,0,0,0.0,-0.2
control-6049,control,0,0,0.0,-0.2
control-6050,control,0,0,0.0,-0.2
control-6051,control,0,0,0.0,-0.2
control-6052,control,0,0,0.0,-0.2
control-6053,control,0,0,0.0,-0.2
control-6054,control,0,0,0.0,-0.2
control-6055,control,0,0,0.0,-0.2
control-6056,control,0,0,0.0,-0.2
control-6057,control,0,0,0.0,-0.2
control-6058,control,0,0,0.0,-0.2
control-6059,control,0,0,0.0,-0.2
control-6060,control,0,0,0.0,-0.2
control-6061,control,0,0,0.0,-0.2
control-6062,control,0,0,0.0,-0.2
control-6063,control,0,0,0.0,-0.2
control-6064,control,0,0,0.0,-0.2
control-6065,control,0,0,0.0,-0.2
control-6066,control,0,0,0.0,-0.2
control-6067,control,0,0,0.0,-0.2
control-6068,control,0,0,0.0,-0.2
control-6069,control,0,0,0.0,-0.2
control-6070,control,0,0,0.0,-0.2
control-6071,control,0,0,0.0,-0.2
control-6072,control,0,0,0.0,-0.2
control-6073,control,0,0,0.0,-0.2
control-6074,control,0,0,0.0,-0.2
control-6075,control,0,0,0.0,-0.2
control-6076,control,0,0,0.0,-0.2
control-6077,control,0,0,0.0,-0.2
control-6078,control,0,0,0.0,-0.2
control-6079,control,0,0,0.0,-0.2
control-6080,control,0,0,0.0,-0.2
control-6081,control,0,0,0.0,-0.2
control-6082,control,0,0,0.0,-0.2
control-6083,control,0,0,0.0,-0.2
control-6084,control,0,0,0.0,-0.2
control-6085,control,0,0,0.0,-0.2
control-6086,control,0,0,0.0,-0.2
control-6087,control,0,0,0.0,-0.2
control-6088,control,0,0,0.0,-0.2
control-6089,control,0,0,0.0,-0.2
control-6090,control,0,0,0.0,-0.2
control-6091,control,0,0,0.0,-0.2
control-6092,control,0,0,0.0,-0.2
control-6093,control,0,0,0.0,-0.2
control-6094,control,1,0,20.0,5.8
control-6095,control,0,0,0.0,-0.2
control-6096,control,0,0,0.0,-0.2
control-6097,control,0,0,0.0,-0.2
control-6098,control,0,0,0.0,-0.2
control-6099,control,0,0,0.0,-0.2
control-6100,control,0,0,0.0,-0.2
control-6101,control,0,0,0.0,-0.2
control-6102,control,0,0,0.0,-0.2
control-6103,control,0,0,0.0,-0.2
control-6104,control,0,0,0.0,-0.2
control-6105,control,1,0,20.0,5.8
control-6106,control,1,1,0.0,-3.2
control-6107,control,0,0,0.0,-0.2
control-6108,control,0,0,0.0,-0.2
control-6109,control,0,0,0.0,-0.2
control-6110,control,0,0,0.0,-0.2
control-6111,control,0,0,0.0,-0.2
control-6112,control,0,0,0.0,-0.2
control-6113,control,1,0,20.0,5.8
control-6114,control,0,0,0.0,-0.2
control-6115,control,0,0,0.0,-0.2
control-6116,control,0,0,0.0,-0.2
control-6117,control,0,0,0.0,-0.2
control-6118,control,0,0,0.0,-0.2
control-6119,control,0,0,0.0,-0.2
control-6120,control,0,0,0.0,-0.2
control-6121,control,0,0,0.0,-0.2
control-6122,control,0,0,0.0,-0.2
control-6123,control,0,0,0.0,-0.2
control-6124,control,0,0,0.0,-0.2
control-6125,control,0,0,0.0,-0.2
control-6126,control,0,0,0.0,-0.2
control-6127,control,0,0,0.0,-0.2
control-6128,control,0,0,0.0,-0.2
control-6129,control,0,0,0.0,-0.2
control-6130,control,0,0,0.0,-0.2
control-6131,control,0,0,0.0,-0.2
control-6132,control,0,0,0.0,-0.2
control-6133,control,0,0,0.0,-0.2
control-6134,control,0,0,0.0,-0.2
control-6135,control,0,0,0.0,-0.2
control-6136,control,1,0,20.0,5.8
control-6137,control,0,0,0.0,-0.2
control-6138,control,0,0,0.0,-0.2
control-6139,control,0,0,0.0,-0.2
control-6140,control,0,0,0.0,-0.2
control-6141,control,0,0,0.0,-0.2
control-6142,control,0,0,0.0,-0.2
control-6143,control,0,0,0.0,-0.2
control-6144,control,0,0,0.0,-0.2
control-6145,control,0,0,0.0,-0.2
control-6146,control,0,0,0.0,-0.2
control-6147,control,0,0,0.0,-0.2
control-6148,control,0,0,0.0,-0.2
control-6149,control,0,0,0.0,-0.2
control-6150,control,0,0,0.0,-0.2
control-6151,control,0,0,0.0,-0.2
control-6152,control,0,0,0.0,-0.2
control-6153,control,0,0,0.0,-0.2
control-6154,control,0,0,0.0,-0.2
control-6155,control,0,0,0.0,-0.2
control-6156,control,0,0,0.0,-0.2
control-6157,control,0,0,0.0,-0.2
control-6158,control,0,0,0.0,-0.2
control-6159,control,0,0,0.0,-0.2
control-6160,control,0,0,0.0,-0.2
control-6161,control,0,0,0.0,-0.2
control-6162,control,0,0,0.0,-0.2
control-6163,control,0,0,0.0,-0.2
control-6164,control,0,0,0.0,-0.2
control-6165,control,0,0,0.0,-0.2
control-6166,control,0,0,0.0,-0.2
control-6167,control,0,0,0.0,-0.2
control-6168,control,0,0,0.0,-0.2
control-6169,control,0,0,0.0,-0.2
control-6170,control,1,0,20.0,5.8
control-6171,control,0,0,0.0,-0.2
control-6172,control,0,0,0.0,-0.2
control-6173,control,0,0,0.0,-0.2
control-6174,control,0,0,0.0,-0.2
control-6175,control,1,0,20.0,5.8
control-6176,control,0,0,0.0,-0.2
control-6177,control,0,0,0.0,-0.2
control-6178,control,0,0,0.0,-0.2
control-6179,control,0,0,0.0,-0.2
control-6180,control,0,0,0.0,-0.2
control-6181,control,0,0,0.0,-0.2
control-6182,control,0,0,0.0,-0.2
control-6183,control,0,0,0.0,-0.2
control-6184,control,0,0,0.0,-0.2
control-6185,control,0,0,0.0,-0.2
control-6186,control,0,0,0.0,-0.2
control-6187,control,0,0,0.0,-0.2
control-6188,control,0,0,0.0,-0.2
control-6189,control,0,0,0.0,-0.2
control-6190,control,0,0,0.0,-0.2
control-6191,control,0,0,0.0,-0.2
control-6192,control,0,0,0.0,-0.2
control-6193,control,0,0,0.0,-0.2
control-6194,control,0,0,0.0,-0.2
control-6195,control,0,0,0.0,-0.2
control-6196,control,0,0,0.0,-0.2
control-6197,control,0,0,0.0,-0.2
control-6198,control,0,0,0.0,-0.2
control-6199,control,1,0,40.0,11.8
control-6200,control,0,0,0.0,-0.2
control-6201,control,0,0,0.0,-0.2
control-6202,control,0,0,0.0,-0.2
control-6203,control,0,0,0.0,-0.2
control-6204,control,0,0,0.0,-0.2
control-6205,control,0,0,0.0,-0.2
control-6206,control,0,0,0.0,-0.2
control-6207,control,0,0,0.0,-0.2
control-6208,control,0,0,0.0,-0.2
control-6209,control,0,0,0.0,-0.2
control-6210,control,0,0,0.0,-0.2
control-6211,control,0,0,0.0,-0.2
control-6212,control,0,0,0.0,-0.2
control-6213,control,0,0,0.0,-0.2
control-6214,control,0,0,0.0,-0.2
control-6215,control,0,0,0.0,-0.2
control-6216,control,0,0,0.0,-0.2
control-6217,control,0,0,0.0,-0.2
control-6218,control,0,0,0.0,-0.2
control-6219,control,0,0,0.0,-0.2
control-6220,control,0,0,0.0,-0.2
control-6221,control,0,0,0.0,-0.2
control-6222,control,0,0,0.0,-0.2
control-6223,control,0,0,0.0,-0.2
control-6224,control,0,0,0.0,-0.2
control-6225,control,0,0,0.0,-0.2
control-6226,control,0,0,0.0,-0.2
control-6227,control,0,0,0.0,-0.2
control-6228,control,0,0,0.0,-0.2
control-6229,control,0,0,0.0,-0.2
control-6230,control,0,0,0.0,-0.2
control-6231,control,0,0,0.0,-0.2
control-6232,control,0,0,0.0,-0.2
control-6233,control,0,0,0.0,-0.2
control-6234,control,0,0,0.0,-0.2
control-6235,control,0,0,0.0,-0.2
control-6236,control,0,0,0.0,-0.2
control-6237,control,0,0,0.0,-0.2
control-6238,control,0,0,0.0,-0.2
control-6239,control,0,0,0.0,-0.2
control-6240,control,0,0,0.0,-0.2
control-6241,control,0,0,0.0,-0.2
control-6242,control,0,0,0.0,-0.2
control-6243,control,0,0,0.0,-0.2
control-6244,control,0,0,0.0,-0.2
control-6245,control,0,0,0.0,-0.2
control-6246,control,0,0,0.0,-0.2
control-6247,control,1,0,60.0,17.8
control-6248,control,0,0,0.0,-0.2
control-6249,control,0,0,0.0,-0.2
control-6250,control,0,0,0.0,-0.2
control-6251,control,0,0,0.0,-0.2
control-6252,control,0,0,0.0,-0.2
control-6253,control,0,0,0.0,-0.2
control-6254,control,0,0,0.0,-0.2
control-6255,control,0,0,0.0,-0.2
control-6256,control,0,0,0.0,-0.2
control-6257,control,0,0,0.0,-0.2
control-6258,control,0,0,0.0,-0.2
control-6259,control,0,0,0.0,-0.2
control-6260,control,0,0,0.0,-0.2
control-6261,control,0,0,0.0,-0.2
control-6262,control,0,0,0.0,-0.2
control-6263,control,0,0,0.0,-0.2
control-6264,control,0,0,0.0,-0.2
control-6265,control,0,0,0.0,-0.2
control-6266,control,0,0,0.0,-0.2
control-6267,control,0,0,0.0,-0.2
control-6268,control,0,0,0.0,-0.2
control-6269,control,0,0,0.0,-0.2
control-6270,control,0,0,0.0,-0.2
control-6271,control,0,0,0.0,-0.2
control-6272,control,0,0,0.0,-0.2
control-6273,control,0,0,0.0,-0.2
control-6274,control,0,0,0.0,-0.2
control-6275,control,0,0,0.0,-0.2
control-6276,control,0,0,0.0,-0.2
control-6277,control,0,0,0.0,-0.2
control-6278,control,0,0,0.0,-0.2
control-6279,control,0,0,0.0,-0.2
control-6280,control,0,0,0.0,-0.2
control-6281,control,0,0,0.0,-0.2
control-6282,control,0,0,0.0,-0.2
control-6283,control,0,0,0.0,-0.2
control-6284,control,0,0,0.0,-0.2
control-6285,control,0,0,0.0,-0.2
control-6286,control,0,0,0.0,-0.2
control-6287,control,1,0,60.0,17.8
control-6288,control,0,0,0.0,-0.2
control-6289,control,0,0,0.0,-0.2
control-6290,control,0,0,0.0,-0.2
control-6291,control,0,0,0.0,-0.2
control-6292,control,0,0,0.0,-0.2
control-6293,control,1,0,60.0,17.8
control-6294,control,0,0,0.0,-0.2
control-6295,control,0,0,0.0,-0.2
control-6296,control,0,0,0.0,-0.2
control-6297,control,0,0,0.0,-0.2
control-6298,control,0,0,0.0,-0.2
control-6299,control,1,0,20.0,5.8
control-6300,control,0,0,0.0,-0.2
control-6301,control,0,0,0.0,-0.2
control-6302,control,0,0,0.0,-0.2
control-6303,control,0,0,0.0,-0.2
control-6304,control,0,0,0.0,-0.2
control-6305,control,0,0,0.0,-0.2
control-6306,control,0,0,0.0,-0.2
control-6307,control,0,0,0.0,-0.2
control-6308,control,0,0,0.0,-0.2
control-6309,control,0,0,0.0,-0.2
control-6310,control,0,0,0.0,-0.2
control-6311,control,0,0,0.0,-0.2
control-6312,control,1,0,40.0,11.8
control-6313,control,0,0,0.0,-0.2
control-6314,control,0,0,0.0,-0.2
control-6315,control,0,0,0.0,-0.2
control-6316,control,0,0,0.0,-0.2
control-6317,control,0,0,0.0,-0.2
control-6318,control,0,0,0.0,-0.2
control-6319,control,0,0,0.0,-0.2
control-6320,control,0,0,0.0,-0.2
control-6321,control,0,0,0.0,-0.2
control-6322,control,0,0,0.0,-0.2
control-6323,control,0,0,0.0,-0.2
control-6324,control,0,0,0.0,-0.2
control-6325,control,0,0,0.0,-0.2
control-6326,control,0,0,0.0,-0.2
control-6327,control,0,0,0.0,-0.2
control-6328,control,0,0,0.0,-0.2
control-6329,control,0,0,0.0,-0.2
control-6330,control,0,0,0.0,-0.2
control-6331,control,1,0,40.0,11.8
control-6332,control,0,0,0.0,-0.2
control-6333,control,0,0,0.0,-0.2
control-6334,control,0,0,0.0,-0.2
control-6335,control,0,0,0.0,-0.2
control-6336,control,0,0,0.0,-0.2
control-6337,control,0,0,0.0,-0.2
control-6338,control,0,0,0.0,-0.2
control-6339,control,0,0,0.0,-0.2
control-6340,control,0,0,0.0,-0.2
control-6341,control,0,0,0.0,-0.2
control-6342,control,0,0,0.0,-0.2
control-6343,control,0,0,0.0,-0.2
control-6344,control,0,0,0.0,-0.2
control-6345,control,0,0,0.0,-0.2
control-6346,control,1,0,20.0,5.8
control-6347,control,0,0,0.0,-0.2
control-6348,control,0,0,0.0,-0.2
control-6349,control,0,0,0.0,-0.2
control-6350,control,0,0,0.0,-0.2
control-6351,control,0,0,0.0,-0.2
control-6352,control,0,0,0.0,-0.2
control-6353,control,0,0,0.0,-0.2
control-6354,control,0,0,0.0,-0.2
control-6355,control,0,0,0.0,-0.2
control-6356,control,0,0,0.0,-0.2
control-6357,control,0,0,0.0,-0.2
control-6358,control,0,0,0.0,-0.2
control-6359,control,0,0,0.0,-0.2
control-6360,control,0,0,0.0,-0.2
control-6361,control,0,0,0.0,-0.2
control-6362,control,0,0,0.0,-0.2
control-6363,control,0,0,0.0,-0.2
control-6364,control,0,0,0.0,-0.2
control-6365,control,0,0,0.0,-0.2
control-6366,control,0,0,0.0,-0.2
control-6367,control,0,0,0.0,-0.2
control-6368,control,0,0,0.0,-0.2
control-6369,control,0,0,0.0,-0.2
control-6370,control,0,0,0.0,-0.2
control-6371,control,0,0,0.0,-0.2
control-6372,control,1,0,40.0,11.8
control-6373,control,0,0,0.0,-0.2
control-6374,control,0,0,0.0,-0.2
control-6375,control,0,0,0.0,-0.2
control-6376,control,0,0,0.0,-0.2
control-6377,control,0,0,0.0,-0.2
control-6378,control,0,0,0.0,-0.2
control-6379,control,0,0,0.0,-0.2
control-6380,control,0,0,0.0,-0.2
control-6381,control,0,0,0.0,-0.2
control-6382,control,0,0,0.0,-0.2
control-6383,control,0,0,0.0,-0.2
control-6384,control,0,0,0.0,-0.2
control-6385,control,0,0,0.0,-0.2
control-6386,control,0,0,0.0,-0.2
control-6387,control,0,0,0.0,-0.2
control-6388,control,1,0,40.0,11.8
control-6389,control,0,0,0.0,-0.2
control-6390,control,0,0,0.0,-0.2
control-6391,control,0,0,0.0,-0.2
control-6392,control,0,0,0.0,-0.2
control-6393,control,0,0,0.0,-0.2
control-6394,control,0,0,0.0,-0.2
control-6395,control,0,0,0.0,-0.2
control-6396,control,0,0,0.0,-0.2
control-6397,control,0,0,0.0,-0.2
control-6398,control,0,0,0.0,-0.2
control-6399,control,0,0,0.0,-0.2
control-6400,control,0,0,0.0,-0.2
control-6401,control,0,0,0.0,-0.2
control-6402,control,0,0,0.0,-0.2
control-6403,control,0,0,0.0,-0.2
control-6404,control,0,0,0.0,-0.2
control-6405,control,0,0,0.0,-0.2
control-6406,control,1,0,60.0,17.8
control-6407,control,0,0,0.0,-0.2
control-6408,control,0,0,0.0,-0.2
control-6409,control,0,0,0.0,-0.2
control-6410,control,0,0,0.0,-0.2
control-6411,control,0,0,0.0,-0.2
control-6412,control,0,0,0.0,-0.2
control-6413,control,0,0,0.0,-0.2
control-6414,control,0,0,0.0,-0.2
control-6415,control,0,0,0.0,-0.2
control-6416,control,0,0,0.0,-0.2
control-6417,control,0,0,0.0,-0.2
control-6418,control,0,0,0.0,-0.2
control-6419,control,0,0,0.0,-0.2
control-6420,control,0,0,0.0,-0.2
control-6421,control,0,0,0.0,-0.2
control-6422,control,0,0,0.0,-0.2
control-6423,control,0,0,0.0,-0.2
control-6424,control,0,0,0.0,-0.2
control-6425,control,0,0,0.0,-0.2
control-6426,control,0,0,0.0,-0.2
control-6427,control,0,0,0.0,-0.2
control-6428,control,0,0,0.0,-0.2
control-6429,control,0,0,0.0,-0.2
control-6430,control,0,0,0.0,-0.2
control-6431,control,0,0,0.0,-0.2
control-6432,control,0,0,0.0,-0.2
control-6433,control,0,0,0.0,-0.2
control-6434,control,0,0,0.0,-0.2
control-6435,control,0,0,0.0,-0.2
control-6436,control,0,0,0.0,-0.2
control-6437,control,0,0,0.0,-0.2
control-6438,control,0,0,0.0,-0.2
control-6439,control,0,0,0.0,-0.2
control-6440,control,0,0,0.0,-0.2
control-6441,control,0,0,0.0,-0.2
control-6442,control,0,0,0.0,-0.2
control-6443,control,0,0,0.0,-0.2
control-6444,control,0,0,0.0,-0.2
control-6445,control,0,0,0.0,-0.2
control-6446,control,0,0,0.0,-0.2
control-6447,control,0,0,0.0,-0.2
control-6448,control,0,0,0.0,-0.2
control-6449,control,0,0,0.0,-0.2
control-6450,control,0,0,0.0,-0.2
control-6451,control,0,0,0.0,-0.2
control-6452,control,0,0,0.0,-0.2
control-6453,control,0,0,0.0,-0.2
control-6454,control,0,0,0.0,-0.2
control-6455,control,0,0,0.0,-0.2
control-6456,control,0,0,0.0,-0.2
control-6457,control,0,0,0.0,-0.2
control-6458,control,0,0,0.0,-0.2
control-6459,control,0,0,0.0,-0.2
control-6460,control,0,0,0.0,-0.2
control-6461,control,0,0,0.0,-0.2
control-6462,control,0,0,0.0,-0.2
control-6463,control,0,0,0.0,-0.2
control-6464,control,0,0,0.0,-0.2
control-6465,control,0,0,0.0,-0.2
control-6466,control,0,0,0.0,-0.2
control-6467,control,0,0,0.0,-0.2
control-6468,control,1,0,20.0,5.8
control-6469,control,0,0,0.0,-0.2
control-6470,control,0,0,0.0,-0.2
control-6471,control,0,0,0.0,-0.2
control-6472,control,1,0,60.0,17.8
control-6473,control,0,0,0.0,-0.2
control-6474,control,0,0,0.0,-0.2
control-6475,control,0,0,0.0,-0.2
control-6476,control,0,0,0.0,-0.2
control-6477,control,0,0,0.0,-0.2
control-6478,control,0,0,0.0,-0.2
control-6479,control,0,0,0.0,-0.2
control-6480,control,0,0,0.0,-0.2
control-6481,control,0,0,0.0,-0.2
control-6482,control,0,0,0.0,-0.2
control-6483,control,0,0,0.0,-0.2
control-6484,control,1,0,60.0,17.8
control-6485,control,0,0,0.0,-0.2
control-6486,control,0,0,0.0,-0.2
control-6487,control,0,0,0.0,-0.2
control-6488,control,0,0,0.0,-0.2
control-6489,control,1,0,20.0,5.8
control-6490,control,0,0,0.0,-0.2
control-6491,control,0,0,0.0,-0.2
control-6492,control,0,0,0.0,-0.2
control-6493,control,0,0,0.0,-0.2
control-6494,control,0,0,0.0,-0.2
control-6495,control,0,0,0.0,-0.2
control-6496,control,0,0,0.0,-0.2
control-6497,control,0,0,0.0,-0.2
control-6498,control,0,0,0.0,-0.2
control-6499,control,0,0,0.0,-0.2
control-6500,control,0,0,0.0,-0.2
control-6501,control,0,0,0.0,-0.2
control-6502,control,0,0,0.0,-0.2
control-6503,control,0,0,0.0,-0.2
control-6504,control,0,0,0.0,-0.2
control-6505,control,0,0,0.0,-0.2
control-6506,control,0,0,0.0,-0.2
control-6507,control,0,0,0.0,-0.2
control-6508,control,0,0,0.0,-0.2
control-6509,control,0,0,0.0,-0.2
control-6510,control,0,0,0.0,-0.2
control-6511,control,0,0,0.0,-0.2
control-6512,control,0,0,0.0,-0.2
control-6513,control,0,0,0.0,-0.2
control-6514,control,0,0,0.0,-0.2
control-6515,control,0,0,0.0,-0.2
control-6516,control,0,0,0.0,-0.2
control-6517,control,0,0,0.0,-0.2
control-6518,control,0,0,0.0,-0.2
control-6519,control,0,0,0.0,-0.2
control-6520,control,1,0,20.0,5.8
control-6521,control,0,0,0.0,-0.2
control-6522,control,0,0,0.0,-0.2
control-6523,control,0,0,0.0,-0.2
control-6524,control,0,0,0.0,-0.2
control-6525,control,1,0,20.0,5.8
control-6526,control,0,0,0.0,-0.2
control-6527,control,0,0,0.0,-0.2
control-6528,control,0,0,0.0,-0.2
control-6529,control,0,0,0.0,-0.2
control-6530,control,0,0,0.0,-0.2
control-6531,control,1,0,40.0,11.8
control-6532,control,0,0,0.0,-0.2
control-6533,control,0,0,0.0,-0.2
control-6534,control,0,0,0.0,-0.2
control-6535,control,0,0,0.0,-0.2
control-6536,control,0,0,0.0,-0.2
control-6537,control,0,0,0.0,-0.2
control-6538,control,0,0,0.0,-0.2
control-6539,control,0,0,0.0,-0.2
control-6540,control,0,0,0.0,-0.2
control-6541,control,0,0,0.0,-0.2
control-6542,control,0,0,0.0,-0.2
control-6543,control,0,0,0.0,-0.2
control-6544,control,0,0,0.0,-0.2
control-6545,control,0,0,0.0,-0.2
control-6546,control,0,0,0.0,-0.2
control-6547,control,0,0,0.0,-0.2
control-6548,control,0,0,0.0,-0.2
control-6549,control,0,0,0.0,-0.2
control-6550,control,0,0,0.0,-0.2
control-6551,control,0,0,0.0,-0.2
control-6552,control,0,0,0.0,-0.2
control-6553,control,0,0,0.0,-0.2
control-6554,control,0,0,0.0,-0.2
control-6555,control,0,0,0.0,-0.2
control-6556,control,0,0,0.0,-0.2
control-6557,control,0,0,0.0,-0.2
control-6558,control,0,0,0.0,-0.2
control-6559,control,0,0,0.0,-0.2
control-6560,control,0,0,0.0,-0.2
control-6561,control,0,0,0.0,-0.2
control-6562,control,0,0,0.0,-0.2
control-6563,control,0,0,0.0,-0.2
control-6564,control,0,0,0.0,-0.2
control-6565,control,0,0,0.0,-0.2
control-6566,control,0,0,0.0,-0.2
control-6567,control,0,0,0.0,-0.2
control-6568,control,0,0,0.0,-0.2
control-6569,control,0,0,0.0,-0.2
control-6570,control,0,0,0.0,-0.2
control-6571,control,0,0,0.0,-0.2
control-6572,control,0,0,0.0,-0.2
control-6573,control,0,0,0.0,-0.2
control-6574,control,0,0,0.0,-0.2
control-6575,control,0,0,0.0,-0.2
control-6576,control,0,0,0.0,-0.2
control-6577,control,0,0,0.0,-0.2
control-6578,control,1,0,60.0,17.8
control-6579,control,1,0,60.0,17.8
control-6580,control,0,0,0.0,-0.2
control-6581,control,0,0,0.0,-0.2
control-6582,control,0,0,0.0,-0.2
control-6583,control,0,0,0.0,-0.2
control-6584,control,0,0,0.0,-0.2
control-6585,control,0,0,0.0,-0.2
control-6586,control,0,0,0.0,-0.2
control-6587,control,1,0,20.0,5.8
control-6588,control,0,0,0.0,-0.2
control-6589,control,0,0,0.0,-0.2
control-6590,control,0,0,0.0,-0.2
control-6591,control,0,0,0.0,-0.2
control-6592,control,0,0,0.0,-0.2
control-6593,control,0,0,0.0,-0.2
control-6594,control,1,0,40.0,11.8
control-6595,control,0,0,0.0,-0.2
control-6596,control,0,0,0.0,-0.2
control-6597,control,0,0,0.0,-0.2
control-6598,control,0,0,0.0,-0.2
control-6599,control,0,0,0.0,-0.2
control-6600,control,0,0,0.0,-0.2
control-6601,control,0,0,0.0,-0.2
control-6602,control,0,0,0.0,-0.2
control-6603,control,0,0,0.0,-0.2
control-6604,control,0,0,0.0,-0.2
control-6605,control,0,0,0.0,-0.2
control-6606,control,0,0,0.0,-0.2
control-6607,control,0,0,0.0,-0.2
control-6608,control,0,0,0.0,-0.2
control-6609,control,0,0,0.0,-0.2
control-6610,control,0,0,0.0,-0.2
control-6611,control,0,0,0.0,-0.2
control-6612,control,0,0,0.0,-0.2
control-6613,control,0,0,0.0,-0.2
control-6614,control,1,0,60.0,17.8
control-6615,control,0,0,0.0,-0.2
control-6616,control,0,0,0.0,-0.2
control-6617,control,0,0,0.0,-0.2
control-6618,control,0,0,0.0,-0.2
control-6619,control,0,0,0.0,-0.2
control-6620,control,0,0,0.0,-0.2
control-6621,control,0,0,0.0,-0.2
control-6622,control,0,0,0.0,-0.2
control-6623,control,0,0,0.0,-0.2
control-6624,control,0,0,0.0,-0.2
control-6625,control,0,0,0.0,-0.2
control-6626,control,0,0,0.0,-0.2
control-6627,control,0,0,0.0,-0.2
control-6628,control,0,0,0.0,-0.2
control-6629,control,0,0,0.0,-0.2
control-6630,control,0,0,0.0,-0.2
control-6631,control,0,0,0.0,-0.2
control-6632,control,0,0,0.0,-0.2
control-6633,control,0,0,0.0,-0.2
control-6634,control,0,0,0.0,-0.2
control-6635,control,0,0,0.0,-0.2
control-6636,control,0,0,0.0,-0.2
control-6637,control,0,0,0.0,-0.2
control-6638,control,0,0,0.0,-0.2
control-6639,control,0,0,0.0,-0.2
control-6640,control,0,0,0.0,-0.2
control-6641,control,0,0,0.0,-0.2
control-6642,control,0,0,0.0,-0.2
control-6643,control,0,0,0.0,-0.2
control-6644,control,0,0,0.0,-0.2
control-6645,control,0,0,0.0,-0.2
control-6646,control,0,0,0.0,-0.2
control-6647,control,0,0,0.0,-0.2
control-6648,control,0,0,0.0,-0.2
control-6649,control,0,0,0.0,-0.2
control-6650,control,0,0,0.0,-0.2
control-6651,control,1,0,40.0,11.8
control-6652,control,0,0,0.0,-0.2
control-6653,control,0,0,0.0,-0.2
control-6654,control,0,0,0.0,-0.2
control-6655,control,0,0,0.0,-0.2
control-6656,control,0,0,0.0,-0.2
control-6657,control,1,0,20.0,5.8
control-6658,control,0,0,0.0,-0.2
control-6659,control,0,0,0.0,-0.2
control-6660,control,0,0,0.0,-0.2
control-6661,control,0,0,0.0,-0.2
control-6662,control,0,0,0.0,-0.2
control-6663,control,0,0,0.0,-0.2
control-6664,control,0,0,0.0,-0.2
control-6665,control,0,0,0.0,-0.2
control-6666,control,0,0,0.0,-0.2
control-6667,control,0,0,0.0,-0.2
control-6668,control,0,0,0.0,-0.2
control-6669,control,0,0,0.0,-0.2
control-6670,control,0,0,0.0,-0.2
control-6671,control,0,0,0.0,-0.2
control-6672,control,0,0,0.0,-0.2
control-6673,control,0,0,0.0,-0.2
control-6674,control,0,0,0.0,-0.2
control-6675,control,0,0,0.0,-0.2
control-6676,control,0,0,0.0,-0.2
control-6677,control,0,0,0.0,-0.2
control-6678,control,0,0,0.0,-0.2
control-6679,control,0,0,0.0,-0.2
control-6680,control,0,0,0.0,-0.2
control-6681,control,0,0,0.0,-0.2
control-6682,control,0,0,0.0,-0.2
control-6683,control,0,0,0.0,-0.2
control-6684,control,0,0,0.0,-0.2
control-6685,control,0,0,0.0,-0.2
control-6686,control,0,0,0.0,-0.2
control-6687,control,0,0,0.0,-0.2
control-6688,control,0,0,0.0,-0.2
control-6689,control,0,0,0.0,-0.2
control-6690,control,0,0,0.0,-0.2
control-6691,control,0,0,0.0,-0.2
control-6692,control,0,0,0.0,-0.2
control-6693,control,0,0,0.0,-0.2
control-6694,control,0,0,0.0,-0.2
control-6695,control,0,0,0.0,-0.2
control-6696,control,0,0,0.0,-0.2
control-6697,control,0,0,0.0,-0.2
control-6698,control,0,0,0.0,-0.2
control-6699,control,0,0,0.0,-0.2
control-6700,control,0,0,0.0,-0.2
control-6701,control,0,0,0.0,-0.2
control-6702,control,1,0,60.0,17.8
control-6703,control,0,0,0.0,-0.2
control-6704,control,0,0,0.0,-0.2
control-6705,control,0,0,0.0,-0.2
control-6706,control,0,0,0.0,-0.2
control-6707,control,0,0,0.0,-0.2
control-6708,control,0,0,0.0,-0.2
control-6709,control,0,0,0.0,-0.2
control-6710,control,0,0,0.0,-0.2
control-6711,control,0,0,0.0,-0.2
control-6712,control,0,0,0.0,-0.2
control-6713,control,0,0,0.0,-0.2
control-6714,control,0,0,0.0,-0.2
control-6715,control,0,0,0.0,-0.2
control-6716,control,0,0,0.0,-0.2
control-6717,control,0,0,0.0,-0.2
control-6718,control,0,0,0.0,-0.2
control-6719,control,0,0,0.0,-0.2
control-6720,control,0,0,0.0,-0.2
control-6721,control,0,0,0.0,-0.2
control-6722,control,0,0,0.0,-0.2
control-6723,control,0,0,0.0,-0.2
control-6724,control,0,0,0.0,-0.2
control-6725,control,0,0,0.0,-0.2
control-6726,control,0,0,0.0,-0.2
control-6727,control,0,0,0.0,-0.2
control-6728,control,0,0,0.0,-0.2
control-6729,control,0,0,0.0,-0.2
control-6730,control,0,0,0.0,-0.2
control-6731,control,0,0,0.0,-0.2
control-6732,control,0,0,0.0,-0.2
control-6733,control,0,0,0.0,-0.2
control-6734,control,0,0,0.0,-0.2
control-6735,control,1,0,20.0,5.8
control-6736,control,0,0,0.0,-0.2
control-6737,control,0,0,0.0,-0.2
control-6738,control,0,0,0.0,-0.2
control-6739,control,0,0,0.0,-0.2
control-6740,control,0,0,0.0,-0.2
control-6741,control,0,0,0.0,-0.2
control-6742,control,0,0,0.0,-0.2
control-6743,control,0,0,0.0,-0.2
control-6744,control,0,0,0.0,-0.2
control-6745,control,0,0,0.0,-0.2
control-6746,control,0,0,0.0,-0.2
control-6747,control,0,0,0.0,-0.2
control-6748,control,0,0,0.0,-0.2
control-6749,control,0,0,0.0,-0.2
control-6750,control,0,0,0.0,-0.2
control-6751,control,0,0,0.0,-0.2
control-6752,control,0,0,0.0,-0.2
control-6753,control,0,0,0.0,-0.2
control-6754,control,0,0,0.0,-0.2
control-6755,control,0,0,0.0,-0.2
control-6756,control,0,0,0.0,-0.2
control-6757,control,0,0,0.0,-0.2
control-6758,control,0,0,0.0,-0.2
control-6759,control,0,0,0.0,-0.2
control-6760,control,0,0,0.0,-0.2
control-6761,control,0,0,0.0,-0.2
control-6762,control,0,0,0.0,-0.2
control-6763,control,0,0,0.0,-0.2
control-6764,control,0,0,0.0,-0.2
control-6765,control,0,0,0.0,-0.2
control-6766,control,0,0,0.0,-0.2
control-6767,control,0,0,0.0,-0.2
control-6768,control,0,0,0.0,-0.2
control-6769,control,0,0,0.0,-0.2
control-6770,control,0,0,0.0,-0.2
control-6771,control,0,0,0.0,-0.2
control-6772,control,0,0,0.0,-0.2
control-6773,control,1,0,20.0,5.8
control-6774,control,0,0,0.0,-0.2
control-6775,control,0,0,0.0,-0.2
control-6776,control,0,0,0.0,-0.2
control-6777,control,0,0,0.0,-0.2
control-6778,control,0,0,0.0,-0.2
control-6779,control,0,0,0.0,-0.2
control-6780,control,0,0,0.0,-0.2
control-6781,control,0,0,0.0,-0.2
control-6782,control,0,0,0.0,-0.2
control-6783,control,0,0,0.0,-0.2
control-6784,control,0,0,0.0,-0.2
control-6785,control,0,0,0.0,-0.2
control-6786,control,0,0,0.0,-0.2
control-6787,control,0,0,0.0,-0.2
control-6788,control,0,0,0.0,-0.2
control-6789,control,0,0,0.0,-0.2
control-6790,control,0,0,0.0,-0.2
control-6791,control,0,0,0.0,-0.2
control-6792,control,0,0,0.0,-0.2
control-6793,control,0,0,0.0,-0.2
control-6794,control,0,0,0.0,-0.2
control-6795,control,0,0,0.0,-0.2
control-6796,control,0,0,0.0,-0.2
control-6797,control,0,0,0.0,-0.2
control-6798,control,0,0,0.0,-0.2
control-6799,control,0,0,0.0,-0.2
control-6800,control,0,0,0.0,-0.2
control-6801,control,0,0,0.0,-0.2
control-6802,control,0,0,0.0,-0.2
control-6803,control,0,0,0.0,-0.2
control-6804,control,0,0,0.0,-0.2
control-6805,control,0,0,0.0,-0.2
control-6806,control,0,0,0.0,-0.2
control-6807,control,1,0,60.0,17.8
control-6808,control,0,0,0.0,-0.2
control-6809,control,0,0,0.0,-0.2
control-6810,control,0,0,0.0,-0.2
control-6811,control,0,0,0.0,-0.2
control-6812,control,0,0,0.0,-0.2
control-6813,control,0,0,0.0,-0.2
control-6814,control,0,0,0.0,-0.2
control-6815,control,0,0,0.0,-0.2
control-6816,control,0,0,0.0,-0.2
control-6817,control,0,0,0.0,-0.2
control-6818,control,0,0,0.0,-0.2
control-6819,control,1,1,0.0,-3.2
control-6820,control,0,0,0.0,-0.2
control-6821,control,0,0,0.0,-0.2
control-6822,control,0,0,0.0,-0.2
control-6823,control,0,0,0.0,-0.2
control-6824,control,0,0,0.0,-0.2
control-6825,control,0,0,0.0,-0.2
control-6826,control,0,0,0.0,-0.2
control-6827,control,0,0,0.0,-0.2
control-6828,control,0,0,0.0,-0.2
control-6829,control,0,0,0.0,-0.2
control-6830,control,0,0,0.0,-0.2
control-6831,control,0,0,0.0,-0.2
control-6832,control,0,0,0.0,-0.2
control-6833,control,1,0,60.0,17.8
control-6834,control,0,0,0.0,-0.2
control-6835,control,0,0,0.0,-0.2
control-6836,control,0,0,0.0,-0.2
control-6837,control,0,0,0.0,-0.2
control-6838,control,1,0,20.0,5.8
control-6839,control,0,0,0.0,-0.2
control-6840,control,0,0,0.0,-0.2
control-6841,control,1,1,0.0,-6.2
control-6842,control,0,0,0.0,-0.2
control-6843,control,0,0,0.0,-0.2
control-6844,control,0,0,0.0,-0.2
control-6845,control,0,0,0.0,-0.2
control-6846,control,0,0,0.0,-0.2
control-6847,control,0,0,0.0,-0.2
control-6848,control,0,0,0.0,-0.2
control-6849,control,1,0,40.0,11.8
control-6850,control,1,0,20.0,5.8
control-6851,control,0,0,0.0,-0.2
control-6852,control,0,0,0.0,-0.2
control-6853,control,0,0,0.0,-0.2
control-6854,control,0,0,0.0,-0.2
control-6855,control,0,0,0.0,-0.2
control-6856,control,0,0,0.0,-0.2
control-6857,control,0,0,0.0,-0.2
control-6858,control,0,0,0.0,-0.2
control-6859,control,0,0,0.0,-0.2
control-6860,control,0,0,0.0,-0.2
control-6861,control,0,0,0.0,-0.2
control-6862,control,0,0,0.0,-0.2
control-6863,control,0,0,0.0,-0.2
control-6864,control,0,0,0.0,-0.2
control-6865,control,0,0,0.0,-0.2
control-6866,control,0,0,0.0,-0.2
control-6867,control,0,0,0.0,-0.2
control-6868,control,0,0,0.0,-0.2
control-6869,control,0,0,0.0,-0.2
control-6870,control,0,0,0.0,-0.2
control-6871,control,0,0,0.0,-0.2
control-6872,control,0,0,0.0,-0.2
control-6873,control,0,0,0.0,-0.2
control-6874,control,0,0,0.0,-0.2
control-6875,control,0,0,0.0,-0.2
control-6876,control,0,0,0.0,-0.2
control-6877,control,0,0,0.0,-0.2
control-6878,control,0,0,0.0,-0.2
control-6879,control,0,0,0.0,-0.2
control-6880,control,0,0,0.0,-0.2
control-6881,control,0,0,0.0,-0.2
control-6882,control,0,0,0.0,-0.2
control-6883,control,0,0,0.0,-0.2
control-6884,control,0,0,0.0,-0.2
control-6885,control,1,0,40.0,11.8
control-6886,control,0,0,0.0,-0.2
control-6887,control,0,0,0.0,-0.2
control-6888,control,0,0,0.0,-0.2
control-6889,control,0,0,0.0,-0.2
control-6890,control,0,0,0.0,-0.2
control-6891,control,0,0,0.0,-0.2
control-6892,control,0,0,0.0,-0.2
control-6893,control,0,0,0.0,-0.2
control-6894,control,0,0,0.0,-0.2
control-6895,control,0,0,0.0,-0.2
control-6896,control,0,0,0.0,-0.2
control-6897,control,0,0,0.0,-0.2
control-6898,control,0,0,0.0,-0.2
control-6899,control,0,0,0.0,-0.2
control-6900,control,0,0,0.0,-0.2
control-6901,control,0,0,0.0,-0.2
control-6902,control,0,0,0.0,-0.2
control-6903,control,0,0,0.0,-0.2
control-6904,control,0,0,0.0,-0.2
control-6905,control,0,0,0.0,-0.2
control-6906,control,0,0,0.0,-0.2
control-6907,control,0,0,0.0,-0.2
control-6908,control,1,0,20.0,5.8
control-6909,control,0,0,0.0,-0.2
control-6910,control,0,0,0.0,-0.2
control-6911,control,0,0,0.0,-0.2
control-6912,control,0,0,0.0,-0.2
control-6913,control,0,0,0.0,-0.2
control-6914,control,0,0,0.0,-0.2
control-6915,control,0,0,0.0,-0.2
control-6916,control,0,0,0.0,-0.2
control-6917,control,0,0,0.0,-0.2
control-6918,control,0,0,0.0,-0.2
control-6919,control,0,0,0.0,-0.2
control-6920,control,0,0,0.0,-0.2
control-6921,control,0,0,0.0,-0.2
control-6922,control,0,0,0.0,-0.2
control-6923,control,0,0,0.0,-0.2
control-6924,control,0,0,0.0,-0.2
control-6925,control,0,0,0.0,-0.2
control-6926,control,0,0,0.0,-0.2
control-6927,control,0,0,0.0,-0.2
control-6928,control,0,0,0.0,-0.2
control-6929,control,1,0,60.0,17.8
control-6930,control,0,0,0.0,-0.2
control-6931,control,0,0,0.0,-0.2
control-6932,control,0,0,0.0,-0.2
control-6933,control,0,0,0.0,-0.2
control-6934,control,0,0,0.0,-0.2
control-6935,control,0,0,0.0,-0.2
control-6936,control,0,0,0.0,-0.2
control-6937,control,0,0,0.0,-0.2
control-6938,control,0,0,0.0,-0.2
control-6939,control,0,0,0.0,-0.2
control-6940,control,0,0,0.0,-0.2
control-6941,control,0,0,0.0,-0.2
control-6942,control,0,0,0.0,-0.2
control-6943,control,0,0,0.0,-0.2
control-6944,control,0,0,0.0,-0.2
control-6945,control,0,0,0.0,-0.2
control-6946,control,0,0,0.0,-0.2
control-6947,control,0,0,0.0,-0.2
control-6948,control,0,0,0.0,-0.2
control-6949,control,0,0,0.0,-0.2
control-6950,control,0,0,0.0,-0.2
control-6951,control,1,0,40.0,11.8
control-6952,control,0,0,0.0,-0.2
control-6953,control,0,0,0.0,-0.2
control-6954,control,0,0,0.0,-0.2
control-6955,control,0,0,0.0,-0.2
control-6956,control,0,0,0.0,-0.2
control-6957,control,0,0,0.0,-0.2
control-6958,control,0,0,0.0,-0.2
control-6959,control,0,0,0.0,-0.2
control-6960,control,0,0,0.0,-0.2
control-6961,control,0,0,0.0,-0.2
control-6962,control,0,0,0.0,-0.2
control-6963,control,0,0,0.0,-0.2
control-6964,control,0,0,0.0,-0.2
control-6965,control,0,0,0.0,-0.2
control-6966,control,0,0,0.0,-0.2
control-6967,control,0,0,0.0,-0.2
control-6968,control,0,0,0.0,-0.2
control-6969,control,0,0,0.0,-0.2
control-6970,control,0,0,0.0,-0.2
control-6971,control,0,0,0.0,-0.2
control-6972,control,0,0,0.0,-0.2
control-6973,control,1,0,40.0,11.8
control-6974,control,0,0,0.0,-0.2
control-6975,control,0,0,0.0,-0.2
control-6976,control,0,0,0.0,-0.2
control-6977,control,0,0,0.0,-0.2
control-6978,control,0,0,0.0,-0.2
control-6979,control,0,0,0.0,-0.2
control-6980,control,1,0,60.0,17.8
control-6981,control,1,0,20.0,5.8
control-6982,control,0,0,0.0,-0.2
control-6983,control,0,0,0.0,-0.2
control-6984,control,0,0,0.0,-0.2
control-6985,control,0,0,0.0,-0.2
control-6986,control,0,0,0.0,-0.2
control-6987,control,0,0,0.0,-0.2
control-6988,control,0,0,0.0,-0.2
control-6989,control,0,0,0.0,-0.2
control-6990,control,0,0,0.0,-0.2
control-6991,control,0,0,0.0,-0.2
control-6992,control,0,0,0.0,-0.2
control-6993,control,0,0,0.0,-0.2
control-6994,control,0,0,0.0,-0.2
control-6995,control,0,0,0.0,-0.2
control-6996,control,0,0,0.0,-0.2
control-6997,control,0,0,0.0,-0.2
control-6998,control,0,0,0.0,-0.2
control-6999,control,0,0,0.0,-0.2
control-7000,control,0,0,0.0,-0.2
control-7001,control,0,0,0.0,-0.2
control-7002,control,0,0,0.0,-0.2
control-7003,control,0,0,0.0,-0.2
control-7004,control,0,0,0.0,-0.2
control-7005,control,0,0,0.0,-0.2
control-7006,control,0,0,0.0,-0.2
control-7007,control,0,0,0.0,-0.2
control-7008,control,0,0,0.0,-0.2
control-7009,control,0,0,0.0,-0.2
control-7010,control,0,0,0.0,-0.2
control-7011,control,1,0,40.0,11.8
control-7012,control,0,0,0.0,-0.2
control-7013,control,0,0,0.0,-0.2
control-7014,control,0,0,0.0,-0.2
control-7015,control,1,0,60.0,17.8
control-7016,control,0,0,0.0,-0.2
control-7017,control,0,0,0.0,-0.2
control-7018,control,0,0,0.0,-0.2
control-7019,control,0,0,0.0,-0.2
control-7020,control,1,0,40.0,11.8
control-7021,control,1,0,40.0,11.8
control-7022,control,0,0,0.0,-0.2
control-7023,control,0,0,0.0,-0.2
control-7024,control,0,0,0.0,-0.2
control-7025,control,0,0,0.0,-0.2
control-7026,control,0,0,0.0,-0.2
control-7027,control,0,0,0.0,-0.2
control-7028,control,0,0,0.0,-0.2
control-7029,control,0,0,0.0,-0.2
control-7030,control,0,0,0.0,-0.2
control-7031,control,0,0,0.0,-0.2
control-7032,control,0,0,0.0,-0.2
control-7033,control,0,0,0.0,-0.2
control-7034,control,0,0,0.0,-0.2
control-7035,control,0,0,0.0,-0.2
control-7036,control,0,0,0.0,-0.2
control-7037,control,0,0,0.0,-0.2
control-7038,control,0,0,0.0,-0.2
control-7039,control,0,0,0.0,-0.2
control-7040,control,0,0,0.0,-0.2
control-7041,control,0,0,0.0,-0.2
control-7042,control,0,0,0.0,-0.2
control-7043,control,0,0,0.0,-0.2
control-7044,control,1,0,20.0,5.8
control-7045,control,1,0,40.0,11.8
control-7046,control,0,0,0.0,-0.2
control-7047,control,0,0,0.0,-0.2
control-7048,control,0,0,0.0,-0.2
control-7049,control,0,0,0.0,-0.2
control-7050,control,1,0,60.0,17.8
control-7051,control,0,0,0.0,-0.2
control-7052,control,0,0,0.0,-0.2
control-7053,control,0,0,0.0,-0.2
control-7054,control,0,0,0.0,-0.2
control-7055,control,0,0,0.0,-0.2
control-7056,control,0,0,0.0,-0.2
control-7057,control,0,0,0.0,-0.2
control-7058,control,0,0,0.0,-0.2
control-7059,control,0,0,0.0,-0.2
control-7060,control,0,0,0.0,-0.2
control-7061,control,0,0,0.0,-0.2
control-7062,control,0,0,0.0,-0.2
control-7063,control,0,0,0.0,-0.2
control-7064,control,0,0,0.0,-0.2
control-7065,control,0,0,0.0,-0.2
control-7066,control,0,0,0.0,-0.2
control-7067,control,0,0,0.0,-0.2
control-7068,control,0,0,0.0,-0.2
control-7069,control,0,0,0.0,-0.2
control-7070,control,0,0,0.0,-0.2
control-7071,control,0,0,0.0,-0.2
control-7072,control,0,0,0.0,-0.2
control-7073,control,0,0,0.0,-0.2
control-7074,control,0,0,0.0,-0.2
control-7075,control,0,0,0.0,-0.2
control-7076,control,0,0,0.0,-0.2
control-7077,control,1,0,20.0,5.8
control-7078,control,0,0,0.0,-0.2
control-7079,control,1,0,60.0,17.8
control-7080,control,0,0,0.0,-0.2
control-7081,control,0,0,0.0,-0.2
control-7082,control,0,0,0.0,-0.2
control-7083,control,0,0,0.0,-0.2
control-7084,control,0,0,0.0,-0.2
control-7085,control,0,0,0.0,-0.2
control-7086,control,0,0,0.0,-0.2
control-7087,control,0,0,0.0,-0.2
control-7088,control,0,0,0.0,-0.2
control-7089,control,0,0,0.0,-0.2
control-7090,control,0,0,0.0,-0.2
control-7091,control,0,0,0.0,-0.2
control-7092,control,0,0,0.0,-0.2
control-7093,control,0,0,0.0,-0.2
control-7094,control,0,0,0.0,-0.2
control-7095,control,0,0,0.0,-0.2
control-7096,control,0,0,0.0,-0.2
control-7097,control,0,0,0.0,-0.2
control-7098,control,0,0,0.0,-0.2
control-7099,control,0,0,0.0,-0.2
control-7100,control,0,0,0.0,-0.2
control-7101,control,0,0,0.0,-0.2
control-7102,control,0,0,0.0,-0.2
control-7103,control,0,0,0.0,-0.2
control-7104,control,0,0,0.0,-0.2
control-7105,control,0,0,0.0,-0.2
control-7106,control,0,0,0.0,-0.2
control-7107,control,0,0,0.0,-0.2
control-7108,control,0,0,0.0,-0.2
control-7109,control,0,0,0.0,-0.2
control-7110,control,1,0,60.0,17.8
control-7111,control,0,0,0.0,-0.2
control-7112,control,0,0,0.0,-0.2
control-7113,control,0,0,0.0,-0.2
control-7114,control,0,0,0.0,-0.2
control-7115,control,0,0,0.0,-0.2
control-7116,control,0,0,0.0,-0.2
control-7117,control,0,0,0.0,-0.2
control-7118,control,0,0,0.0,-0.2
control-7119,control,0,0,0.0,-0.2
control-7120,control,0,0,0.0,-0.2
control-7121,control,0,0,0.0,-0.2
control-7122,control,1,0,40.0,11.8
control-7123,control,0,0,0.0,-0.2
control-7124,control,0,0,0.0,-0.2
control-7125,control,1,0,60.0,17.8
control-7126,control,0,0,0.0,-0.2
control-7127,control,0,0,0.0,-0.2
control-7128,control,0,0,0.0,-0.2
control-7129,control,0,0,0.0,-0.2
control-7130,control,0,0,0.0,-0.2
control-7131,control,0,0,0.0,-0.2
control-7132,control,0,0,0.0,-0.2
control-7133,control,0,0,0.0,-0.2
control-7134,control,0,0,0.0,-0.2
control-7135,control,0,0,0.0,-0.2
control-7136,control,0,0,0.0,-0.2
control-7137,control,0,0,0.0,-0.2
control-7138,control,0,0,0.0,-0.2
control-7139,control,0,0,0.0,-0.2
control-7140,control,0,0,0.0,-0.2
control-7141,control,0,0,0.0,-0.2
control-7142,control,0,0,0.0,-0.2
control-7143,control,0,0,0.0,-0.2
control-7144,control,0,0,0.0,-0.2
control-7145,control,0,0,0.0,-0.2
control-7146,control,0,0,0.0,-0.2
control-7147,control,0,0,0.0,-0.2
control-7148,control,0,0,0.0,-0.2
control-7149,control,0,0,0.0,-0.2
control-7150,control,0,0,0.0,-0.2
control-7151,control,0,0,0.0,-0.2
control-7152,control,1,0,60.0,17.8
control-7153,control,0,0,0.0,-0.2
control-7154,control,0,0,0.0,-0.2
control-7155,control,0,0,0.0,-0.2
control-7156,control,0,0,0.0,-0.2
control-7157,control,1,0,60.0,17.8
control-7158,control,0,0,0.0,-0.2
control-7159,control,0,0,0.0,-0.2
control-7160,control,0,0,0.0,-0.2
control-7161,control,0,0,0.0,-0.2
control-7162,control,0,0,0.0,-0.2
control-7163,control,0,0,0.0,-0.2
control-7164,control,0,0,0.0,-0.2
control-7165,control,0,0,0.0,-0.2
control-7166,control,0,0,0.0,-0.2
control-7167,control,0,0,0.0,-0.2
control-7168,control,0,0,0.0,-0.2
control-7169,control,0,0,0.0,-0.2
control-7170,control,0,0,0.0,-0.2
control-7171,control,0,0,0.0,-0.2
control-7172,control,0,0,0.0,-0.2
control-7173,control,0,0,0.0,-0.2
control-7174,control,0,0,0.0,-0.2
control-7175,control,0,0,0.0,-0.2
control-7176,control,0,0,0.0,-0.2
control-7177,control,1,0,40.0,11.8
control-7178,control,0,0,0.0,-0.2
control-7179,control,0,0,0.0,-0.2
control-7180,control,0,0,0.0,-0.2
control-7181,control,0,0,0.0,-0.2
control-7182,control,0,0,0.0,-0.2
control-7183,control,0,0,0.0,-0.2
control-7184,control,0,0,0.0,-0.2
control-7185,control,0,0,0.0,-0.2
control-7186,control,0,0,0.0,-0.2
control-7187,control,0,0,0.0,-0.2
control-7188,control,0,0,0.0,-0.2
control-7189,control,0,0,0.0,-0.2
control-7190,control,0,0,0.0,-0.2
control-7191,control,0,0,0.0,-0.2
control-7192,control,0,0,0.0,-0.2
control-7193,control,0,0,0.0,-0.2
control-7194,control,0,0,0.0,-0.2
control-7195,control,1,0,60.0,17.8
control-7196,control,0,0,0.0,-0.2
control-7197,control,0,0,0.0,-0.2
control-7198,control,0,0,0.0,-0.2
control-7199,control,0,0,0.0,-0.2
control-7200,control,0,0,0.0,-0.2
control-7201,control,0,0,0.0,-0.2
control-7202,control,0,0,0.0,-0.2
control-7203,control,1,0,20.0,5.8
control-7204,control,0,0,0.0,-0.2
control-7205,control,0,0,0.0,-0.2
control-7206,control,0,0,0.0,-0.2
control-7207,control,0,0,0.0,-0.2
control-7208,control,0,0,0.0,-0.2
control-7209,control,0,0,0.0,-0.2
control-7210,control,0,0,0.0,-0.2
control-7211,control,0,0,0.0,-0.2
control-7212,control,0,0,0.0,-0.2
control-7213,control,0,0,0.0,-0.2
control-7214,control,0,0,0.0,-0.2
control-7215,control,0,0,0.0,-0.2
control-7216,control,0,0,0.0,-0.2
control-7217,control,0,0,0.0,-0.2
control-7218,control,0,0,0.0,-0.2
control-7219,control,0,0,0.0,-0.2
control-7220,control,0,0,0.0,-0.2
control-7221,control,0,0,0.0,-0.2
control-7222,control,0,0,0.0,-0.2
control-7223,control,0,0,0.0,-0.2
control-7224,control,0,0,0.0,-0.2
control-7225,control,0,0,0.0,-0.2
control-7226,control,0,0,0.0,-0.2
control-7227,control,0,0,0.0,-0.2
control-7228,control,0,0,0.0,-0.2
control-7229,control,1,0,60.0,17.8
control-7230,control,0,0,0.0,-0.2
control-7231,control,0,0,0.0,-0.2
control-7232,control,0,0,0.0,-0.2
control-7233,control,0,0,0.0,-0.2
control-7234,control,0,0,0.0,-0.2
control-7235,control,0,0,0.0,-0.2
control-7236,control,0,0,0.0,-0.2
control-7237,control,0,0,0.0,-0.2
control-7238,control,0,0,0.0,-0.2
control-7239,control,0,0,0.0,-0.2
control-7240,control,0,0,0.0,-0.2
control-7241,control,0,0,0.0,-0.2
control-7242,control,0,0,0.0,-0.2
control-7243,control,0,0,0.0,-0.2
control-7244,control,0,0,0.0,-0.2
control-7245,control,1,0,60.0,17.8
control-7246,control,0,0,0.0,-0.2
control-7247,control,0,0,0.0,-0.2
control-7248,control,0,0,0.0,-0.2
control-7249,control,0,0,0.0,-0.2
control-7250,control,0,0,0.0,-0.2
control-7251,control,0,0,0.0,-0.2
control-7252,control,0,0,0.0,-0.2
control-7253,control,0,0,0.0,-0.2
control-7254,control,0,0,0.0,-0.2
control-7255,control,0,0,0.0,-0.2
control-7256,control,0,0,0.0,-0.2
control-7257,control,0,0,0.0,-0.2
control-7258,control,0,0,0.0,-0.2
control-7259,control,0,0,0.0,-0.2
control-7260,control,0,0,0.0,-0.2
control-7261,control,0,0,0.0,-0.2
control-7262,control,0,0,0.0,-0.2
control-7263,control,0,0,0.0,-0.2
control-7264,control,0,0,0.0,-0.2
control-7265,control,0,0,0.0,-0.2
control-7266,control,0,0,0.0,-0.2
control-7267,control,0,0,0.0,-0.2
control-7268,control,0,0,0.0,-0.2
control-7269,control,0,0,0.0,-0.2
control-7270,control,0,0,0.0,-0.2
control-7271,control,0,0,0.0,-0.2
control-7272,control,0,0,0.0,-0.2
control-7273,control,0,0,0.0,-0.2
control-7274,control,0,0,0.0,-0.2
control-7275,control,0,0,0.0,-0.2
control-7276,control,0,0,0.0,-0.2
control-7277,control,0,0,0.0,-0.2
control-7278,control,0,0,0.0,-0.2
control-7279,control,0,0,0.0,-0.2
control-7280,control,0,0,0.0,-0.2
control-7281,control,0,0,0.0,-0.2
control-7282,control,0,0,0.0,-0.2
control-7283,control,0,0,0.0,-0.2
control-7284,control,0,0,0.0,-0.2
control-7285,control,0,0,0.0,-0.2
control-7286,control,0,0,0.0,-0.2
control-7287,control,0,0,0.0,-0.2
control-7288,control,0,0,0.0,-0.2
control-7289,control,0,0,0.0,-0.2
control-7290,control,0,0,0.0,-0.2
control-7291,control,0,0,0.0,-0.2
control-7292,control,0,0,0.0,-0.2
control-7293,control,0,0,0.0,-0.2
control-7294,control,0,0,0.0,-0.2
control-7295,control,1,0,60.0,17.8
control-7296,control,0,0,0.0,-0.2
control-7297,control,0,0,0.0,-0.2
control-7298,control,0,0,0.0,-0.2
control-7299,control,0,0,0.0,-0.2
control-7300,control,0,0,0.0,-0.2
control-7301,control,0,0,0.0,-0.2
control-7302,control,0,0,0.0,-0.2
control-7303,control,0,0,0.0,-0.2
control-7304,control,0,0,0.0,-0.2
control-7305,control,0,0,0.0,-0.2
control-7306,control,0,0,0.0,-0.2
control-7307,control,0,0,0.0,-0.2
control-7308,control,0,0,0.0,-0.2
control-7309,control,0,0,0.0,-0.2
control-7310,control,0,0,0.0,-0.2
control-7311,control,0,0,0.0,-0.2
control-7312,control,0,0,0.0,-0.2
control-7313,control,0,0,0.0,-0.2
control-7314,control,0,0,0.0,-0.2
control-7315,control,0,0,0.0,-0.2
control-7316,control,0,0,0.0,-0.2
control-7317,control,1,0,40.0,11.8
control-7318,control,0,0,0.0,-0.2
control-7319,control,0,0,0.0,-0.2
control-7320,control,0,0,0.0,-0.2
control-7321,control,0,0,0.0,-0.2
control-7322,control,0,0,0.0,-0.2
control-7323,control,0,0,0.0,-0.2
control-7324,control,0,0,0.0,-0.2
control-7325,control,0,0,0.0,-0.2
control-7326,control,1,0,20.0,5.8
control-7327,control,0,0,0.0,-0.2
control-7328,control,0,0,0.0,-0.2
control-7329,control,0,0,0.0,-0.2
control-7330,control,0,0,0.0,-0.2
control-7331,control,0,0,0.0,-0.2
control-7332,control,0,0,0.0,-0.2
control-7333,control,0,0,0.0,-0.2
control-7334,control,0,0,0.0,-0.2
control-7335,control,0,0,0.0,-0.2
control-7336,control,0,0,0.0,-0.2
control-7337,control,0,0,0.0,-0.2
control-7338,control,0,0,0.0,-0.2
control-7339,control,0,0,0.0,-0.2
control-7340,control,0,0,0.0,-0.2
control-7341,control,0,0,0.0,-0.2
control-7342,control,0,0,0.0,-0.2
control-7343,control,0,0,0.0,-0.2
control-7344,control,0,0,0.0,-0.2
control-7345,control,0,0,0.0,-0.2
control-7346,control,0,0,0.0,-0.2
control-7347,control,0,0,0.0,-0.2
control-7348,control,0,0,0.0,-0.2
control-7349,control,0,0,0.0,-0.2
control-7350,control,0,0,0.0,-0.2
control-7351,control,0,0,0.0,-0.2
control-7352,control,1,0,60.0,17.8
control-7353,control,0,0,0.0,-0.2
control-7354,control,0,0,0.0,-0.2
control-7355,control,0,0,0.0,-0.2
control-7356,control,0,0,0.0,-0.2
control-7357,control,0,0,0.0,-0.2
control-7358,control,0,0,0.0,-0.2
control-7359,control,0,0,0.0,-0.2
control-7360,control,0,0,0.0,-0.2
control-7361,control,0,0,0.0,-0.2
control-7362,control,0,0,0.0,-0.2
control-7363,control,0,0,0.0,-0.2
control-7364,control,0,0,0.0,-0.2
control-7365,control,0,0,0.0,-0.2
control-7366,control,0,0,0.0,-0.2
control-7367,control,0,0,0.0,-0.2
control-7368,control,0,0,0.0,-0.2
control-7369,control,0,0,0.0,-0.2
control-7370,control,0,0,0.0,-0.2
control-7371,control,0,0,0.0,-0.2
control-7372,control,0,0,0.0,-0.2
control-7373,control,0,0,0.0,-0.2
control-7374,control,0,0,0.0,-0.2
control-7375,control,0,0,0.0,-0.2
control-7376,control,0,0,0.0,-0.2
control-7377,control,1,0,40.0,11.8
control-7378,control,0,0,0.0,-0.2
control-7379,control,0,0,0.0,-0.2
control-7380,control,0,0,0.0,-0.2
control-7381,control,0,0,0.0,-0.2
control-7382,control,0,0,0.0,-0.2
control-7383,control,0,0,0.0,-0.2
control-7384,control,0,0,0.0,-0.2
control-7385,control,0,0,0.0,-0.2
control-7386,control,0,0,0.0,-0.2
control-7387,control,0,0,0.0,-0.2
control-7388,control,0,0,0.0,-0.2
control-7389,control,0,0,0.0,-0.2
control-7390,control,0,0,0.0,-0.2
control-7391,control,0,0,0.0,-0.2
control-7392,control,0,0,0.0,-0.2
control-7393,control,0,0,0.0,-0.2
control-7394,control,0,0,0.0,-0.2
control-7395,control,0,0,0.0,-0.2
control-7396,control,0,0,0.0,-0.2
control-7397,control,0,0,0.0,-0.2
control-7398,control,1,0,20.0,5.8
control-7399,control,0,0,0.0,-0.2
control-7400,control,0,0,0.0,-0.2
control-7401,control,0,0,0.0,-0.2
control-7402,control,0,0,0.0,-0.2
control-7403,control,0,0,0.0,-0.2
control-7404,control,0,0,0.0,-0.2
control-7405,control,0,0,0.0,-0.2
control-7406,control,1,0,40.0,11.8
control-7407,control,0,0,0.0,-0.2
control-7408,control,0,0,0.0,-0.2
control-7409,control,0,0,0.0,-0.2
control-7410,control,0,0,0.0,-0.2
control-7411,control,0,0,0.0,-0.2
control-7412,control,0,0,0.0,-0.2
control-7413,control,0,0,0.0,-0.2
control-7414,control,0,0,0.0,-0.2
control-7415,control,0,0,0.0,-0.2
control-7416,control,0,0,0.0,-0.2
control-7417,control,0,0,0.0,-0.2
control-7418,control,0,0,0.0,-0.2
control-7419,control,0,0,0.0,-0.2
control-7420,control,0,0,0.0,-0.2
control-7421,control,0,0,0.0,-0.2
control-7422,control,0,0,0.0,-0.2
control-7423,control,0,0,0.0,-0.2
control-7424,control,0,0,0.0,-0.2
control-7425,control,0,0,0.0,-0.2
control-7426,control,1,0,40.0,11.8
control-7427,control,0,0,0.0,-0.2
control-7428,control,0,0,0.0,-0.2
control-7429,control,0,0,0.0,-0.2
control-7430,control,0,0,0.0,-0.2
control-7431,control,0,0,0.0,-0.2
control-7432,control,0,0,0.0,-0.2
control-7433,control,0,0,0.0,-0.2
control-7434,control,0,0,0.0,-0.2
control-7435,control,0,0,0.0,-0.2
control-7436,control,0,0,0.0,-0.2
control-7437,control,0,0,0.0,-0.2
control-7438,control,0,0,0.0,-0.2
control-7439,control,0,0,0.0,-0.2
control-7440,control,0,0,0.0,-0.2
control-7441,control,0,0,0.0,-0.2
control-7442,control,0,0,0.0,-0.2
control-7443,control,0,0,0.0,-0.2
control-7444,control,0,0,0.0,-0.2
control-7445,control,0,0,0.0,-0.2
control-7446,control,0,0,0.0,-0.2
control-7447,control,0,0,0.0,-0.2
control-7448,control,0,0,0.0,-0.2
control-7449,control,0,0,0.0,-0.2
control-7450,control,0,0,0.0,-0.2
control-7451,control,0,0,0.0,-0.2
control-7452,control,0,0,0.0,-0.2
control-7453,control,0,0,0.0,-0.2
control-7454,control,1,0,60.0,17.8
control-7455,control,0,0,0.0,-0.2
control-7456,control,0,0,0.0,-0.2
control-7457,control,0,0,0.0,-0.2
control-7458,control,0,0,0.0,-0.2
control-7459,control,0,0,0.0,-0.2
control-7460,control,0,0,0.0,-0.2
control-7461,control,0,0,0.0,-0.2
control-7462,control,0,0,0.0,-0.2
control-7463,control,0,0,0.0,-0.2
control-7464,control,1,0,40.0,11.8
control-7465,control,0,0,0.0,-0.2
control-7466,control,0,0,0.0,-0.2
control-7467,control,0,0,0.0,-0.2
control-7468,control,0,0,0.0,-0.2
control-7469,control,0,0,0.0,-0.2
control-7470,control,0,0,0.0,-0.2
control-7471,control,0,0,0.0,-0.2
control-7472,control,0,0,0.0,-0.2
control-7473,control,0,0,0.0,-0.2
control-7474,control,0,0,0.0,-0.2
control-7475,control,0,0,0.0,-0.2
control-7476,control,0,0,0.0,-0.2
control-7477,control,0,0,0.0,-0.2
control-7478,control,0,0,0.0,-0.2
control-7479,control,0,0,0.0,-0.2
control-7480,control,0,0,0.0,-0.2
control-7481,control,0,0,0.0,-0.2
control-7482,control,0,0,0.0,-0.2
control-7483,control,0,0,0.0,-0.2
control-7484,control,0,0,0.0,-0.2
control-7485,control,0,0,0.0,-0.2
control-7486,control,0,0,0.0,-0.2
control-7487,control,0,0,0.0,-0.2
control-7488,control,0,0,0.0,-0.2
control-7489,control,0,0,0.0,-0.2
control-7490,control,0,0,0.0,-0.2
control-7491,control,1,0,60.0,17.8
control-7492,control,0,0,0.0,-0.2
control-7493,control,0,0,0.0,-0.2
control-7494,control,0,0,0.0,-0.2
control-7495,control,0,0,0.0,-0.2
control-7496,control,0,0,0.0,-0.2
control-7497,control,0,0,0.0,-0.2
control-7498,control,0,0,0.0,-0.2
control-7499,control,0,0,0.0,-0.2
control-7500,control,0,0,0.0,-0.2
control-7501,control,0,0,0.0,-0.2
control-7502,control,0,0,0.0,-0.2
control-7503,control,0,0,0.0,-0.2
control-7504,control,0,0,0.0,-0.2
control-7505,control,0,0,0.0,-0.2
control-7506,control,1,0,60.0,17.8
control-7507,control,0,0,0.0,-0.2
control-7508,control,0,0,0.0,-0.2
control-7509,control,0,0,0.0,-0.2
control-7510,control,0,0,0.0,-0.2
control-7511,control,0,0,0.0,-0.2
control-7512,control,0,0,0.0,-0.2
control-7513,control,0,0,0.0,-0.2
control-7514,control,0,0,0.0,-0.2
control-7515,control,0,0,0.0,-0.2
control-7516,control,0,0,0.0,-0.2
control-7517,control,0,0,0.0,-0.2
control-7518,control,0,0,0.0,-0.2
control-7519,control,0,0,0.0,-0.2
control-7520,control,0,0,0.0,-0.2
control-7521,control,0,0,0.0,-0.2
control-7522,control,0,0,0.0,-0.2
control-7523,control,0,0,0.0,-0.2
control-7524,control,0,0,0.0,-0.2
control-7525,control,0,0,0.0,-0.2
control-7526,control,0,0,0.0,-0.2
control-7527,control,0,0,0.0,-0.2
control-7528,control,0,0,0.0,-0.2
control-7529,control,0,0,0.0,-0.2
control-7530,control,0,0,0.0,-0.2
control-7531,control,0,0,0.0,-0.2
control-7532,control,0,0,0.0,-0.2
control-7533,control,0,0,0.0,-0.2
control-7534,control,0,0,0.0,-0.2
control-7535,control,1,0,40.0,11.8
control-7536,control,0,0,0.0,-0.2
control-7537,control,0,0,0.0,-0.2
control-7538,control,0,0,0.0,-0.2
control-7539,control,0,0,0.0,-0.2
control-7540,control,0,0,0.0,-0.2
control-7541,control,0,0,0.0,-0.2
control-7542,control,0,0,0.0,-0.2
control-7543,control,1,0,40.0,11.8
control-7544,control,0,0,0.0,-0.2
control-7545,control,0,0,0.0,-0.2
control-7546,control,0,0,0.0,-0.2
control-7547,control,0,0,0.0,-0.2
control-7548,control,0,0,0.0,-0.2
control-7549,control,0,0,0.0,-0.2
control-7550,control,0,0,0.0,-0.2
control-7551,control,0,0,0.0,-0.2
control-7552,control,0,0,0.0,-0.2
control-7553,control,0,0,0.0,-0.2
control-7554,control,0,0,0.0,-0.2
control-7555,control,0,0,0.0,-0.2
control-7556,control,0,0,0.0,-0.2
control-7557,control,0,0,0.0,-0.2
control-7558,control,0,0,0.0,-0.2
control-7559,control,0,0,0.0,-0.2
control-7560,control,0,0,0.0,-0.2
control-7561,control,0,0,0.0,-0.2
control-7562,control,0,0,0.0,-0.2
control-7563,control,0,0,0.0,-0.2
control-7564,control,0,0,0.0,-0.2
control-7565,control,0,0,0.0,-0.2
control-7566,control,0,0,0.0,-0.2
control-7567,control,0,0,0.0,-0.2
control-7568,control,0,0,0.0,-0.2
control-7569,control,1,0,60.0,17.8
control-7570,control,0,0,0.0,-0.2
control-7571,control,0,0,0.0,-0.2
control-7572,control,0,0,0.0,-0.2
control-7573,control,0,0,0.0,-0.2
control-7574,control,0,0,0.0,-0.2
control-7575,control,1,0,20.0,5.8
control-7576,control,0,0,0.0,-0.2
control-7577,control,0,0,0.0,-0.2
control-7578,control,0,0,0.0,-0.2
control-7579,control,0,0,0.0,-0.2
control-7580,control,0,0,0.0,-0.2
control-7581,control,0,0,0.0,-0.2
control-7582,control,0,0,0.0,-0.2
control-7583,control,0,0,0.0,-0.2
control-7584,control,0,0,0.0,-0.2
control-7585,control,0,0,0.0,-0.2
control-7586,control,0,0,0.0,-0.2
control-7587,control,1,0,40.0,11.8
control-7588,control,0,0,0.0,-0.2
control-7589,control,0,0,0.0,-0.2
control-7590,control,0,0,0.0,-0.2
control-7591,control,0,0,0.0,-0.2
control-7592,control,0,0,0.0,-0.2
control-7593,control,0,0,0.0,-0.2
control-7594,control,0,0,0.0,-0.2
control-7595,control,0,0,0.0,-0.2
control-7596,control,0,0,0.0,-0.2
control-7597,control,0,0,0.0,-0.2
control-7598,control,0,0,0.0,-0.2
control-7599,control,0,0,0.0,-0.2
control-7600,control,1,0,20.0,5.8
control-7601,control,1,0,20.0,5.8
control-7602,control,0,0,0.0,-0.2
control-7603,control,0,0,0.0,-0.2
control-7604,control,0,0,0.0,-0.2
control-7605,control,1,0,20.0,5.8
control-7606,control,0,0,0.0,-0.2
control-7607,control,0,0,0.0,-0.2
control-7608,control,0,0,0.0,-0.2
control-7609,control,0,0,0.0,-0.2
control-7610,control,0,0,0.0,-0.2
control-7611,control,0,0,0.0,-0.2
control-7612,control,0,0,0.0,-0.2
control-7613,control,0,0,0.0,-0.2
control-7614,control,0,0,0.0,-0.2
control-7615,control,0,0,0.0,-0.2
control-7616,control,0,0,0.0,-0.2
control-7617,control,0,0,0.0,-0.2
control-7618,control,0,0,0.0,-0.2
control-7619,control,0,0,0.0,-0.2
control-7620,control,0,0,0.0,-0.2
control-7621,control,0,0,0.0,-0.2
control-7622,control,0,0,0.0,-0.2
control-7623,control,0,0,0.0,-0.2
control-7624,control,0,0,0.0,-0.2
control-7625,control,0,0,0.0,-0.2
control-7626,control,0,0,0.0,-0.2
control-7627,control,0,0,0.0,-0.2
control-7628,control,0,0,0.0,-0.2
control-7629,control,0,0,0.0,-0.2
control-7630,control,0,0,0.0,-0.2
control-7631,control,0,0,0.0,-0.2
control-7632,control,0,0,0.0,-0.2
control-7633,control,0,0,0.0,-0.2
control-7634,control,0,0,0.0,-0.2
control-7635,control,0,0,0.0,-0.2
control-7636,control,0,0,0.0,-0.2
control-7637,control,0,0,0.0,-0.2
control-7638,control,0,0,0.0,-0.2
control-7639,control,0,0,0.0,-0.2
control-7640,control,0,0,0.0,-0.2
control-7641,control,0,0,0.0,-0.2
control-7642,control,0,0,0.0,-0.2
control-7643,control,0,0,0.0,-0.2
control-7644,control,0,0,0.0,-0.2
control-7645,control,0,0,0.0,-0.2
control-7646,control,0,0,0.0,-0.2
control-7647,control,0,0,0.0,-0.2
control-7648,control,0,0,0.0,-0.2
control-7649,control,0,0,0.0,-0.2
control-7650,control,0,0,0.0,-0.2
control-7651,control,0,0,0.0,-0.2
control-7652,control,0,0,0.0,-0.2
control-7653,control,0,0,0.0,-0.2
control-7654,control,0,0,0.0,-0.2
control-7655,control,0,0,0.0,-0.2
control-7656,control,0,0,0.0,-0.2
control-7657,control,0,0,0.0,-0.2
control-7658,control,0,0,0.0,-0.2
control-7659,control,0,0,0.0,-0.2
control-7660,control,0,0,0.0,-0.2
control-7661,control,1,0,20.0,5.8
control-7662,control,0,0,0.0,-0.2
control-7663,control,0,0,0.0,-0.2
control-7664,control,0,0,0.0,-0.2
control-7665,control,0,0,0.0,-0.2
control-7666,control,0,0,0.0,-0.2
control-7667,control,0,0,0.0,-0.2
control-7668,control,0,0,0.0,-0.2
control-7669,control,0,0,0.0,-0.2
control-7670,control,1,0,40.0,11.8
control-7671,control,0,0,0.0,-0.2
control-7672,control,0,0,0.0,-0.2
control-7673,control,0,0,0.0,-0.2
control-7674,control,0,0,0.0,-0.2
control-7675,control,0,0,0.0,-0.2
control-7676,control,0,0,0.0,-0.2
control-7677,control,1,0,40.0,11.8
control-7678,control,0,0,0.0,-0.2
control-7679,control,1,0,40.0,11.8
control-7680,control,1,0,60.0,17.8
control-7681,control,0,0,0.0,-0.2
control-7682,control,0,0,0.0,-0.2
control-7683,control,0,0,0.0,-0.2
control-7684,control,0,0,0.0,-0.2
control-7685,control,0,0,0.0,-0.2
control-7686,control,0,0,0.0,-0.2
control-7687,control,0,0,0.0,-0.2
control-7688,control,0,0,0.0,-0.2
control-7689,control,0,0,0.0,-0.2
control-7690,control,0,0,0.0,-0.2
control-7691,control,0,0,0.0,-0.2
control-7692,control,0,0,0.0,-0.2
control-7693,control,0,0,0.0,-0.2
control-7694,control,0,0,0.0,-0.2
control-7695,control,0,0,0.0,-0.2
control-7696,control,0,0,0.0,-0.2
control-7697,control,0,0,0.0,-0.2
control-7698,control,0,0,0.0,-0.2
control-7699,control,0,0,0.0,-0.2
control-7700,control,0,0,0.0,-0.2
control-7701,control,0,0,0.0,-0.2
control-7702,control,0,0,0.0,-0.2
control-7703,control,0,0,0.0,-0.2
control-7704,control,0,0,0.0,-0.2
control-7705,control,0,0,0.0,-0.2
control-7706,control,0,0,0.0,-0.2
control-7707,control,0,0,0.0,-0.2
control-7708,control,0,0,0.0,-0.2
control-7709,control,0,0,0.0,-0.2
control-7710,control,0,0,0.0,-0.2
control-7711,control,0,0,0.0,-0.2
control-7712,control,0,0,0.0,-0.2
control-7713,control,0,0,0.0,-0.2
control-7714,control,0,0,0.0,-0.2
control-7715,control,0,0,0.0,-0.2
control-7716,control,0,0,0.0,-0.2
control-7717,control,0,0,0.0,-0.2
control-7718,control,0,0,0.0,-0.2
control-7719,control,0,0,0.0,-0.2
control-7720,control,0,0,0.0,-0.2
control-7721,control,0,0,0.0,-0.2
control-7722,control,0,0,0.0,-0.2
control-7723,control,0,0,0.0,-0.2
control-7724,control,0,0,0.0,-0.2
control-7725,control,0,0,0.0,-0.2
control-7726,control,0,0,0.0,-0.2
control-7727,control,0,0,0.0,-0.2
control-7728,control,0,0,0.0,-0.2
control-7729,control,0,0,0.0,-0.2
control-7730,control,0,0,0.0,-0.2
control-7731,control,0,0,0.0,-0.2
control-7732,control,0,0,0.0,-0.2
control-7733,control,0,0,0.0,-0.2
control-7734,control,0,0,0.0,-0.2
control-7735,control,0,0,0.0,-0.2
control-7736,control,0,0,0.0,-0.2
control-7737,control,0,0,0.0,-0.2
control-7738,control,0,0,0.0,-0.2
control-7739,control,0,0,0.0,-0.2
control-7740,control,0,0,0.0,-0.2
control-7741,control,0,0,0.0,-0.2
control-7742,control,0,0,0.0,-0.2
control-7743,control,0,0,0.0,-0.2
control-7744,control,0,0,0.0,-0.2
control-7745,control,0,0,0.0,-0.2
control-7746,control,0,0,0.0,-0.2
control-7747,control,0,0,0.0,-0.2
control-7748,control,0,0,0.0,-0.2
control-7749,control,0,0,0.0,-0.2
control-7750,control,0,0,0.0,-0.2
control-7751,control,0,0,0.0,-0.2
control-7752,control,0,0,0.0,-0.2
control-7753,control,0,0,0.0,-0.2
control-7754,control,0,0,0.0,-0.2
control-7755,control,0,0,0.0,-0.2
control-7756,control,0,0,0.0,-0.2
control-7757,control,0,0,0.0,-0.2
control-7758,control,0,0,0.0,-0.2
control-7759,control,0,0,0.0,-0.2
control-7760,control,0,0,0.0,-0.2
control-7761,control,0,0,0.0,-0.2
control-7762,control,0,0,0.0,-0.2
control-7763,control,0,0,0.0,-0.2
control-7764,control,0,0,0.0,-0.2
control-7765,control,0,0,0.0,-0.2
control-7766,control,0,0,0.0,-0.2
control-7767,control,0,0,0.0,-0.2
control-7768,control,1,0,40.0,11.8
control-7769,control,0,0,0.0,-0.2
control-7770,control,0,0,0.0,-0.2
control-7771,control,0,0,0.0,-0.2
control-7772,control,0,0,0.0,-0.2
control-7773,control,1,0,60.0,17.8
control-7774,control,0,0,0.0,-0.2
control-7775,control,0,0,0.0,-0.2
control-7776,control,0,0,0.0,-0.2
control-7777,control,0,0,0.0,-0.2
control-7778,control,0,0,0.0,-0.2
control-7779,control,0,0,0.0,-0.2
control-7780,control,0,0,0.0,-0.2
control-7781,control,0,0,0.0,-0.2
control-7782,control,0,0,0.0,-0.2
control-7783,control,0,0,0.0,-0.2
control-7784,control,0,0,0.0,-0.2
control-7785,control,1,0,60.0,17.8
control-7786,control,0,0,0.0,-0.2
control-7787,control,0,0,0.0,-0.2
control-7788,control,0,0,0.0,-0.2
control-7789,control,0,0,0.0,-0.2
control-7790,control,0,0,0.0,-0.2
control-7791,control,0,0,0.0,-0.2
control-7792,control,0,0,0.0,-0.2
control-7793,control,0,0,0.0,-0.2
control-7794,control,0,0,0.0,-0.2
control-7795,control,0,0,0.0,-0.2
control-7796,control,0,0,0.0,-0.2
control-7797,control,0,0,0.0,-0.2
control-7798,control,0,0,0.0,-0.2
control-7799,control,0,0,0.0,-0.2
control-7800,control,0,0,0.0,-0.2
control-7801,control,0,0,0.0,-0.2
control-7802,control,0,0,0.0,-0.2
control-7803,control,0,0,0.0,-0.2
control-7804,control,0,0,0.0,-0.2
control-7805,control,0,0,0.0,-0.2
control-7806,control,0,0,0.0,-0.2
control-7807,control,0,0,0.0,-0.2
control-7808,control,0,0,0.0,-0.2
control-7809,control,0,0,0.0,-0.2
control-7810,control,0,0,0.0,-0.2
control-7811,control,0,0,0.0,-0.2
control-7812,control,0,0,0.0,-0.2
control-7813,control,0,0,0.0,-0.2
control-7814,control,0,0,0.0,-0.2
control-7815,control,0,0,0.0,-0.2
control-7816,control,0,0,0.0,-0.2
control-7817,control,0,0,0.0,-0.2
control-7818,control,1,0,60.0,17.8
control-7819,control,0,0,0.0,-0.2
control-7820,control,0,0,0.0,-0.2
control-7821,control,0,0,0.0,-0.2
control-7822,control,0,0,0.0,-0.2
control-7823,control,0,0,0.0,-0.2
control-7824,control,1,0,20.0,5.8
control-7825,control,0,0,0.0,-0.2
control-7826,control,0,0,0.0,-0.2
control-7827,control,0,0,0.0,-0.2
control-7828,control,0,0,0.0,-0.2
control-7829,control,0,0,0.0,-0.2
control-7830,control,1,0,40.0,11.8
control-7831,control,0,0,0.0,-0.2
control-7832,control,0,0,0.0,-0.2
control-7833,control,0,0,0.0,-0.2
control-7834,control,0,0,0.0,-0.2
control-7835,control,0,0,0.0,-0.2
control-7836,control,0,0,0.0,-0.2
control-7837,control,0,0,0.0,-0.2
control-7838,control,0,0,0.0,-0.2
control-7839,control,0,0,0.0,-0.2
control-7840,control,0,0,0.0,-0.2
control-7841,control,0,0,0.0,-0.2
control-7842,control,0,0,0.0,-0.2
control-7843,control,0,0,0.0,-0.2
control-7844,control,0,0,0.0,-0.2
control-7845,control,0,0,0.0,-0.2
control-7846,control,0,0,0.0,-0.2
control-7847,control,0,0,0.0,-0.2
control-7848,control,0,0,0.0,-0.2
control-7849,control,0,0,0.0,-0.2
control-7850,control,0,0,0.0,-0.2
control-7851,control,0,0,0.0,-0.2
control-7852,control,0,0,0.0,-0.2
control-7853,control,0,0,0.0,-0.2
control-7854,control,0,0,0.0,-0.2
control-7855,control,0,0,0.0,-0.2
control-7856,control,0,0,0.0,-0.2
control-7857,control,0,0,0.0,-0.2
control-7858,control,0,0,0.0,-0.2
control-7859,control,0,0,0.0,-0.2
control-7860,control,0,0,0.0,-0.2
control-7861,control,0,0,0.0,-0.2
control-7862,control,0,0,0.0,-0.2
control-7863,control,0,0,0.0,-0.2
control-7864,control,0,0,0.0,-0.2
control-7865,control,0,0,0.0,-0.2
control-7866,control,0,0,0.0,-0.2
control-7867,control,0,0,0.0,-0.2
control-7868,control,0,0,0.0,-0.2
control-7869,control,0,0,0.0,-0.2
control-7870,control,0,0,0.0,-0.2
control-7871,control,0,0,0.0,-0.2
control-7872,control,0,0,0.0,-0.2
control-7873,control,0,0,0.0,-0.2
control-7874,control,0,0,0.0,-0.2
control-7875,control,0,0,0.0,-0.2
control-7876,control,0,0,0.0,-0.2
control-7877,control,0,0,0.0,-0.2
control-7878,control,1,1,0.0,-9.2
control-7879,control,0,0,0.0,-0.2
control-7880,control,0,0,0.0,-0.2
control-7881,control,0,0,0.0,-0.2
control-7882,control,0,0,0.0,-0.2
control-7883,control,0,0,0.0,-0.2
control-7884,control,0,0,0.0,-0.2
control-7885,control,0,0,0.0,-0.2
control-7886,control,0,0,0.0,-0.2
control-7887,control,0,0,0.0,-0.2
control-7888,control,0,0,0.0,-0.2
control-7889,control,0,0,0.0,-0.2
control-7890,control,0,0,0.0,-0.2
control-7891,control,0,0,0.0,-0.2
control-7892,control,0,0,0.0,-0.2
control-7893,control,0,0,0.0,-0.2
control-7894,control,0,0,0.0,-0.2
control-7895,control,0,0,0.0,-0.2
control-7896,control,0,0,0.0,-0.2
control-7897,control,0,0,0.0,-0.2
control-7898,control,1,0,60.0,17.8
control-7899,control,0,0,0.0,-0.2
control-7900,control,0,0,0.0,-0.2
control-7901,control,0,0,0.0,-0.2
control-7902,control,0,0,0.0,-0.2
control-7903,control,0,0,0.0,-0.2
control-7904,control,1,0,60.0,17.8
control-7905,control,0,0,0.0,-0.2
control-7906,control,0,0,0.0,-0.2
control-7907,control,0,0,0.0,-0.2
control-7908,control,0,0,0.0,-0.2
control-7909,control,0,0,0.0,-0.2
control-7910,control,1,0,40.0,11.8
control-7911,control,0,0,0.0,-0.2
control-7912,control,0,0,0.0,-0.2
control-7913,control,0,0,0.0,-0.2
control-7914,control,0,0,0.0,-0.2
control-7915,control,1,0,40.0,11.8
control-7916,control,0,0,0.0,-0.2
control-7917,control,0,0,0.0,-0.2
control-7918,control,0,0,0.0,-0.2
control-7919,control,0,0,0.0,-0.2
control-7920,control,0,0,0.0,-0.2
control-7921,control,0,0,0.0,-0.2
control-7922,control,0,0,0.0,-0.2
control-7923,control,0,0,0.0,-0.2
control-7924,control,0,0,0.0,-0.2
control-7925,control,0,0,0.0,-0.2
control-7926,control,0,0,0.0,-0.2
control-7927,control,0,0,0.0,-0.2
control-7928,control,0,0,0.0,-0.2
control-7929,control,0,0,0.0,-0.2
control-7930,control,0,0,0.0,-0.2
control-7931,control,0,0,0.0,-0.2
control-7932,control,0,0,0.0,-0.2
control-7933,control,0,0,0.0,-0.2
control-7934,control,0,0,0.0,-0.2
control-7935,control,0,0,0.0,-0.2
control-7936,control,0,0,0.0,-0.2
control-7937,control,0,0,0.0,-0.2
control-7938,control,0,0,0.0,-0.2
control-7939,control,0,0,0.0,-0.2
control-7940,control,0,0,0.0,-0.2
control-7941,control,0,0,0.0,-0.2
control-7942,control,0,0,0.0,-0.2
control-7943,control,0,0,0.0,-0.2
control-7944,control,0,0,0.0,-0.2
control-7945,control,0,0,0.0,-0.2
control-7946,control,0,0,0.0,-0.2
control-7947,control,0,0,0.0,-0.2
control-7948,control,0,0,0.0,-0.2
control-7949,control,0,0,0.0,-0.2
control-7950,control,0,0,0.0,-0.2
control-7951,control,0,0,0.0,-0.2
control-7952,control,0,0,0.0,-0.2
control-7953,control,0,0,0.0,-0.2
control-7954,control,0,0,0.0,-0.2
control-7955,control,0,0,0.0,-0.2
control-7956,control,0,0,0.0,-0.2
control-7957,control,0,0,0.0,-0.2
control-7958,control,0,0,0.0,-0.2
control-7959,control,0,0,0.0,-0.2
control-7960,control,0,0,0.0,-0.2
control-7961,control,0,0,0.0,-0.2
control-7962,control,0,0,0.0,-0.2
control-7963,control,0,0,0.0,-0.2
control-7964,control,0,0,0.0,-0.2
control-7965,control,0,0,0.0,-0.2
control-7966,control,0,0,0.0,-0.2
control-7967,control,0,0,0.0,-0.2
control-7968,control,0,0,0.0,-0.2
control-7969,control,0,0,0.0,-0.2
control-7970,control,0,0,0.0,-0.2
control-7971,control,0,0,0.0,-0.2
control-7972,control,0,0,0.0,-0.2
control-7973,control,0,0,0.0,-0.2
control-7974,control,0,0,0.0,-0.2
control-7975,control,0,0,0.0,-0.2
control-7976,control,0,0,0.0,-0.2
control-7977,control,1,0,60.0,17.8
control-7978,control,0,0,0.0,-0.2
control-7979,control,0,0,0.0,-0.2
control-7980,control,0,0,0.0,-0.2
control-7981,control,0,0,0.0,-0.2
control-7982,control,0,0,0.0,-0.2
control-7983,control,1,0,20.0,5.8
control-7984,control,0,0,0.0,-0.2
control-7985,control,0,0,0.0,-0.2
control-7986,control,0,0,0.0,-0.2
control-7987,control,0,0,0.0,-0.2
control-7988,control,0,0,0.0,-0.2
control-7989,control,0,0,0.0,-0.2
control-7990,control,0,0,0.0,-0.2
control-7991,control,0,0,0.0,-0.2
control-7992,control,0,0,0.0,-0.2
control-7993,control,0,0,0.0,-0.2
control-7994,control,0,0,0.0,-0.2
control-7995,control,0,0,0.0,-0.2
control-7996,control,0,0,0.0,-0.2
control-7997,control,0,0,0.0,-0.2
control-7998,control,0,0,0.0,-0.2
control-7999,control,1,0,40.0,11.8
control-8000,control,0,0,0.0,-0.2
control-8001,control,0,0,0.0,-0.2
control-8002,control,0,0,0.0,-0.2
control-8003,control,0,0,0.0,-0.2
control-8004,control,0,0,0.0,-0.2
control-8005,control,0,0,0.0,-0.2
control-8006,control,0,0,0.0,-0.2
control-8007,control,0,0,0.0,-0.2
control-8008,control,0,0,0.0,-0.2
control-8009,control,0,0,0.0,-0.2
control-8010,control,1,0,60.0,17.8
control-8011,control,0,0,0.0,-0.2
control-8012,control,0,0,0.0,-0.2
control-8013,control,0,0,0.0,-0.2
control-8014,control,0,0,0.0,-0.2
control-8015,control,0,0,0.0,-0.2
control-8016,control,0,0,0.0,-0.2
control-8017,control,0,0,0.0,-0.2
control-8018,control,0,0,0.0,-0.2
control-8019,control,0,0,0.0,-0.2
control-8020,control,0,0,0.0,-0.2
control-8021,control,0,0,0.0,-0.2
control-8022,control,0,0,0.0,-0.2
control-8023,control,0,0,0.0,-0.2
control-8024,control,0,0,0.0,-0.2
control-8025,control,0,0,0.0,-0.2
control-8026,control,0,0,0.0,-0.2
control-8027,control,0,0,0.0,-0.2
control-8028,control,1,0,60.0,17.8
control-8029,control,0,0,0.0,-0.2
control-8030,control,0,0,0.0,-0.2
control-8031,control,0,0,0.0,-0.2
control-8032,control,0,0,0.0,-0.2
control-8033,control,0,0,0.0,-0.2
control-8034,control,0,0,0.0,-0.2
control-8035,control,0,0,0.0,-0.2
control-8036,control,0,0,0.0,-0.2
control-8037,control,0,0,0.0,-0.2
control-8038,control,0,0,0.0,-0.2
control-8039,control,0,0,0.0,-0.2
control-8040,control,0,0,0.0,-0.2
control-8041,control,0,0,0.0,-0.2
control-8042,control,0,0,0.0,-0.2
control-8043,control,0,0,0.0,-0.2
control-8044,control,0,0,0.0,-0.2
control-8045,control,0,0,0.0,-0.2
control-8046,control,0,0,0.0,-0.2
control-8047,control,1,0,40.0,11.8
control-8048,control,0,0,0.0,-0.2
control-8049,control,0,0,0.0,-0.2
control-8050,control,0,0,0.0,-0.2
control-8051,control,0,0,0.0,-0.2
control-8052,control,0,0,0.0,-0.2
control-8053,control,0,0,0.0,-0.2
control-8054,control,0,0,0.0,-0.2
control-8055,control,0,0,0.0,-0.2
control-8056,control,0,0,0.0,-0.2
control-8057,control,0,0,0.0,-0.2
control-8058,control,0,0,0.0,-0.2
control-8059,control,0,0,0.0,-0.2
control-8060,control,0,0,0.0,-0.2
control-8061,control,0,0,0.0,-0.2
control-8062,control,0,0,0.0,-0.2
control-8063,control,0,0,0.0,-0.2
control-8064,control,0,0,0.0,-0.2
control-8065,control,0,0,0.0,-0.2
control-8066,control,0,0,0.0,-0.2
control-8067,control,0,0,0.0,-0.2
control-8068,control,0,0,0.0,-0.2
control-8069,control,1,0,40.0,11.8
control-8070,control,0,0,0.0,-0.2
control-8071,control,0,0,0.0,-0.2
control-8072,control,0,0,0.0,-0.2
control-8073,control,0,0,0.0,-0.2
control-8074,control,1,0,60.0,17.8
control-8075,control,0,0,0.0,-0.2
control-8076,control,0,0,0.0,-0.2
control-8077,control,0,0,0.0,-0.2
control-8078,control,1,0,40.0,11.8
control-8079,control,1,0,20.0,5.8
control-8080,control,0,0,0.0,-0.2
control-8081,control,0,0,0.0,-0.2
control-8082,control,0,0,0.0,-0.2
control-8083,control,0,0,0.0,-0.2
control-8084,control,0,0,0.0,-0.2
control-8085,control,0,0,0.0,-0.2
control-8086,control,0,0,0.0,-0.2
control-8087,control,0,0,0.0,-0.2
control-8088,control,0,0,0.0,-0.2
control-8089,control,0,0,0.0,-0.2
control-8090,control,0,0,0.0,-0.2
control-8091,control,0,0,0.0,-0.2
control-8092,control,0,0,0.0,-0.2
control-8093,control,1,0,60.0,17.8
control-8094,control,0,0,0.0,-0.2
control-8095,control,0,0,0.0,-0.2
control-8096,control,0,0,0.0,-0.2
control-8097,control,0,0,0.0,-0.2
control-8098,control,0,0,0.0,-0.2
control-8099,control,0,0,0.0,-0.2
control-8100,control,0,0,0.0,-0.2
control-8101,control,0,0,0.0,-0.2
control-8102,control,0,0,0.0,-0.2
control-8103,control,0,0,0.0,-0.2
control-8104,control,0,0,0.0,-0.2
control-8105,control,0,0,0.0,-0.2
control-8106,control,0,0,0.0,-0.2
control-8107,control,0,0,0.0,-0.2
control-8108,control,0,0,0.0,-0.2
control-8109,control,0,0,0.0,-0.2
control-8110,control,0,0,0.0,-0.2
control-8111,control,0,0,0.0,-0.2
control-8112,control,0,0,0.0,-0.2
control-8113,control,0,0,0.0,-0.2
control-8114,control,0,0,0.0,-0.2
control-8115,control,0,0,0.0,-0.2
control-8116,control,0,0,0.0,-0.2
control-8117,control,0,0,0.0,-0.2
control-8118,control,0,0,0.0,-0.2
control-8119,control,0,0,0.0,-0.2
control-8120,control,0,0,0.0,-0.2
control-8121,control,0,0,0.0,-0.2
control-8122,control,0,0,0.0,-0.2
control-8123,control,0,0,0.0,-0.2
control-8124,control,0,0,0.0,-0.2
control-8125,control,0,0,0.0,-0.2
control-8126,control,0,0,0.0,-0.2
control-8127,control,0,0,0.0,-0.2
control-8128,control,0,0,0.0,-0.2
control-8129,control,0,0,0.0,-0.2
control-8130,control,0,0,0.0,-0.2
control-8131,control,0,0,0.0,-0.2
control-8132,control,0,0,0.0,-0.2
control-8133,control,0,0,0.0,-0.2
control-8134,control,0,0,0.0,-0.2
control-8135,control,0,0,0.0,-0.2
control-8136,control,0,0,0.0,-0.2
control-8137,control,0,0,0.0,-0.2
control-8138,control,0,0,0.0,-0.2
control-8139,control,0,0,0.0,-0.2
control-8140,control,0,0,0.0,-0.2
control-8141,control,0,0,0.0,-0.2
control-8142,control,0,0,0.0,-0.2
control-8143,control,0,0,0.0,-0.2
control-8144,control,0,0,0.0,-0.2
control-8145,control,0,0,0.0,-0.2
control-8146,control,0,0,0.0,-0.2
control-8147,control,0,0,0.0,-0.2
control-8148,control,0,0,0.0,-0.2
control-8149,control,0,0,0.0,-0.2
control-8150,control,0,0,0.0,-0.2
control-8151,control,0,0,0.0,-0.2
control-8152,control,0,0,0.0,-0.2
control-8153,control,0,0,0.0,-0.2
control-8154,control,0,0,0.0,-0.2
control-8155,control,1,0,40.0,11.8
control-8156,control,0,0,0.0,-0.2
control-8157,control,0,0,0.0,-0.2
control-8158,control,0,0,0.0,-0.2
control-8159,control,0,0,0.0,-0.2
control-8160,control,0,0,0.0,-0.2
control-8161,control,0,0,0.0,-0.2
control-8162,control,0,0,0.0,-0.2
control-8163,control,0,0,0.0,-0.2
control-8164,control,0,0,0.0,-0.2
control-8165,control,0,0,0.0,-0.2
control-8166,control,0,0,0.0,-0.2
control-8167,control,1,0,40.0,11.8
control-8168,control,0,0,0.0,-0.2
control-8169,control,0,0,0.0,-0.2
control-8170,control,1,0,40.0,11.8
control-8171,control,0,0,0.0,-0.2
control-8172,control,0,0,0.0,-0.2
control-8173,control,0,0,0.0,-0.2
control-8174,control,0,0,0.0,-0.2
control-8175,control,0,0,0.0,-0.2
control-8176,control,0,0,0.0,-0.2
control-8177,control,0,0,0.0,-0.2
control-8178,control,0,0,0.0,-0.2
control-8179,control,0,0,0.0,-0.2
control-8180,control,0,0,0.0,-0.2
control-8181,control,0,0,0.0,-0.2
control-8182,control,0,0,0.0,-0.2
control-8183,control,0,0,0.0,-0.2
control-8184,control,0,0,0.0,-0.2
control-8185,control,0,0,0.0,-0.2
control-8186,control,0,0,0.0,-0.2
control-8187,control,0,0,0.0,-0.2
control-8188,control,0,0,0.0,-0.2
control-8189,control,0,0,0.0,-0.2
control-8190,control,0,0,0.0,-0.2
control-8191,control,0,0,0.0,-0.2
control-8192,control,0,0,0.0,-0.2
control-8193,control,0,0,0.0,-0.2
control-8194,control,0,0,0.0,-0.2
control-8195,control,0,0,0.0,-0.2
control-8196,control,0,0,0.0,-0.2
control-8197,control,0,0,0.0,-0.2
control-8198,control,0,0,0.0,-0.2
control-8199,control,0,0,0.0,-0.2
control-8200,control,0,0,0.0,-0.2
control-8201,control,1,0,20.0,5.8
control-8202,control,0,0,0.0,-0.2
control-8203,control,0,0,0.0,-0.2
control-8204,control,0,0,0.0,-0.2
control-8205,control,0,0,0.0,-0.2
control-8206,control,0,0,0.0,-0.2
control-8207,control,0,0,0.0,-0.2
control-8208,control,0,0,0.0,-0.2
control-8209,control,1,0,60.0,17.8
control-8210,control,0,0,0.0,-0.2
control-8211,control,1,0,20.0,5.8
control-8212,control,0,0,0.0,-0.2
control-8213,control,0,0,0.0,-0.2
control-8214,control,0,0,0.0,-0.2
control-8215,control,0,0,0.0,-0.2
control-8216,control,0,0,0.0,-0.2
control-8217,control,0,0,0.0,-0.2
control-8218,control,0,0,0.0,-0.2
control-8219,control,0,0,0.0,-0.2
control-8220,control,0,0,0.0,-0.2
control-8221,control,0,0,0.0,-0.2
control-8222,control,0,0,0.0,-0.2
control-8223,control,0,0,0.0,-0.2
control-8224,control,0,0,0.0,-0.2
control-8225,control,0,0,0.0,-0.2
control-8226,control,0,0,0.0,-0.2
control-8227,control,0,0,0.0,-0.2
control-8228,control,0,0,0.0,-0.2
control-8229,control,0,0,0.0,-0.2
control-8230,control,0,0,0.0,-0.2
control-8231,control,0,0,0.0,-0.2
control-8232,control,0,0,0.0,-0.2
control-8233,control,0,0,0.0,-0.2
control-8234,control,0,0,0.0,-0.2
control-8235,control,0,0,0.0,-0.2
control-8236,control,0,0,0.0,-0.2
control-8237,control,0,0,0.0,-0.2
control-8238,control,0,0,0.0,-0.2
control-8239,control,0,0,0.0,-0.2
control-8240,control,0,0,0.0,-0.2
control-8241,control,1,0,40.0,11.8
control-8242,control,1,0,20.0,5.8
control-8243,control,0,0,0.0,-0.2
control-8244,control,0,0,0.0,-0.2
control-8245,control,0,0,0.0,-0.2
control-8246,control,0,0,0.0,-0.2
control-8247,control,0,0,0.0,-0.2
control-8248,control,0,0,0.0,-0.2
control-8249,control,0,0,0.0,-0.2
control-8250,control,0,0,0.0,-0.2
control-8251,control,0,0,0.0,-0.2
control-8252,control,0,0,0.0,-0.2
control-8253,control,0,0,0.0,-0.2
control-8254,control,0,0,0.0,-0.2
control-8255,control,0,0,0.0,-0.2
control-8256,control,0,0,0.0,-0.2
control-8257,control,0,0,0.0,-0.2
control-8258,control,0,0,0.0,-0.2
control-8259,control,0,0,0.0,-0.2
control-8260,control,0,0,0.0,-0.2
control-8261,control,0,0,0.0,-0.2
control-8262,control,0,0,0.0,-0.2
control-8263,control,0,0,0.0,-0.2
control-8264,control,0,0,0.0,-0.2
control-8265,control,1,0,60.0,17.8
control-8266,control,0,0,0.0,-0.2
control-8267,control,0,0,0.0,-0.2
control-8268,control,0,0,0.0,-0.2
control-8269,control,0,0,0.0,-0.2
control-8270,control,0,0,0.0,-0.2
control-8271,control,0,0,0.0,-0.2
control-8272,control,1,0,40.0,11.8
control-8273,control,0,0,0.0,-0.2
control-8274,control,0,0,0.0,-0.2
control-8275,control,0,0,0.0,-0.2
control-8276,control,0,0,0.0,-0.2
control-8277,control,0,0,0.0,-0.2
control-8278,control,0,0,0.0,-0.2
control-8279,control,0,0,0.0,-0.2
control-8280,control,0,0,0.0,-0.2
control-8281,control,0,0,0.0,-0.2
control-8282,control,0,0,0.0,-0.2
control-8283,control,0,0,0.0,-0.2
control-8284,control,0,0,0.0,-0.2
control-8285,control,0,0,0.0,-0.2
control-8286,control,0,0,0.0,-0.2
control-8287,control,0,0,0.0,-0.2
control-8288,control,0,0,0.0,-0.2
control-8289,control,0,0,0.0,-0.2
control-8290,control,0,0,0.0,-0.2
control-8291,control,0,0,0.0,-0.2
control-8292,control,0,0,0.0,-0.2
control-8293,control,0,0,0.0,-0.2
control-8294,control,0,0,0.0,-0.2
control-8295,control,0,0,0.0,-0.2
control-8296,control,0,0,0.0,-0.2
control-8297,control,0,0,0.0,-0.2
control-8298,control,0,0,0.0,-0.2
control-8299,control,0,0,0.0,-0.2
control-8300,control,0,0,0.0,-0.2
control-8301,control,0,0,0.0,-0.2
control-8302,control,0,0,0.0,-0.2
control-8303,control,0,0,0.0,-0.2
control-8304,control,0,0,0.0,-0.2
control-8305,control,0,0,0.0,-0.2
control-8306,control,0,0,0.0,-0.2
control-8307,control,0,0,0.0,-0.2
control-8308,control,0,0,0.0,-0.2
control-8309,control,1,0,40.0,11.8
control-8310,control,0,0,0.0,-0.2
control-8311,control,0,0,0.0,-0.2
control-8312,control,0,0,0.0,-0.2
control-8313,control,0,0,0.0,-0.2
control-8314,control,0,0,0.0,-0.2
control-8315,control,0,0,0.0,-0.2
control-8316,control,0,0,0.0,-0.2
control-8317,control,0,0,0.0,-0.2
control-8318,control,0,0,0.0,-0.2
control-8319,control,0,0,0.0,-0.2
control-8320,control,0,0,0.0,-0.2
control-8321,control,0,0,0.0,-0.2
control-8322,control,0,0,0.0,-0.2
control-8323,control,0,0,0.0,-0.2
control-8324,control,0,0,0.0,-0.2
control-8325,control,0,0,0.0,-0.2
control-8326,control,0,0,0.0,-0.2
control-8327,control,0,0,0.0,-0.2
control-8328,control,0,0,0.0,-0.2
control-8329,control,0,0,0.0,-0.2
control-8330,control,0,0,0.0,-0.2
control-8331,control,0,0,0.0,-0.2
control-8332,control,0,0,0.0,-0.2
control-8333,control,0,0,0.0,-0.2
control-8334,control,0,0,0.0,-0.2
control-8335,control,0,0,0.0,-0.2
control-8336,control,0,0,0.0,-0.2
control-8337,control,0,0,0.0,-0.2
control-8338,control,0,0,0.0,-0.2
control-8339,control,0,0,0.0,-0.2
control-8340,control,0,0,0.0,-0.2
control-8341,control,0,0,0.0,-0.2
control-8342,control,0,0,0.0,-0.2
control-8343,control,0,0,0.0,-0.2
control-8344,control,0,0,0.0,-0.2
control-8345,control,0,0,0.0,-0.2
control-8346,control,0,0,0.0,-0.2
control-8347,control,0,0,0.0,-0.2
control-8348,control,0,0,0.0,-0.2
control-8349,control,0,0,0.0,-0.2
control-8350,control,0,0,0.0,-0.2
control-8351,control,0,0,0.0,-0.2
control-8352,control,0,0,0.0,-0.2
control-8353,control,0,0,0.0,-0.2
control-8354,control,0,0,0.0,-0.2
control-8355,control,0,0,0.0,-0.2
control-8356,control,0,0,0.0,-0.2
control-8357,control,0,0,0.0,-0.2
control-8358,control,0,0,0.0,-0.2
control-8359,control,0,0,0.0,-0.2
control-8360,control,0,0,0.0,-0.2
control-8361,control,0,0,0.0,-0.2
control-8362,control,0,0,0.0,-0.2
control-8363,control,0,0,0.0,-0.2
control-8364,control,0,0,0.0,-0.2
control-8365,control,1,0,40.0,11.8
control-8366,control,0,0,0.0,-0.2
control-8367,control,0,0,0.0,-0.2
control-8368,control,0,0,0.0,-0.2
control-8369,control,0,0,0.0,-0.2
control-8370,control,0,0,0.0,-0.2
control-8371,control,0,0,0.0,-0.2
control-8372,control,0,0,0.0,-0.2
control-8373,control,0,0,0.0,-0.2
control-8374,control,0,0,0.0,-0.2
control-8375,control,0,0,0.0,-0.2
control-8376,control,0,0,0.0,-0.2
control-8377,control,0,0,0.0,-0.2
control-8378,control,0,0,0.0,-0.2
control-8379,control,0,0,0.0,-0.2
control-8380,control,0,0,0.0,-0.2
control-8381,control,0,0,0.0,-0.2
control-8382,control,0,0,0.0,-0.2
control-8383,control,0,0,0.0,-0.2
control-8384,control,0,0,0.0,-0.2
control-8385,control,0,0,0.0,-0.2
control-8386,control,1,0,40.0,11.8
control-8387,control,0,0,0.0,-0.2
control-8388,control,0,0,0.0,-0.2
control-8389,control,0,0,0.0,-0.2
control-8390,control,0,0,0.0,-0.2
control-8391,control,0,0,0.0,-0.2
control-8392,control,0,0,0.0,-0.2
control-8393,control,0,0,0.0,-0.2
control-8394,control,0,0,0.0,-0.2
control-8395,control,0,0,0.0,-0.2
control-8396,control,0,0,0.0,-0.2
control-8397,control,0,0,0.0,-0.2
control-8398,control,1,0,20.0,5.8
control-8399,control,0,0,0.0,-0.2
control-8400,control,0,0,0.0,-0.2
control-8401,control,0,0,0.0,-0.2
control-8402,control,0,0,0.0,-0.2
control-8403,control,0,0,0.0,-0.2
control-8404,control,0,0,0.0,-0.2
control-8405,control,0,0,0.0,-0.2
control-8406,control,0,0,0.0,-0.2
control-8407,control,0,0,0.0,-0.2
control-8408,control,0,0,0.0,-0.2
control-8409,control,0,0,0.0,-0.2
control-8410,control,0,0,0.0,-0.2
control-8411,control,0,0,0.0,-0.2
control-8412,control,0,0,0.0,-0.2
control-8413,control,0,0,0.0,-0.2
control-8414,control,0,0,0.0,-0.2
control-8415,control,0,0,0.0,-0.2
control-8416,control,0,0,0.0,-0.2
control-8417,control,0,0,0.0,-0.2
control-8418,control,0,0,0.0,-0.2
control-8419,control,0,0,0.0,-0.2
control-8420,control,0,0,0.0,-0.2
control-8421,control,0,0,0.0,-0.2
control-8422,control,0,0,0.0,-0.2
control-8423,control,1,0,40.0,11.8
control-8424,control,0,0,0.0,-0.2
control-8425,control,0,0,0.0,-0.2
control-8426,control,0,0,0.0,-0.2
control-8427,control,0,0,0.0,-0.2
control-8428,control,1,0,40.0,11.8
control-8429,control,0,0,0.0,-0.2
control-8430,control,0,0,0.0,-0.2
control-8431,control,0,0,0.0,-0.2
control-8432,control,0,0,0.0,-0.2
control-8433,control,0,0,0.0,-0.2
control-8434,control,0,0,0.0,-0.2
control-8435,control,0,0,0.0,-0.2
control-8436,control,0,0,0.0,-0.2
control-8437,control,0,0,0.0,-0.2
control-8438,control,0,0,0.0,-0.2
control-8439,control,0,0,0.0,-0.2
control-8440,control,0,0,0.0,-0.2
control-8441,control,0,0,0.0,-0.2
control-8442,control,0,0,0.0,-0.2
control-8443,control,0,0,0.0,-0.2
control-8444,control,0,0,0.0,-0.2
control-8445,control,0,0,0.0,-0.2
control-8446,control,0,0,0.0,-0.2
control-8447,control,0,0,0.0,-0.2
control-8448,control,0,0,0.0,-0.2
control-8449,control,0,0,0.0,-0.2
control-8450,control,0,0,0.0,-0.2
control-8451,control,0,0,0.0,-0.2
control-8452,control,0,0,0.0,-0.2
control-8453,control,1,0,20.0,5.8
control-8454,control,0,0,0.0,-0.2
control-8455,control,0,0,0.0,-0.2
control-8456,control,1,0,60.0,17.8
control-8457,control,0,0,0.0,-0.2
control-8458,control,0,0,0.0,-0.2
control-8459,control,0,0,0.0,-0.2
control-8460,control,0,0,0.0,-0.2
control-8461,control,0,0,0.0,-0.2
control-8462,control,0,0,0.0,-0.2
control-8463,control,0,0,0.0,-0.2
control-8464,control,0,0,0.0,-0.2
control-8465,control,0,0,0.0,-0.2
control-8466,control,0,0,0.0,-0.2
control-8467,control,0,0,0.0,-0.2
control-8468,control,0,0,0.0,-0.2
control-8469,control,0,0,0.0,-0.2
control-8470,control,0,0,0.0,-0.2
control-8471,control,0,0,0.0,-0.2
control-8472,control,0,0,0.0,-0.2
control-8473,control,0,0,0.0,-0.2
control-8474,control,0,0,0.0,-0.2
control-8475,control,0,0,0.0,-0.2
control-8476,control,0,0,0.0,-0.2
control-8477,control,0,0,0.0,-0.2
control-8478,control,0,0,0.0,-0.2
control-8479,control,0,0,0.0,-0.2
control-8480,control,0,0,0.0,-0.2
control-8481,control,0,0,0.0,-0.2
control-8482,control,0,0,0.0,-0.2
control-8483,control,0,0,0.0,-0.2
control-8484,control,0,0,0.0,-0.2
control-8485,control,0,0,0.0,-0.2
control-8486,control,0,0,0.0,-0.2
control-8487,control,0,0,0.0,-0.2
control-8488,control,0,0,0.0,-0.2
control-8489,control,0,0,0.0,-0.2
control-8490,control,0,0,0.0,-0.2
control-8491,control,0,0,0.0,-0.2
control-8492,control,0,0,0.0,-0.2
control-8493,control,0,0,0.0,-0.2
control-8494,control,0,0,0.0,-0.2
control-8495,control,0,0,0.0,-0.2
control-8496,control,0,0,0.0,-0.2
control-8497,control,0,0,0.0,-0.2
control-8498,control,0,0,0.0,-0.2
control-8499,control,0,0,0.0,-0.2
control-8500,control,0,0,0.0,-0.2
control-8501,control,0,0,0.0,-0.2
control-8502,control,0,0,0.0,-0.2
control-8503,control,0,0,0.0,-0.2
control-8504,control,0,0,0.0,-0.2
control-8505,control,0,0,0.0,-0.2
control-8506,control,0,0,0.0,-0.2
control-8507,control,0,0,0.0,-0.2
control-8508,control,0,0,0.0,-0.2
control-8509,control,0,0,0.0,-0.2
control-8510,control,0,0,0.0,-0.2
control-8511,control,0,0,0.0,-0.2
control-8512,control,0,0,0.0,-0.2
control-8513,control,1,0,20.0,5.8
control-8514,control,0,0,0.0,-0.2
control-8515,control,0,0,0.0,-0.2
control-8516,control,0,0,0.0,-0.2
control-8517,control,0,0,0.0,-0.2
control-8518,control,0,0,0.0,-0.2
control-8519,control,0,0,0.0,-0.2
control-8520,control,0,0,0.0,-0.2
control-8521,control,0,0,0.0,-0.2
control-8522,control,1,0,20.0,5.8
control-8523,control,0,0,0.0,-0.2
control-8524,control,0,0,0.0,-0.2
control-8525,control,0,0,0.0,-0.2
control-8526,control,0,0,0.0,-0.2
control-8527,control,0,0,0.0,-0.2
control-8528,control,0,0,0.0,-0.2
control-8529,control,0,0,0.0,-0.2
control-8530,control,0,0,0.0,-0.2
control-8531,control,0,0,0.0,-0.2
control-8532,control,0,0,0.0,-0.2
control-8533,control,0,0,0.0,-0.2
control-8534,control,0,0,0.0,-0.2
control-8535,control,0,0,0.0,-0.2
control-8536,control,0,0,0.0,-0.2
control-8537,control,0,0,0.0,-0.2
control-8538,control,0,0,0.0,-0.2
control-8539,control,0,0,0.0,-0.2
control-8540,control,0,0,0.0,-0.2
control-8541,control,0,0,0.0,-0.2
control-8542,control,0,0,0.0,-0.2
control-8543,control,1,0,60.0,17.8
control-8544,control,0,0,0.0,-0.2
control-8545,control,0,0,0.0,-0.2
control-8546,control,0,0,0.0,-0.2
control-8547,control,0,0,0.0,-0.2
control-8548,control,0,0,0.0,-0.2
control-8549,control,0,0,0.0,-0.2
control-8550,control,0,0,0.0,-0.2
control-8551,control,0,0,0.0,-0.2
control-8552,control,0,0,0.0,-0.2
control-8553,control,0,0,0.0,-0.2
control-8554,control,0,0,0.0,-0.2
control-8555,control,0,0,0.0,-0.2
control-8556,control,0,0,0.0,-0.2
control-8557,control,0,0,0.0,-0.2
control-8558,control,0,0,0.0,-0.2
control-8559,control,0,0,0.0,-0.2
control-8560,control,0,0,0.0,-0.2
control-8561,control,0,0,0.0,-0.2
control-8562,control,0,0,0.0,-0.2
control-8563,control,0,0,0.0,-0.2
control-8564,control,0,0,0.0,-0.2
control-8565,control,0,0,0.0,-0.2
control-8566,control,0,0,0.0,-0.2
control-8567,control,0,0,0.0,-0.2
control-8568,control,0,0,0.0,-0.2
control-8569,control,0,0,0.0,-0.2
control-8570,control,0,0,0.0,-0.2
control-8571,control,0,0,0.0,-0.2
control-8572,control,0,0,0.0,-0.2
control-8573,control,0,0,0.0,-0.2
control-8574,control,1,0,40.0,11.8
control-8575,control,0,0,0.0,-0.2
control-8576,control,0,0,0.0,-0.2
control-8577,control,0,0,0.0,-0.2
control-8578,control,0,0,0.0,-0.2
control-8579,control,0,0,0.0,-0.2
control-8580,control,0,0,0.0,-0.2
control-8581,control,0,0,0.0,-0.2
control-8582,control,0,0,0.0,-0.2
control-8583,control,0,0,0.0,-0.2
control-8584,control,0,0,0.0,-0.2
control-8585,control,0,0,0.0,-0.2
control-8586,control,0,0,0.0,-0.2
control-8587,control,0,0,0.0,-0.2
control-8588,control,0,0,0.0,-0.2
control-8589,control,0,0,0.0,-0.2
control-8590,control,0,0,0.0,-0.2
control-8591,control,0,0,0.0,-0.2
control-8592,control,0,0,0.0,-0.2
control-8593,control,0,0,0.0,-0.2
control-8594,control,0,0,0.0,-0.2
control-8595,control,0,0,0.0,-0.2
control-8596,control,0,0,0.0,-0.2
control-8597,control,0,0,0.0,-0.2
control-8598,control,0,0,0.0,-0.2
control-8599,control,0,0,0.0,-0.2
control-8600,control,0,0,0.0,-0.2
control-8601,control,0,0,0.0,-0.2
control-8602,control,0,0,0.0,-0.2
control-8603,control,1,0,40.0,11.8
control-8604,control,0,0,0.0,-0.2
control-8605,control,0,0,0.0,-0.2
control-8606,control,0,0,0.0,-0.2
control-8607,control,0,0,0.0,-0.2
control-8608,control,0,0,0.0,-0.2
control-8609,control,0,0,0.0,-0.2
control-8610,control,0,0,0.0,-0.2
control-8611,control,0,0,0.0,-0.2
control-8612,control,0,0,0.0,-0.2
control-8613,control,0,0,0.0,-0.2
control-8614,control,0,0,0.0,-0.2
control-8615,control,0,0,0.0,-0.2
control-8616,control,0,0,0.0,-0.2
control-8617,control,0,0,0.0,-0.2
control-8618,control,0,0,0.0,-0.2
control-8619,control,0,0,0.0,-0.2
control-8620,control,0,0,0.0,-0.2
control-8621,control,0,0,0.0,-0.2
control-8622,control,0,0,0.0,-0.2
control-8623,control,0,0,0.0,-0.2
control-8624,control,0,0,0.0,-0.2
control-8625,control,0,0,0.0,-0.2
control-8626,control,0,0,0.0,-0.2
control-8627,control,0,0,0.0,-0.2
control-8628,control,0,0,0.0,-0.2
control-8629,control,0,0,0.0,-0.2
control-8630,control,0,0,0.0,-0.2
control-8631,control,0,0,0.0,-0.2
control-8632,control,0,0,0.0,-0.2
control-8633,control,0,0,0.0,-0.2
control-8634,control,0,0,0.0,-0.2
control-8635,control,0,0,0.0,-0.2
control-8636,control,0,0,0.0,-0.2
control-8637,control,0,0,0.0,-0.2
control-8638,control,0,0,0.0,-0.2
control-8639,control,0,0,0.0,-0.2
control-8640,control,0,0,0.0,-0.2
control-8641,control,1,1,0.0,-6.2
control-8642,control,0,0,0.0,-0.2
control-8643,control,0,0,0.0,-0.2
control-8644,control,0,0,0.0,-0.2
control-8645,control,0,0,0.0,-0.2
control-8646,control,0,0,0.0,-0.2
control-8647,control,0,0,0.0,-0.2
control-8648,control,0,0,0.0,-0.2
control-8649,control,0,0,0.0,-0.2
control-8650,control,0,0,0.0,-0.2
control-8651,control,0,0,0.0,-0.2
control-8652,control,1,0,20.0,5.8
control-8653,control,0,0,0.0,-0.2
control-8654,control,0,0,0.0,-0.2
control-8655,control,0,0,0.0,-0.2
control-8656,control,0,0,0.0,-0.2
control-8657,control,0,0,0.0,-0.2
control-8658,control,0,0,0.0,-0.2
control-8659,control,0,0,0.0,-0.2
control-8660,control,0,0,0.0,-0.2
control-8661,control,0,0,0.0,-0.2
control-8662,control,1,0,20.0,5.8
control-8663,control,0,0,0.0,-0.2
control-8664,control,0,0,0.0,-0.2
control-8665,control,0,0,0.0,-0.2
control-8666,control,0,0,0.0,-0.2
control-8667,control,0,0,0.0,-0.2
control-8668,control,0,0,0.0,-0.2
control-8669,control,0,0,0.0,-0.2
control-8670,control,0,0,0.0,-0.2
control-8671,control,0,0,0.0,-0.2
control-8672,control,1,0,40.0,11.8
control-8673,control,0,0,0.0,-0.2
control-8674,control,0,0,0.0,-0.2
control-8675,control,0,0,0.0,-0.2
control-8676,control,0,0,0.0,-0.2
control-8677,control,0,0,0.0,-0.2
control-8678,control,0,0,0.0,-0.2
control-8679,control,0,0,0.0,-0.2
control-8680,control,0,0,0.0,-0.2
control-8681,control,0,0,0.0,-0.2
control-8682,control,0,0,0.0,-0.2
control-8683,control,0,0,0.0,-0.2
control-8684,control,0,0,0.0,-0.2
control-8685,control,0,0,0.0,-0.2
control-8686,control,0,0,0.0,-0.2
control-8687,control,0,0,0.0,-0.2
control-8688,control,0,0,0.0,-0.2
control-8689,control,0,0,0.0,-0.2
control-8690,control,0,0,0.0,-0.2
control-8691,control,0,0,0.0,-0.2
control-8692,control,0,0,0.0,-0.2
control-8693,control,0,0,0.0,-0.2
control-8694,control,0,0,0.0,-0.2
control-8695,control,0,0,0.0,-0.2
control-8696,control,0,0,0.0,-0.2
control-8697,control,0,0,0.0,-0.2
control-8698,control,0,0,0.0,-0.2
control-8699,control,0,0,0.0,-0.2
control-8700,control,0,0,0.0,-0.2
control-8701,control,0,0,0.0,-0.2
control-8702,control,0,0,0.0,-0.2
control-8703,control,0,0,0.0,-0.2
control-8704,control,0,0,0.0,-0.2
control-8705,control,0,0,0.0,-0.2
control-8706,control,0,0,0.0,-0.2
control-8707,control,0,0,0.0,-0.2
control-8708,control,0,0,0.0,-0.2
control-8709,control,0,0,0.0,-0.2
control-8710,control,0,0,0.0,-0.2
control-8711,control,0,0,0.0,-0.2
control-8712,control,0,0,0.0,-0.2
control-8713,control,0,0,0.0,-0.2
control-8714,control,0,0,0.0,-0.2
control-8715,control,0,0,0.0,-0.2
control-8716,control,0,0,0.0,-0.2
control-8717,control,0,0,0.0,-0.2
control-8718,control,0,0,0.0,-0.2
control-8719,control,0,0,0.0,-0.2
control-8720,control,0,0,0.0,-0.2
control-8721,control,0,0,0.0,-0.2
control-8722,control,0,0,0.0,-0.2
control-8723,control,0,0,0.0,-0.2
control-8724,control,0,0,0.0,-0.2
control-8725,control,0,0,0.0,-0.2
control-8726,control,1,0,40.0,11.8
control-8727,control,0,0,0.0,-0.2
control-8728,control,0,0,0.0,-0.2
control-8729,control,0,0,0.0,-0.2
control-8730,control,0,0,0.0,-0.2
control-8731,control,0,0,0.0,-0.2
control-8732,control,0,0,0.0,-0.2
control-8733,control,0,0,0.0,-0.2
control-8734,control,0,0,0.0,-0.2
control-8735,control,0,0,0.0,-0.2
control-8736,control,0,0,0.0,-0.2
control-8737,control,0,0,0.0,-0.2
control-8738,control,0,0,0.0,-0.2
control-8739,control,0,0,0.0,-0.2
control-8740,control,0,0,0.0,-0.2
control-8741,control,0,0,0.0,-0.2
control-8742,control,0,0,0.0,-0.2
control-8743,control,0,0,0.0,-0.2
control-8744,control,0,0,0.0,-0.2
control-8745,control,0,0,0.0,-0.2
control-8746,control,0,0,0.0,-0.2
control-8747,control,0,0,0.0,-0.2
control-8748,control,0,0,0.0,-0.2
control-8749,control,0,0,0.0,-0.2
control-8750,control,0,0,0.0,-0.2
control-8751,control,0,0,0.0,-0.2
control-8752,control,0,0,0.0,-0.2
control-8753,control,0,0,0.0,-0.2
control-8754,control,0,0,0.0,-0.2
control-8755,control,0,0,0.0,-0.2
control-8756,control,0,0,0.0,-0.2
control-8757,control,0,0,0.0,-0.2
control-8758,control,0,0,0.0,-0.2
control-8759,control,0,0,0.0,-0.2
control-8760,control,0,0,0.0,-0.2
control-8761,control,0,0,0.0,-0.2
control-8762,control,0,0,0.0,-0.2
control-8763,control,0,0,0.0,-0.2
control-8764,control,0,0,0.0,-0.2
control-8765,control,0,0,0.0,-0.2
control-8766,control,0,0,0.0,-0.2
control-8767,control,1,0,20.0,5.8
control-8768,control,0,0,0.0,-0.2
control-8769,control,0,0,0.0,-0.2
control-8770,control,0,0,0.0,-0.2
control-8771,control,1,0,40.0,11.8
control-8772,control,0,0,0.0,-0.2
control-8773,control,0,0,0.0,-0.2
control-8774,control,0,0,0.0,-0.2
control-8775,control,0,0,0.0,-0.2
control-8776,control,0,0,0.0,-0.2
control-8777,control,0,0,0.0,-0.2
control-8778,control,0,0,0.0,-0.2
control-8779,control,0,0,0.0,-0.2
control-8780,control,0,0,0.0,-0.2
control-8781,control,0,0,0.0,-0.2
control-8782,control,1,0,60.0,17.8
control-8783,control,0,0,0.0,-0.2
control-8784,control,0,0,0.0,-0.2
control-8785,control,0,0,0.0,-0.2
control-8786,control,0,0,0.0,-0.2
control-8787,control,0,0,0.0,-0.2
control-8788,control,0,0,0.0,-0.2
control-8789,control,0,0,0.0,-0.2
control-8790,control,0,0,0.0,-0.2
control-8791,control,0,0,0.0,-0.2
control-8792,control,0,0,0.0,-0.2
control-8793,control,0,0,0.0,-0.2
control-8794,control,0,0,0.0,-0.2
control-8795,control,0,0,0.0,-0.2
control-8796,control,0,0,0.0,-0.2
control-8797,control,0,0,0.0,-0.2
control-8798,control,0,0,0.0,-0.2
control-8799,control,0,0,0.0,-0.2
control-8800,control,0,0,0.0,-0.2
control-8801,control,0,0,0.0,-0.2
control-8802,control,0,0,0.0,-0.2
control-8803,control,0,0,0.0,-0.2
control-8804,control,0,0,0.0,-0.2
control-8805,control,0,0,0.0,-0.2
control-8806,control,0,0,0.0,-0.2
control-8807,control,0,0,0.0,-0.2
control-8808,control,0,0,0.0,-0.2
control-8809,control,0,0,0.0,-0.2
control-8810,control,0,0,0.0,-0.2
control-8811,control,1,0,60.0,17.8
control-8812,control,0,0,0.0,-0.2
control-8813,control,1,0,20.0,5.8
control-8814,control,0,0,0.0,-0.2
control-8815,control,0,0,0.0,-0.2
control-8816,control,0,0,0.0,-0.2
control-8817,control,0,0,0.0,-0.2
control-8818,control,0,0,0.0,-0.2
control-8819,control,0,0,0.0,-0.2
control-8820,control,0,0,0.0,-0.2
control-8821,control,0,0,0.0,-0.2
control-8822,control,0,0,0.0,-0.2
control-8823,control,0,0,0.0,-0.2
control-8824,control,0,0,0.0,-0.2
control-8825,control,0,0,0.0,-0.2
control-8826,control,0,0,0.0,-0.2
control-8827,control,1,0,60.0,17.8
control-8828,control,0,0,0.0,-0.2
control-8829,control,1,0,20.0,5.8
control-8830,control,0,0,0.0,-0.2
control-8831,control,0,0,0.0,-0.2
control-8832,control,0,0,0.0,-0.2
control-8833,control,0,0,0.0,-0.2
control-8834,control,0,0,0.0,-0.2
control-8835,control,0,0,0.0,-0.2
control-8836,control,0,0,0.0,-0.2
control-8837,control,0,0,0.0,-0.2
control-8838,control,0,0,0.0,-0.2
control-8839,control,0,0,0.0,-0.2
control-8840,control,0,0,0.0,-0.2
control-8841,control,0,0,0.0,-0.2
control-8842,control,0,0,0.0,-0.2
control-8843,control,0,0,0.0,-0.2
control-8844,control,0,0,0.0,-0.2
control-8845,control,0,0,0.0,-0.2
control-8846,control,0,0,0.0,-0.2
control-8847,control,0,0,0.0,-0.2
control-8848,control,0,0,0.0,-0.2
control-8849,control,1,0,20.0,5.8
control-8850,control,0,0,0.0,-0.2
control-8851,control,0,0,0.0,-0.2
control-8852,control,0,0,0.0,-0.2
control-8853,control,0,0,0.0,-0.2
control-8854,control,0,0,0.0,-0.2
control-8855,control,0,0,0.0,-0.2
control-8856,control,0,0,0.0,-0.2
control-8857,control,1,0,40.0,11.8
control-8858,control,0,0,0.0,-0.2
control-8859,control,0,0,0.0,-0.2
control-8860,control,0,0,0.0,-0.2
control-8861,control,0,0,0.0,-0.2
control-8862,control,0,0,0.0,-0.2
control-8863,control,0,0,0.0,-0.2
control-8864,control,0,0,0.0,-0.2
control-8865,control,0,0,0.0,-0.2
control-8866,control,0,0,0.0,-0.2
control-8867,control,0,0,0.0,-0.2
control-8868,control,0,0,0.0,-0.2
control-8869,control,0,0,0.0,-0.2
control-8870,control,0,0,0.0,-0.2
control-8871,control,0,0,0.0,-0.2
control-8872,control,0,0,0.0,-0.2
control-8873,control,0,0,0.0,-0.2
control-8874,control,0,0,0.0,-0.2
control-8875,control,0,0,0.0,-0.2
control-8876,control,0,0,0.0,-0.2
control-8877,control,0,0,0.0,-0.2
control-8878,control,0,0,0.0,-0.2
control-8879,control,0,0,0.0,-0.2
control-8880,control,0,0,0.0,-0.2
control-8881,control,0,0,0.0,-0.2
control-8882,control,0,0,0.0,-0.2
control-8883,control,0,0,0.0,-0.2
control-8884,control,0,0,0.0,-0.2
control-8885,control,0,0,0.0,-0.2
control-8886,control,0,0,0.0,-0.2
control-8887,control,0,0,0.0,-0.2
control-8888,control,0,0,0.0,-0.2
control-8889,control,0,0,0.0,-0.2
control-8890,control,0,0,0.0,-0.2
control-8891,control,0,0,0.0,-0.2
control-8892,control,0,0,0.0,-0.2
control-8893,control,0,0,0.0,-0.2
control-8894,control,0,0,0.0,-0.2
control-8895,control,0,0,0.0,-0.2
control-8896,control,0,0,0.0,-0.2
control-8897,control,0,0,0.0,-0.2
control-8898,control,0,0,0.0,-0.2
control-8899,control,0,0,0.0,-0.2
control-8900,control,0,0,0.0,-0.2
control-8901,control,0,0,0.0,-0.2
control-8902,control,0,0,0.0,-0.2
control-8903,control,0,0,0.0,-0.2
control-8904,control,0,0,0.0,-0.2
control-8905,control,0,0,0.0,-0.2
control-8906,control,0,0,0.0,-0.2
control-8907,control,0,0,0.0,-0.2
control-8908,control,0,0,0.0,-0.2
control-8909,control,0,0,0.0,-0.2
control-8910,control,0,0,0.0,-0.2
control-8911,control,0,0,0.0,-0.2
control-8912,control,0,0,0.0,-0.2
control-8913,control,0,0,0.0,-0.2
control-8914,control,0,0,0.0,-0.2
control-8915,control,0,0,0.0,-0.2
control-8916,control,0,0,0.0,-0.2
control-8917,control,0,0,0.0,-0.2
control-8918,control,0,0,0.0,-0.2
control-8919,control,0,0,0.0,-0.2
control-8920,control,0,0,0.0,-0.2
control-8921,control,0,0,0.0,-0.2
control-8922,control,0,0,0.0,-0.2
control-8923,control,0,0,0.0,-0.2
control-8924,control,0,0,0.0,-0.2
control-8925,control,0,0,0.0,-0.2
control-8926,control,0,0,0.0,-0.2
control-8927,control,1,0,20.0,5.8
control-8928,control,0,0,0.0,-0.2
control-8929,control,0,0,0.0,-0.2
control-8930,control,0,0,0.0,-0.2
control-8931,control,0,0,0.0,-0.2
control-8932,control,0,0,0.0,-0.2
control-8933,control,1,0,20.0,5.8
control-8934,control,0,0,0.0,-0.2
control-8935,control,1,0,20.0,5.8
control-8936,control,0,0,0.0,-0.2
control-8937,control,0,0,0.0,-0.2
control-8938,control,0,0,0.0,-0.2
control-8939,control,0,0,0.0,-0.2
control-8940,control,0,0,0.0,-0.2
control-8941,control,0,0,0.0,-0.2
control-8942,control,0,0,0.0,-0.2
control-8943,control,0,0,0.0,-0.2
control-8944,control,0,0,0.0,-0.2
control-8945,control,0,0,0.0,-0.2
control-8946,control,0,0,0.0,-0.2
control-8947,control,0,0,0.0,-0.2
control-8948,control,0,0,0.0,-0.2
control-8949,control,0,0,0.0,-0.2
control-8950,control,0,0,0.0,-0.2
control-8951,control,0,0,0.0,-0.2
control-8952,control,0,0,0.0,-0.2
control-8953,control,1,1,0.0,-6.2
control-8954,control,0,0,0.0,-0.2
control-8955,control,0,0,0.0,-0.2
control-8956,control,0,0,0.0,-0.2
control-8957,control,0,0,0.0,-0.2
control-8958,control,0,0,0.0,-0.2
control-8959,control,0,0,0.0,-0.2
control-8960,control,0,0,0.0,-0.2
control-8961,control,0,0,0.0,-0.2
control-8962,control,0,0,0.0,-0.2
control-8963,control,0,0,0.0,-0.2
control-8964,control,0,0,0.0,-0.2
control-8965,control,0,0,0.0,-0.2
control-8966,control,0,0,0.0,-0.2
control-8967,control,0,0,0.0,-0.2
control-8968,control,0,0,0.0,-0.2
control-8969,control,0,0,0.0,-0.2
control-8970,control,0,0,0.0,-0.2
control-8971,control,0,0,0.0,-0.2
control-8972,control,0,0,0.0,-0.2
control-8973,control,0,0,0.0,-0.2
control-8974,control,0,0,0.0,-0.2
control-8975,control,0,0,0.0,-0.2
control-8976,control,0,0,0.0,-0.2
control-8977,control,0,0,0.0,-0.2
control-8978,control,0,0,0.0,-0.2
control-8979,control,0,0,0.0,-0.2
control-8980,control,0,0,0.0,-0.2
control-8981,control,0,0,0.0,-0.2
control-8982,control,0,0,0.0,-0.2
control-8983,control,0,0,0.0,-0.2
control-8984,control,0,0,0.0,-0.2
control-8985,control,0,0,0.0,-0.2
control-8986,control,0,0,0.0,-0.2
control-8987,control,1,0,60.0,17.8
control-8988,control,0,0,0.0,-0.2
control-8989,control,0,0,0.0,-0.2
control-8990,control,0,0,0.0,-0.2
control-8991,control,0,0,0.0,-0.2
control-8992,control,0,0,0.0,-0.2
control-8993,control,0,0,0.0,-0.2
control-8994,control,0,0,0.0,-0.2
control-8995,control,0,0,0.0,-0.2
control-8996,control,0,0,0.0,-0.2
control-8997,control,0,0,0.0,-0.2
control-8998,control,1,0,20.0,5.8
control-8999,control,0,0,0.0,-0.2
control-9000,control,0,0,0.0,-0.2
control-9001,control,0,0,0.0,-0.2
control-9002,control,0,0,0.0,-0.2
control-9003,control,0,0,0.0,-0.2
control-9004,control,0,0,0.0,-0.2
control-9005,control,0,0,0.0,-0.2
control-9006,control,0,0,0.0,-0.2
control-9007,control,0,0,0.0,-0.2
control-9008,control,0,0,0.0,-0.2
control-9009,control,0,0,0.0,-0.2
control-9010,control,0,0,0.0,-0.2
control-9011,control,0,0,0.0,-0.2
control-9012,control,0,0,0.0,-0.2
control-9013,control,0,0,0.0,-0.2
control-9014,control,1,0,40.0,11.8
control-9015,control,0,0,0.0,-0.2
control-9016,control,0,0,0.0,-0.2
control-9017,control,0,0,0.0,-0.2
control-9018,control,0,0,0.0,-0.2
control-9019,control,0,0,0.0,-0.2
control-9020,control,0,0,0.0,-0.2
control-9021,control,1,0,60.0,17.8
control-9022,control,0,0,0.0,-0.2
control-9023,control,0,0,0.0,-0.2
control-9024,control,0,0,0.0,-0.2
control-9025,control,0,0,0.0,-0.2
control-9026,control,0,0,0.0,-0.2
control-9027,control,0,0,0.0,-0.2
control-9028,control,0,0,0.0,-0.2
control-9029,control,0,0,0.0,-0.2
control-9030,control,0,0,0.0,-0.2
control-9031,control,0,0,0.0,-0.2
control-9032,control,0,0,0.0,-0.2
control-9033,control,0,0,0.0,-0.2
control-9034,control,0,0,0.0,-0.2
control-9035,control,0,0,0.0,-0.2
control-9036,control,0,0,0.0,-0.2
control-9037,control,0,0,0.0,-0.2
control-9038,control,0,0,0.0,-0.2
control-9039,control,0,0,0.0,-0.2
control-9040,control,0,0,0.0,-0.2
control-9041,control,0,0,0.0,-0.2
control-9042,control,0,0,0.0,-0.2
control-9043,control,0,0,0.0,-0.2
control-9044,control,0,0,0.0,-0.2
control-9045,control,0,0,0.0,-0.2
control-9046,control,0,0,0.0,-0.2
control-9047,control,0,0,0.0,-0.2
control-9048,control,1,0,20.0,5.8
control-9049,control,0,0,0.0,-0.2
control-9050,control,0,0,0.0,-0.2
control-9051,control,0,0,0.0,-0.2
control-9052,control,0,0,0.0,-0.2
control-9053,control,0,0,0.0,-0.2
control-9054,control,0,0,0.0,-0.2
control-9055,control,0,0,0.0,-0.2
control-9056,control,0,0,0.0,-0.2
control-9057,control,1,0,20.0,5.8
control-9058,control,0,0,0.0,-0.2
control-9059,control,0,0,0.0,-0.2
control-9060,control,0,0,0.0,-0.2
control-9061,control,0,0,0.0,-0.2
control-9062,control,0,0,0.0,-0.2
control-9063,control,0,0,0.0,-0.2
control-9064,control,0,0,0.0,-0.2
control-9065,control,0,0,0.0,-0.2
control-9066,control,0,0,0.0,-0.2
control-9067,control,0,0,0.0,-0.2
control-9068,control,0,0,0.0,-0.2
control-9069,control,0,0,0.0,-0.2
control-9070,control,0,0,0.0,-0.2
control-9071,control,0,0,0.0,-0.2
control-9072,control,0,0,0.0,-0.2
control-9073,control,0,0,0.0,-0.2
control-9074,control,0,0,0.0,-0.2
control-9075,control,0,0,0.0,-0.2
control-9076,control,0,0,0.0,-0.2
control-9077,control,0,0,0.0,-0.2
control-9078,control,0,0,0.0,-0.2
control-9079,control,0,0,0.0,-0.2
control-9080,control,0,0,0.0,-0.2
control-9081,control,0,0,0.0,-0.2
control-9082,control,0,0,0.0,-0.2
control-9083,control,0,0,0.0,-0.2
control-9084,control,0,0,0.0,-0.2
control-9085,control,0,0,0.0,-0.2
control-9086,control,0,0,0.0,-0.2
control-9087,control,0,0,0.0,-0.2
control-9088,control,0,0,0.0,-0.2
control-9089,control,0,0,0.0,-0.2
control-9090,control,0,0,0.0,-0.2
control-9091,control,0,0,0.0,-0.2
control-9092,control,0,0,0.0,-0.2
control-9093,control,0,0,0.0,-0.2
control-9094,control,0,0,0.0,-0.2
control-9095,control,0,0,0.0,-0.2
control-9096,control,0,0,0.0,-0.2
control-9097,control,0,0,0.0,-0.2
control-9098,control,0,0,0.0,-0.2
control-9099,control,1,0,20.0,5.8
control-9100,control,0,0,0.0,-0.2
control-9101,control,0,0,0.0,-0.2
control-9102,control,0,0,0.0,-0.2
control-9103,control,0,0,0.0,-0.2
control-9104,control,0,0,0.0,-0.2
control-9105,control,0,0,0.0,-0.2
control-9106,control,0,0,0.0,-0.2
control-9107,control,0,0,0.0,-0.2
control-9108,control,0,0,0.0,-0.2
control-9109,control,0,0,0.0,-0.2
control-9110,control,1,0,60.0,17.8
control-9111,control,0,0,0.0,-0.2
control-9112,control,0,0,0.0,-0.2
control-9113,control,0,0,0.0,-0.2
control-9114,control,0,0,0.0,-0.2
control-9115,control,0,0,0.0,-0.2
control-9116,control,0,0,0.0,-0.2
control-9117,control,0,0,0.0,-0.2
control-9118,control,0,0,0.0,-0.2
control-9119,control,0,0,0.0,-0.2
control-9120,control,0,0,0.0,-0.2
control-9121,control,1,0,40.0,11.8
control-9122,control,0,0,0.0,-0.2
control-9123,control,0,0,0.0,-0.2
control-9124,control,0,0,0.0,-0.2
control-9125,control,1,0,60.0,17.8
control-9126,control,0,0,0.0,-0.2
control-9127,control,0,0,0.0,-0.2
control-9128,control,0,0,0.0,-0.2
control-9129,control,0,0,0.0,-0.2
control-9130,control,0,0,0.0,-0.2
control-9131,control,0,0,0.0,-0.2
control-9132,control,0,0,0.0,-0.2
control-9133,control,0,0,0.0,-0.2
control-9134,control,0,0,0.0,-0.2
control-9135,control,0,0,0.0,-0.2
control-9136,control,0,0,0.0,-0.2
control-9137,control,0,0,0.0,-0.2
control-9138,control,0,0,0.0,-0.2
control-9139,control,0,0,0.0,-0.2
control-9140,control,0,0,0.0,-0.2
control-9141,control,0,0,0.0,-0.2
control-9142,control,0,0,0.0,-0.2
control-9143,control,0,0,0.0,-0.2
control-9144,control,0,0,0.0,-0.2
control-9145,control,0,0,0.0,-0.2
control-9146,control,0,0,0.0,-0.2
control-9147,control,0,0,0.0,-0.2
control-9148,control,0,0,0.0,-0.2
control-9149,control,0,0,0.0,-0.2
control-9150,control,0,0,0.0,-0.2
control-9151,control,0,0,0.0,-0.2
control-9152,control,0,0,0.0,-0.2
control-9153,control,1,0,40.0,11.8
control-9154,control,0,0,0.0,-0.2
control-9155,control,0,0,0.0,-0.2
control-9156,control,0,0,0.0,-0.2
control-9157,control,0,0,0.0,-0.2
control-9158,control,0,0,0.0,-0.2
control-9159,control,0,0,0.0,-0.2
control-9160,control,0,0,0.0,-0.2
control-9161,control,0,0,0.0,-0.2
control-9162,control,0,0,0.0,-0.2
control-9163,control,0,0,0.0,-0.2
control-9164,control,0,0,0.0,-0.2
control-9165,control,0,0,0.0,-0.2
control-9166,control,0,0,0.0,-0.2
control-9167,control,0,0,0.0,-0.2
control-9168,control,0,0,0.0,-0.2
control-9169,control,0,0,0.0,-0.2
control-9170,control,0,0,0.0,-0.2
control-9171,control,0,0,0.0,-0.2
control-9172,control,0,0,0.0,-0.2
control-9173,control,0,0,0.0,-0.2
control-9174,control,0,0,0.0,-0.2
control-9175,control,1,0,20.0,5.8
control-9176,control,0,0,0.0,-0.2
control-9177,control,0,0,0.0,-0.2
control-9178,control,0,0,0.0,-0.2
control-9179,control,0,0,0.0,-0.2
control-9180,control,0,0,0.0,-0.2
control-9181,control,0,0,0.0,-0.2
control-9182,control,0,0,0.0,-0.2
control-9183,control,1,0,60.0,17.8
control-9184,control,0,0,0.0,-0.2
control-9185,control,1,0,60.0,17.8
control-9186,control,0,0,0.0,-0.2
control-9187,control,0,0,0.0,-0.2
control-9188,control,0,0,0.0,-0.2
control-9189,control,0,0,0.0,-0.2
control-9190,control,0,0,0.0,-0.2
control-9191,control,0,0,0.0,-0.2
control-9192,control,0,0,0.0,-0.2
control-9193,control,0,0,0.0,-0.2
control-9194,control,0,0,0.0,-0.2
control-9195,control,0,0,0.0,-0.2
control-9196,control,0,0,0.0,-0.2
control-9197,control,0,0,0.0,-0.2
control-9198,control,0,0,0.0,-0.2
control-9199,control,0,0,0.0,-0.2
control-9200,control,0,0,0.0,-0.2
control-9201,control,1,0,60.0,17.8
control-9202,control,0,0,0.0,-0.2
control-9203,control,0,0,0.0,-0.2
control-9204,control,0,0,0.0,-0.2
control-9205,control,0,0,0.0,-0.2
control-9206,control,0,0,0.0,-0.2
control-9207,control,0,0,0.0,-0.2
control-9208,control,0,0,0.0,-0.2
control-9209,control,0,0,0.0,-0.2
control-9210,control,0,0,0.0,-0.2
control-9211,control,0,0,0.0,-0.2
control-9212,control,0,0,0.0,-0.2
control-9213,control,0,0,0.0,-0.2
control-9214,control,0,0,0.0,-0.2
control-9215,control,0,0,0.0,-0.2
control-9216,control,1,0,40.0,11.8
control-9217,control,1,0,60.0,17.8
control-9218,control,0,0,0.0,-0.2
control-9219,control,0,0,0.0,-0.2
control-9220,control,1,0,60.0,17.8
control-9221,control,0,0,0.0,-0.2
control-9222,control,0,0,0.0,-0.2
control-9223,control,0,0,0.0,-0.2
control-9224,control,0,0,0.0,-0.2
control-9225,control,0,0,0.0,-0.2
control-9226,control,1,0,60.0,17.8
control-9227,control,0,0,0.0,-0.2
control-9228,control,0,0,0.0,-0.2
control-9229,control,0,0,0.0,-0.2
control-9230,control,0,0,0.0,-0.2
control-9231,control,0,0,0.0,-0.2
control-9232,control,0,0,0.0,-0.2
control-9233,control,0,0,0.0,-0.2
control-9234,control,0,0,0.0,-0.2
control-9235,control,0,0,0.0,-0.2
control-9236,control,0,0,0.0,-0.2
control-9237,control,0,0,0.0,-0.2
control-9238,control,0,0,0.0,-0.2
control-9239,control,1,0,20.0,5.8
control-9240,control,0,0,0.0,-0.2
control-9241,control,0,0,0.0,-0.2
control-9242,control,0,0,0.0,-0.2
control-9243,control,0,0,0.0,-0.2
control-9244,control,0,0,0.0,-0.2
control-9245,control,0,0,0.0,-0.2
control-9246,control,0,0,0.0,-0.2
control-9247,control,0,0,0.0,-0.2
control-9248,control,0,0,0.0,-0.2
control-9249,control,0,0,0.0,-0.2
control-9250,control,0,0,0.0,-0.2
control-9251,control,0,0,0.0,-0.2
control-9252,control,0,0,0.0,-0.2
control-9253,control,0,0,0.0,-0.2
control-9254,control,0,0,0.0,-0.2
control-9255,control,0,0,0.0,-0.2
control-9256,control,0,0,0.0,-0.2
control-9257,control,0,0,0.0,-0.2
control-9258,control,0,0,0.0,-0.2
control-9259,control,0,0,0.0,-0.2
control-9260,control,1,0,40.0,11.8
control-9261,control,0,0,0.0,-0.2
control-9262,control,0,0,0.0,-0.2
control-9263,control,0,0,0.0,-0.2
control-9264,control,0,0,0.0,-0.2
control-9265,control,0,0,0.0,-0.2
control-9266,control,0,0,0.0,-0.2
control-9267,control,0,0,0.0,-0.2
control-9268,control,0,0,0.0,-0.2
control-9269,control,0,0,0.0,-0.2
control-9270,control,0,0,0.0,-0.2
control-9271,control,0,0,0.0,-0.2
control-9272,control,0,0,0.0,-0.2
control-9273,control,0,0,0.0,-0.2
control-9274,control,0,0,0.0,-0.2
control-9275,control,0,0,0.0,-0.2
control-9276,control,0,0,0.0,-0.2
control-9277,control,0,0,0.0,-0.2
control-9278,control,0,0,0.0,-0.2
control-9279,control,0,0,0.0,-0.2
control-9280,control,0,0,0.0,-0.2
control-9281,control,1,0,40.0,11.8
control-9282,control,0,0,0.0,-0.2
control-9283,control,0,0,0.0,-0.2
control-9284,control,0,0,0.0,-0.2
control-9285,control,0,0,0.0,-0.2
control-9286,control,0,0,0.0,-0.2
control-9287,control,0,0,0.0,-0.2
control-9288,control,0,0,0.0,-0.2
control-9289,control,0,0,0.0,-0.2
control-9290,control,0,0,0.0,-0.2
control-9291,control,0,0,0.0,-0.2
control-9292,control,0,0,0.0,-0.2
control-9293,control,0,0,0.0,-0.2
control-9294,control,0,0,0.0,-0.2
control-9295,control,0,0,0.0,-0.2
control-9296,control,0,0,0.0,-0.2
control-9297,control,0,0,0.0,-0.2
control-9298,control,0,0,0.0,-0.2
control-9299,control,0,0,0.0,-0.2
control-9300,control,0,0,0.0,-0.2
control-9301,control,0,0,0.0,-0.2
control-9302,control,0,0,0.0,-0.2
control-9303,control,0,0,0.0,-0.2
control-9304,control,0,0,0.0,-0.2
control-9305,control,0,0,0.0,-0.2
control-9306,control,0,0,0.0,-0.2
control-9307,control,0,0,0.0,-0.2
control-9308,control,0,0,0.0,-0.2
control-9309,control,0,0,0.0,-0.2
control-9310,control,0,0,0.0,-0.2
control-9311,control,0,0,0.0,-0.2
control-9312,control,0,0,0.0,-0.2
control-9313,control,0,0,0.0,-0.2
control-9314,control,0,0,0.0,-0.2
control-9315,control,0,0,0.0,-0.2
control-9316,control,0,0,0.0,-0.2
control-9317,control,0,0,0.0,-0.2
control-9318,control,0,0,0.0,-0.2
control-9319,control,0,0,0.0,-0.2
control-9320,control,0,0,0.0,-0.2
control-9321,control,0,0,0.0,-0.2
control-9322,control,0,0,0.0,-0.2
control-9323,control,0,0,0.0,-0.2
control-9324,control,0,0,0.0,-0.2
control-9325,control,0,0,0.0,-0.2
control-9326,control,0,0,0.0,-0.2
control-9327,control,0,0,0.0,-0.2
control-9328,control,0,0,0.0,-0.2
control-9329,control,0,0,0.0,-0.2
control-9330,control,0,0,0.0,-0.2
control-9331,control,0,0,0.0,-0.2
control-9332,control,0,0,0.0,-0.2
control-9333,control,0,0,0.0,-0.2
control-9334,control,0,0,0.0,-0.2
control-9335,control,0,0,0.0,-0.2
control-9336,control,0,0,0.0,-0.2
control-9337,control,0,0,0.0,-0.2
control-9338,control,0,0,0.0,-0.2
control-9339,control,0,0,0.0,-0.2
control-9340,control,0,0,0.0,-0.2
control-9341,control,0,0,0.0,-0.2
control-9342,control,0,0,0.0,-0.2
control-9343,control,0,0,0.0,-0.2
control-9344,control,0,0,0.0,-0.2
control-9345,control,0,0,0.0,-0.2
control-9346,control,0,0,0.0,-0.2
control-9347,control,0,0,0.0,-0.2
control-9348,control,0,0,0.0,-0.2
control-9349,control,0,0,0.0,-0.2
control-9350,control,0,0,0.0,-0.2
control-9351,control,0,0,0.0,-0.2
control-9352,control,0,0,0.0,-0.2
control-9353,control,0,0,0.0,-0.2
control-9354,control,0,0,0.0,-0.2
control-9355,control,0,0,0.0,-0.2
control-9356,control,1,1,0.0,-9.2
control-9357,control,0,0,0.0,-0.2
control-9358,control,0,0,0.0,-0.2
control-9359,control,0,0,0.0,-0.2
control-9360,control,0,0,0.0,-0.2
control-9361,control,0,0,0.0,-0.2
control-9362,control,0,0,0.0,-0.2
control-9363,control,0,0,0.0,-0.2
control-9364,control,0,0,0.0,-0.2
control-9365,control,0,0,0.0,-0.2
control-9366,control,0,0,0.0,-0.2
control-9367,control,0,0,0.0,-0.2
control-9368,control,0,0,0.0,-0.2
control-9369,control,0,0,0.0,-0.2
control-9370,control,0,0,0.0,-0.2
control-9371,control,0,0,0.0,-0.2
control-9372,control,0,0,0.0,-0.2
control-9373,control,1,0,20.0,5.8
control-9374,control,0,0,0.0,-0.2
control-9375,control,0,0,0.0,-0.2
control-9376,control,1,0,20.0,5.8
control-9377,control,0,0,0.0,-0.2
control-9378,control,0,0,0.0,-0.2
control-9379,control,0,0,0.0,-0.2
control-9380,control,0,0,0.0,-0.2
control-9381,control,0,0,0.0,-0.2
control-9382,control,0,0,0.0,-0.2
control-9383,control,0,0,0.0,-0.2
control-9384,control,0,0,0.0,-0.2
control-9385,control,0,0,0.0,-0.2
control-9386,control,0,0,0.0,-0.2
control-9387,control,0,0,0.0,-0.2
control-9388,control,0,0,0.0,-0.2
control-9389,control,0,0,0.0,-0.2
control-9390,control,0,0,0.0,-0.2
control-9391,control,0,0,0.0,-0.2
control-9392,control,0,0,0.0,-0.2
control-9393,control,0,0,0.0,-0.2
control-9394,control,0,0,0.0,-0.2
control-9395,control,0,0,0.0,-0.2
control-9396,control,0,0,0.0,-0.2
control-9397,control,0,0,0.0,-0.2
control-9398,control,0,0,0.0,-0.2
control-9399,control,0,0,0.0,-0.2
control-9400,control,0,0,0.0,-0.2
control-9401,control,0,0,0.0,-0.2
control-9402,control,0,0,0.0,-0.2
control-9403,control,0,0,0.0,-0.2
control-9404,control,0,0,0.0,-0.2
control-9405,control,0,0,0.0,-0.2
control-9406,control,0,0,0.0,-0.2
control-9407,control,0,0,0.0,-0.2
control-9408,control,0,0,0.0,-0.2
control-9409,control,0,0,0.0,-0.2
control-9410,control,0,0,0.0,-0.2
control-9411,control,0,0,0.0,-0.2
control-9412,control,0,0,0.0,-0.2
control-9413,control,1,0,20.0,5.8
control-9414,control,0,0,0.0,-0.2
control-9415,control,0,0,0.0,-0.2
control-9416,control,0,0,0.0,-0.2
control-9417,control,0,0,0.0,-0.2
control-9418,control,0,0,0.0,-0.2
control-9419,control,1,0,60.0,17.8
control-9420,control,0,0,0.0,-0.2
control-9421,control,0,0,0.0,-0.2
control-9422,control,0,0,0.0,-0.2
control-9423,control,0,0,0.0,-0.2
control-9424,control,0,0,0.0,-0.2
control-9425,control,0,0,0.0,-0.2
control-9426,control,0,0,0.0,-0.2
control-9427,control,0,0,0.0,-0.2
control-9428,control,0,0,0.0,-0.2
control-9429,control,0,0,0.0,-0.2
control-9430,control,0,0,0.0,-0.2
control-9431,control,0,0,0.0,-0.2
control-9432,control,0,0,0.0,-0.2
control-9433,control,0,0,0.0,-0.2
control-9434,control,0,0,0.0,-0.2
control-9435,control,0,0,0.0,-0.2
control-9436,control,0,0,0.0,-0.2
control-9437,control,0,0,0.0,-0.2
control-9438,control,0,0,0.0,-0.2
control-9439,control,0,0,0.0,-0.2
control-9440,control,0,0,0.0,-0.2
control-9441,control,0,0,0.0,-0.2
control-9442,control,0,0,0.0,-0.2
control-9443,control,0,0,0.0,-0.2
control-9444,control,0,0,0.0,-0.2
control-9445,control,0,0,0.0,-0.2
control-9446,control,0,0,0.0,-0.2
control-9447,control,0,0,0.0,-0.2
control-9448,control,0,0,0.0,-0.2
control-9449,control,0,0,0.0,-0.2
control-9450,control,0,0,0.0,-0.2
control-9451,control,0,0,0.0,-0.2
control-9452,control,0,0,0.0,-0.2
control-9453,control,0,0,0.0,-0.2
control-9454,control,0,0,0.0,-0.2
control-9455,control,0,0,0.0,-0.2
control-9456,control,0,0,0.0,-0.2
control-9457,control,0,0,0.0,-0.2
control-9458,control,0,0,0.0,-0.2
control-9459,control,1,0,40.0,11.8
control-9460,control,0,0,0.0,-0.2
control-9461,control,0,0,0.0,-0.2
control-9462,control,0,0,0.0,-0.2
control-9463,control,0,0,0.0,-0.2
control-9464,control,1,0,60.0,17.8
control-9465,control,0,0,0.0,-0.2
control-9466,control,0,0,0.0,-0.2
control-9467,control,0,0,0.0,-0.2
control-9468,control,0,0,0.0,-0.2
control-9469,control,0,0,0.0,-0.2
control-9470,control,0,0,0.0,-0.2
control-9471,control,0,0,0.0,-0.2
control-9472,control,0,0,0.0,-0.2
control-9473,control,0,0,0.0,-0.2
control-9474,control,0,0,0.0,-0.2
control-9475,control,1,0,40.0,11.8
control-9476,control,0,0,0.0,-0.2
control-9477,control,0,0,0.0,-0.2
control-9478,control,0,0,0.0,-0.2
control-9479,control,0,0,0.0,-0.2
control-9480,control,1,0,40.0,11.8
control-9481,control,0,0,0.0,-0.2
control-9482,control,1,0,20.0,5.8
control-9483,control,0,0,0.0,-0.2
control-9484,control,0,0,0.0,-0.2
control-9485,control,0,0,0.0,-0.2
control-9486,control,0,0,0.0,-0.2
control-9487,control,0,0,0.0,-0.2
control-9488,control,1,1,0.0,-6.2
control-9489,control,0,0,0.0,-0.2
control-9490,control,0,0,0.0,-0.2
control-9491,control,0,0,0.0,-0.2
control-9492,control,0,0,0.0,-0.2
control-9493,control,0,0,0.0,-0.2
control-9494,control,0,0,0.0,-0.2
control-9495,control,0,0,0.0,-0.2
control-9496,control,0,0,0.0,-0.2
control-9497,control,0,0,0.0,-0.2
control-9498,control,1,0,60.0,17.8
control-9499,control,0,0,0.0,-0.2
control-9500,control,0,0,0.0,-0.2
control-9501,control,0,0,0.0,-0.2
control-9502,control,0,0,0.0,-0.2
control-9503,control,0,0,0.0,-0.2
control-9504,control,0,0,0.0,-0.2
control-9505,control,0,0,0.0,-0.2
control-9506,control,0,0,0.0,-0.2
control-9507,control,0,0,0.0,-0.2
control-9508,control,0,0,0.0,-0.2
control-9509,control,0,0,0.0,-0.2
control-9510,control,0,0,0.0,-0.2
control-9511,control,0,0,0.0,-0.2
control-9512,control,0,0,0.0,-0.2
control-9513,control,0,0,0.0,-0.2
control-9514,control,0,0,0.0,-0.2
control-9515,control,0,0,0.0,-0.2
control-9516,control,0,0,0.0,-0.2
control-9517,control,0,0,0.0,-0.2
control-9518,control,0,0,0.0,-0.2
control-9519,control,0,0,0.0,-0.2
control-9520,control,0,0,0.0,-0.2
control-9521,control,0,0,0.0,-0.2
control-9522,control,0,0,0.0,-0.2
control-9523,control,0,0,0.0,-0.2
control-9524,control,0,0,0.0,-0.2
control-9525,control,0,0,0.0,-0.2
control-9526,control,0,0,0.0,-0.2
control-9527,control,0,0,0.0,-0.2
control-9528,control,0,0,0.0,-0.2
control-9529,control,0,0,0.0,-0.2
control-9530,control,0,0,0.0,-0.2
control-9531,control,0,0,0.0,-0.2
control-9532,control,1,0,60.0,17.8
control-9533,control,0,0,0.0,-0.2
control-9534,control,0,0,0.0,-0.2
control-9535,control,0,0,0.0,-0.2
control-9536,control,0,0,0.0,-0.2
control-9537,control,0,0,0.0,-0.2
control-9538,control,0,0,0.0,-0.2
control-9539,control,0,0,0.0,-0.2
control-9540,control,1,0,60.0,17.8
control-9541,control,1,0,20.0,5.8
control-9542,control,0,0,0.0,-0.2
control-9543,control,0,0,0.0,-0.2
control-9544,control,0,0,0.0,-0.2
control-9545,control,0,0,0.0,-0.2
control-9546,control,0,0,0.0,-0.2
control-9547,control,0,0,0.0,-0.2
control-9548,control,0,0,0.0,-0.2
control-9549,control,0,0,0.0,-0.2
control-9550,control,0,0,0.0,-0.2
control-9551,control,0,0,0.0,-0.2
control-9552,control,0,0,0.0,-0.2
control-9553,control,0,0,0.0,-0.2
control-9554,control,0,0,0.0,-0.2
control-9555,control,0,0,0.0,-0.2
control-9556,control,0,0,0.0,-0.2
control-9557,control,0,0,0.0,-0.2
control-9558,control,0,0,0.0,-0.2
control-9559,control,0,0,0.0,-0.2
control-9560,control,0,0,0.0,-0.2
control-9561,control,0,0,0.0,-0.2
control-9562,control,0,0,0.0,-0.2
control-9563,control,0,0,0.0,-0.2
control-9564,control,0,0,0.0,-0.2
control-9565,control,0,0,0.0,-0.2
control-9566,control,0,0,0.0,-0.2
control-9567,control,0,0,0.0,-0.2
control-9568,control,0,0,0.0,-0.2
control-9569,control,0,0,0.0,-0.2
control-9570,control,0,0,0.0,-0.2
control-9571,control,0,0,0.0,-0.2
control-9572,control,0,0,0.0,-0.2
control-9573,control,0,0,0.0,-0.2
control-9574,control,0,0,0.0,-0.2
control-9575,control,0,0,0.0,-0.2
control-9576,control,0,0,0.0,-0.2
control-9577,control,0,0,0.0,-0.2
control-9578,control,0,0,0.0,-0.2
control-9579,control,0,0,0.0,-0.2
control-9580,control,0,0,0.0,-0.2
control-9581,control,0,0,0.0,-0.2
control-9582,control,0,0,0.0,-0.2
control-9583,control,0,0,0.0,-0.2
control-9584,control,0,0,0.0,-0.2
control-9585,control,0,0,0.0,-0.2
control-9586,control,0,0,0.0,-0.2
control-9587,control,0,0,0.0,-0.2
control-9588,control,0,0,0.0,-0.2
control-9589,control,0,0,0.0,-0.2
control-9590,control,0,0,0.0,-0.2
control-9591,control,0,0,0.0,-0.2
control-9592,control,0,0,0.0,-0.2
control-9593,control,0,0,0.0,-0.2
control-9594,control,0,0,0.0,-0.2
control-9595,control,0,0,0.0,-0.2
control-9596,control,0,0,0.0,-0.2
control-9597,control,0,0,0.0,-0.2
control-9598,control,0,0,0.0,-0.2
control-9599,control,0,0,0.0,-0.2
control-9600,control,0,0,0.0,-0.2
control-9601,control,0,0,0.0,-0.2
control-9602,control,0,0,0.0,-0.2
control-9603,control,0,0,0.0,-0.2
control-9604,control,0,0,0.0,-0.2
control-9605,control,0,0,0.0,-0.2
control-9606,control,0,0,0.0,-0.2
control-9607,control,0,0,0.0,-0.2
control-9608,control,1,0,60.0,17.8
control-9609,control,0,0,0.0,-0.2
control-9610,control,0,0,0.0,-0.2
control-9611,control,0,0,0.0,-0.2
control-9612,control,0,0,0.0,-0.2
control-9613,control,0,0,0.0,-0.2
control-9614,control,0,0,0.0,-0.2
control-9615,control,0,0,0.0,-0.2
control-9616,control,0,0,0.0,-0.2
control-9617,control,0,0,0.0,-0.2
control-9618,control,0,0,0.0,-0.2
control-9619,control,0,0,0.0,-0.2
control-9620,control,0,0,0.0,-0.2
control-9621,control,0,0,0.0,-0.2
control-9622,control,0,0,0.0,-0.2
control-9623,control,0,0,0.0,-0.2
control-9624,control,0,0,0.0,-0.2
control-9625,control,0,0,0.0,-0.2
control-9626,control,0,0,0.0,-0.2
control-9627,control,0,0,0.0,-0.2
control-9628,control,0,0,0.0,-0.2
control-9629,control,0,0,0.0,-0.2
control-9630,control,0,0,0.0,-0.2
control-9631,control,1,0,40.0,11.8
control-9632,control,0,0,0.0,-0.2
control-9633,control,0,0,0.0,-0.2
control-9634,control,0,0,0.0,-0.2
control-9635,control,0,0,0.0,-0.2
control-9636,control,0,0,0.0,-0.2
control-9637,control,0,0,0.0,-0.2
control-9638,control,0,0,0.0,-0.2
control-9639,control,0,0,0.0,-0.2
control-9640,control,0,0,0.0,-0.2
control-9641,control,0,0,0.0,-0.2
control-9642,control,0,0,0.0,-0.2
control-9643,control,0,0,0.0,-0.2
control-9644,control,0,0,0.0,-0.2
control-9645,control,0,0,0.0,-0.2
control-9646,control,0,0,0.0,-0.2
control-9647,control,0,0,0.0,-0.2
control-9648,control,0,0,0.0,-0.2
control-9649,control,0,0,0.0,-0.2
control-9650,control,0,0,0.0,-0.2
control-9651,control,0,0,0.0,-0.2
control-9652,control,0,0,0.0,-0.2
control-9653,control,0,0,0.0,-0.2
control-9654,control,0,0,0.0,-0.2
control-9655,control,0,0,0.0,-0.2
control-9656,control,0,0,0.0,-0.2
control-9657,control,0,0,0.0,-0.2
control-9658,control,0,0,0.0,-0.2
control-9659,control,0,0,0.0,-0.2
control-9660,control,0,0,0.0,-0.2
control-9661,control,0,0,0.0,-0.2
control-9662,control,0,0,0.0,-0.2
control-9663,control,0,0,0.0,-0.2
control-9664,control,0,0,0.0,-0.2
control-9665,control,0,0,0.0,-0.2
control-9666,control,1,0,20.0,5.8
control-9667,control,1,0,20.0,5.8
control-9668,control,0,0,0.0,-0.2
control-9669,control,0,0,0.0,-0.2
control-9670,control,0,0,0.0,-0.2
control-9671,control,1,0,40.0,11.8
control-9672,control,0,0,0.0,-0.2
control-9673,control,0,0,0.0,-0.2
control-9674,control,0,0,0.0,-0.2
control-9675,control,0,0,0.0,-0.2
control-9676,control,0,0,0.0,-0.2
control-9677,control,0,0,0.0,-0.2
control-9678,control,0,0,0.0,-0.2
control-9679,control,0,0,0.0,-0.2
control-9680,control,0,0,0.0,-0.2
control-9681,control,0,0,0.0,-0.2
control-9682,control,1,0,40.0,11.8
control-9683,control,0,0,0.0,-0.2
control-9684,control,0,0,0.0,-0.2
control-9685,control,0,0,0.0,-0.2
control-9686,control,0,0,0.0,-0.2
control-9687,control,0,0,0.0,-0.2
control-9688,control,0,0,0.0,-0.2
control-9689,control,0,0,0.0,-0.2
control-9690,control,0,0,0.0,-0.2
control-9691,control,0,0,0.0,-0.2
control-9692,control,0,0,0.0,-0.2
control-9693,control,0,0,0.0,-0.2
control-9694,control,0,0,0.0,-0.2
control-9695,control,0,0,0.0,-0.2
control-9696,control,0,0,0.0,-0.2
control-9697,control,0,0,0.0,-0.2
control-9698,control,0,0,0.0,-0.2
control-9699,control,0,0,0.0,-0.2
control-9700,control,0,0,0.0,-0.2
control-9701,control,0,0,0.0,-0.2
control-9702,control,1,0,20.0,5.8
control-9703,control,0,0,0.0,-0.2
control-9704,control,0,0,0.0,-0.2
control-9705,control,0,0,0.0,-0.2
control-9706,control,0,0,0.0,-0.2
control-9707,control,0,0,0.0,-0.2
control-9708,control,0,0,0.0,-0.2
control-9709,control,0,0,0.0,-0.2
control-9710,control,0,0,0.0,-0.2
control-9711,control,0,0,0.0,-0.2
control-9712,control,0,0,0.0,-0.2
control-9713,control,0,0,0.0,-0.2
control-9714,control,0,0,0.0,-0.2
control-9715,control,0,0,0.0,-0.2
control-9716,control,0,0,0.0,-0.2
control-9717,control,0,0,0.0,-0.2
control-9718,control,0,0,0.0,-0.2
control-9719,control,0,0,0.0,-0.2
control-9720,control,0,0,0.0,-0.2
control-9721,control,1,0,20.0,5.8
control-9722,control,0,0,0.0,-0.2
control-9723,control,0,0,0.0,-0.2
control-9724,control,0,0,0.0,-0.2
control-9725,control,0,0,0.0,-0.2
control-9726,control,0,0,0.0,-0.2
control-9727,control,0,0,0.0,-0.2
control-9728,control,0,0,0.0,-0.2
control-9729,control,0,0,0.0,-0.2
control-9730,control,0,0,0.0,-0.2
control-9731,control,0,0,0.0,-0.2
control-9732,control,1,0,40.0,11.8
control-9733,control,0,0,0.0,-0.2
control-9734,control,0,0,0.0,-0.2
control-9735,control,0,0,0.0,-0.2
control-9736,control,0,0,0.0,-0.2
control-9737,control,0,0,0.0,-0.2
control-9738,control,0,0,0.0,-0.2
control-9739,control,0,0,0.0,-0.2
control-9740,control,0,0,0.0,-0.2
control-9741,control,0,0,0.0,-0.2
control-9742,control,0,0,0.0,-0.2
control-9743,control,0,0,0.0,-0.2
control-9744,control,0,0,0.0,-0.2
control-9745,control,0,0,0.0,-0.2
control-9746,control,0,0,0.0,-0.2
control-9747,control,0,0,0.0,-0.2
control-9748,control,0,0,0.0,-0.2
control-9749,control,0,0,0.0,-0.2
control-9750,control,1,0,20.0,5.8
control-9751,control,0,0,0.0,-0.2
control-9752,control,0,0,0.0,-0.2
control-9753,control,0,0,0.0,-0.2
control-9754,control,0,0,0.0,-0.2
control-9755,control,0,0,0.0,-0.2
control-9756,control,0,0,0.0,-0.2
control-9757,control,0,0,0.0,-0.2
control-9758,control,0,0,0.0,-0.2
control-9759,control,0,0,0.0,-0.2
control-9760,control,0,0,0.0,-0.2
control-9761,control,0,0,0.0,-0.2
control-9762,control,0,0,0.0,-0.2
control-9763,control,0,0,0.0,-0.2
control-9764,control,0,0,0.0,-0.2
control-9765,control,0,0,0.0,-0.2
control-9766,control,0,0,0.0,-0.2
control-9767,control,0,0,0.0,-0.2
control-9768,control,0,0,0.0,-0.2
control-9769,control,0,0,0.0,-0.2
control-9770,control,0,0,0.0,-0.2
control-9771,control,0,0,0.0,-0.2
control-9772,control,0,0,0.0,-0.2
control-9773,control,0,0,0.0,-0.2
control-9774,control,0,0,0.0,-0.2
control-9775,control,0,0,0.0,-0.2
control-9776,control,0,0,0.0,-0.2
control-9777,control,0,0,0.0,-0.2
control-9778,control,0,0,0.0,-0.2
control-9779,control,0,0,0.0,-0.2
control-9780,control,0,0,0.0,-0.2
control-9781,control,0,0,0.0,-0.2
control-9782,control,0,0,0.0,-0.2
control-9783,control,0,0,0.0,-0.2
control-9784,control,0,0,0.0,-0.2
control-9785,control,0,0,0.0,-0.2
control-9786,control,0,0,0.0,-0.2
control-9787,control,0,0,0.0,-0.2
control-9788,control,0,0,0.0,-0.2
control-9789,control,0,0,0.0,-0.2
control-9790,control,0,0,0.0,-0.2
control-9791,control,0,0,0.0,-0.2
control-9792,control,0,0,0.0,-0.2
control-9793,control,0,0,0.0,-0.2
control-9794,control,0,0,0.0,-0.2
control-9795,control,0,0,0.0,-0.2
control-9796,control,0,0,0.0,-0.2
control-9797,control,0,0,0.0,-0.2
control-9798,control,0,0,0.0,-0.2
control-9799,control,0,0,0.0,-0.2
control-9800,control,0,0,0.0,-0.2
control-9801,control,0,0,0.0,-0.2
control-9802,control,0,0,0.0,-0.2
control-9803,control,0,0,0.0,-0.2
control-9804,control,0,0,0.0,-0.2
control-9805,control,0,0,0.0,-0.2
control-9806,control,0,0,0.0,-0.2
control-9807,control,0,0,0.0,-0.2
control-9808,control,0,0,0.0,-0.2
control-9809,control,0,0,0.0,-0.2
control-9810,control,0,0,0.0,-0.2
control-9811,control,0,0,0.0,-0.2
control-9812,control,0,0,0.0,-0.2
control-9813,control,0,0,0.0,-0.2
control-9814,control,1,0,20.0,5.8
control-9815,control,0,0,0.0,-0.2
control-9816,control,0,0,0.0,-0.2
control-9817,control,0,0,0.0,-0.2
control-9818,control,0,0,0.0,-0.2
control-9819,control,0,0,0.0,-0.2
control-9820,control,0,0,0.0,-0.2
control-9821,control,0,0,0.0,-0.2
control-9822,control,0,0,0.0,-0.2
control-9823,control,0,0,0.0,-0.2
control-9824,control,0,0,0.0,-0.2
control-9825,control,0,0,0.0,-0.2
control-9826,control,0,0,0.0,-0.2
control-9827,control,0,0,0.0,-0.2
control-9828,control,0,0,0.0,-0.2
control-9829,control,0,0,0.0,-0.2
control-9830,control,0,0,0.0,-0.2
control-9831,control,0,0,0.0,-0.2
control-9832,control,0,0,0.0,-0.2
control-9833,control,0,0,0.0,-0.2
control-9834,control,0,0,0.0,-0.2
control-9835,control,0,0,0.0,-0.2
control-9836,control,0,0,0.0,-0.2
control-9837,control,0,0,0.0,-0.2
control-9838,control,0,0,0.0,-0.2
control-9839,control,1,0,40.0,11.8
control-9840,control,0,0,0.0,-0.2
control-9841,control,0,0,0.0,-0.2
control-9842,control,0,0,0.0,-0.2
control-9843,control,0,0,0.0,-0.2
control-9844,control,0,0,0.0,-0.2
control-9845,control,0,0,0.0,-0.2
control-9846,control,0,0,0.0,-0.2
control-9847,control,0,0,0.0,-0.2
control-9848,control,0,0,0.0,-0.2
control-9849,control,0,0,0.0,-0.2
control-9850,control,0,0,0.0,-0.2
control-9851,control,0,0,0.0,-0.2
control-9852,control,0,0,0.0,-0.2
control-9853,control,0,0,0.0,-0.2
control-9854,control,0,0,0.0,-0.2
control-9855,control,0,0,0.0,-0.2
control-9856,control,0,0,0.0,-0.2
control-9857,control,0,0,0.0,-0.2
control-9858,control,0,0,0.0,-0.2
control-9859,control,0,0,0.0,-0.2
control-9860,control,0,0,0.0,-0.2
control-9861,control,0,0,0.0,-0.2
control-9862,control,0,0,0.0,-0.2
control-9863,control,0,0,0.0,-0.2
control-9864,control,0,0,0.0,-0.2
control-9865,control,0,0,0.0,-0.2
control-9866,control,0,0,0.0,-0.2
control-9867,control,0,0,0.0,-0.2
control-9868,control,0,0,0.0,-0.2
control-9869,control,0,0,0.0,-0.2
control-9870,control,0,0,0.0,-0.2
control-9871,control,0,0,0.0,-0.2
control-9872,control,0,0,0.0,-0.2
control-9873,control,0,0,0.0,-0.2
control-9874,control,0,0,0.0,-0.2
control-9875,control,0,0,0.0,-0.2
control-9876,control,0,0,0.0,-0.2
control-9877,control,0,0,0.0,-0.2
control-9878,control,0,0,0.0,-0.2
control-9879,control,0,0,0.0,-0.2
control-9880,control,0,0,0.0,-0.2
control-9881,control,0,0,0.0,-0.2
control-9882,control,0,0,0.0,-0.2
control-9883,control,0,0,0.0,-0.2
control-9884,control,0,0,0.0,-0.2
control-9885,control,0,0,0.0,-0.2
control-9886,control,0,0,0.0,-0.2
control-9887,control,0,0,0.0,-0.2
control-9888,control,0,0,0.0,-0.2
control-9889,control,0,0,0.0,-0.2
control-9890,control,0,0,0.0,-0.2
control-9891,control,0,0,0.0,-0.2
control-9892,control,0,0,0.0,-0.2
control-9893,control,0,0,0.0,-0.2
control-9894,control,0,0,0.0,-0.2
control-9895,control,0,0,0.0,-0.2
control-9896,control,0,0,0.0,-0.2
control-9897,control,0,0,0.0,-0.2
control-9898,control,0,0,0.0,-0.2
control-9899,control,0,0,0.0,-0.2
control-9900,control,0,0,0.0,-0.2
control-9901,control,0,0,0.0,-0.2
control-9902,control,0,0,0.0,-0.2
control-9903,control,0,0,0.0,-0.2
control-9904,control,0,0,0.0,-0.2
control-9905,control,0,0,0.0,-0.2
control-9906,control,0,0,0.0,-0.2
control-9907,control,0,0,0.0,-0.2
control-9908,control,0,0,0.0,-0.2
control-9909,control,0,0,0.0,-0.2
control-9910,control,0,0,0.0,-0.2
control-9911,control,0,0,0.0,-0.2
control-9912,control,0,0,0.0,-0.2
control-9913,control,0,0,0.0,-0.2
control-9914,control,0,0,0.0,-0.2
control-9915,control,0,0,0.0,-0.2
control-9916,control,0,0,0.0,-0.2
control-9917,control,0,0,0.0,-0.2
control-9918,control,0,0,0.0,-0.2
control-9919,control,0,0,0.0,-0.2
control-9920,control,0,0,0.0,-0.2
control-9921,control,0,0,0.0,-0.2
control-9922,control,0,0,0.0,-0.2
control-9923,control,0,0,0.0,-0.2
control-9924,control,0,0,0.0,-0.2
control-9925,control,1,0,20.0,5.8
control-9926,control,0,0,0.0,-0.2
control-9927,control,0,0,0.0,-0.2
control-9928,control,0,0,0.0,-0.2
control-9929,control,0,0,0.0,-0.2
control-9930,control,0,0,0.0,-0.2
control-9931,control,0,0,0.0,-0.2
control-9932,control,0,0,0.0,-0.2
control-9933,control,0,0,0.0,-0.2
control-9934,control,0,0,0.0,-0.2
control-9935,control,0,0,0.0,-0.2
control-9936,control,0,0,0.0,-0.2
control-9937,control,0,0,0.0,-0.2
control-9938,control,0,0,0.0,-0.2
control-9939,control,0,0,0.0,-0.2
control-9940,control,0,0,0.0,-0.2
control-9941,control,0,0,0.0,-0.2
control-9942,control,0,0,0.0,-0.2
control-9943,control,0,0,0.0,-0.2
control-9944,control,0,0,0.0,-0.2
control-9945,control,0,0,0.0,-0.2
control-9946,control,0,0,0.0,-0.2
control-9947,control,0,0,0.0,-0.2
control-9948,control,0,0,0.0,-0.2
control-9949,control,0,0,0.0,-0.2
control-9950,control,0,0,0.0,-0.2
control-9951,control,1,0,60.0,17.8
control-9952,control,0,0,0.0,-0.2
control-9953,control,0,0,0.0,-0.2
control-9954,control,0,0,0.0,-0.2
control-9955,control,0,0,0.0,-0.2
control-9956,control,0,0,0.0,-0.2
control-9957,control,0,0,0.0,-0.2
control-9958,control,0,0,0.0,-0.2
control-9959,control,0,0,0.0,-0.2
control-9960,control,0,0,0.0,-0.2
control-9961,control,0,0,0.0,-0.2
control-9962,control,0,0,0.0,-0.2
control-9963,control,1,0,60.0,17.8
control-9964,control,0,0,0.0,-0.2
control-9965,control,0,0,0.0,-0.2
control-9966,control,0,0,0.0,-0.2
control-9967,control,0,0,0.0,-0.2
control-9968,control,0,0,0.0,-0.2
control-9969,control,0,0,0.0,-0.2
control-9970,control,0,0,0.0,-0.2
control-9971,control,0,0,0.0,-0.2
control-9972,control,1,0,60.0,17.8
control-9973,control,0,0,0.0,-0.2
control-9974,control,0,0,0.0,-0.2
control-9975,control,0,0,0.0,-0.2
control-9976,control,0,0,0.0,-0.2
control-9977,control,0,0,0.0,-0.2
control-9978,control,0,0,0.0,-0.2
control-9979,control,0,0,0.0,-0.2
control-9980,control,0,0,0.0,-0.2
control-9981,control,0,0,0.0,-0.2
control-9982,control,1,0,20.0,5.8
control-9983,control,0,0,0.0,-0.2
control-9984,control,0,0,0.0,-0.2
control-9985,control,1,0,20.0,5.8
control-9986,control,0,0,0.0,-0.2
control-9987,control,0,0,0.0,-0.2
control-9988,control,0,0,0.0,-0.2
control-9989,control,0,0,0.0,-0.2
control-9990,control,0,0,0.0,-0.2
control-9991,control,0,0,0.0,-0.2
control-9992,control,0,0,0.0,-0.2
control-9993,control,0,0,0.0,-0.2
control-9994,control,0,0,0.0,-0.2
control-9995,control,0,0,0.0,-0.2
control-9996,control,0,0,0.0,-0.2
control-9997,control,0,0,0.0,-0.2
control-9998,control,0,0,0.0,-0.2
control-9999,control,0,0,0.0,-0.2
treatment-0,treatment,1,0,63.0,20.35
treatment-1,treatment,1,0,21.0,6.6499999999999995
treatment-2,treatment,0,0,0.0,-0.2
treatment-3,treatment,0,0,0.0,-0.2
treatment-4,treatment,0,0,0.0,-0.2
treatment-5,treatment,0,0,0.0,-0.2
treatment-6,treatment,0,0,0.0,-0.2
treatment-7,treatment,0,0,0.0,-0.2
treatment-8,treatment,0,0,0.0,-0.2
treatment-9,treatment,0,0,0.0,-0.2
treatment-10,treatment,0,0,0.0,-0.2
treatment-11,treatment,0,0,0.0,-0.2
treatment-12,treatment,0,0,0.0,-0.2
treatment-13,treatment,0,0,0.0,-0.2
treatment-14,treatment,0,0,0.0,-0.2
treatment-15,treatment,0,0,0.0,-0.2
treatment-16,treatment,0,0,0.0,-0.2
treatment-17,treatment,0,0,0.0,-0.2
treatment-18,treatment,0,0,0.0,-0.2
treatment-19,treatment,0,0,0.0,-0.2
treatment-20,treatment,0,0,0.0,-0.2
treatment-21,treatment,0,0,0.0,-0.2
treatment-22,treatment,0,0,0.0,-0.2
treatment-23,treatment,0,0,0.0,-0.2
treatment-24,treatment,0,0,0.0,-0.2
treatment-25,treatment,0,0,0.0,-0.2
treatment-26,treatment,0,0,0.0,-0.2
treatment-27,treatment,0,0,0.0,-0.2
treatment-28,treatment,0,0,0.0,-0.2
treatment-29,treatment,0,0,0.0,-0.2
treatment-30,treatment,0,0,0.0,-0.2
treatment-31,treatment,0,0,0.0,-0.2
treatment-32,treatment,0,0,0.0,-0.2
treatment-33,treatment,0,0,0.0,-0.2
treatment-34,treatment,0,0,0.0,-0.2
treatment-35,treatment,0,0,0.0,-0.2
treatment-36,treatment,0,0,0.0,-0.2
treatment-37,treatment,0,0,0.0,-0.2
treatment-38,treatment,0,0,0.0,-0.2
treatment-39,treatment,0,0,0.0,-0.2
treatment-40,treatment,0,0,0.0,-0.2
treatment-41,treatment,0,0,0.0,-0.2
treatment-42,treatment,0,0,0.0,-0.2
treatment-43,treatment,0,0,0.0,-0.2
treatment-44,treatment,0,0,0.0,-0.2
treatment-45,treatment,1,0,42.0,13.5
treatment-46,treatment,0,0,0.0,-0.2
treatment-47,treatment,0,0,0.0,-0.2
treatment-48,treatment,0,0,0.0,-0.2
treatment-49,treatment,0,0,0.0,-0.2
treatment-50,treatment,0,0,0.0,-0.2
treatment-51,treatment,1,0,63.0,20.35
treatment-52,treatment,0,0,0.0,-0.2
treatment-53,treatment,0,0,0.0,-0.2
treatment-54,treatment,0,0,0.0,-0.2
treatment-55,treatment,0,0,0.0,-0.2
treatment-56,treatment,0,0,0.0,-0.2
treatment-57,treatment,0,0,0.0,-0.2
treatment-58,treatment,0,0,0.0,-0.2
treatment-59,treatment,0,0,0.0,-0.2
treatment-60,treatment,0,0,0.0,-0.2
treatment-61,treatment,1,0,21.0,6.6499999999999995
treatment-62,treatment,0,0,0.0,-0.2
treatment-63,treatment,0,0,0.0,-0.2
treatment-64,treatment,0,0,0.0,-0.2
treatment-65,treatment,0,0,0.0,-0.2
treatment-66,treatment,0,0,0.0,-0.2
treatment-67,treatment,0,0,0.0,-0.2
treatment-68,treatment,1,0,42.0,13.5
treatment-69,treatment,0,0,0.0,-0.2
treatment-70,treatment,0,0,0.0,-0.2
treatment-71,treatment,0,0,0.0,-0.2
treatment-72,treatment,0,0,0.0,-0.2
treatment-73,treatment,0,0,0.0,-0.2
treatment-74,treatment,0,0,0.0,-0.2
treatment-75,treatment,0,0,0.0,-0.2
treatment-76,treatment,0,0,0.0,-0.2
treatment-77,treatment,0,0,0.0,-0.2
treatment-78,treatment,0,0,0.0,-0.2
treatment-79,treatment,0,0,0.0,-0.2
treatment-80,treatment,0,0,0.0,-0.2
treatment-81,treatment,0,0,0.0,-0.2
treatment-82,treatment,0,0,0.0,-0.2
treatment-83,treatment,0,0,0.0,-0.2
treatment-84,treatment,0,0,0.0,-0.2
treatment-85,treatment,0,0,0.0,-0.2
treatment-86,treatment,0,0,0.0,-0.2
treatment-87,treatment,1,0,21.0,6.6499999999999995
treatment-88,treatment,0,0,0.0,-0.2
treatment-89,treatment,0,0,0.0,-0.2
treatment-90,treatment,0,0,0.0,-0.2
treatment-91,treatment,0,0,0.0,-0.2
treatment-92,treatment,0,0,0.0,-0.2
treatment-93,treatment,0,0,0.0,-0.2
treatment-94,treatment,0,0,0.0,-0.2
treatment-95,treatment,0,0,0.0,-0.2
treatment-96,treatment,0,0,0.0,-0.2
treatment-97,treatment,0,0,0.0,-0.2
treatment-98,treatment,0,0,0.0,-0.2
treatment-99,treatment,0,0,0.0,-0.2
treatment-100,treatment,0,0,0.0,-0.2
treatment-101,treatment,0,0,0.0,-0.2
treatment-102,treatment,0,0,0.0,-0.2
treatment-103,treatment,0,0,0.0,-0.2
treatment-104,treatment,0,0,0.0,-0.2
treatment-105,treatment,0,0,0.0,-0.2
treatment-106,treatment,0,0,0.0,-0.2
treatment-107,treatment,1,0,42.0,13.5
treatment-108,treatment,0,0,0.0,-0.2
treatment-109,treatment,0,0,0.0,-0.2
treatment-110,treatment,0,0,0.0,-0.2
treatment-111,treatment,0,0,0.0,-0.2
treatment-112,treatment,0,0,0.0,-0.2
treatment-113,treatment,0,0,0.0,-0.2
treatment-114,treatment,0,0,0.0,-0.2
treatment-115,treatment,0,0,0.0,-0.2
treatment-116,treatment,0,0,0.0,-0.2
treatment-117,treatment,0,0,0.0,-0.2
treatment-118,treatment,0,0,0.0,-0.2
treatment-119,treatment,0,0,0.0,-0.2
treatment-120,treatment,0,0,0.0,-0.2
treatment-121,treatment,0,0,0.0,-0.2
treatment-122,treatment,0,0,0.0,-0.2
treatment-123,treatment,0,0,0.0,-0.2
treatment-124,treatment,0,0,0.0,-0.2
treatment-125,treatment,0,0,0.0,-0.2
treatment-126,treatment,0,0,0.0,-0.2
treatment-127,treatment,0,0,0.0,-0.2
treatment-128,treatment,0,0,0.0,-0.2
treatment-129,treatment,0,0,0.0,-0.2
treatment-130,treatment,0,0,0.0,-0.2
treatment-131,treatment,0,0,0.0,-0.2
treatment-132,treatment,0,0,0.0,-0.2
treatment-133,treatment,0,0,0.0,-0.2
treatment-134,treatment,0,0,0.0,-0.2
treatment-135,treatment,0,0,0.0,-0.2
treatment-136,treatment,0,0,0.0,-0.2
treatment-137,treatment,0,0,0.0,-0.2
treatment-138,treatment,0,0,0.0,-0.2
treatment-139,treatment,0,0,0.0,-0.2
treatment-140,treatment,0,0,0.0,-0.2
treatment-141,treatment,0,0,0.0,-0.2
treatment-142,treatment,0,0,0.0,-0.2
treatment-143,treatment,0,0,0.0,-0.2
treatment-144,treatment,0,0,0.0,-0.2
treatment-145,treatment,0,0,0.0,-0.2
treatment-146,treatment,0,0,0.0,-0.2
treatment-147,treatment,0,0,0.0,-0.2
treatment-148,treatment,1,0,21.0,6.6499999999999995
treatment-149,treatment,0,0,0.0,-0.2
treatment-150,treatment,0,0,0.0,-0.2
treatment-151,treatment,0,0,0.0,-0.2
treatment-152,treatment,0,0,0.0,-0.2
treatment-153,treatment,0,0,0.0,-0.2
treatment-154,treatment,0,0,0.0,-0.2
treatment-155,treatment,0,0,0.0,-0.2
treatment-156,treatment,0,0,0.0,-0.2
treatment-157,treatment,0,0,0.0,-0.2
treatment-158,treatment,0,0,0.0,-0.2
treatment-159,treatment,0,0,0.0,-0.2
treatment-160,treatment,0,0,0.0,-0.2
treatment-161,treatment,0,0,0.0,-0.2
treatment-162,treatment,0,0,0.0,-0.2
treatment-163,treatment,0,0,0.0,-0.2
treatment-164,treatment,0,0,0.0,-0.2
treatment-165,treatment,0,0,0.0,-0.2
treatment-166,treatment,0,0,0.0,-0.2
treatment-167,treatment,0,0,0.0,-0.2
treatment-168,treatment,0,0,0.0,-0.2
treatment-169,treatment,0,0,0.0,-0.2
treatment-170,treatment,0,0,0.0,-0.2
treatment-171,treatment,0,0,0.0,-0.2
treatment-172,treatment,0,0,0.0,-0.2
treatment-173,treatment,1,0,42.0,13.5
treatment-174,treatment,0,0,0.0,-0.2
treatment-175,treatment,0,0,0.0,-0.2
treatment-176,treatment,0,0,0.0,-0.2
treatment-177,treatment,0,0,0.0,-0.2
treatment-178,treatment,0,0,0.0,-0.2
treatment-179,treatment,0,0,0.0,-0.2
treatment-180,treatment,0,0,0.0,-0.2
treatment-181,treatment,0,0,0.0,-0.2
treatment-182,treatment,0,0,0.0,-0.2
treatment-183,treatment,0,0,0.0,-0.2
treatment-184,treatment,0,0,0.0,-0.2
treatment-185,treatment,0,0,0.0,-0.2
treatment-186,treatment,0,0,0.0,-0.2
treatment-187,treatment,0,0,0.0,-0.2
treatment-188,treatment,0,0,0.0,-0.2
treatment-189,treatment,0,0,0.0,-0.2
treatment-190,treatment,0,0,0.0,-0.2
treatment-191,treatment,0,0,0.0,-0.2
treatment-192,treatment,0,0,0.0,-0.2
treatment-193,treatment,0,0,0.0,-0.2
treatment-194,treatment,0,0,0.0,-0.2
treatment-195,treatment,0,0,0.0,-0.2
treatment-196,treatment,0,0,0.0,-0.2
treatment-197,treatment,0,0,0.0,-0.2
treatment-198,treatment,0,0,0.0,-0.2
treatment-199,treatment,0,0,0.0,-0.2
treatment-200,treatment,0,0,0.0,-0.2
treatment-201,treatment,0,0,0.0,-0.2
treatment-202,treatment,0,0,0.0,-0.2
treatment-203,treatment,0,0,0.0,-0.2
treatment-204,treatment,0,0,0.0,-0.2
treatment-205,treatment,0,0,0.0,-0.2
treatment-206,treatment,0,0,0.0,-0.2
treatment-207,treatment,0,0,0.0,-0.2
treatment-208,treatment,0,0,0.0,-0.2
treatment-209,treatment,0,0,0.0,-0.2
treatment-210,treatment,0,0,0.0,-0.2
treatment-211,treatment,1,0,21.0,6.6499999999999995
treatment-212,treatment,0,0,0.0,-0.2
treatment-213,treatment,0,0,0.0,-0.2
treatment-214,treatment,0,0,0.0,-0.2
treatment-215,treatment,0,0,0.0,-0.2
treatment-216,treatment,0,0,0.0,-0.2
treatment-217,treatment,0,0,0.0,-0.2
treatment-218,treatment,0,0,0.0,-0.2
treatment-219,treatment,0,0,0.0,-0.2
treatment-220,treatment,0,0,0.0,-0.2
treatment-221,treatment,0,0,0.0,-0.2
treatment-222,treatment,0,0,0.0,-0.2
treatment-223,treatment,0,0,0.0,-0.2
treatment-224,treatment,0,0,0.0,-0.2
treatment-225,treatment,1,0,21.0,6.6499999999999995
treatment-226,treatment,0,0,0.0,-0.2
treatment-227,treatment,0,0,0.0,-0.2
treatment-228,treatment,0,0,0.0,-0.2
treatment-229,treatment,0,0,0.0,-0.2
treatment-230,treatment,0,0,0.0,-0.2
treatment-231,treatment,0,0,0.0,-0.2
treatment-232,treatment,0,0,0.0,-0.2
treatment-233,treatment,0,0,0.0,-0.2
treatment-234,treatment,0,0,0.0,-0.2
treatment-235,treatment,0,0,0.0,-0.2
treatment-236,treatment,0,0,0.0,-0.2
treatment-237,treatment,0,0,0.0,-0.2
treatment-238,treatment,0,0,0.0,-0.2
treatment-239,treatment,1,0,21.0,6.6499999999999995
treatment-240,treatment,0,0,0.0,-0.2
treatment-241,treatment,0,0,0.0,-0.2
treatment-242,treatment,0,0,0.0,-0.2
treatment-243,treatment,0,0,0.0,-0.2
treatment-244,treatment,0,0,0.0,-0.2
treatment-245,treatment,0,0,0.0,-0.2
treatment-246,treatment,0,0,0.0,-0.2
treatment-247,treatment,0,0,0.0,-0.2
treatment-248,treatment,0,0,0.0,-0.2
treatment-249,treatment,1,0,21.0,6.6499999999999995
treatment-250,treatment,1,0,21.0,6.6499999999999995
treatment-251,treatment,0,0,0.0,-0.2
treatment-252,treatment,0,0,0.0,-0.2
treatment-253,treatment,0,0,0.0,-0.2
treatment-254,treatment,0,0,0.0,-0.2
treatment-255,treatment,0,0,0.0,-0.2
treatment-256,treatment,0,0,0.0,-0.2
treatment-257,treatment,0,0,0.0,-0.2
treatment-258,treatment,0,0,0.0,-0.2
treatment-259,treatment,0,0,0.0,-0.2
treatment-260,treatment,0,0,0.0,-0.2
treatment-261,treatment,0,0,0.0,-0.2
treatment-262,treatment,0,0,0.0,-0.2
treatment-263,treatment,0,0,0.0,-0.2
treatment-264,treatment,0,0,0.0,-0.2
treatment-265,treatment,0,0,0.0,-0.2
treatment-266,treatment,1,0,21.0,6.6499999999999995
treatment-267,treatment,0,0,0.0,-0.2
treatment-268,treatment,0,0,0.0,-0.2
treatment-269,treatment,0,0,0.0,-0.2
treatment-270,treatment,1,0,63.0,20.35
treatment-271,treatment,0,0,0.0,-0.2
treatment-272,treatment,0,0,0.0,-0.2
treatment-273,treatment,0,0,0.0,-0.2
treatment-274,treatment,0,0,0.0,-0.2
treatment-275,treatment,0,0,0.0,-0.2
treatment-276,treatment,0,0,0.0,-0.2
treatment-277,treatment,0,0,0.0,-0.2
treatment-278,treatment,0,0,0.0,-0.2
treatment-279,treatment,0,0,0.0,-0.2
treatment-280,treatment,0,0,0.0,-0.2
treatment-281,treatment,0,0,0.0,-0.2
treatment-282,treatment,0,0,0.0,-0.2
treatment-283,treatment,0,0,0.0,-0.2
treatment-284,treatment,0,0,0.0,-0.2
treatment-285,treatment,0,0,0.0,-0.2
treatment-286,treatment,0,0,0.0,-0.2
treatment-287,treatment,0,0,0.0,-0.2
treatment-288,treatment,0,0,0.0,-0.2
treatment-289,treatment,0,0,0.0,-0.2
treatment-290,treatment,0,0,0.0,-0.2
treatment-291,treatment,1,0,63.0,20.35
treatment-292,treatment,0,0,0.0,-0.2
treatment-293,treatment,0,0,0.0,-0.2
treatment-294,treatment,0,0,0.0,-0.2
treatment-295,treatment,0,0,0.0,-0.2
treatment-296,treatment,0,0,0.0,-0.2
treatment-297,treatment,0,0,0.0,-0.2
treatment-298,treatment,0,0,0.0,-0.2
treatment-299,treatment,0,0,0.0,-0.2
treatment-300,treatment,0,0,0.0,-0.2
treatment-301,treatment,0,0,0.0,-0.2
treatment-302,treatment,0,0,0.0,-0.2
treatment-303,treatment,0,0,0.0,-0.2
treatment-304,treatment,0,0,0.0,-0.2
treatment-305,treatment,0,0,0.0,-0.2
treatment-306,treatment,0,0,0.0,-0.2
treatment-307,treatment,0,0,0.0,-0.2
treatment-308,treatment,0,0,0.0,-0.2
treatment-309,treatment,1,0,21.0,6.6499999999999995
treatment-310,treatment,0,0,0.0,-0.2
treatment-311,treatment,0,0,0.0,-0.2
treatment-312,treatment,0,0,0.0,-0.2
treatment-313,treatment,0,0,0.0,-0.2
treatment-314,treatment,0,0,0.0,-0.2
treatment-315,treatment,0,0,0.0,-0.2
treatment-316,treatment,0,0,0.0,-0.2
treatment-317,treatment,0,0,0.0,-0.2
treatment-318,treatment,0,0,0.0,-0.2
treatment-319,treatment,0,0,0.0,-0.2
treatment-320,treatment,0,0,0.0,-0.2
treatment-321,treatment,0,0,0.0,-0.2
treatment-322,treatment,0,0,0.0,-0.2
treatment-323,treatment,0,0,0.0,-0.2
treatment-324,treatment,0,0,0.0,-0.2
treatment-325,treatment,0,0,0.0,-0.2
treatment-326,treatment,0,0,0.0,-0.2
treatment-327,treatment,0,0,0.0,-0.2
treatment-328,treatment,0,0,0.0,-0.2
treatment-329,treatment,0,0,0.0,-0.2
treatment-330,treatment,0,0,0.0,-0.2
treatment-331,treatment,0,0,0.0,-0.2
treatment-332,treatment,1,0,42.0,13.5
treatment-333,treatment,0,0,0.0,-0.2
treatment-334,treatment,0,0,0.0,-0.2
treatment-335,treatment,0,0,0.0,-0.2
treatment-336,treatment,0,0,0.0,-0.2
treatment-337,treatment,0,0,0.0,-0.2
treatment-338,treatment,0,0,0.0,-0.2
treatment-339,treatment,0,0,0.0,-0.2
treatment-340,treatment,0,0,0.0,-0.2
treatment-341,treatment,0,0,0.0,-0.2
treatment-342,treatment,0,0,0.0,-0.2
treatment-343,treatment,0,0,0.0,-0.2
treatment-344,treatment,0,0,0.0,-0.2
treatment-345,treatment,0,0,0.0,-0.2
treatment-346,treatment,0,0,0.0,-0.2
treatment-347,treatment,1,0,63.0,20.35
treatment-348,treatment,0,0,0.0,-0.2
treatment-349,treatment,0,0,0.0,-0.2
treatment-350,treatment,0,0,0.0,-0.2
treatment-351,treatment,0,0,0.0,-0.2
treatment-352,treatment,0,0,0.0,-0.2
treatment-353,treatment,0,0,0.0,-0.2
treatment-354,treatment,0,0,0.0,-0.2
treatment-355,treatment,1,0,63.0,20.35
treatment-356,treatment,0,0,0.0,-0.2
treatment-357,treatment,0,0,0.0,-0.2
treatment-358,treatment,0,0,0.0,-0.2
treatment-359,treatment,0,0,0.0,-0.2
treatment-360,treatment,0,0,0.0,-0.2
treatment-361,treatment,0,0,0.0,-0.2
treatment-362,treatment,0,0,0.0,-0.2
treatment-363,treatment,0,0,0.0,-0.2
treatment-364,treatment,0,0,0.0,-0.2
treatment-365,treatment,0,0,0.0,-0.2
treatment-366,treatment,0,0,0.0,-0.2
treatment-367,treatment,0,0,0.0,-0.2
treatment-368,treatment,0,0,0.0,-0.2
treatment-369,treatment,1,0,63.0,20.35
treatment-370,treatment,0,0,0.0,-0.2
treatment-371,treatment,0,0,0.0,-0.2
treatment-372,treatment,0,0,0.0,-0.2
treatment-373,treatment,0,0,0.0,-0.2
treatment-374,treatment,0,0,0.0,-0.2
treatment-375,treatment,0,0,0.0,-0.2
treatment-376,treatment,0,0,0.0,-0.2
treatment-377,treatment,1,0,21.0,6.6499999999999995
treatment-378,treatment,0,0,0.0,-0.2
treatment-379,treatment,0,0,0.0,-0.2
treatment-380,treatment,1,0,42.0,13.5
treatment-381,treatment,0,0,0.0,-0.2
treatment-382,treatment,0,0,0.0,-0.2
treatment-383,treatment,0,0,0.0,-0.2
treatment-384,treatment,0,0,0.0,-0.2
treatment-385,treatment,0,0,0.0,-0.2
treatment-386,treatment,0,0,0.0,-0.2
treatment-387,treatment,0,0,0.0,-0.2
treatment-388,treatment,0,0,0.0,-0.2
treatment-389,treatment,0,0,0.0,-0.2
treatment-390,treatment,0,0,0.0,-0.2
treatment-391,treatment,0,0,0.0,-0.2
treatment-392,treatment,0,0,0.0,-0.2
treatment-393,treatment,0,0,0.0,-0.2
treatment-394,treatment,0,0,0.0,-0.2
treatment-395,treatment,0,0,0.0,-0.2
treatment-396,treatment,0,0,0.0,-0.2
treatment-397,treatment,0,0,0.0,-0.2
treatment-398,treatment,0,0,0.0,-0.2
treatment-399,treatment,0,0,0.0,-0.2
treatment-400,treatment,0,0,0.0,-0.2
treatment-401,treatment,0,0,0.0,-0.2
treatment-402,treatment,0,0,0.0,-0.2
treatment-403,treatment,0,0,0.0,-0.2
treatment-404,treatment,0,0,0.0,-0.2
treatment-405,treatment,0,0,0.0,-0.2
treatment-406,treatment,0,0,0.0,-0.2
treatment-407,treatment,0,0,0.0,-0.2
treatment-408,treatment,0,0,0.0,-0.2
treatment-409,treatment,1,0,21.0,6.6499999999999995
treatment-410,treatment,0,0,0.0,-0.2
treatment-411,treatment,0,0,0.0,-0.2
treatment-412,treatment,0,0,0.0,-0.2
treatment-413,treatment,0,0,0.0,-0.2
treatment-414,treatment,0,0,0.0,-0.2
treatment-415,treatment,0,0,0.0,-0.2
treatment-416,treatment,0,0,0.0,-0.2
treatment-417,treatment,0,0,0.0,-0.2
treatment-418,treatment,0,0,0.0,-0.2
treatment-419,treatment,0,0,0.0,-0.2
treatment-420,treatment,0,0,0.0,-0.2
treatment-421,treatment,0,0,0.0,-0.2
treatment-422,treatment,0,0,0.0,-0.2
treatment-423,treatment,0,0,0.0,-0.2
treatment-424,treatment,0,0,0.0,-0.2
treatment-425,treatment,0,0,0.0,-0.2
treatment-426,treatment,0,0,0.0,-0.2
treatment-427,treatment,0,0,0.0,-0.2
treatment-428,treatment,0,0,0.0,-0.2
treatment-429,treatment,0,0,0.0,-0.2
treatment-430,treatment,0,0,0.0,-0.2
treatment-431,treatment,0,0,0.0,-0.2
treatment-432,treatment,0,0,0.0,-0.2
treatment-433,treatment,0,0,0.0,-0.2
treatment-434,treatment,0,0,0.0,-0.2
treatment-435,treatment,1,1,0.0,-3.35
treatment-436,treatment,0,0,0.0,-0.2
treatment-437,treatment,0,0,0.0,-0.2
treatment-438,treatment,0,0,0.0,-0.2
treatment-439,treatment,0,0,0.0,-0.2
treatment-440,treatment,0,0,0.0,-0.2
treatment-441,treatment,0,0,0.0,-0.2
treatment-442,treatment,0,0,0.0,-0.2
treatment-443,treatment,0,0,0.0,-0.2
treatment-444,treatment,0,0,0.0,-0.2
treatment-445,treatment,0,0,0.0,-0.2
treatment-446,treatment,0,0,0.0,-0.2
treatment-447,treatment,0,0,0.0,-0.2
treatment-448,treatment,0,0,0.0,-0.2
treatment-449,treatment,0,0,0.0,-0.2
treatment-450,treatment,0,0,0.0,-0.2
treatment-451,treatment,0,0,0.0,-0.2
treatment-452,treatment,0,0,0.0,-0.2
treatment-453,treatment,0,0,0.0,-0.2
treatment-454,treatment,0,0,0.0,-0.2
treatment-455,treatment,0,0,0.0,-0.2
treatment-456,treatment,0,0,0.0,-0.2
treatment-457,treatment,0,0,0.0,-0.2
treatment-458,treatment,0,0,0.0,-0.2
treatment-459,treatment,1,0,42.0,13.5
treatment-460,treatment,0,0,0.0,-0.2
treatment-461,treatment,0,0,0.0,-0.2
treatment-462,treatment,0,0,0.0,-0.2
treatment-463,treatment,0,0,0.0,-0.2
treatment-464,treatment,0,0,0.0,-0.2
treatment-465,treatment,0,0,0.0,-0.2
treatment-466,treatment,1,0,21.0,6.6499999999999995
treatment-467,treatment,0,0,0.0,-0.2
treatment-468,treatment,0,0,0.0,-0.2
treatment-469,treatment,0,0,0.0,-0.2
treatment-470,treatment,0,0,0.0,-0.2
treatment-471,treatment,0,0,0.0,-0.2
treatment-472,treatment,0,0,0.0,-0.2
treatment-473,treatment,0,0,0.0,-0.2
treatment-474,treatment,0,0,0.0,-0.2
treatment-475,treatment,0,0,0.0,-0.2
treatment-476,treatment,0,0,0.0,-0.2
treatment-477,treatment,0,0,0.0,-0.2
treatment-478,treatment,0,0,0.0,-0.2
treatment-479,treatment,0,0,0.0,-0.2
treatment-480,treatment,0,0,0.0,-0.2
treatment-481,treatment,0,0,0.0,-0.2
treatment-482,treatment,0,0,0.0,-0.2
treatment-483,treatment,0,0,0.0,-0.2
treatment-484,treatment,0,0,0.0,-0.2
treatment-485,treatment,0,0,0.0,-0.2
treatment-486,treatment,0,0,0.0,-0.2
treatment-487,treatment,0,0,0.0,-0.2
treatment-488,treatment,0,0,0.0,-0.2
treatment-489,treatment,0,0,0.0,-0.2
treatment-490,treatment,0,0,0.0,-0.2
treatment-491,treatment,0,0,0.0,-0.2
treatment-492,treatment,1,0,42.0,13.5
treatment-493,treatment,0,0,0.0,-0.2
treatment-494,treatment,0,0,0.0,-0.2
treatment-495,treatment,0,0,0.0,-0.2
treatment-496,treatment,0,0,0.0,-0.2
treatment-497,treatment,1,0,21.0,6.6499999999999995
treatment-498,treatment,0,0,0.0,-0.2
treatment-499,treatment,0,0,0.0,-0.2
treatment-500,treatment,1,0,21.0,6.6499999999999995
treatment-501,treatment,0,0,0.0,-0.2
treatment-502,treatment,0,0,0.0,-0.2
treatment-503,treatment,0,0,0.0,-0.2
treatment-504,treatment,0,0,0.0,-0.2
treatment-505,treatment,0,0,0.0,-0.2
treatment-506,treatment,0,0,0.0,-0.2
treatment-507,treatment,0,0,0.0,-0.2
treatment-508,treatment,0,0,0.0,-0.2
treatment-509,treatment,0,0,0.0,-0.2
treatment-510,treatment,0,0,0.0,-0.2
treatment-511,treatment,0,0,0.0,-0.2
treatment-512,treatment,0,0,0.0,-0.2
treatment-513,treatment,0,0,0.0,-0.2
treatment-514,treatment,0,0,0.0,-0.2
treatment-515,treatment,0,0,0.0,-0.2
treatment-516,treatment,0,0,0.0,-0.2
treatment-517,treatment,1,0,42.0,13.5
treatment-518,treatment,0,0,0.0,-0.2
treatment-519,treatment,0,0,0.0,-0.2
treatment-520,treatment,0,0,0.0,-0.2
treatment-521,treatment,0,0,0.0,-0.2
treatment-522,treatment,0,0,0.0,-0.2
treatment-523,treatment,0,0,0.0,-0.2
treatment-524,treatment,0,0,0.0,-0.2
treatment-525,treatment,0,0,0.0,-0.2
treatment-526,treatment,0,0,0.0,-0.2
treatment-527,treatment,0,0,0.0,-0.2
treatment-528,treatment,0,0,0.0,-0.2
treatment-529,treatment,0,0,0.0,-0.2
treatment-530,treatment,0,0,0.0,-0.2
treatment-531,treatment,0,0,0.0,-0.2
treatment-532,treatment,0,0,0.0,-0.2
treatment-533,treatment,0,0,0.0,-0.2
treatment-534,treatment,0,0,0.0,-0.2
treatment-535,treatment,0,0,0.0,-0.2
treatment-536,treatment,0,0,0.0,-0.2
treatment-537,treatment,0,0,0.0,-0.2
treatment-538,treatment,0,0,0.0,-0.2
treatment-539,treatment,0,0,0.0,-0.2
treatment-540,treatment,0,0,0.0,-0.2
treatment-541,treatment,0,0,0.0,-0.2
treatment-542,treatment,0,0,0.0,-0.2
treatment-543,treatment,0,0,0.0,-0.2
treatment-544,treatment,0,0,0.0,-0.2
treatment-545,treatment,0,0,0.0,-0.2
treatment-546,treatment,0,0,0.0,-0.2
treatment-547,treatment,0,0,0.0,-0.2
treatment-548,treatment,0,0,0.0,-0.2
treatment-549,treatment,0,0,0.0,-0.2
treatment-550,treatment,0,0,0.0,-0.2
treatment-551,treatment,0,0,0.0,-0.2
treatment-552,treatment,0,0,0.0,-0.2
treatment-553,treatment,0,0,0.0,-0.2
treatment-554,treatment,0,0,0.0,-0.2
treatment-555,treatment,0,0,0.0,-0.2
treatment-556,treatment,0,0,0.0,-0.2
treatment-557,treatment,0,0,0.0,-0.2
treatment-558,treatment,0,0,0.0,-0.2
treatment-559,treatment,0,0,0.0,-0.2
treatment-560,treatment,0,0,0.0,-0.2
treatment-561,treatment,0,0,0.0,-0.2
treatment-562,treatment,0,0,0.0,-0.2
treatment-563,treatment,0,0,0.0,-0.2
treatment-564,treatment,0,0,0.0,-0.2
treatment-565,treatment,0,0,0.0,-0.2
treatment-566,treatment,0,0,0.0,-0.2
treatment-567,treatment,0,0,0.0,-0.2
treatment-568,treatment,0,0,0.0,-0.2
treatment-569,treatment,0,0,0.0,-0.2
treatment-570,treatment,0,0,0.0,-0.2
treatment-571,treatment,0,0,0.0,-0.2
treatment-572,treatment,0,0,0.0,-0.2
treatment-573,treatment,0,0,0.0,-0.2
treatment-574,treatment,0,0,0.0,-0.2
treatment-575,treatment,0,0,0.0,-0.2
treatment-576,treatment,0,0,0.0,-0.2
treatment-577,treatment,0,0,0.0,-0.2
treatment-578,treatment,1,0,63.0,20.35
treatment-579,treatment,0,0,0.0,-0.2
treatment-580,treatment,0,0,0.0,-0.2
treatment-581,treatment,0,0,0.0,-0.2
treatment-582,treatment,0,0,0.0,-0.2
treatment-583,treatment,0,0,0.0,-0.2
treatment-584,treatment,0,0,0.0,-0.2
treatment-585,treatment,0,0,0.0,-0.2
treatment-586,treatment,0,0,0.0,-0.2
treatment-587,treatment,0,0,0.0,-0.2
treatment-588,treatment,0,0,0.0,-0.2
treatment-589,treatment,0,0,0.0,-0.2
treatment-590,treatment,0,0,0.0,-0.2
treatment-591,treatment,0,0,0.0,-0.2
treatment-592,treatment,0,0,0.0,-0.2
treatment-593,treatment,0,0,0.0,-0.2
treatment-594,treatment,0,0,0.0,-0.2
treatment-595,treatment,0,0,0.0,-0.2
treatment-596,treatment,0,0,0.0,-0.2
treatment-597,treatment,0,0,0.0,-0.2
treatment-598,treatment,0,0,0.0,-0.2
treatment-599,treatment,0,0,0.0,-0.2
treatment-600,treatment,0,0,0.0,-0.2
treatment-601,treatment,0,0,0.0,-0.2
treatment-602,treatment,0,0,0.0,-0.2
treatment-603,treatment,0,0,0.0,-0.2
treatment-604,treatment,0,0,0.0,-0.2
treatment-605,treatment,0,0,0.0,-0.2
treatment-606,treatment,0,0,0.0,-0.2
treatment-607,treatment,1,0,42.0,13.5
treatment-608,treatment,1,0,42.0,13.5
treatment-609,treatment,0,0,0.0,-0.2
treatment-610,treatment,0,0,0.0,-0.2
treatment-611,treatment,0,0,0.0,-0.2
treatment-612,treatment,0,0,0.0,-0.2
treatment-613,treatment,0,0,0.0,-0.2
treatment-614,treatment,0,0,0.0,-0.2
treatment-615,treatment,1,0,21.0,6.6499999999999995
treatment-616,treatment,0,0,0.0,-0.2
treatment-617,treatment,1,0,21.0,6.6499999999999995
treatment-618,treatment,0,0,0.0,-0.2
treatment-619,treatment,0,0,0.0,-0.2
treatment-620,treatment,0,0,0.0,-0.2
treatment-621,treatment,0,0,0.0,-0.2
treatment-622,treatment,0,0,0.0,-0.2
treatment-623,treatment,0,0,0.0,-0.2
treatment-624,treatment,0,0,0.0,-0.2
treatment-625,treatment,0,0,0.0,-0.2
treatment-626,treatment,0,0,0.0,-0.2
treatment-627,treatment,0,0,0.0,-0.2
treatment-628,treatment,0,0,0.0,-0.2
treatment-629,treatment,0,0,0.0,-0.2
treatment-630,treatment,0,0,0.0,-0.2
treatment-631,treatment,0,0,0.0,-0.2
treatment-632,treatment,0,0,0.0,-0.2
treatment-633,treatment,0,0,0.0,-0.2
treatment-634,treatment,0,0,0.0,-0.2
treatment-635,treatment,0,0,0.0,-0.2
treatment-636,treatment,0,0,0.0,-0.2
treatment-637,treatment,0,0,0.0,-0.2
treatment-638,treatment,0,0,0.0,-0.2
treatment-639,treatment,0,0,0.0,-0.2
treatment-640,treatment,0,0,0.0,-0.2
treatment-641,treatment,0,0,0.0,-0.2
treatment-642,treatment,0,0,0.0,-0.2
treatment-643,treatment,0,0,0.0,-0.2
treatment-644,treatment,0,0,0.0,-0.2
treatment-645,treatment,0,0,0.0,-0.2
treatment-646,treatment,0,0,0.0,-0.2
treatment-647,treatment,0,0,0.0,-0.2
treatment-648,treatment,0,0,0.0,-0.2
treatment-649,treatment,0,0,0.0,-0.2
treatment-650,treatment,0,0,0.0,-0.2
treatment-651,treatment,0,0,0.0,-0.2
treatment-652,treatment,0,0,0.0,-0.2
treatment-653,treatment,0,0,0.0,-0.2
treatment-654,treatment,0,0,0.0,-0.2
treatment-655,treatment,0,0,0.0,-0.2
treatment-656,treatment,0,0,0.0,-0.2
treatment-657,treatment,0,0,0.0,-0.2
treatment-658,treatment,0,0,0.0,-0.2
treatment-659,treatment,0,0,0.0,-0.2
treatment-660,treatment,0,0,0.0,-0.2
treatment-661,treatment,0,0,0.0,-0.2
treatment-662,treatment,0,0,0.0,-0.2
treatment-663,treatment,0,0,0.0,-0.2
treatment-664,treatment,1,0,63.0,20.35
treatment-665,treatment,0,0,0.0,-0.2
treatment-666,treatment,0,0,0.0,-0.2
treatment-667,treatment,0,0,0.0,-0.2
treatment-668,treatment,0,0,0.0,-0.2
treatment-669,treatment,0,0,0.0,-0.2
treatment-670,treatment,0,0,0.0,-0.2
treatment-671,treatment,1,0,63.0,20.35
treatment-672,treatment,0,0,0.0,-0.2
treatment-673,treatment,1,0,63.0,20.35
treatment-674,treatment,0,0,0.0,-0.2
treatment-675,treatment,0,0,0.0,-0.2
treatment-676,treatment,1,0,63.0,20.35
treatment-677,treatment,0,0,0.0,-0.2
treatment-678,treatment,0,0,0.0,-0.2
treatment-679,treatment,0,0,0.0,-0.2
treatment-680,treatment,0,0,0.0,-0.2
treatment-681,treatment,0,0,0.0,-0.2
treatment-682,treatment,0,0,0.0,-0.2
treatment-683,treatment,0,0,0.0,-0.2
treatment-684,treatment,0,0,0.0,-0.2
treatment-685,treatment,0,0,0.0,-0.2
treatment-686,treatment,0,0,0.0,-0.2
treatment-687,treatment,0,0,0.0,-0.2
treatment-688,treatment,0,0,0.0,-0.2
treatment-689,treatment,1,0,42.0,13.5
treatment-690,treatment,0,0,0.0,-0.2
treatment-691,treatment,0,0,0.0,-0.2
treatment-692,treatment,0,0,0.0,-0.2
treatment-693,treatment,0,0,0.0,-0.2
treatment-694,treatment,0,0,0.0,-0.2
treatment-695,treatment,0,0,0.0,-0.2
treatment-696,treatment,1,0,42.0,13.5
treatment-697,treatment,0,0,0.0,-0.2
treatment-698,treatment,0,0,0.0,-0.2
treatment-699,treatment,0,0,0.0,-0.2
treatment-700,treatment,0,0,0.0,-0.2
treatment-701,treatment,0,0,0.0,-0.2
treatment-702,treatment,0,0,0.0,-0.2
treatment-703,treatment,0,0,0.0,-0.2
treatment-704,treatment,0,0,0.0,-0.2
treatment-705,treatment,1,0,42.0,13.5
treatment-706,treatment,0,0,0.0,-0.2
treatment-707,treatment,0,0,0.0,-0.2
treatment-708,treatment,0,0,0.0,-0.2
treatment-709,treatment,0,0,0.0,-0.2
treatment-710,treatment,1,0,42.0,13.5
treatment-711,treatment,0,0,0.0,-0.2
treatment-712,treatment,0,0,0.0,-0.2
treatment-713,treatment,0,0,0.0,-0.2
treatment-714,treatment,0,0,0.0,-0.2
treatment-715,treatment,0,0,0.0,-0.2
treatment-716,treatment,0,0,0.0,-0.2
treatment-717,treatment,0,0,0.0,-0.2
treatment-718,treatment,0,0,0.0,-0.2
treatment-719,treatment,0,0,0.0,-0.2
treatment-720,treatment,0,0,0.0,-0.2
treatment-721,treatment,0,0,0.0,-0.2
treatment-722,treatment,0,0,0.0,-0.2
treatment-723,treatment,0,0,0.0,-0.2
treatment-724,treatment,0,0,0.0,-0.2
treatment-725,treatment,0,0,0.0,-0.2
treatment-726,treatment,0,0,0.0,-0.2
treatment-727,treatment,0,0,0.0,-0.2
treatment-728,treatment,0,0,0.0,-0.2
treatment-729,treatment,0,0,0.0,-0.2
treatment-730,treatment,0,0,0.0,-0.2
treatment-731,treatment,0,0,0.0,-0.2
treatment-732,treatment,0,0,0.0,-0.2
treatment-733,treatment,0,0,0.0,-0.2
treatment-734,treatment,0,0,0.0,-0.2
treatment-735,treatment,0,0,0.0,-0.2
treatment-736,treatment,0,0,0.0,-0.2
treatment-737,treatment,0,0,0.0,-0.2
treatment-738,treatment,0,0,0.0,-0.2
treatment-739,treatment,0,0,0.0,-0.2
treatment-740,treatment,0,0,0.0,-0.2
treatment-741,treatment,0,0,0.0,-0.2
treatment-742,treatment,0,0,0.0,-0.2
treatment-743,treatment,0,0,0.0,-0.2
treatment-744,treatment,0,0,0.0,-0.2
treatment-745,treatment,0,0,0.0,-0.2
treatment-746,treatment,0,0,0.0,-0.2
treatment-747,treatment,0,0,0.0,-0.2
treatment-748,treatment,0,0,0.0,-0.2
treatment-749,treatment,0,0,0.0,-0.2
treatment-750,treatment,0,0,0.0,-0.2
treatment-751,treatment,0,0,0.0,-0.2
treatment-752,treatment,0,0,0.0,-0.2
treatment-753,treatment,0,0,0.0,-0.2
treatment-754,treatment,0,0,0.0,-0.2
treatment-755,treatment,0,0,0.0,-0.2
treatment-756,treatment,0,0,0.0,-0.2
treatment-757,treatment,0,0,0.0,-0.2
treatment-758,treatment,0,0,0.0,-0.2
treatment-759,treatment,1,0,21.0,6.6499999999999995
treatment-760,treatment,0,0,0.0,-0.2
treatment-761,treatment,0,0,0.0,-0.2
treatment-762,treatment,0,0,0.0,-0.2
treatment-763,treatment,0,0,0.0,-0.2
treatment-764,treatment,0,0,0.0,-0.2
treatment-765,treatment,0,0,0.0,-0.2
treatment-766,treatment,0,0,0.0,-0.2
treatment-767,treatment,0,0,0.0,-0.2
treatment-768,treatment,1,0,21.0,6.6499999999999995
treatment-769,treatment,0,0,0.0,-0.2
treatment-770,treatment,0,0,0.0,-0.2
treatment-771,treatment,0,0,0.0,-0.2
treatment-772,treatment,0,0,0.0,-0.2
treatment-773,treatment,0,0,0.0,-0.2
treatment-774,treatment,0,0,0.0,-0.2
treatment-775,treatment,0,0,0.0,-0.2
treatment-776,treatment,0,0,0.0,-0.2
treatment-777,treatment,0,0,0.0,-0.2
treatment-778,treatment,0,0,0.0,-0.2
treatment-779,treatment,0,0,0.0,-0.2
treatment-780,treatment,0,0,0.0,-0.2
treatment-781,treatment,0,0,0.0,-0.2
treatment-782,treatment,0,0,0.0,-0.2
treatment-783,treatment,1,0,21.0,6.6499999999999995
treatment-784,treatment,0,0,0.0,-0.2
treatment-785,treatment,0,0,0.0,-0.2
treatment-786,treatment,0,0,0.0,-0.2
treatment-787,treatment,0,0,0.0,-0.2
treatment-788,treatment,0,0,0.0,-0.2
treatment-789,treatment,0,0,0.0,-0.2
treatment-790,treatment,0,0,0.0,-0.2
treatment-791,treatment,0,0,0.0,-0.2
treatment-792,treatment,0,0,0.0,-0.2
treatment-793,treatment,0,0,0.0,-0.2
treatment-794,treatment,0,0,0.0,-0.2
treatment-795,treatment,0,0,0.0,-0.2
treatment-796,treatment,0,0,0.0,-0.2
treatment-797,treatment,1,0,21.0,6.6499999999999995
treatment-798,treatment,0,0,0.0,-0.2
treatment-799,treatment,0,0,0.0,-0.2
treatment-800,treatment,1,0,21.0,6.6499999999999995
treatment-801,treatment,0,0,0.0,-0.2
treatment-802,treatment,0,0,0.0,-0.2
treatment-803,treatment,0,0,0.0,-0.2
treatment-804,treatment,0,0,0.0,-0.2
treatment-805,treatment,0,0,0.0,-0.2
treatment-806,treatment,0,0,0.0,-0.2
treatment-807,treatment,0,0,0.0,-0.2
treatment-808,treatment,0,0,0.0,-0.2
treatment-809,treatment,0,0,0.0,-0.2
treatment-810,treatment,0,0,0.0,-0.2
treatment-811,treatment,0,0,0.0,-0.2
treatment-812,treatment,0,0,0.0,-0.2
treatment-813,treatment,0,0,0.0,-0.2
treatment-814,treatment,0,0,0.0,-0.2
treatment-815,treatment,0,0,0.0,-0.2
treatment-816,treatment,0,0,0.0,-0.2
treatment-817,treatment,0,0,0.0,-0.2
treatment-818,treatment,0,0,0.0,-0.2
treatment-819,treatment,0,0,0.0,-0.2
treatment-820,treatment,0,0,0.0,-0.2
treatment-821,treatment,0,0,0.0,-0.2
treatment-822,treatment,0,0,0.0,-0.2
treatment-823,treatment,0,0,0.0,-0.2
treatment-824,treatment,0,0,0.0,-0.2
treatment-825,treatment,0,0,0.0,-0.2
treatment-826,treatment,0,0,0.0,-0.2
treatment-827,treatment,0,0,0.0,-0.2
treatment-828,treatment,0,0,0.0,-0.2
treatment-829,treatment,0,0,0.0,-0.2
treatment-830,treatment,1,1,0.0,-3.35
treatment-831,treatment,0,0,0.0,-0.2
treatment-832,treatment,0,0,0.0,-0.2
treatment-833,treatment,0,0,0.0,-0.2
treatment-834,treatment,0,0,0.0,-0.2
treatment-835,treatment,0,0,0.0,-0.2
treatment-836,treatment,0,0,0.0,-0.2
treatment-837,treatment,0,0,0.0,-0.2
treatment-838,treatment,0,0,0.0,-0.2
treatment-839,treatment,0,0,0.0,-0.2
treatment-840,treatment,0,0,0.0,-0.2
treatment-841,treatment,0,0,0.0,-0.2
treatment-842,treatment,0,0,0.0,-0.2
treatment-843,treatment,0,0,0.0,-0.2
treatment-844,treatment,0,0,0.0,-0.2
treatment-845,treatment,0,0,0.0,-0.2
treatment-846,treatment,0,0,0.0,-0.2
treatment-847,treatment,0,0,0.0,-0.2
treatment-848,treatment,1,0,42.0,13.5
treatment-849,treatment,0,0,0.0,-0.2
treatment-850,treatment,0,0,0.0,-0.2
treatment-851,treatment,0,0,0.0,-0.2
treatment-852,treatment,0,0,0.0,-0.2
treatment-853,treatment,0,0,0.0,-0.2
treatment-854,treatment,0,0,0.0,-0.2
treatment-855,treatment,0,0,0.0,-0.2
treatment-856,treatment,0,0,0.0,-0.2
treatment-857,treatment,0,0,0.0,-0.2
treatment-858,treatment,0,0,0.0,-0.2
treatment-859,treatment,0,0,0.0,-0.2
treatment-860,treatment,0,0,0.0,-0.2
treatment-861,treatment,0,0,0.0,-0.2
treatment-862,treatment,0,0,0.0,-0.2
treatment-863,treatment,0,0,0.0,-0.2
treatment-864,treatment,0,0,0.0,-0.2
treatment-865,treatment,0,0,0.0,-0.2
treatment-866,treatment,0,0,0.0,-0.2
treatment-867,treatment,0,0,0.0,-0.2
treatment-868,treatment,0,0,0.0,-0.2
treatment-869,treatment,0,0,0.0,-0.2
treatment-870,treatment,1,0,63.0,20.35
treatment-871,treatment,0,0,0.0,-0.2
treatment-872,treatment,0,0,0.0,-0.2
treatment-873,treatment,0,0,0.0,-0.2
treatment-874,treatment,0,0,0.0,-0.2
treatment-875,treatment,0,0,0.0,-0.2
treatment-876,treatment,1,0,21.0,6.6499999999999995
treatment-877,treatment,0,0,0.0,-0.2
treatment-878,treatment,0,0,0.0,-0.2
treatment-879,treatment,0,0,0.0,-0.2
treatment-880,treatment,0,0,0.0,-0.2
treatment-881,treatment,0,0,0.0,-0.2
treatment-882,treatment,0,0,0.0,-0.2
treatment-883,treatment,0,0,0.0,-0.2
treatment-884,treatment,0,0,0.0,-0.2
treatment-885,treatment,0,0,0.0,-0.2
treatment-886,treatment,0,0,0.0,-0.2
treatment-887,treatment,0,0,0.0,-0.2
treatment-888,treatment,0,0,0.0,-0.2
treatment-889,treatment,0,0,0.0,-0.2
treatment-890,treatment,0,0,0.0,-0.2
treatment-891,treatment,0,0,0.0,-0.2
treatment-892,treatment,0,0,0.0,-0.2
treatment-893,treatment,0,0,0.0,-0.2
treatment-894,treatment,0,0,0.0,-0.2
treatment-895,treatment,1,0,63.0,20.35
treatment-896,treatment,0,0,0.0,-0.2
treatment-897,treatment,0,0,0.0,-0.2
treatment-898,treatment,0,0,0.0,-0.2
treatment-899,treatment,0,0,0.0,-0.2
treatment-900,treatment,0,0,0.0,-0.2
treatment-901,treatment,0,0,0.0,-0.2
treatment-902,treatment,0,0,0.0,-0.2
treatment-903,treatment,0,0,0.0,-0.2
treatment-904,treatment,0,0,0.0,-0.2
treatment-905,treatment,0,0,0.0,-0.2
treatment-906,treatment,0,0,0.0,-0.2
treatment-907,treatment,0,0,0.0,-0.2
treatment-908,treatment,0,0,0.0,-0.2
treatment-909,treatment,1,0,21.0,6.6499999999999995
treatment-910,treatment,0,0,0.0,-0.2
treatment-911,treatment,0,0,0.0,-0.2
treatment-912,treatment,0,0,0.0,-0.2
treatment-913,treatment,0,0,0.0,-0.2
treatment-914,treatment,0,0,0.0,-0.2
treatment-915,treatment,0,0,0.0,-0.2
treatment-916,treatment,0,0,0.0,-0.2
treatment-917,treatment,0,0,0.0,-0.2
treatment-918,treatment,0,0,0.0,-0.2
treatment-919,treatment,0,0,0.0,-0.2
treatment-920,treatment,0,0,0.0,-0.2
treatment-921,treatment,0,0,0.0,-0.2
treatment-922,treatment,0,0,0.0,-0.2
treatment-923,treatment,1,0,21.0,6.6499999999999995
treatment-924,treatment,0,0,0.0,-0.2
treatment-925,treatment,0,0,0.0,-0.2
treatment-926,treatment,0,0,0.0,-0.2
treatment-927,treatment,0,0,0.0,-0.2
treatment-928,treatment,0,0,0.0,-0.2
treatment-929,treatment,0,0,0.0,-0.2
treatment-930,treatment,0,0,0.0,-0.2
treatment-931,treatment,0,0,0.0,-0.2
treatment-932,treatment,0,0,0.0,-0.2
treatment-933,treatment,0,0,0.0,-0.2
treatment-934,treatment,0,0,0.0,-0.2
treatment-935,treatment,0,0,0.0,-0.2
treatment-936,treatment,0,0,0.0,-0.2
treatment-937,treatment,0,0,0.0,-0.2
treatment-938,treatment,0,0,0.0,-0.2
treatment-939,treatment,0,0,0.0,-0.2
treatment-940,treatment,0,0,0.0,-0.2
treatment-941,treatment,0,0,0.0,-0.2
treatment-942,treatment,0,0,0.0,-0.2
treatment-943,treatment,0,0,0.0,-0.2
treatment-944,treatment,0,0,0.0,-0.2
treatment-945,treatment,0,0,0.0,-0.2
treatment-946,treatment,0,0,0.0,-0.2
treatment-947,treatment,0,0,0.0,-0.2
treatment-948,treatment,0,0,0.0,-0.2
treatment-949,treatment,0,0,0.0,-0.2
treatment-950,treatment,0,0,0.0,-0.2
treatment-951,treatment,0,0,0.0,-0.2
treatment-952,treatment,0,0,0.0,-0.2
treatment-953,treatment,0,0,0.0,-0.2
treatment-954,treatment,0,0,0.0,-0.2
treatment-955,treatment,1,0,21.0,6.6499999999999995
treatment-956,treatment,0,0,0.0,-0.2
treatment-957,treatment,0,0,0.0,-0.2
treatment-958,treatment,0,0,0.0,-0.2
treatment-959,treatment,0,0,0.0,-0.2
treatment-960,treatment,0,0,0.0,-0.2
treatment-961,treatment,0,0,0.0,-0.2
treatment-962,treatment,0,0,0.0,-0.2
treatment-963,treatment,0,0,0.0,-0.2
treatment-964,treatment,0,0,0.0,-0.2
treatment-965,treatment,0,0,0.0,-0.2
treatment-966,treatment,0,0,0.0,-0.2
treatment-967,treatment,0,0,0.0,-0.2
treatment-968,treatment,0,0,0.0,-0.2
treatment-969,treatment,1,0,42.0,13.5
treatment-970,treatment,0,0,0.0,-0.2
treatment-971,treatment,0,0,0.0,-0.2
treatment-972,treatment,0,0,0.0,-0.2
treatment-973,treatment,0,0,0.0,-0.2
treatment-974,treatment,0,0,0.0,-0.2
treatment-975,treatment,0,0,0.0,-0.2
treatment-976,treatment,0,0,0.0,-0.2
treatment-977,treatment,0,0,0.0,-0.2
treatment-978,treatment,1,1,0.0,-9.649999999999999
treatment-979,treatment,0,0,0.0,-0.2
treatment-980,treatment,0,0,0.0,-0.2
treatment-981,treatment,0,0,0.0,-0.2
treatment-982,treatment,0,0,0.0,-0.2
treatment-983,treatment,0,0,0.0,-0.2
treatment-984,treatment,0,0,0.0,-0.2
treatment-985,treatment,0,0,0.0,-0.2
treatment-986,treatment,0,0,0.0,-0.2
treatment-987,treatment,0,0,0.0,-0.2
treatment-988,treatment,0,0,0.0,-0.2
treatment-989,treatment,0,0,0.0,-0.2
treatment-990,treatment,0,0,0.0,-0.2
treatment-991,treatment,0,0,0.0,-0.2
treatment-992,treatment,0,0,0.0,-0.2
treatment-993,treatment,0,0,0.0,-0.2
treatment-994,treatment,0,0,0.0,-0.2
treatment-995,treatment,0,0,0.0,-0.2
treatment-996,treatment,0,0,0.0,-0.2
treatment-997,treatment,0,0,0.0,-0.2
treatment-998,treatment,0,0,0.0,-0.2
treatment-999,treatment,0,0,0.0,-0.2
treatment-1000,treatment,0,0,0.0,-0.2
treatment-1001,treatment,1,0,63.0,20.35
treatment-1002,treatment,0,0,0.0,-0.2
treatment-1003,treatment,0,0,0.0,-0.2
treatment-1004,treatment,0,0,0.0,-0.2
treatment-1005,treatment,0,0,0.0,-0.2
treatment-1006,treatment,0,0,0.0,-0.2
treatment-1007,treatment,0,0,0.0,-0.2
treatment-1008,treatment,0,0,0.0,-0.2
treatment-1009,treatment,0,0,0.0,-0.2
treatment-1010,treatment,0,0,0.0,-0.2
treatment-1011,treatment,0,0,0.0,-0.2
treatment-1012,treatment,0,0,0.0,-0.2
treatment-1013,treatment,1,0,21.0,6.6499999999999995
treatment-1014,treatment,0,0,0.0,-0.2
treatment-1015,treatment,0,0,0.0,-0.2
treatment-1016,treatment,0,0,0.0,-0.2
treatment-1017,treatment,0,0,0.0,-0.2
treatment-1018,treatment,0,0,0.0,-0.2
treatment-1019,treatment,0,0,0.0,-0.2
treatment-1020,treatment,0,0,0.0,-0.2
treatment-1021,treatment,0,0,0.0,-0.2
treatment-1022,treatment,0,0,0.0,-0.2
treatment-1023,treatment,0,0,0.0,-0.2
treatment-1024,treatment,0,0,0.0,-0.2
treatment-1025,treatment,0,0,0.0,-0.2
treatment-1026,treatment,0,0,0.0,-0.2
treatment-1027,treatment,0,0,0.0,-0.2
treatment-1028,treatment,0,0,0.0,-0.2
treatment-1029,treatment,0,0,0.0,-0.2
treatment-1030,treatment,0,0,0.0,-0.2
treatment-1031,treatment,0,0,0.0,-0.2
treatment-1032,treatment,0,0,0.0,-0.2
treatment-1033,treatment,0,0,0.0,-0.2
treatment-1034,treatment,0,0,0.0,-0.2
treatment-1035,treatment,0,0,0.0,-0.2
treatment-1036,treatment,0,0,0.0,-0.2
treatment-1037,treatment,0,0,0.0,-0.2
treatment-1038,treatment,0,0,0.0,-0.2
treatment-1039,treatment,1,0,21.0,6.6499999999999995
treatment-1040,treatment,0,0,0.0,-0.2
treatment-1041,treatment,0,0,0.0,-0.2
treatment-1042,treatment,0,0,0.0,-0.2
treatment-1043,treatment,0,0,0.0,-0.2
treatment-1044,treatment,0,0,0.0,-0.2
treatment-1045,treatment,0,0,0.0,-0.2
treatment-1046,treatment,0,0,0.0,-0.2
treatment-1047,treatment,0,0,0.0,-0.2
treatment-1048,treatment,0,0,0.0,-0.2
treatment-1049,treatment,0,0,0.0,-0.2
treatment-1050,treatment,0,0,0.0,-0.2
treatment-1051,treatment,0,0,0.0,-0.2
treatment-1052,treatment,0,0,0.0,-0.2
treatment-1053,treatment,0,0,0.0,-0.2
treatment-1054,treatment,0,0,0.0,-0.2
treatment-1055,treatment,0,0,0.0,-0.2
treatment-1056,treatment,0,0,0.0,-0.2
treatment-1057,treatment,0,0,0.0,-0.2
treatment-1058,treatment,0,0,0.0,-0.2
treatment-1059,treatment,0,0,0.0,-0.2
treatment-1060,treatment,0,0,0.0,-0.2
treatment-1061,treatment,0,0,0.0,-0.2
treatment-1062,treatment,0,0,0.0,-0.2
treatment-1063,treatment,0,0,0.0,-0.2
treatment-1064,treatment,0,0,0.0,-0.2
treatment-1065,treatment,0,0,0.0,-0.2
treatment-1066,treatment,0,0,0.0,-0.2
treatment-1067,treatment,0,0,0.0,-0.2
treatment-1068,treatment,0,0,0.0,-0.2
treatment-1069,treatment,0,0,0.0,-0.2
treatment-1070,treatment,0,0,0.0,-0.2
treatment-1071,treatment,0,0,0.0,-0.2
treatment-1072,treatment,0,0,0.0,-0.2
treatment-1073,treatment,0,0,0.0,-0.2
treatment-1074,treatment,0,0,0.0,-0.2
treatment-1075,treatment,0,0,0.0,-0.2
treatment-1076,treatment,0,0,0.0,-0.2
treatment-1077,treatment,0,0,0.0,-0.2
treatment-1078,treatment,0,0,0.0,-0.2
treatment-1079,treatment,0,0,0.0,-0.2
treatment-1080,treatment,0,0,0.0,-0.2
treatment-1081,treatment,0,0,0.0,-0.2
treatment-1082,treatment,0,0,0.0,-0.2
treatment-1083,treatment,0,0,0.0,-0.2
treatment-1084,treatment,0,0,0.0,-0.2
treatment-1085,treatment,0,0,0.0,-0.2
treatment-1086,treatment,0,0,0.0,-0.2
treatment-1087,treatment,0,0,0.0,-0.2
treatment-1088,treatment,0,0,0.0,-0.2
treatment-1089,treatment,0,0,0.0,-0.2
treatment-1090,treatment,0,0,0.0,-0.2
treatment-1091,treatment,0,0,0.0,-0.2
treatment-1092,treatment,0,0,0.0,-0.2
treatment-1093,treatment,0,0,0.0,-0.2
treatment-1094,treatment,0,0,0.0,-0.2
treatment-1095,treatment,0,0,0.0,-0.2
treatment-1096,treatment,0,0,0.0,-0.2
treatment-1097,treatment,0,0,0.0,-0.2
treatment-1098,treatment,0,0,0.0,-0.2
treatment-1099,treatment,0,0,0.0,-0.2
treatment-1100,treatment,0,0,0.0,-0.2
treatment-1101,treatment,0,0,0.0,-0.2
treatment-1102,treatment,0,0,0.0,-0.2
treatment-1103,treatment,0,0,0.0,-0.2
treatment-1104,treatment,0,0,0.0,-0.2
treatment-1105,treatment,0,0,0.0,-0.2
treatment-1106,treatment,0,0,0.0,-0.2
treatment-1107,treatment,0,0,0.0,-0.2
treatment-1108,treatment,0,0,0.0,-0.2
treatment-1109,treatment,0,0,0.0,-0.2
treatment-1110,treatment,0,0,0.0,-0.2
treatment-1111,treatment,0,0,0.0,-0.2
treatment-1112,treatment,1,0,42.0,13.5
treatment-1113,treatment,0,0,0.0,-0.2
treatment-1114,treatment,0,0,0.0,-0.2
treatment-1115,treatment,0,0,0.0,-0.2
treatment-1116,treatment,0,0,0.0,-0.2
treatment-1117,treatment,0,0,0.0,-0.2
treatment-1118,treatment,0,0,0.0,-0.2
treatment-1119,treatment,0,0,0.0,-0.2
treatment-1120,treatment,0,0,0.0,-0.2
treatment-1121,treatment,0,0,0.0,-0.2
treatment-1122,treatment,0,0,0.0,-0.2
treatment-1123,treatment,0,0,0.0,-0.2
treatment-1124,treatment,0,0,0.0,-0.2
treatment-1125,treatment,0,0,0.0,-0.2
treatment-1126,treatment,0,0,0.0,-0.2
treatment-1127,treatment,0,0,0.0,-0.2
treatment-1128,treatment,0,0,0.0,-0.2
treatment-1129,treatment,0,0,0.0,-0.2
treatment-1130,treatment,0,0,0.0,-0.2
treatment-1131,treatment,1,0,21.0,6.6499999999999995
treatment-1132,treatment,0,0,0.0,-0.2
treatment-1133,treatment,0,0,0.0,-0.2
treatment-1134,treatment,0,0,0.0,-0.2
treatment-1135,treatment,0,0,0.0,-0.2
treatment-1136,treatment,0,0,0.0,-0.2
treatment-1137,treatment,0,0,0.0,-0.2
treatment-1138,treatment,0,0,0.0,-0.2
treatment-1139,treatment,0,0,0.0,-0.2
treatment-1140,treatment,0,0,0.0,-0.2
treatment-1141,treatment,0,0,0.0,-0.2
treatment-1142,treatment,0,0,0.0,-0.2
treatment-1143,treatment,0,0,0.0,-0.2
treatment-1144,treatment,0,0,0.0,-0.2
treatment-1145,treatment,0,0,0.0,-0.2
treatment-1146,treatment,0,0,0.0,-0.2
treatment-1147,treatment,0,0,0.0,-0.2
treatment-1148,treatment,0,0,0.0,-0.2
treatment-1149,treatment,1,0,63.0,20.35
treatment-1150,treatment,0,0,0.0,-0.2
treatment-1151,treatment,0,0,0.0,-0.2
treatment-1152,treatment,0,0,0.0,-0.2
treatment-1153,treatment,0,0,0.0,-0.2
treatment-1154,treatment,0,0,0.0,-0.2
treatment-1155,treatment,0,0,0.0,-0.2
treatment-1156,treatment,0,0,0.0,-0.2
treatment-1157,treatment,0,0,0.0,-0.2
treatment-1158,treatment,0,0,0.0,-0.2
treatment-1159,treatment,0,0,0.0,-0.2
treatment-1160,treatment,0,0,0.0,-0.2
treatment-1161,treatment,0,0,0.0,-0.2
treatment-1162,treatment,0,0,0.0,-0.2
treatment-1163,treatment,0,0,0.0,-0.2
treatment-1164,treatment,0,0,0.0,-0.2
treatment-1165,treatment,0,0,0.0,-0.2
treatment-1166,treatment,0,0,0.0,-0.2
treatment-1167,treatment,0,0,0.0,-0.2
treatment-1168,treatment,0,0,0.0,-0.2
treatment-1169,treatment,0,0,0.0,-0.2
treatment-1170,treatment,0,0,0.0,-0.2
treatment-1171,treatment,0,0,0.0,-0.2
treatment-1172,treatment,1,0,21.0,6.6499999999999995
treatment-1173,treatment,0,0,0.0,-0.2
treatment-1174,treatment,0,0,0.0,-0.2
treatment-1175,treatment,0,0,0.0,-0.2
treatment-1176,treatment,0,0,0.0,-0.2
treatment-1177,treatment,0,0,0.0,-0.2
treatment-1178,treatment,0,0,0.0,-0.2
treatment-1179,treatment,0,0,0.0,-0.2
treatment-1180,treatment,0,0,0.0,-0.2
treatment-1181,treatment,0,0,0.0,-0.2
treatment-1182,treatment,0,0,0.0,-0.2
treatment-1183,treatment,0,0,0.0,-0.2
treatment-1184,treatment,0,0,0.0,-0.2
treatment-1185,treatment,0,0,0.0,-0.2
treatment-1186,treatment,0,0,0.0,-0.2
treatment-1187,treatment,0,0,0.0,-0.2
treatment-1188,treatment,0,0,0.0,-0.2
treatment-1189,treatment,0,0,0.0,-0.2
treatment-1190,treatment,0,0,0.0,-0.2
treatment-1191,treatment,0,0,0.0,-0.2
treatment-1192,treatment,0,0,0.0,-0.2
treatment-1193,treatment,0,0,0.0,-0.2
treatment-1194,treatment,0,0,0.0,-0.2
treatment-1195,treatment,0,0,0.0,-0.2
treatment-1196,treatment,1,0,63.0,20.35
treatment-1197,treatment,0,0,0.0,-0.2
treatment-1198,treatment,0,0,0.0,-0.2
treatment-1199,treatment,0,0,0.0,-0.2
treatment-1200,treatment,0,0,0.0,-0.2
treatment-1201,treatment,0,0,0.0,-0.2
treatment-1202,treatment,0,0,0.0,-0.2
treatment-1203,treatment,0,0,0.0,-0.2
treatment-1204,treatment,0,0,0.0,-0.2
treatment-1205,treatment,0,0,0.0,-0.2
treatment-1206,treatment,0,0,0.0,-0.2
treatment-1207,treatment,0,0,0.0,-0.2
treatment-1208,treatment,0,0,0.0,-0.2
treatment-1209,treatment,0,0,0.0,-0.2
treatment-1210,treatment,0,0,0.0,-0.2
treatment-1211,treatment,0,0,0.0,-0.2
treatment-1212,treatment,0,0,0.0,-0.2
treatment-1213,treatment,0,0,0.0,-0.2
treatment-1214,treatment,0,0,0.0,-0.2
treatment-1215,treatment,0,0,0.0,-0.2
treatment-1216,treatment,0,0,0.0,-0.2
treatment-1217,treatment,0,0,0.0,-0.2
treatment-1218,treatment,0,0,0.0,-0.2
treatment-1219,treatment,0,0,0.0,-0.2
treatment-1220,treatment,0,0,0.0,-0.2
treatment-1221,treatment,0,0,0.0,-0.2
treatment-1222,treatment,0,0,0.0,-0.2
treatment-1223,treatment,0,0,0.0,-0.2
treatment-1224,treatment,0,0,0.0,-0.2
treatment-1225,treatment,0,0,0.0,-0.2
treatment-1226,treatment,1,0,42.0,13.5
treatment-1227,treatment,0,0,0.0,-0.2
treatment-1228,treatment,0,0,0.0,-0.2
treatment-1229,treatment,0,0,0.0,-0.2
treatment-1230,treatment,0,0,0.0,-0.2
treatment-1231,treatment,0,0,0.0,-0.2
treatment-1232,treatment,0,0,0.0,-0.2
treatment-1233,treatment,1,0,63.0,20.35
treatment-1234,treatment,0,0,0.0,-0.2
treatment-1235,treatment,0,0,0.0,-0.2
treatment-1236,treatment,0,0,0.0,-0.2
treatment-1237,treatment,0,0,0.0,-0.2
treatment-1238,treatment,0,0,0.0,-0.2
treatment-1239,treatment,0,0,0.0,-0.2
treatment-1240,treatment,0,0,0.0,-0.2
treatment-1241,treatment,0,0,0.0,-0.2
treatment-1242,treatment,0,0,0.0,-0.2
treatment-1243,treatment,0,0,0.0,-0.2
treatment-1244,treatment,0,0,0.0,-0.2
treatment-1245,treatment,0,0,0.0,-0.2
treatment-1246,treatment,0,0,0.0,-0.2
treatment-1247,treatment,0,0,0.0,-0.2
treatment-1248,treatment,0,0,0.0,-0.2
treatment-1249,treatment,0,0,0.0,-0.2
treatment-1250,treatment,0,0,0.0,-0.2
treatment-1251,treatment,0,0,0.0,-0.2
treatment-1252,treatment,0,0,0.0,-0.2
treatment-1253,treatment,0,0,0.0,-0.2
treatment-1254,treatment,0,0,0.0,-0.2
treatment-1255,treatment,0,0,0.0,-0.2
treatment-1256,treatment,0,0,0.0,-0.2
treatment-1257,treatment,0,0,0.0,-0.2
treatment-1258,treatment,1,0,21.0,6.6499999999999995
treatment-1259,treatment,0,0,0.0,-0.2
treatment-1260,treatment,0,0,0.0,-0.2
treatment-1261,treatment,0,0,0.0,-0.2
treatment-1262,treatment,0,0,0.0,-0.2
treatment-1263,treatment,0,0,0.0,-0.2
treatment-1264,treatment,0,0,0.0,-0.2
treatment-1265,treatment,1,0,21.0,6.6499999999999995
treatment-1266,treatment,0,0,0.0,-0.2
treatment-1267,treatment,0,0,0.0,-0.2
treatment-1268,treatment,0,0,0.0,-0.2
treatment-1269,treatment,0,0,0.0,-0.2
treatment-1270,treatment,0,0,0.0,-0.2
treatment-1271,treatment,0,0,0.0,-0.2
treatment-1272,treatment,0,0,0.0,-0.2
treatment-1273,treatment,0,0,0.0,-0.2
treatment-1274,treatment,0,0,0.0,-0.2
treatment-1275,treatment,0,0,0.0,-0.2
treatment-1276,treatment,0,0,0.0,-0.2
treatment-1277,treatment,0,0,0.0,-0.2
treatment-1278,treatment,0,0,0.0,-0.2
treatment-1279,treatment,0,0,0.0,-0.2
treatment-1280,treatment,0,0,0.0,-0.2
treatment-1281,treatment,0,0,0.0,-0.2
treatment-1282,treatment,0,0,0.0,-0.2
treatment-1283,treatment,0,0,0.0,-0.2
treatment-1284,treatment,0,0,0.0,-0.2
treatment-1285,treatment,0,0,0.0,-0.2
treatment-1286,treatment,0,0,0.0,-0.2
treatment-1287,treatment,0,0,0.0,-0.2
treatment-1288,treatment,0,0,0.0,-0.2
treatment-1289,treatment,0,0,0.0,-0.2
treatment-1290,treatment,0,0,0.0,-0.2
treatment-1291,treatment,0,0,0.0,-0.2
treatment-1292,treatment,0,0,0.0,-0.2
treatment-1293,treatment,0,0,0.0,-0.2
treatment-1294,treatment,0,0,0.0,-0.2
treatment-1295,treatment,0,0,0.0,-0.2
treatment-1296,treatment,0,0,0.0,-0.2
treatment-1297,treatment,0,0,0.0,-0.2
treatment-1298,treatment,0,0,0.0,-0.2
treatment-1299,treatment,0,0,0.0,-0.2
treatment-1300,treatment,0,0,0.0,-0.2
treatment-1301,treatment,0,0,0.0,-0.2
treatment-1302,treatment,0,0,0.0,-0.2
treatment-1303,treatment,0,0,0.0,-0.2
treatment-1304,treatment,0,0,0.0,-0.2
treatment-1305,treatment,0,0,0.0,-0.2
treatment-1306,treatment,0,0,0.0,-0.2
treatment-1307,treatment,0,0,0.0,-0.2
treatment-1308,treatment,0,0,0.0,-0.2
treatment-1309,treatment,0,0,0.0,-0.2
treatment-1310,treatment,0,0,0.0,-0.2
treatment-1311,treatment,0,0,0.0,-0.2
treatment-1312,treatment,0,0,0.0,-0.2
treatment-1313,treatment,0,0,0.0,-0.2
treatment-1314,treatment,0,0,0.0,-0.2
treatment-1315,treatment,0,0,0.0,-0.2
treatment-1316,treatment,0,0,0.0,-0.2
treatment-1317,treatment,0,0,0.0,-0.2
treatment-1318,treatment,0,0,0.0,-0.2
treatment-1319,treatment,0,0,0.0,-0.2
treatment-1320,treatment,1,0,21.0,6.6499999999999995
treatment-1321,treatment,0,0,0.0,-0.2
treatment-1322,treatment,0,0,0.0,-0.2
treatment-1323,treatment,0,0,0.0,-0.2
treatment-1324,treatment,0,0,0.0,-0.2
treatment-1325,treatment,0,0,0.0,-0.2
treatment-1326,treatment,0,0,0.0,-0.2
treatment-1327,treatment,0,0,0.0,-0.2
treatment-1328,treatment,0,0,0.0,-0.2
treatment-1329,treatment,0,0,0.0,-0.2
treatment-1330,treatment,1,0,21.0,6.6499999999999995
treatment-1331,treatment,0,0,0.0,-0.2
treatment-1332,treatment,0,0,0.0,-0.2
treatment-1333,treatment,0,0,0.0,-0.2
treatment-1334,treatment,0,0,0.0,-0.2
treatment-1335,treatment,0,0,0.0,-0.2
treatment-1336,treatment,0,0,0.0,-0.2
treatment-1337,treatment,0,0,0.0,-0.2
treatment-1338,treatment,0,0,0.0,-0.2
treatment-1339,treatment,0,0,0.0,-0.2
treatment-1340,treatment,0,0,0.0,-0.2
treatment-1341,treatment,0,0,0.0,-0.2
treatment-1342,treatment,0,0,0.0,-0.2
treatment-1343,treatment,0,0,0.0,-0.2
treatment-1344,treatment,0,0,0.0,-0.2
treatment-1345,treatment,0,0,0.0,-0.2
treatment-1346,treatment,0,0,0.0,-0.2
treatment-1347,treatment,0,0,0.0,-0.2
treatment-1348,treatment,0,0,0.0,-0.2
treatment-1349,treatment,0,0,0.0,-0.2
treatment-1350,treatment,0,0,0.0,-0.2
treatment-1351,treatment,0,0,0.0,-0.2
treatment-1352,treatment,0,0,0.0,-0.2
treatment-1353,treatment,0,0,0.0,-0.2
treatment-1354,treatment,0,0,0.0,-0.2
treatment-1355,treatment,0,0,0.0,-0.2
treatment-1356,treatment,0,0,0.0,-0.2
treatment-1357,treatment,0,0,0.0,-0.2
treatment-1358,treatment,0,0,0.0,-0.2
treatment-1359,treatment,0,0,0.0,-0.2
treatment-1360,treatment,0,0,0.0,-0.2
treatment-1361,treatment,0,0,0.0,-0.2
treatment-1362,treatment,0,0,0.0,-0.2
treatment-1363,treatment,0,0,0.0,-0.2
treatment-1364,treatment,0,0,0.0,-0.2
treatment-1365,treatment,0,0,0.0,-0.2
treatment-1366,treatment,0,0,0.0,-0.2
treatment-1367,treatment,0,0,0.0,-0.2
treatment-1368,treatment,0,0,0.0,-0.2
treatment-1369,treatment,0,0,0.0,-0.2
treatment-1370,treatment,0,0,0.0,-0.2
treatment-1371,treatment,0,0,0.0,-0.2
treatment-1372,treatment,0,0,0.0,-0.2
treatment-1373,treatment,0,0,0.0,-0.2
treatment-1374,treatment,0,0,0.0,-0.2
treatment-1375,treatment,0,0,0.0,-0.2
treatment-1376,treatment,0,0,0.0,-0.2
treatment-1377,treatment,0,0,0.0,-0.2
treatment-1378,treatment,0,0,0.0,-0.2
treatment-1379,treatment,1,0,63.0,20.35
treatment-1380,treatment,0,0,0.0,-0.2
treatment-1381,treatment,0,0,0.0,-0.2
treatment-1382,treatment,0,0,0.0,-0.2
treatment-1383,treatment,0,0,0.0,-0.2
treatment-1384,treatment,0,0,0.0,-0.2
treatment-1385,treatment,0,0,0.0,-0.2
treatment-1386,treatment,0,0,0.0,-0.2
treatment-1387,treatment,1,0,42.0,13.5
treatment-1388,treatment,0,0,0.0,-0.2
treatment-1389,treatment,1,0,42.0,13.5
treatment-1390,treatment,0,0,0.0,-0.2
treatment-1391,treatment,0,0,0.0,-0.2
treatment-1392,treatment,0,0,0.0,-0.2
treatment-1393,treatment,0,0,0.0,-0.2
treatment-1394,treatment,0,0,0.0,-0.2
treatment-1395,treatment,0,0,0.0,-0.2
treatment-1396,treatment,0,0,0.0,-0.2
treatment-1397,treatment,0,0,0.0,-0.2
treatment-1398,treatment,0,0,0.0,-0.2
treatment-1399,treatment,0,0,0.0,-0.2
treatment-1400,treatment,0,0,0.0,-0.2
treatment-1401,treatment,0,0,0.0,-0.2
treatment-1402,treatment,0,0,0.0,-0.2
treatment-1403,treatment,0,0,0.0,-0.2
treatment-1404,treatment,0,0,0.0,-0.2
treatment-1405,treatment,0,0,0.0,-0.2
treatment-1406,treatment,0,0,0.0,-0.2
treatment-1407,treatment,0,0,0.0,-0.2
treatment-1408,treatment,0,0,0.0,-0.2
treatment-1409,treatment,0,0,0.0,-0.2
treatment-1410,treatment,0,0,0.0,-0.2
treatment-1411,treatment,0,0,0.0,-0.2
treatment-1412,treatment,0,0,0.0,-0.2
treatment-1413,treatment,0,0,0.0,-0.2
treatment-1414,treatment,0,0,0.0,-0.2
treatment-1415,treatment,0,0,0.0,-0.2
treatment-1416,treatment,0,0,0.0,-0.2
treatment-1417,treatment,0,0,0.0,-0.2
treatment-1418,treatment,0,0,0.0,-0.2
treatment-1419,treatment,0,0,0.0,-0.2
treatment-1420,treatment,0,0,0.0,-0.2
treatment-1421,treatment,0,0,0.0,-0.2
treatment-1422,treatment,0,0,0.0,-0.2
treatment-1423,treatment,0,0,0.0,-0.2
treatment-1424,treatment,0,0,0.0,-0.2
treatment-1425,treatment,0,0,0.0,-0.2
treatment-1426,treatment,0,0,0.0,-0.2
treatment-1427,treatment,0,0,0.0,-0.2
treatment-1428,treatment,0,0,0.0,-0.2
treatment-1429,treatment,0,0,0.0,-0.2
treatment-1430,treatment,0,0,0.0,-0.2
treatment-1431,treatment,0,0,0.0,-0.2
treatment-1432,treatment,0,0,0.0,-0.2
treatment-1433,treatment,0,0,0.0,-0.2
treatment-1434,treatment,1,0,21.0,6.6499999999999995
treatment-1435,treatment,0,0,0.0,-0.2
treatment-1436,treatment,0,0,0.0,-0.2
treatment-1437,treatment,0,0,0.0,-0.2
treatment-1438,treatment,0,0,0.0,-0.2
treatment-1439,treatment,0,0,0.0,-0.2
treatment-1440,treatment,0,0,0.0,-0.2
treatment-1441,treatment,0,0,0.0,-0.2
treatment-1442,treatment,0,0,0.0,-0.2
treatment-1443,treatment,0,0,0.0,-0.2
treatment-1444,treatment,0,0,0.0,-0.2
treatment-1445,treatment,0,0,0.0,-0.2
treatment-1446,treatment,1,0,42.0,13.5
treatment-1447,treatment,0,0,0.0,-0.2
treatment-1448,treatment,0,0,0.0,-0.2
treatment-1449,treatment,0,0,0.0,-0.2
treatment-1450,treatment,0,0,0.0,-0.2
treatment-1451,treatment,0,0,0.0,-0.2
treatment-1452,treatment,0,0,0.0,-0.2
treatment-1453,treatment,0,0,0.0,-0.2
treatment-1454,treatment,0,0,0.0,-0.2
treatment-1455,treatment,0,0,0.0,-0.2
treatment-1456,treatment,0,0,0.0,-0.2
treatment-1457,treatment,0,0,0.0,-0.2
treatment-1458,treatment,0,0,0.0,-0.2
treatment-1459,treatment,0,0,0.0,-0.2
treatment-1460,treatment,0,0,0.0,-0.2
treatment-1461,treatment,0,0,0.0,-0.2
treatment-1462,treatment,0,0,0.0,-0.2
treatment-1463,treatment,1,0,63.0,20.35
treatment-1464,treatment,0,0,0.0,-0.2
treatment-1465,treatment,0,0,0.0,-0.2
treatment-1466,treatment,0,0,0.0,-0.2
treatment-1467,treatment,0,0,0.0,-0.2
treatment-1468,treatment,0,0,0.0,-0.2
treatment-1469,treatment,0,0,0.0,-0.2
treatment-1470,treatment,0,0,0.0,-0.2
treatment-1471,treatment,1,0,63.0,20.35
treatment-1472,treatment,0,0,0.0,-0.2
treatment-1473,treatment,0,0,0.0,-0.2
treatment-1474,treatment,0,0,0.0,-0.2
treatment-1475,treatment,0,0,0.0,-0.2
treatment-1476,treatment,0,0,0.0,-0.2
treatment-1477,treatment,0,0,0.0,-0.2
treatment-1478,treatment,0,0,0.0,-0.2
treatment-1479,treatment,0,0,0.0,-0.2
treatment-1480,treatment,0,0,0.0,-0.2
treatment-1481,treatment,0,0,0.0,-0.2
treatment-1482,treatment,0,0,0.0,-0.2
treatment-1483,treatment,0,0,0.0,-0.2
treatment-1484,treatment,0,0,0.0,-0.2
treatment-1485,treatment,0,0,0.0,-0.2
treatment-1486,treatment,0,0,0.0,-0.2
treatment-1487,treatment,0,0,0.0,-0.2
treatment-1488,treatment,0,0,0.0,-0.2
treatment-1489,treatment,0,0,0.0,-0.2
treatment-1490,treatment,0,0,0.0,-0.2
treatment-1491,treatment,0,0,0.0,-0.2
treatment-1492,treatment,0,0,0.0,-0.2
treatment-1493,treatment,0,0,0.0,-0.2
treatment-1494,treatment,1,0,42.0,13.5
treatment-1495,treatment,0,0,0.0,-0.2
treatment-1496,treatment,0,0,0.0,-0.2
treatment-1497,treatment,1,0,63.0,20.35
treatment-1498,treatment,0,0,0.0,-0.2
treatment-1499,treatment,0,0,0.0,-0.2
treatment-1500,treatment,0,0,0.0,-0.2
treatment-1501,treatment,0,0,0.0,-0.2
treatment-1502,treatment,0,0,0.0,-0.2
treatment-1503,treatment,0,0,0.0,-0.2
treatment-1504,treatment,0,0,0.0,-0.2
treatment-1505,treatment,0,0,0.0,-0.2
treatment-1506,treatment,0,0,0.0,-0.2
treatment-1507,treatment,0,0,0.0,-0.2
treatment-1508,treatment,0,0,0.0,-0.2
treatment-1509,treatment,0,0,0.0,-0.2
treatment-1510,treatment,0,0,0.0,-0.2
treatment-1511,treatment,0,0,0.0,-0.2
treatment-1512,treatment,0,0,0.0,-0.2
treatment-1513,treatment,0,0,0.0,-0.2
treatment-1514,treatment,0,0,0.0,-0.2
treatment-1515,treatment,0,0,0.0,-0.2
treatment-1516,treatment,0,0,0.0,-0.2
treatment-1517,treatment,0,0,0.0,-0.2
treatment-1518,treatment,1,0,21.0,6.6499999999999995
treatment-1519,treatment,0,0,0.0,-0.2
treatment-1520,treatment,0,0,0.0,-0.2
treatment-1521,treatment,0,0,0.0,-0.2
treatment-1522,treatment,0,0,0.0,-0.2
treatment-1523,treatment,0,0,0.0,-0.2
treatment-1524,treatment,0,0,0.0,-0.2
treatment-1525,treatment,0,0,0.0,-0.2
treatment-1526,treatment,0,0,0.0,-0.2
treatment-1527,treatment,0,0,0.0,-0.2
treatment-1528,treatment,0,0,0.0,-0.2
treatment-1529,treatment,0,0,0.0,-0.2
treatment-1530,treatment,0,0,0.0,-0.2
treatment-1531,treatment,0,0,0.0,-0.2
treatment-1532,treatment,0,0,0.0,-0.2
treatment-1533,treatment,0,0,0.0,-0.2
treatment-1534,treatment,0,0,0.0,-0.2
treatment-1535,treatment,0,0,0.0,-0.2
treatment-1536,treatment,0,0,0.0,-0.2
treatment-1537,treatment,0,0,0.0,-0.2
treatment-1538,treatment,0,0,0.0,-0.2
treatment-1539,treatment,0,0,0.0,-0.2
treatment-1540,treatment,0,0,0.0,-0.2
treatment-1541,treatment,0,0,0.0,-0.2
treatment-1542,treatment,0,0,0.0,-0.2
treatment-1543,treatment,0,0,0.0,-0.2
treatment-1544,treatment,0,0,0.0,-0.2
treatment-1545,treatment,0,0,0.0,-0.2
treatment-1546,treatment,0,0,0.0,-0.2
treatment-1547,treatment,0,0,0.0,-0.2
treatment-1548,treatment,0,0,0.0,-0.2
treatment-1549,treatment,0,0,0.0,-0.2
treatment-1550,treatment,0,0,0.0,-0.2
treatment-1551,treatment,0,0,0.0,-0.2
treatment-1552,treatment,1,0,42.0,13.5
treatment-1553,treatment,0,0,0.0,-0.2
treatment-1554,treatment,0,0,0.0,-0.2
treatment-1555,treatment,0,0,0.0,-0.2
treatment-1556,treatment,0,0,0.0,-0.2
treatment-1557,treatment,0,0,0.0,-0.2
treatment-1558,treatment,0,0,0.0,-0.2
treatment-1559,treatment,0,0,0.0,-0.2
treatment-1560,treatment,1,0,42.0,13.5
treatment-1561,treatment,0,0,0.0,-0.2
treatment-1562,treatment,0,0,0.0,-0.2
treatment-1563,treatment,0,0,0.0,-0.2
treatment-1564,treatment,0,0,0.0,-0.2
treatment-1565,treatment,0,0,0.0,-0.2
treatment-1566,treatment,0,0,0.0,-0.2
treatment-1567,treatment,1,0,42.0,13.5
treatment-1568,treatment,0,0,0.0,-0.2
treatment-1569,treatment,0,0,0.0,-0.2
treatment-1570,treatment,0,0,0.0,-0.2
treatment-1571,treatment,0,0,0.0,-0.2
treatment-1572,treatment,0,0,0.0,-0.2
treatment-1573,treatment,0,0,0.0,-0.2
treatment-1574,treatment,0,0,0.0,-0.2
treatment-1575,treatment,0,0,0.0,-0.2
treatment-1576,treatment,0,0,0.0,-0.2
treatment-1577,treatment,0,0,0.0,-0.2
treatment-1578,treatment,0,0,0.0,-0.2
treatment-1579,treatment,0,0,0.0,-0.2
treatment-1580,treatment,0,0,0.0,-0.2
treatment-1581,treatment,0,0,0.0,-0.2
treatment-1582,treatment,0,0,0.0,-0.2
treatment-1583,treatment,0,0,0.0,-0.2
treatment-1584,treatment,0,0,0.0,-0.2
treatment-1585,treatment,0,0,0.0,-0.2
treatment-1586,treatment,0,0,0.0,-0.2
treatment-1587,treatment,0,0,0.0,-0.2
treatment-1588,treatment,0,0,0.0,-0.2
treatment-1589,treatment,0,0,0.0,-0.2
treatment-1590,treatment,0,0,0.0,-0.2
treatment-1591,treatment,0,0,0.0,-0.2
treatment-1592,treatment,0,0,0.0,-0.2
treatment-1593,treatment,0,0,0.0,-0.2
treatment-1594,treatment,0,0,0.0,-0.2
treatment-1595,treatment,0,0,0.0,-0.2
treatment-1596,treatment,0,0,0.0,-0.2
treatment-1597,treatment,0,0,0.0,-0.2
treatment-1598,treatment,1,0,42.0,13.5
treatment-1599,treatment,0,0,0.0,-0.2
treatment-1600,treatment,0,0,0.0,-0.2
treatment-1601,treatment,0,0,0.0,-0.2
treatment-1602,treatment,1,0,21.0,6.6499999999999995
treatment-1603,treatment,0,0,0.0,-0.2
treatment-1604,treatment,0,0,0.0,-0.2
treatment-1605,treatment,0,0,0.0,-0.2
treatment-1606,treatment,0,0,0.0,-0.2
treatment-1607,treatment,0,0,0.0,-0.2
treatment-1608,treatment,0,0,0.0,-0.2
treatment-1609,treatment,0,0,0.0,-0.2
treatment-1610,treatment,0,0,0.0,-0.2
treatment-1611,treatment,0,0,0.0,-0.2
treatment-1612,treatment,0,0,0.0,-0.2
treatment-1613,treatment,0,0,0.0,-0.2
treatment-1614,treatment,0,0,0.0,-0.2
treatment-1615,treatment,0,0,0.0,-0.2
treatment-1616,treatment,0,0,0.0,-0.2
treatment-1617,treatment,1,0,42.0,13.5
treatment-1618,treatment,0,0,0.0,-0.2
treatment-1619,treatment,0,0,0.0,-0.2
treatment-1620,treatment,0,0,0.0,-0.2
treatment-1621,treatment,1,0,21.0,6.6499999999999995
treatment-1622,treatment,0,0,0.0,-0.2
treatment-1623,treatment,0,0,0.0,-0.2
treatment-1624,treatment,0,0,0.0,-0.2
treatment-1625,treatment,0,0,0.0,-0.2
treatment-1626,treatment,0,0,0.0,-0.2
treatment-1627,treatment,0,0,0.0,-0.2
treatment-1628,treatment,0,0,0.0,-0.2
treatment-1629,treatment,0,0,0.0,-0.2
treatment-1630,treatment,0,0,0.0,-0.2
treatment-1631,treatment,0,0,0.0,-0.2
treatment-1632,treatment,0,0,0.0,-0.2
treatment-1633,treatment,1,0,42.0,13.5
treatment-1634,treatment,0,0,0.0,-0.2
treatment-1635,treatment,0,0,0.0,-0.2
treatment-1636,treatment,0,0,0.0,-0.2
treatment-1637,treatment,1,0,63.0,20.35
treatment-1638,treatment,0,0,0.0,-0.2
treatment-1639,treatment,0,0,0.0,-0.2
treatment-1640,treatment,0,0,0.0,-0.2
treatment-1641,treatment,0,0,0.0,-0.2
treatment-1642,treatment,0,0,0.0,-0.2
treatment-1643,treatment,0,0,0.0,-0.2
treatment-1644,treatment,0,0,0.0,-0.2
treatment-1645,treatment,0,0,0.0,-0.2
treatment-1646,treatment,0,0,0.0,-0.2
treatment-1647,treatment,0,0,0.0,-0.2
treatment-1648,treatment,0,0,0.0,-0.2
treatment-1649,treatment,0,0,0.0,-0.2
treatment-1650,treatment,0,0,0.0,-0.2
treatment-1651,treatment,0,0,0.0,-0.2
treatment-1652,treatment,1,0,42.0,13.5
treatment-1653,treatment,0,0,0.0,-0.2
treatment-1654,treatment,0,0,0.0,-0.2
treatment-1655,treatment,0,0,0.0,-0.2
treatment-1656,treatment,0,0,0.0,-0.2
treatment-1657,treatment,1,0,42.0,13.5
treatment-1658,treatment,1,0,42.0,13.5
treatment-1659,treatment,0,0,0.0,-0.2
treatment-1660,treatment,0,0,0.0,-0.2
treatment-1661,treatment,0,0,0.0,-0.2
treatment-1662,treatment,0,0,0.0,-0.2
treatment-1663,treatment,0,0,0.0,-0.2
treatment-1664,treatment,0,0,0.0,-0.2
treatment-1665,treatment,0,0,0.0,-0.2
treatment-1666,treatment,0,0,0.0,-0.2
treatment-1667,treatment,0,0,0.0,-0.2
treatment-1668,treatment,0,0,0.0,-0.2
treatment-1669,treatment,0,0,0.0,-0.2
treatment-1670,treatment,0,0,0.0,-0.2
treatment-1671,treatment,0,0,0.0,-0.2
treatment-1672,treatment,0,0,0.0,-0.2
treatment-1673,treatment,0,0,0.0,-0.2
treatment-1674,treatment,0,0,0.0,-0.2
treatment-1675,treatment,0,0,0.0,-0.2
treatment-1676,treatment,0,0,0.0,-0.2
treatment-1677,treatment,0,0,0.0,-0.2
treatment-1678,treatment,0,0,0.0,-0.2
treatment-1679,treatment,0,0,0.0,-0.2
treatment-1680,treatment,0,0,0.0,-0.2
treatment-1681,treatment,0,0,0.0,-0.2
treatment-1682,treatment,0,0,0.0,-0.2
treatment-1683,treatment,0,0,0.0,-0.2
treatment-1684,treatment,0,0,0.0,-0.2
treatment-1685,treatment,0,0,0.0,-0.2
treatment-1686,treatment,0,0,0.0,-0.2
treatment-1687,treatment,1,0,21.0,6.6499999999999995
treatment-1688,treatment,0,0,0.0,-0.2
treatment-1689,treatment,0,0,0.0,-0.2
treatment-1690,treatment,0,0,0.0,-0.2
treatment-1691,treatment,0,0,0.0,-0.2
treatment-1692,treatment,0,0,0.0,-0.2
treatment-1693,treatment,0,0,0.0,-0.2
treatment-1694,treatment,0,0,0.0,-0.2
treatment-1695,treatment,0,0,0.0,-0.2
treatment-1696,treatment,0,0,0.0,-0.2
treatment-1697,treatment,0,0,0.0,-0.2
treatment-1698,treatment,0,0,0.0,-0.2
treatment-1699,treatment,0,0,0.0,-0.2
treatment-1700,treatment,0,0,0.0,-0.2
treatment-1701,treatment,0,0,0.0,-0.2
treatment-1702,treatment,0,0,0.0,-0.2
treatment-1703,treatment,0,0,0.0,-0.2
treatment-1704,treatment,0,0,0.0,-0.2
treatment-1705,treatment,1,0,63.0,20.35
treatment-1706,treatment,0,0,0.0,-0.2
treatment-1707,treatment,0,0,0.0,-0.2
treatment-1708,treatment,1,0,63.0,20.35
treatment-1709,treatment,0,0,0.0,-0.2
treatment-1710,treatment,0,0,0.0,-0.2
treatment-1711,treatment,0,0,0.0,-0.2
treatment-1712,treatment,0,0,0.0,-0.2
treatment-1713,treatment,0,0,0.0,-0.2
treatment-1714,treatment,0,0,0.0,-0.2
treatment-1715,treatment,0,0,0.0,-0.2
treatment-1716,treatment,0,0,0.0,-0.2
treatment-1717,treatment,0,0,0.0,-0.2
treatment-1718,treatment,0,0,0.0,-0.2
treatment-1719,treatment,0,0,0.0,-0.2
treatment-1720,treatment,1,0,42.0,13.5
treatment-1721,treatment,0,0,0.0,-0.2
treatment-1722,treatment,0,0,0.0,-0.2
treatment-1723,treatment,0,0,0.0,-0.2
treatment-1724,treatment,0,0,0.0,-0.2
treatment-1725,treatment,0,0,0.0,-0.2
treatment-1726,treatment,0,0,0.0,-0.2
treatment-1727,treatment,0,0,0.0,-0.2
treatment-1728,treatment,1,1,0.0,-6.5
treatment-1729,treatment,0,0,0.0,-0.2
treatment-1730,treatment,0,0,0.0,-0.2
treatment-1731,treatment,0,0,0.0,-0.2
treatment-1732,treatment,0,0,0.0,-0.2
treatment-1733,treatment,0,0,0.0,-0.2
treatment-1734,treatment,0,0,0.0,-0.2
treatment-1735,treatment,0,0,0.0,-0.2
treatment-1736,treatment,0,0,0.0,-0.2
treatment-1737,treatment,0,0,0.0,-0.2
treatment-1738,treatment,1,1,0.0,-6.5
treatment-1739,treatment,0,0,0.0,-0.2
treatment-1740,treatment,0,0,0.0,-0.2
treatment-1741,treatment,0,0,0.0,-0.2
treatment-1742,treatment,0,0,0.0,-0.2
treatment-1743,treatment,0,0,0.0,-0.2
treatment-1744,treatment,0,0,0.0,-0.2
treatment-1745,treatment,0,0,0.0,-0.2
treatment-1746,treatment,0,0,0.0,-0.2
treatment-1747,treatment,0,0,0.0,-0.2
treatment-1748,treatment,0,0,0.0,-0.2
treatment-1749,treatment,0,0,0.0,-0.2
treatment-1750,treatment,0,0,0.0,-0.2
treatment-1751,treatment,0,0,0.0,-0.2
treatment-1752,treatment,0,0,0.0,-0.2
treatment-1753,treatment,0,0,0.0,-0.2
treatment-1754,treatment,0,0,0.0,-0.2
treatment-1755,treatment,0,0,0.0,-0.2
treatment-1756,treatment,0,0,0.0,-0.2
treatment-1757,treatment,0,0,0.0,-0.2
treatment-1758,treatment,0,0,0.0,-0.2
treatment-1759,treatment,0,0,0.0,-0.2
treatment-1760,treatment,0,0,0.0,-0.2
treatment-1761,treatment,0,0,0.0,-0.2
treatment-1762,treatment,0,0,0.0,-0.2
treatment-1763,treatment,0,0,0.0,-0.2
treatment-1764,treatment,0,0,0.0,-0.2
treatment-1765,treatment,0,0,0.0,-0.2
treatment-1766,treatment,0,0,0.0,-0.2
treatment-1767,treatment,0,0,0.0,-0.2
treatment-1768,treatment,0,0,0.0,-0.2
treatment-1769,treatment,0,0,0.0,-0.2
treatment-1770,treatment,0,0,0.0,-0.2
treatment-1771,treatment,0,0,0.0,-0.2
treatment-1772,treatment,0,0,0.0,-0.2
treatment-1773,treatment,0,0,0.0,-0.2
treatment-1774,treatment,0,0,0.0,-0.2
treatment-1775,treatment,0,0,0.0,-0.2
treatment-1776,treatment,0,0,0.0,-0.2
treatment-1777,treatment,0,0,0.0,-0.2
treatment-1778,treatment,0,0,0.0,-0.2
treatment-1779,treatment,0,0,0.0,-0.2
treatment-1780,treatment,0,0,0.0,-0.2
treatment-1781,treatment,0,0,0.0,-0.2
treatment-1782,treatment,0,0,0.0,-0.2
treatment-1783,treatment,0,0,0.0,-0.2
treatment-1784,treatment,0,0,0.0,-0.2
treatment-1785,treatment,0,0,0.0,-0.2
treatment-1786,treatment,0,0,0.0,-0.2
treatment-1787,treatment,0,0,0.0,-0.2
treatment-1788,treatment,0,0,0.0,-0.2
treatment-1789,treatment,0,0,0.0,-0.2
treatment-1790,treatment,0,0,0.0,-0.2
treatment-1791,treatment,0,0,0.0,-0.2
treatment-1792,treatment,0,0,0.0,-0.2
treatment-1793,treatment,0,0,0.0,-0.2
treatment-1794,treatment,0,0,0.0,-0.2
treatment-1795,treatment,1,0,63.0,20.35
treatment-1796,treatment,0,0,0.0,-0.2
treatment-1797,treatment,0,0,0.0,-0.2
treatment-1798,treatment,0,0,0.0,-0.2
treatment-1799,treatment,1,0,21.0,6.6499999999999995
treatment-1800,treatment,0,0,0.0,-0.2
treatment-1801,treatment,0,0,0.0,-0.2
treatment-1802,treatment,0,0,0.0,-0.2
treatment-1803,treatment,0,0,0.0,-0.2
treatment-1804,treatment,0,0,0.0,-0.2
treatment-1805,treatment,0,0,0.0,-0.2
treatment-1806,treatment,0,0,0.0,-0.2
treatment-1807,treatment,0,0,0.0,-0.2
treatment-1808,treatment,0,0,0.0,-0.2
treatment-1809,treatment,0,0,0.0,-0.2
treatment-1810,treatment,0,0,0.0,-0.2
treatment-1811,treatment,0,0,0.0,-0.2
treatment-1812,treatment,0,0,0.0,-0.2
treatment-1813,treatment,0,0,0.0,-0.2
treatment-1814,treatment,0,0,0.0,-0.2
treatment-1815,treatment,0,0,0.0,-0.2
treatment-1816,treatment,0,0,0.0,-0.2
treatment-1817,treatment,0,0,0.0,-0.2
treatment-1818,treatment,0,0,0.0,-0.2
treatment-1819,treatment,0,0,0.0,-0.2
treatment-1820,treatment,0,0,0.0,-0.2
treatment-1821,treatment,0,0,0.0,-0.2
treatment-1822,treatment,0,0,0.0,-0.2
treatment-1823,treatment,0,0,0.0,-0.2
treatment-1824,treatment,0,0,0.0,-0.2
treatment-1825,treatment,0,0,0.0,-0.2
treatment-1826,treatment,0,0,0.0,-0.2
treatment-1827,treatment,0,0,0.0,-0.2
treatment-1828,treatment,0,0,0.0,-0.2
treatment-1829,treatment,0,0,0.0,-0.2
treatment-1830,treatment,0,0,0.0,-0.2
treatment-1831,treatment,0,0,0.0,-0.2
treatment-1832,treatment,0,0,0.0,-0.2
treatment-1833,treatment,0,0,0.0,-0.2
treatment-1834,treatment,0,0,0.0,-0.2
treatment-1835,treatment,0,0,0.0,-0.2
treatment-1836,treatment,0,0,0.0,-0.2
treatment-1837,treatment,0,0,0.0,-0.2
treatment-1838,treatment,0,0,0.0,-0.2
treatment-1839,treatment,0,0,0.0,-0.2
treatment-1840,treatment,0,0,0.0,-0.2
treatment-1841,treatment,0,0,0.0,-0.2
treatment-1842,treatment,0,0,0.0,-0.2
treatment-1843,treatment,0,0,0.0,-0.2
treatment-1844,treatment,0,0,0.0,-0.2
treatment-1845,treatment,0,0,0.0,-0.2
treatment-1846,treatment,0,0,0.0,-0.2
treatment-1847,treatment,1,0,63.0,20.35
treatment-1848,treatment,0,0,0.0,-0.2
treatment-1849,treatment,0,0,0.0,-0.2
treatment-1850,treatment,0,0,0.0,-0.2
treatment-1851,treatment,0,0,0.0,-0.2
treatment-1852,treatment,0,0,0.0,-0.2
treatment-1853,treatment,0,0,0.0,-0.2
treatment-1854,treatment,0,0,0.0,-0.2
treatment-1855,treatment,0,0,0.0,-0.2
treatment-1856,treatment,0,0,0.0,-0.2
treatment-1857,treatment,0,0,0.0,-0.2
treatment-1858,treatment,1,0,21.0,6.6499999999999995
treatment-1859,treatment,0,0,0.0,-0.2
treatment-1860,treatment,0,0,0.0,-0.2
treatment-1861,treatment,0,0,0.0,-0.2
treatment-1862,treatment,0,0,0.0,-0.2
treatment-1863,treatment,0,0,0.0,-0.2
treatment-1864,treatment,0,0,0.0,-0.2
treatment-1865,treatment,0,0,0.0,-0.2
treatment-1866,treatment,0,0,0.0,-0.2
treatment-1867,treatment,0,0,0.0,-0.2
treatment-1868,treatment,0,0,0.0,-0.2
treatment-1869,treatment,0,0,0.0,-0.2
treatment-1870,treatment,0,0,0.0,-0.2
treatment-1871,treatment,0,0,0.0,-0.2
treatment-1872,treatment,0,0,0.0,-0.2
treatment-1873,treatment,0,0,0.0,-0.2
treatment-1874,treatment,0,0,0.0,-0.2
treatment-1875,treatment,0,0,0.0,-0.2
treatment-1876,treatment,0,0,0.0,-0.2
treatment-1877,treatment,0,0,0.0,-0.2
treatment-1878,treatment,0,0,0.0,-0.2
treatment-1879,treatment,0,0,0.0,-0.2
treatment-1880,treatment,0,0,0.0,-0.2
treatment-1881,treatment,0,0,0.0,-0.2
treatment-1882,treatment,0,0,0.0,-0.2
treatment-1883,treatment,0,0,0.0,-0.2
treatment-1884,treatment,0,0,0.0,-0.2
treatment-1885,treatment,0,0,0.0,-0.2
treatment-1886,treatment,0,0,0.0,-0.2
treatment-1887,treatment,0,0,0.0,-0.2
treatment-1888,treatment,0,0,0.0,-0.2
treatment-1889,treatment,0,0,0.0,-0.2
treatment-1890,treatment,0,0,0.0,-0.2
treatment-1891,treatment,0,0,0.0,-0.2
treatment-1892,treatment,0,0,0.0,-0.2
treatment-1893,treatment,0,0,0.0,-0.2
treatment-1894,treatment,0,0,0.0,-0.2
treatment-1895,treatment,0,0,0.0,-0.2
treatment-1896,treatment,0,0,0.0,-0.2
treatment-1897,treatment,0,0,0.0,-0.2
treatment-1898,treatment,0,0,0.0,-0.2
treatment-1899,treatment,0,0,0.0,-0.2
treatment-1900,treatment,0,0,0.0,-0.2
treatment-1901,treatment,0,0,0.0,-0.2
treatment-1902,treatment,0,0,0.0,-0.2
treatment-1903,treatment,0,0,0.0,-0.2
treatment-1904,treatment,0,0,0.0,-0.2
treatment-1905,treatment,0,0,0.0,-0.2
treatment-1906,treatment,0,0,0.0,-0.2
treatment-1907,treatment,0,0,0.0,-0.2
treatment-1908,treatment,0,0,0.0,-0.2
treatment-1909,treatment,0,0,0.0,-0.2
treatment-1910,treatment,0,0,0.0,-0.2
treatment-1911,treatment,1,0,63.0,20.35
treatment-1912,treatment,0,0,0.0,-0.2
treatment-1913,treatment,0,0,0.0,-0.2
treatment-1914,treatment,1,0,42.0,13.5
treatment-1915,treatment,0,0,0.0,-0.2
treatment-1916,treatment,0,0,0.0,-0.2
treatment-1917,treatment,0,0,0.0,-0.2
treatment-1918,treatment,0,0,0.0,-0.2
treatment-1919,treatment,1,0,63.0,20.35
treatment-1920,treatment,0,0,0.0,-0.2
treatment-1921,treatment,0,0,0.0,-0.2
treatment-1922,treatment,0,0,0.0,-0.2
treatment-1923,treatment,0,0,0.0,-0.2
treatment-1924,treatment,0,0,0.0,-0.2
treatment-1925,treatment,0,0,0.0,-0.2
treatment-1926,treatment,0,0,0.0,-0.2
treatment-1927,treatment,0,0,0.0,-0.2
treatment-1928,treatment,0,0,0.0,-0.2
treatment-1929,treatment,1,0,21.0,6.6499999999999995
treatment-1930,treatment,0,0,0.0,-0.2
treatment-1931,treatment,0,0,0.0,-0.2
treatment-1932,treatment,0,0,0.0,-0.2
treatment-1933,treatment,0,0,0.0,-0.2
treatment-1934,treatment,0,0,0.0,-0.2
treatment-1935,treatment,0,0,0.0,-0.2
treatment-1936,treatment,0,0,0.0,-0.2
treatment-1937,treatment,0,0,0.0,-0.2
treatment-1938,treatment,0,0,0.0,-0.2
treatment-1939,treatment,0,0,0.0,-0.2
treatment-1940,treatment,0,0,0.0,-0.2
treatment-1941,treatment,0,0,0.0,-0.2
treatment-1942,treatment,0,0,0.0,-0.2
treatment-1943,treatment,0,0,0.0,-0.2
treatment-1944,treatment,0,0,0.0,-0.2
treatment-1945,treatment,0,0,0.0,-0.2
treatment-1946,treatment,0,0,0.0,-0.2
treatment-1947,treatment,0,0,0.0,-0.2
treatment-1948,treatment,0,0,0.0,-0.2
treatment-1949,treatment,0,0,0.0,-0.2
treatment-1950,treatment,0,0,0.0,-0.2
treatment-1951,treatment,0,0,0.0,-0.2
treatment-1952,treatment,0,0,0.0,-0.2
treatment-1953,treatment,0,0,0.0,-0.2
treatment-1954,treatment,0,0,0.0,-0.2
treatment-1955,treatment,0,0,0.0,-0.2
treatment-1956,treatment,0,0,0.0,-0.2
treatment-1957,treatment,0,0,0.0,-0.2
treatment-1958,treatment,0,0,0.0,-0.2
treatment-1959,treatment,0,0,0.0,-0.2
treatment-1960,treatment,0,0,0.0,-0.2
treatment-1961,treatment,0,0,0.0,-0.2
treatment-1962,treatment,0,0,0.0,-0.2
treatment-1963,treatment,0,0,0.0,-0.2
treatment-1964,treatment,0,0,0.0,-0.2
treatment-1965,treatment,0,0,0.0,-0.2
treatment-1966,treatment,0,0,0.0,-0.2
treatment-1967,treatment,0,0,0.0,-0.2
treatment-1968,treatment,0,0,0.0,-0.2
treatment-1969,treatment,0,0,0.0,-0.2
treatment-1970,treatment,0,0,0.0,-0.2
treatment-1971,treatment,0,0,0.0,-0.2
treatment-1972,treatment,1,0,63.0,20.35
treatment-1973,treatment,0,0,0.0,-0.2
treatment-1974,treatment,0,0,0.0,-0.2
treatment-1975,treatment,0,0,0.0,-0.2
treatment-1976,treatment,0,0,0.0,-0.2
treatment-1977,treatment,0,0,0.0,-0.2
treatment-1978,treatment,0,0,0.0,-0.2
treatment-1979,treatment,0,0,0.0,-0.2
treatment-1980,treatment,0,0,0.0,-0.2
treatment-1981,treatment,0,0,0.0,-0.2
treatment-1982,treatment,0,0,0.0,-0.2
treatment-1983,treatment,0,0,0.0,-0.2
treatment-1984,treatment,0,0,0.0,-0.2
treatment-1985,treatment,0,0,0.0,-0.2
treatment-1986,treatment,0,0,0.0,-0.2
treatment-1987,treatment,0,0,0.0,-0.2
treatment-1988,treatment,0,0,0.0,-0.2
treatment-1989,treatment,0,0,0.0,-0.2
treatment-1990,treatment,0,0,0.0,-0.2
treatment-1991,treatment,0,0,0.0,-0.2
treatment-1992,treatment,0,0,0.0,-0.2
treatment-1993,treatment,0,0,0.0,-0.2
treatment-1994,treatment,0,0,0.0,-0.2
treatment-1995,treatment,0,0,0.0,-0.2
treatment-1996,treatment,0,0,0.0,-0.2
treatment-1997,treatment,0,0,0.0,-0.2
treatment-1998,treatment,0,0,0.0,-0.2
treatment-1999,treatment,0,0,0.0,-0.2
treatment-2000,treatment,0,0,0.0,-0.2
treatment-2001,treatment,0,0,0.0,-0.2
treatment-2002,treatment,0,0,0.0,-0.2
treatment-2003,treatment,0,0,0.0,-0.2
treatment-2004,treatment,0,0,0.0,-0.2
treatment-2005,treatment,0,0,0.0,-0.2
treatment-2006,treatment,0,0,0.0,-0.2
treatment-2007,treatment,0,0,0.0,-0.2
treatment-2008,treatment,0,0,0.0,-0.2
treatment-2009,treatment,0,0,0.0,-0.2
treatment-2010,treatment,0,0,0.0,-0.2
treatment-2011,treatment,0,0,0.0,-0.2
treatment-2012,treatment,0,0,0.0,-0.2
treatment-2013,treatment,0,0,0.0,-0.2
treatment-2014,treatment,0,0,0.0,-0.2
treatment-2015,treatment,0,0,0.0,-0.2
treatment-2016,treatment,0,0,0.0,-0.2
treatment-2017,treatment,0,0,0.0,-0.2
treatment-2018,treatment,0,0,0.0,-0.2
treatment-2019,treatment,0,0,0.0,-0.2
treatment-2020,treatment,0,0,0.0,-0.2
treatment-2021,treatment,0,0,0.0,-0.2
treatment-2022,treatment,0,0,0.0,-0.2
treatment-2023,treatment,0,0,0.0,-0.2
treatment-2024,treatment,0,0,0.0,-0.2
treatment-2025,treatment,0,0,0.0,-0.2
treatment-2026,treatment,0,0,0.0,-0.2
treatment-2027,treatment,0,0,0.0,-0.2
treatment-2028,treatment,0,0,0.0,-0.2
treatment-2029,treatment,0,0,0.0,-0.2
treatment-2030,treatment,0,0,0.0,-0.2
treatment-2031,treatment,0,0,0.0,-0.2
treatment-2032,treatment,0,0,0.0,-0.2
treatment-2033,treatment,1,0,21.0,6.6499999999999995
treatment-2034,treatment,0,0,0.0,-0.2
treatment-2035,treatment,0,0,0.0,-0.2
treatment-2036,treatment,0,0,0.0,-0.2
treatment-2037,treatment,0,0,0.0,-0.2
treatment-2038,treatment,0,0,0.0,-0.2
treatment-2039,treatment,0,0,0.0,-0.2
treatment-2040,treatment,1,0,42.0,13.5
treatment-2041,treatment,0,0,0.0,-0.2
treatment-2042,treatment,0,0,0.0,-0.2
treatment-2043,treatment,0,0,0.0,-0.2
treatment-2044,treatment,0,0,0.0,-0.2
treatment-2045,treatment,0,0,0.0,-0.2
treatment-2046,treatment,0,0,0.0,-0.2
treatment-2047,treatment,0,0,0.0,-0.2
treatment-2048,treatment,1,0,63.0,20.35
treatment-2049,treatment,0,0,0.0,-0.2
treatment-2050,treatment,0,0,0.0,-0.2
treatment-2051,treatment,0,0,0.0,-0.2
treatment-2052,treatment,0,0,0.0,-0.2
treatment-2053,treatment,0,0,0.0,-0.2
treatment-2054,treatment,0,0,0.0,-0.2
treatment-2055,treatment,0,0,0.0,-0.2
treatment-2056,treatment,0,0,0.0,-0.2
treatment-2057,treatment,0,0,0.0,-0.2
treatment-2058,treatment,0,0,0.0,-0.2
treatment-2059,treatment,0,0,0.0,-0.2
treatment-2060,treatment,0,0,0.0,-0.2
treatment-2061,treatment,0,0,0.0,-0.2
treatment-2062,treatment,0,0,0.0,-0.2
treatment-2063,treatment,0,0,0.0,-0.2
treatment-2064,treatment,0,0,0.0,-0.2
treatment-2065,treatment,0,0,0.0,-0.2
treatment-2066,treatment,0,0,0.0,-0.2
treatment-2067,treatment,0,0,0.0,-0.2
treatment-2068,treatment,0,0,0.0,-0.2
treatment-2069,treatment,0,0,0.0,-0.2
treatment-2070,treatment,0,0,0.0,-0.2
treatment-2071,treatment,1,0,42.0,13.5
treatment-2072,treatment,0,0,0.0,-0.2
treatment-2073,treatment,0,0,0.0,-0.2
treatment-2074,treatment,0,0,0.0,-0.2
treatment-2075,treatment,0,0,0.0,-0.2
treatment-2076,treatment,1,0,42.0,13.5
treatment-2077,treatment,0,0,0.0,-0.2
treatment-2078,treatment,0,0,0.0,-0.2
treatment-2079,treatment,0,0,0.0,-0.2
treatment-2080,treatment,0,0,0.0,-0.2
treatment-2081,treatment,0,0,0.0,-0.2
treatment-2082,treatment,0,0,0.0,-0.2
treatment-2083,treatment,0,0,0.0,-0.2
treatment-2084,treatment,0,0,0.0,-0.2
treatment-2085,treatment,0,0,0.0,-0.2
treatment-2086,treatment,0,0,0.0,-0.2
treatment-2087,treatment,0,0,0.0,-0.2
treatment-2088,treatment,0,0,0.0,-0.2
treatment-2089,treatment,0,0,0.0,-0.2
treatment-2090,treatment,0,0,0.0,-0.2
treatment-2091,treatment,0,0,0.0,-0.2
treatment-2092,treatment,1,0,63.0,20.35
treatment-2093,treatment,0,0,0.0,-0.2
treatment-2094,treatment,0,0,0.0,-0.2
treatment-2095,treatment,0,0,0.0,-0.2
treatment-2096,treatment,0,0,0.0,-0.2
treatment-2097,treatment,0,0,0.0,-0.2
treatment-2098,treatment,0,0,0.0,-0.2
treatment-2099,treatment,0,0,0.0,-0.2
treatment-2100,treatment,0,0,0.0,-0.2
treatment-2101,treatment,0,0,0.0,-0.2
treatment-2102,treatment,0,0,0.0,-0.2
treatment-2103,treatment,0,0,0.0,-0.2
treatment-2104,treatment,0,0,0.0,-0.2
treatment-2105,treatment,0,0,0.0,-0.2
treatment-2106,treatment,0,0,0.0,-0.2
treatment-2107,treatment,0,0,0.0,-0.2
treatment-2108,treatment,0,0,0.0,-0.2
treatment-2109,treatment,0,0,0.0,-0.2
treatment-2110,treatment,0,0,0.0,-0.2
treatment-2111,treatment,0,0,0.0,-0.2
treatment-2112,treatment,0,0,0.0,-0.2
treatment-2113,treatment,0,0,0.0,-0.2
treatment-2114,treatment,0,0,0.0,-0.2
treatment-2115,treatment,0,0,0.0,-0.2
treatment-2116,treatment,0,0,0.0,-0.2
treatment-2117,treatment,0,0,0.0,-0.2
treatment-2118,treatment,0,0,0.0,-0.2
treatment-2119,treatment,0,0,0.0,-0.2
treatment-2120,treatment,0,0,0.0,-0.2
treatment-2121,treatment,0,0,0.0,-0.2
treatment-2122,treatment,0,0,0.0,-0.2
treatment-2123,treatment,0,0,0.0,-0.2
treatment-2124,treatment,0,0,0.0,-0.2
treatment-2125,treatment,0,0,0.0,-0.2
treatment-2126,treatment,0,0,0.0,-0.2
treatment-2127,treatment,0,0,0.0,-0.2
treatment-2128,treatment,0,0,0.0,-0.2
treatment-2129,treatment,0,0,0.0,-0.2
treatment-2130,treatment,0,0,0.0,-0.2
treatment-2131,treatment,0,0,0.0,-0.2
treatment-2132,treatment,0,0,0.0,-0.2
treatment-2133,treatment,0,0,0.0,-0.2
treatment-2134,treatment,0,0,0.0,-0.2
treatment-2135,treatment,1,0,21.0,6.6499999999999995
treatment-2136,treatment,0,0,0.0,-0.2
treatment-2137,treatment,0,0,0.0,-0.2
treatment-2138,treatment,0,0,0.0,-0.2
treatment-2139,treatment,0,0,0.0,-0.2
treatment-2140,treatment,0,0,0.0,-0.2
treatment-2141,treatment,0,0,0.0,-0.2
treatment-2142,treatment,0,0,0.0,-0.2
treatment-2143,treatment,0,0,0.0,-0.2
treatment-2144,treatment,0,0,0.0,-0.2
treatment-2145,treatment,0,0,0.0,-0.2
treatment-2146,treatment,1,0,42.0,13.5
treatment-2147,treatment,0,0,0.0,-0.2
treatment-2148,treatment,1,0,42.0,13.5
treatment-2149,treatment,0,0,0.0,-0.2
treatment-2150,treatment,0,0,0.0,-0.2
treatment-2151,treatment,0,0,0.0,-0.2
treatment-2152,treatment,0,0,0.0,-0.2
treatment-2153,treatment,0,0,0.0,-0.2
treatment-2154,treatment,0,0,0.0,-0.2
treatment-2155,treatment,0,0,0.0,-0.2
treatment-2156,treatment,0,0,0.0,-0.2
treatment-2157,treatment,0,0,0.0,-0.2
treatment-2158,treatment,0,0,0.0,-0.2
treatment-2159,treatment,0,0,0.0,-0.2
treatment-2160,treatment,0,0,0.0,-0.2
treatment-2161,treatment,0,0,0.0,-0.2
treatment-2162,treatment,0,0,0.0,-0.2
treatment-2163,treatment,0,0,0.0,-0.2
treatment-2164,treatment,0,0,0.0,-0.2
treatment-2165,treatment,0,0,0.0,-0.2
treatment-2166,treatment,0,0,0.0,-0.2
treatment-2167,treatment,0,0,0.0,-0.2
treatment-2168,treatment,0,0,0.0,-0.2
treatment-2169,treatment,0,0,0.0,-0.2
treatment-2170,treatment,0,0,0.0,-0.2
treatment-2171,treatment,0,0,0.0,-0.2
treatment-2172,treatment,0,0,0.0,-0.2
treatment-2173,treatment,0,0,0.0,-0.2
treatment-2174,treatment,0,0,0.0,-0.2
treatment-2175,treatment,0,0,0.0,-0.2
treatment-2176,treatment,0,0,0.0,-0.2
treatment-2177,treatment,0,0,0.0,-0.2
treatment-2178,treatment,0,0,0.0,-0.2
treatment-2179,treatment,0,0,0.0,-0.2
treatment-2180,treatment,0,0,0.0,-0.2
treatment-2181,treatment,0,0,0.0,-0.2
treatment-2182,treatment,0,0,0.0,-0.2
treatment-2183,treatment,0,0,0.0,-0.2
treatment-2184,treatment,0,0,0.0,-0.2
treatment-2185,treatment,0,0,0.0,-0.2
treatment-2186,treatment,0,0,0.0,-0.2
treatment-2187,treatment,0,0,0.0,-0.2
treatment-2188,treatment,0,0,0.0,-0.2
treatment-2189,treatment,0,0,0.0,-0.2
treatment-2190,treatment,0,0,0.0,-0.2
treatment-2191,treatment,0,0,0.0,-0.2
treatment-2192,treatment,0,0,0.0,-0.2
treatment-2193,treatment,0,0,0.0,-0.2
treatment-2194,treatment,0,0,0.0,-0.2
treatment-2195,treatment,0,0,0.0,-0.2
treatment-2196,treatment,0,0,0.0,-0.2
treatment-2197,treatment,0,0,0.0,-0.2
treatment-2198,treatment,1,0,42.0,13.5
treatment-2199,treatment,0,0,0.0,-0.2
treatment-2200,treatment,0,0,0.0,-0.2
treatment-2201,treatment,0,0,0.0,-0.2
treatment-2202,treatment,0,0,0.0,-0.2
treatment-2203,treatment,0,0,0.0,-0.2
treatment-2204,treatment,0,0,0.0,-0.2
treatment-2205,treatment,0,0,0.0,-0.2
treatment-2206,treatment,0,0,0.0,-0.2
treatment-2207,treatment,0,0,0.0,-0.2
treatment-2208,treatment,0,0,0.0,-0.2
treatment-2209,treatment,0,0,0.0,-0.2
treatment-2210,treatment,0,0,0.0,-0.2
treatment-2211,treatment,0,0,0.0,-0.2
treatment-2212,treatment,0,0,0.0,-0.2
treatment-2213,treatment,0,0,0.0,-0.2
treatment-2214,treatment,0,0,0.0,-0.2
treatment-2215,treatment,0,0,0.0,-0.2
treatment-2216,treatment,0,0,0.0,-0.2
treatment-2217,treatment,0,0,0.0,-0.2
treatment-2218,treatment,0,0,0.0,-0.2
treatment-2219,treatment,0,0,0.0,-0.2
treatment-2220,treatment,0,0,0.0,-0.2
treatment-2221,treatment,0,0,0.0,-0.2
treatment-2222,treatment,0,0,0.0,-0.2
treatment-2223,treatment,0,0,0.0,-0.2
treatment-2224,treatment,0,0,0.0,-0.2
treatment-2225,treatment,0,0,0.0,-0.2
treatment-2226,treatment,0,0,0.0,-0.2
treatment-2227,treatment,0,0,0.0,-0.2
treatment-2228,treatment,0,0,0.0,-0.2
treatment-2229,treatment,0,0,0.0,-0.2
treatment-2230,treatment,0,0,0.0,-0.2
treatment-2231,treatment,0,0,0.0,-0.2
treatment-2232,treatment,1,0,21.0,6.6499999999999995
treatment-2233,treatment,0,0,0.0,-0.2
treatment-2234,treatment,0,0,0.0,-0.2
treatment-2235,treatment,0,0,0.0,-0.2
treatment-2236,treatment,0,0,0.0,-0.2
treatment-2237,treatment,0,0,0.0,-0.2
treatment-2238,treatment,0,0,0.0,-0.2
treatment-2239,treatment,0,0,0.0,-0.2
treatment-2240,treatment,0,0,0.0,-0.2
treatment-2241,treatment,0,0,0.0,-0.2
treatment-2242,treatment,0,0,0.0,-0.2
treatment-2243,treatment,0,0,0.0,-0.2
treatment-2244,treatment,0,0,0.0,-0.2
treatment-2245,treatment,0,0,0.0,-0.2
treatment-2246,treatment,0,0,0.0,-0.2
treatment-2247,treatment,0,0,0.0,-0.2
treatment-2248,treatment,0,0,0.0,-0.2
treatment-2249,treatment,0,0,0.0,-0.2
treatment-2250,treatment,0,0,0.0,-0.2
treatment-2251,treatment,0,0,0.0,-0.2
treatment-2252,treatment,0,0,0.0,-0.2
treatment-2253,treatment,1,0,21.0,6.6499999999999995
treatment-2254,treatment,0,0,0.0,-0.2
treatment-2255,treatment,0,0,0.0,-0.2
treatment-2256,treatment,0,0,0.0,-0.2
treatment-2257,treatment,0,0,0.0,-0.2
treatment-2258,treatment,0,0,0.0,-0.2
treatment-2259,treatment,1,1,0.0,-6.5
treatment-2260,treatment,0,0,0.0,-0.2
treatment-2261,treatment,0,0,0.0,-0.2
treatment-2262,treatment,0,0,0.0,-0.2
treatment-2263,treatment,0,0,0.0,-0.2
treatment-2264,treatment,0,0,0.0,-0.2
treatment-2265,treatment,0,0,0.0,-0.2
treatment-2266,treatment,0,0,0.0,-0.2
treatment-2267,treatment,0,0,0.0,-0.2
treatment-2268,treatment,0,0,0.0,-0.2
treatment-2269,treatment,0,0,0.0,-0.2
treatment-2270,treatment,0,0,0.0,-0.2
treatment-2271,treatment,0,0,0.0,-0.2
treatment-2272,treatment,0,0,0.0,-0.2
treatment-2273,treatment,0,0,0.0,-0.2
treatment-2274,treatment,0,0,0.0,-0.2
treatment-2275,treatment,0,0,0.0,-0.2
treatment-2276,treatment,0,0,0.0,-0.2
treatment-2277,treatment,0,0,0.0,-0.2
treatment-2278,treatment,0,0,0.0,-0.2
treatment-2279,treatment,0,0,0.0,-0.2
treatment-2280,treatment,0,0,0.0,-0.2
treatment-2281,treatment,0,0,0.0,-0.2
treatment-2282,treatment,0,0,0.0,-0.2
treatment-2283,treatment,0,0,0.0,-0.2
treatment-2284,treatment,0,0,0.0,-0.2
treatment-2285,treatment,0,0,0.0,-0.2
treatment-2286,treatment,0,0,0.0,-0.2
treatment-2287,treatment,0,0,0.0,-0.2
treatment-2288,treatment,0,0,0.0,-0.2
treatment-2289,treatment,0,0,0.0,-0.2
treatment-2290,treatment,0,0,0.0,-0.2
treatment-2291,treatment,0,0,0.0,-0.2
treatment-2292,treatment,0,0,0.0,-0.2
treatment-2293,treatment,0,0,0.0,-0.2
treatment-2294,treatment,0,0,0.0,-0.2
treatment-2295,treatment,0,0,0.0,-0.2
treatment-2296,treatment,0,0,0.0,-0.2
treatment-2297,treatment,0,0,0.0,-0.2
treatment-2298,treatment,0,0,0.0,-0.2
treatment-2299,treatment,0,0,0.0,-0.2
treatment-2300,treatment,0,0,0.0,-0.2
treatment-2301,treatment,0,0,0.0,-0.2
treatment-2302,treatment,0,0,0.0,-0.2
treatment-2303,treatment,0,0,0.0,-0.2
treatment-2304,treatment,0,0,0.0,-0.2
treatment-2305,treatment,0,0,0.0,-0.2
treatment-2306,treatment,0,0,0.0,-0.2
treatment-2307,treatment,0,0,0.0,-0.2
treatment-2308,treatment,0,0,0.0,-0.2
treatment-2309,treatment,0,0,0.0,-0.2
treatment-2310,treatment,0,0,0.0,-0.2
treatment-2311,treatment,0,0,0.0,-0.2
treatment-2312,treatment,0,0,0.0,-0.2
treatment-2313,treatment,1,0,21.0,6.6499999999999995
treatment-2314,treatment,1,0,63.0,20.35
treatment-2315,treatment,0,0,0.0,-0.2
treatment-2316,treatment,0,0,0.0,-0.2
treatment-2317,treatment,0,0,0.0,-0.2
treatment-2318,treatment,0,0,0.0,-0.2
treatment-2319,treatment,0,0,0.0,-0.2
treatment-2320,treatment,0,0,0.0,-0.2
treatment-2321,treatment,0,0,0.0,-0.2
treatment-2322,treatment,0,0,0.0,-0.2
treatment-2323,treatment,1,0,63.0,20.35
treatment-2324,treatment,1,0,21.0,6.6499999999999995
treatment-2325,treatment,0,0,0.0,-0.2
treatment-2326,treatment,0,0,0.0,-0.2
treatment-2327,treatment,0,0,0.0,-0.2
treatment-2328,treatment,0,0,0.0,-0.2
treatment-2329,treatment,0,0,0.0,-0.2
treatment-2330,treatment,0,0,0.0,-0.2
treatment-2331,treatment,0,0,0.0,-0.2
treatment-2332,treatment,0,0,0.0,-0.2
treatment-2333,treatment,0,0,0.0,-0.2
treatment-2334,treatment,0,0,0.0,-0.2
treatment-2335,treatment,0,0,0.0,-0.2
treatment-2336,treatment,0,0,0.0,-0.2
treatment-2337,treatment,0,0,0.0,-0.2
treatment-2338,treatment,0,0,0.0,-0.2
treatment-2339,treatment,0,0,0.0,-0.2
treatment-2340,treatment,0,0,0.0,-0.2
treatment-2341,treatment,0,0,0.0,-0.2
treatment-2342,treatment,0,0,0.0,-0.2
treatment-2343,treatment,0,0,0.0,-0.2
treatment-2344,treatment,1,0,63.0,20.35
treatment-2345,treatment,0,0,0.0,-0.2
treatment-2346,treatment,0,0,0.0,-0.2
treatment-2347,treatment,0,0,0.0,-0.2
treatment-2348,treatment,0,0,0.0,-0.2
treatment-2349,treatment,0,0,0.0,-0.2
treatment-2350,treatment,0,0,0.0,-0.2
treatment-2351,treatment,0,0,0.0,-0.2
treatment-2352,treatment,0,0,0.0,-0.2
treatment-2353,treatment,0,0,0.0,-0.2
treatment-2354,treatment,0,0,0.0,-0.2
treatment-2355,treatment,0,0,0.0,-0.2
treatment-2356,treatment,0,0,0.0,-0.2
treatment-2357,treatment,0,0,0.0,-0.2
treatment-2358,treatment,0,0,0.0,-0.2
treatment-2359,treatment,0,0,0.0,-0.2
treatment-2360,treatment,0,0,0.0,-0.2
treatment-2361,treatment,0,0,0.0,-0.2
treatment-2362,treatment,0,0,0.0,-0.2
treatment-2363,treatment,0,0,0.0,-0.2
treatment-2364,treatment,0,0,0.0,-0.2
treatment-2365,treatment,0,0,0.0,-0.2
treatment-2366,treatment,0,0,0.0,-0.2
treatment-2367,treatment,0,0,0.0,-0.2
treatment-2368,treatment,0,0,0.0,-0.2
treatment-2369,treatment,1,0,42.0,13.5
treatment-2370,treatment,0,0,0.0,-0.2
treatment-2371,treatment,0,0,0.0,-0.2
treatment-2372,treatment,0,0,0.0,-0.2
treatment-2373,treatment,0,0,0.0,-0.2
treatment-2374,treatment,1,0,21.0,6.6499999999999995
treatment-2375,treatment,0,0,0.0,-0.2
treatment-2376,treatment,0,0,0.0,-0.2
treatment-2377,treatment,0,0,0.0,-0.2
treatment-2378,treatment,0,0,0.0,-0.2
treatment-2379,treatment,0,0,0.0,-0.2
treatment-2380,treatment,0,0,0.0,-0.2
treatment-2381,treatment,0,0,0.0,-0.2
treatment-2382,treatment,0,0,0.0,-0.2
treatment-2383,treatment,0,0,0.0,-0.2
treatment-2384,treatment,0,0,0.0,-0.2
treatment-2385,treatment,0,0,0.0,-0.2
treatment-2386,treatment,1,0,63.0,20.35
treatment-2387,treatment,0,0,0.0,-0.2
treatment-2388,treatment,1,0,42.0,13.5
treatment-2389,treatment,0,0,0.0,-0.2
treatment-2390,treatment,0,0,0.0,-0.2
treatment-2391,treatment,0,0,0.0,-0.2
treatment-2392,treatment,0,0,0.0,-0.2
treatment-2393,treatment,1,0,63.0,20.35
treatment-2394,treatment,0,0,0.0,-0.2
treatment-2395,treatment,0,0,0.0,-0.2
treatment-2396,treatment,0,0,0.0,-0.2
treatment-2397,treatment,0,0,0.0,-0.2
treatment-2398,treatment,0,0,0.0,-0.2
treatment-2399,treatment,1,0,63.0,20.35
treatment-2400,treatment,0,0,0.0,-0.2
treatment-2401,treatment,0,0,0.0,-0.2
treatment-2402,treatment,0,0,0.0,-0.2
treatment-2403,treatment,0,0,0.0,-0.2
treatment-2404,treatment,0,0,0.0,-0.2
treatment-2405,treatment,0,0,0.0,-0.2
treatment-2406,treatment,0,0,0.0,-0.2
treatment-2407,treatment,0,0,0.0,-0.2
treatment-2408,treatment,0,0,0.0,-0.2
treatment-2409,treatment,0,0,0.0,-0.2
treatment-2410,treatment,0,0,0.0,-0.2
treatment-2411,treatment,0,0,0.0,-0.2
treatment-2412,treatment,0,0,0.0,-0.2
treatment-2413,treatment,0,0,0.0,-0.2
treatment-2414,treatment,0,0,0.0,-0.2
treatment-2415,treatment,0,0,0.0,-0.2
treatment-2416,treatment,0,0,0.0,-0.2
treatment-2417,treatment,0,0,0.0,-0.2
treatment-2418,treatment,0,0,0.0,-0.2
treatment-2419,treatment,0,0,0.0,-0.2
treatment-2420,treatment,0,0,0.0,-0.2
treatment-2421,treatment,0,0,0.0,-0.2
treatment-2422,treatment,0,0,0.0,-0.2
treatment-2423,treatment,0,0,0.0,-0.2
treatment-2424,treatment,0,0,0.0,-0.2
treatment-2425,treatment,0,0,0.0,-0.2
treatment-2426,treatment,0,0,0.0,-0.2
treatment-2427,treatment,0,0,0.0,-0.2
treatment-2428,treatment,0,0,0.0,-0.2
treatment-2429,treatment,0,0,0.0,-0.2
treatment-2430,treatment,0,0,0.0,-0.2
treatment-2431,treatment,0,0,0.0,-0.2
treatment-2432,treatment,0,0,0.0,-0.2
treatment-2433,treatment,0,0,0.0,-0.2
treatment-2434,treatment,0,0,0.0,-0.2
treatment-2435,treatment,0,0,0.0,-0.2
treatment-2436,treatment,0,0,0.0,-0.2
treatment-2437,treatment,0,0,0.0,-0.2
treatment-2438,treatment,0,0,0.0,-0.2
treatment-2439,treatment,0,0,0.0,-0.2
treatment-2440,treatment,0,0,0.0,-0.2
treatment-2441,treatment,0,0,0.0,-0.2
treatment-2442,treatment,0,0,0.0,-0.2
treatment-2443,treatment,1,1,0.0,-3.35
treatment-2444,treatment,0,0,0.0,-0.2
treatment-2445,treatment,0,0,0.0,-0.2
treatment-2446,treatment,0,0,0.0,-0.2
treatment-2447,treatment,0,0,0.0,-0.2
treatment-2448,treatment,0,0,0.0,-0.2
treatment-2449,treatment,0,0,0.0,-0.2
treatment-2450,treatment,0,0,0.0,-0.2
treatment-2451,treatment,0,0,0.0,-0.2
treatment-2452,treatment,0,0,0.0,-0.2
treatment-2453,treatment,0,0,0.0,-0.2
treatment-2454,treatment,0,0,0.0,-0.2
treatment-2455,treatment,0,0,0.0,-0.2
treatment-2456,treatment,0,0,0.0,-0.2
treatment-2457,treatment,0,0,0.0,-0.2
treatment-2458,treatment,0,0,0.0,-0.2
treatment-2459,treatment,0,0,0.0,-0.2
treatment-2460,treatment,0,0,0.0,-0.2
treatment-2461,treatment,0,0,0.0,-0.2
treatment-2462,treatment,0,0,0.0,-0.2
treatment-2463,treatment,0,0,0.0,-0.2
treatment-2464,treatment,1,1,0.0,-9.649999999999999
treatment-2465,treatment,0,0,0.0,-0.2
treatment-2466,treatment,0,0,0.0,-0.2
treatment-2467,treatment,0,0,0.0,-0.2
treatment-2468,treatment,0,0,0.0,-0.2
treatment-2469,treatment,0,0,0.0,-0.2
treatment-2470,treatment,0,0,0.0,-0.2
treatment-2471,treatment,0,0,0.0,-0.2
treatment-2472,treatment,0,0,0.0,-0.2
treatment-2473,treatment,0,0,0.0,-0.2
treatment-2474,treatment,0,0,0.0,-0.2
treatment-2475,treatment,0,0,0.0,-0.2
treatment-2476,treatment,0,0,0.0,-0.2
treatment-2477,treatment,0,0,0.0,-0.2
treatment-2478,treatment,0,0,0.0,-0.2
treatment-2479,treatment,0,0,0.0,-0.2
treatment-2480,treatment,0,0,0.0,-0.2
treatment-2481,treatment,0,0,0.0,-0.2
treatment-2482,treatment,0,0,0.0,-0.2
treatment-2483,treatment,0,0,0.0,-0.2
treatment-2484,treatment,0,0,0.0,-0.2
treatment-2485,treatment,0,0,0.0,-0.2
treatment-2486,treatment,0,0,0.0,-0.2
treatment-2487,treatment,0,0,0.0,-0.2
treatment-2488,treatment,0,0,0.0,-0.2
treatment-2489,treatment,0,0,0.0,-0.2
treatment-2490,treatment,0,0,0.0,-0.2
treatment-2491,treatment,0,0,0.0,-0.2
treatment-2492,treatment,0,0,0.0,-0.2
treatment-2493,treatment,0,0,0.0,-0.2
treatment-2494,treatment,0,0,0.0,-0.2
treatment-2495,treatment,0,0,0.0,-0.2
treatment-2496,treatment,0,0,0.0,-0.2
treatment-2497,treatment,0,0,0.0,-0.2
treatment-2498,treatment,0,0,0.0,-0.2
treatment-2499,treatment,0,0,0.0,-0.2
treatment-2500,treatment,0,0,0.0,-0.2
treatment-2501,treatment,0,0,0.0,-0.2
treatment-2502,treatment,0,0,0.0,-0.2
treatment-2503,treatment,0,0,0.0,-0.2
treatment-2504,treatment,0,0,0.0,-0.2
treatment-2505,treatment,0,0,0.0,-0.2
treatment-2506,treatment,0,0,0.0,-0.2
treatment-2507,treatment,0,0,0.0,-0.2
treatment-2508,treatment,0,0,0.0,-0.2
treatment-2509,treatment,0,0,0.0,-0.2
treatment-2510,treatment,0,0,0.0,-0.2
treatment-2511,treatment,0,0,0.0,-0.2
treatment-2512,treatment,0,0,0.0,-0.2
treatment-2513,treatment,0,0,0.0,-0.2
treatment-2514,treatment,0,0,0.0,-0.2
treatment-2515,treatment,0,0,0.0,-0.2
treatment-2516,treatment,0,0,0.0,-0.2
treatment-2517,treatment,0,0,0.0,-0.2
treatment-2518,treatment,0,0,0.0,-0.2
treatment-2519,treatment,0,0,0.0,-0.2
treatment-2520,treatment,0,0,0.0,-0.2
treatment-2521,treatment,0,0,0.0,-0.2
treatment-2522,treatment,0,0,0.0,-0.2
treatment-2523,treatment,0,0,0.0,-0.2
treatment-2524,treatment,1,0,21.0,6.6499999999999995
treatment-2525,treatment,0,0,0.0,-0.2
treatment-2526,treatment,0,0,0.0,-0.2
treatment-2527,treatment,0,0,0.0,-0.2
treatment-2528,treatment,0,0,0.0,-0.2
treatment-2529,treatment,1,0,42.0,13.5
treatment-2530,treatment,0,0,0.0,-0.2
treatment-2531,treatment,0,0,0.0,-0.2
treatment-2532,treatment,0,0,0.0,-0.2
treatment-2533,treatment,0,0,0.0,-0.2
treatment-2534,treatment,0,0,0.0,-0.2
treatment-2535,treatment,0,0,0.0,-0.2
treatment-2536,treatment,0,0,0.0,-0.2
treatment-2537,treatment,0,0,0.0,-0.2
treatment-2538,treatment,0,0,0.0,-0.2
treatment-2539,treatment,0,0,0.0,-0.2
treatment-2540,treatment,0,0,0.0,-0.2
treatment-2541,treatment,0,0,0.0,-0.2
treatment-2542,treatment,0,0,0.0,-0.2
treatment-2543,treatment,0,0,0.0,-0.2
treatment-2544,treatment,0,0,0.0,-0.2
treatment-2545,treatment,1,0,63.0,20.35
treatment-2546,treatment,0,0,0.0,-0.2
treatment-2547,treatment,0,0,0.0,-0.2
treatment-2548,treatment,0,0,0.0,-0.2
treatment-2549,treatment,0,0,0.0,-0.2
treatment-2550,treatment,0,0,0.0,-0.2
treatment-2551,treatment,0,0,0.0,-0.2
treatment-2552,treatment,0,0,0.0,-0.2
treatment-2553,treatment,0,0,0.0,-0.2
treatment-2554,treatment,0,0,0.0,-0.2
treatment-2555,treatment,0,0,0.0,-0.2
treatment-2556,treatment,0,0,0.0,-0.2
treatment-2557,treatment,0,0,0.0,-0.2
treatment-2558,treatment,0,0,0.0,-0.2
treatment-2559,treatment,0,0,0.0,-0.2
treatment-2560,treatment,0,0,0.0,-0.2
treatment-2561,treatment,0,0,0.0,-0.2
treatment-2562,treatment,0,0,0.0,-0.2
treatment-2563,treatment,0,0,0.0,-0.2
treatment-2564,treatment,0,0,0.0,-0.2
treatment-2565,treatment,0,0,0.0,-0.2
treatment-2566,treatment,0,0,0.0,-0.2
treatment-2567,treatment,0,0,0.0,-0.2
treatment-2568,treatment,0,0,0.0,-0.2
treatment-2569,treatment,0,0,0.0,-0.2
treatment-2570,treatment,0,0,0.0,-0.2
treatment-2571,treatment,0,0,0.0,-0.2
treatment-2572,treatment,0,0,0.0,-0.2
treatment-2573,treatment,0,0,0.0,-0.2
treatment-2574,treatment,0,0,0.0,-0.2
treatment-2575,treatment,0,0,0.0,-0.2
treatment-2576,treatment,0,0,0.0,-0.2
treatment-2577,treatment,0,0,0.0,-0.2
treatment-2578,treatment,0,0,0.0,-0.2
treatment-2579,treatment,0,0,0.0,-0.2
treatment-2580,treatment,1,0,21.0,6.6499999999999995
treatment-2581,treatment,0,0,0.0,-0.2
treatment-2582,treatment,0,0,0.0,-0.2
treatment-2583,treatment,0,0,0.0,-0.2
treatment-2584,treatment,1,0,63.0,20.35
treatment-2585,treatment,0,0,0.0,-0.2
treatment-2586,treatment,0,0,0.0,-0.2
treatment-2587,treatment,0,0,0.0,-0.2
treatment-2588,treatment,0,0,0.0,-0.2
treatment-2589,treatment,0,0,0.0,-0.2
treatment-2590,treatment,0,0,0.0,-0.2
treatment-2591,treatment,0,0,0.0,-0.2
treatment-2592,treatment,0,0,0.0,-0.2
treatment-2593,treatment,1,0,42.0,13.5
treatment-2594,treatment,1,0,21.0,6.6499999999999995
treatment-2595,treatment,0,0,0.0,-0.2
treatment-2596,treatment,0,0,0.0,-0.2
treatment-2597,treatment,0,0,0.0,-0.2
treatment-2598,treatment,0,0,0.0,-0.2
treatment-2599,treatment,1,0,42.0,13.5
treatment-2600,treatment,0,0,0.0,-0.2
treatment-2601,treatment,0,0,0.0,-0.2
treatment-2602,treatment,0,0,0.0,-0.2
treatment-2603,treatment,0,0,0.0,-0.2
treatment-2604,treatment,0,0,0.0,-0.2
treatment-2605,treatment,0,0,0.0,-0.2
treatment-2606,treatment,0,0,0.0,-0.2
treatment-2607,treatment,0,0,0.0,-0.2
treatment-2608,treatment,0,0,0.0,-0.2
treatment-2609,treatment,0,0,0.0,-0.2
treatment-2610,treatment,0,0,0.0,-0.2
treatment-2611,treatment,0,0,0.0,-0.2
treatment-2612,treatment,0,0,0.0,-0.2
treatment-2613,treatment,0,0,0.0,-0.2
treatment-2614,treatment,0,0,0.0,-0.2
treatment-2615,treatment,0,0,0.0,-0.2
treatment-2616,treatment,0,0,0.0,-0.2
treatment-2617,treatment,0,0,0.0,-0.2
treatment-2618,treatment,0,0,0.0,-0.2
treatment-2619,treatment,0,0,0.0,-0.2
treatment-2620,treatment,0,0,0.0,-0.2
treatment-2621,treatment,0,0,0.0,-0.2
treatment-2622,treatment,0,0,0.0,-0.2
treatment-2623,treatment,0,0,0.0,-0.2
treatment-2624,treatment,0,0,0.0,-0.2
treatment-2625,treatment,0,0,0.0,-0.2
treatment-2626,treatment,0,0,0.0,-0.2
treatment-2627,treatment,0,0,0.0,-0.2
treatment-2628,treatment,0,0,0.0,-0.2
treatment-2629,treatment,0,0,0.0,-0.2
treatment-2630,treatment,0,0,0.0,-0.2
treatment-2631,treatment,0,0,0.0,-0.2
treatment-2632,treatment,0,0,0.0,-0.2
treatment-2633,treatment,1,0,63.0,20.35
treatment-2634,treatment,0,0,0.0,-0.2
treatment-2635,treatment,0,0,0.0,-0.2
treatment-2636,treatment,0,0,0.0,-0.2
treatment-2637,treatment,0,0,0.0,-0.2
treatment-2638,treatment,0,0,0.0,-0.2
treatment-2639,treatment,1,0,21.0,6.6499999999999995
treatment-2640,treatment,0,0,0.0,-0.2
treatment-2641,treatment,0,0,0.0,-0.2
treatment-2642,treatment,0,0,0.0,-0.2
treatment-2643,treatment,0,0,0.0,-0.2
treatment-2644,treatment,0,0,0.0,-0.2
treatment-2645,treatment,0,0,0.0,-0.2
treatment-2646,treatment,0,0,0.0,-0.2
treatment-2647,treatment,0,0,0.0,-0.2
treatment-2648,treatment,1,0,63.0,20.35
treatment-2649,treatment,0,0,0.0,-0.2
treatment-2650,treatment,0,0,0.0,-0.2
treatment-2651,treatment,0,0,0.0,-0.2
treatment-2652,treatment,0,0,0.0,-0.2
treatment-2653,treatment,0,0,0.0,-0.2
treatment-2654,treatment,0,0,0.0,-0.2
treatment-2655,treatment,0,0,0.0,-0.2
treatment-2656,treatment,0,0,0.0,-0.2
treatment-2657,treatment,0,0,0.0,-0.2
treatment-2658,treatment,0,0,0.0,-0.2
treatment-2659,treatment,0,0,0.0,-0.2
treatment-2660,treatment,0,0,0.0,-0.2
treatment-2661,treatment,0,0,0.0,-0.2
treatment-2662,treatment,1,0,21.0,6.6499999999999995
treatment-2663,treatment,0,0,0.0,-0.2
treatment-2664,treatment,0,0,0.0,-0.2
treatment-2665,treatment,1,0,42.0,13.5
treatment-2666,treatment,0,0,0.0,-0.2
treatment-2667,treatment,0,0,0.0,-0.2
treatment-2668,treatment,0,0,0.0,-0.2
treatment-2669,treatment,0,0,0.0,-0.2
treatment-2670,treatment,0,0,0.0,-0.2
treatment-2671,treatment,0,0,0.0,-0.2
treatment-2672,treatment,0,0,0.0,-0.2
treatment-2673,treatment,0,0,0.0,-0.2
treatment-2674,treatment,0,0,0.0,-0.2
treatment-2675,treatment,0,0,0.0,-0.2
treatment-2676,treatment,0,0,0.0,-0.2
treatment-2677,treatment,0,0,0.0,-0.2
treatment-2678,treatment,0,0,0.0,-0.2
treatment-2679,treatment,0,0,0.0,-0.2
treatment-2680,treatment,0,0,0.0,-0.2
treatment-2681,treatment,0,0,0.0,-0.2
treatment-2682,treatment,0,0,0.0,-0.2
treatment-2683,treatment,0,0,0.0,-0.2
treatment-2684,treatment,0,0,0.0,-0.2
treatment-2685,treatment,0,0,0.0,-0.2
treatment-2686,treatment,0,0,0.0,-0.2
treatment-2687,treatment,0,0,0.0,-0.2
treatment-2688,treatment,0,0,0.0,-0.2
treatment-2689,treatment,0,0,0.0,-0.2
treatment-2690,treatment,0,0,0.0,-0.2
treatment-2691,treatment,0,0,0.0,-0.2
treatment-2692,treatment,0,0,0.0,-0.2
treatment-2693,treatment,1,0,21.0,6.6499999999999995
treatment-2694,treatment,0,0,0.0,-0.2
treatment-2695,treatment,0,0,0.0,-0.2
treatment-2696,treatment,0,0,0.0,-0.2
treatment-2697,treatment,0,0,0.0,-0.2
treatment-2698,treatment,0,0,0.0,-0.2
treatment-2699,treatment,0,0,0.0,-0.2
treatment-2700,treatment,0,0,0.0,-0.2
treatment-2701,treatment,0,0,0.0,-0.2
treatment-2702,treatment,0,0,0.0,-0.2
treatment-2703,treatment,0,0,0.0,-0.2
treatment-2704,treatment,0,0,0.0,-0.2
treatment-2705,treatment,0,0,0.0,-0.2
treatment-2706,treatment,0,0,0.0,-0.2
treatment-2707,treatment,0,0,0.0,-0.2
treatment-2708,treatment,0,0,0.0,-0.2
treatment-2709,treatment,0,0,0.0,-0.2
treatment-2710,treatment,1,0,42.0,13.5
treatment-2711,treatment,0,0,0.0,-0.2
treatment-2712,treatment,0,0,0.0,-0.2
treatment-2713,treatment,0,0,0.0,-0.2
treatment-2714,treatment,0,0,0.0,-0.2
treatment-2715,treatment,0,0,0.0,-0.2
treatment-2716,treatment,0,0,0.0,-0.2
treatment-2717,treatment,0,0,0.0,-0.2
treatment-2718,treatment,0,0,0.0,-0.2
treatment-2719,treatment,0,0,0.0,-0.2
treatment-2720,treatment,0,0,0.0,-0.2
treatment-2721,treatment,0,0,0.0,-0.2
treatment-2722,treatment,0,0,0.0,-0.2
treatment-2723,treatment,0,0,0.0,-0.2
treatment-2724,treatment,0,0,0.0,-0.2
treatment-2725,treatment,0,0,0.0,-0.2
treatment-2726,treatment,1,1,0.0,-6.5
treatment-2727,treatment,0,0,0.0,-0.2
treatment-2728,treatment,0,0,0.0,-0.2
treatment-2729,treatment,0,0,0.0,-0.2
treatment-2730,treatment,0,0,0.0,-0.2
treatment-2731,treatment,0,0,0.0,-0.2
treatment-2732,treatment,0,0,0.0,-0.2
treatment-2733,treatment,0,0,0.0,-0.2
treatment-2734,treatment,0,0,0.0,-0.2
treatment-2735,treatment,0,0,0.0,-0.2
treatment-2736,treatment,0,0,0.0,-0.2
treatment-2737,treatment,0,0,0.0,-0.2
treatment-2738,treatment,0,0,0.0,-0.2
treatment-2739,treatment,0,0,0.0,-0.2
treatment-2740,treatment,0,0,0.0,-0.2
treatment-2741,treatment,0,0,0.0,-0.2
treatment-2742,treatment,0,0,0.0,-0.2
treatment-2743,treatment,0,0,0.0,-0.2
treatment-2744,treatment,0,0,0.0,-0.2
treatment-2745,treatment,0,0,0.0,-0.2
treatment-2746,treatment,0,0,0.0,-0.2
treatment-2747,treatment,0,0,0.0,-0.2
treatment-2748,treatment,0,0,0.0,-0.2
treatment-2749,treatment,1,0,42.0,13.5
treatment-2750,treatment,0,0,0.0,-0.2
treatment-2751,treatment,0,0,0.0,-0.2
treatment-2752,treatment,0,0,0.0,-0.2
treatment-2753,treatment,0,0,0.0,-0.2
treatment-2754,treatment,0,0,0.0,-0.2
treatment-2755,treatment,0,0,0.0,-0.2
treatment-2756,treatment,0,0,0.0,-0.2
treatment-2757,treatment,1,0,42.0,13.5
treatment-2758,treatment,0,0,0.0,-0.2
treatment-2759,treatment,0,0,0.0,-0.2
treatment-2760,treatment,0,0,0.0,-0.2
treatment-2761,treatment,0,0,0.0,-0.2
treatment-2762,treatment,0,0,0.0,-0.2
treatment-2763,treatment,0,0,0.0,-0.2
treatment-2764,treatment,0,0,0.0,-0.2
treatment-2765,treatment,0,0,0.0,-0.2
treatment-2766,treatment,0,0,0.0,-0.2
treatment-2767,treatment,0,0,0.0,-0.2
treatment-2768,treatment,0,0,0.0,-0.2
treatment-2769,treatment,0,0,0.0,-0.2
treatment-2770,treatment,0,0,0.0,-0.2
treatment-2771,treatment,0,0,0.0,-0.2
treatment-2772,treatment,0,0,0.0,-0.2
treatment-2773,treatment,0,0,0.0,-0.2
treatment-2774,treatment,0,0,0.0,-0.2
treatment-2775,treatment,0,0,0.0,-0.2
treatment-2776,treatment,1,0,21.0,6.6499999999999995
treatment-2777,treatment,0,0,0.0,-0.2
treatment-2778,treatment,0,0,0.0,-0.2
treatment-2779,treatment,0,0,0.0,-0.2
treatment-2780,treatment,0,0,0.0,-0.2
treatment-2781,treatment,0,0,0.0,-0.2
treatment-2782,treatment,0,0,0.0,-0.2
treatment-2783,treatment,0,0,0.0,-0.2
treatment-2784,treatment,0,0,0.0,-0.2
treatment-2785,treatment,0,0,0.0,-0.2
treatment-2786,treatment,0,0,0.0,-0.2
treatment-2787,treatment,0,0,0.0,-0.2
treatment-2788,treatment,0,0,0.0,-0.2
treatment-2789,treatment,0,0,0.0,-0.2
treatment-2790,treatment,1,0,42.0,13.5
treatment-2791,treatment,0,0,0.0,-0.2
treatment-2792,treatment,0,0,0.0,-0.2
treatment-2793,treatment,0,0,0.0,-0.2
treatment-2794,treatment,0,0,0.0,-0.2
treatment-2795,treatment,0,0,0.0,-0.2
treatment-2796,treatment,0,0,0.0,-0.2
treatment-2797,treatment,0,0,0.0,-0.2
treatment-2798,treatment,0,0,0.0,-0.2
treatment-2799,treatment,0,0,0.0,-0.2
treatment-2800,treatment,0,0,0.0,-0.2
treatment-2801,treatment,0,0,0.0,-0.2
treatment-2802,treatment,0,0,0.0,-0.2
treatment-2803,treatment,0,0,0.0,-0.2
treatment-2804,treatment,0,0,0.0,-0.2
treatment-2805,treatment,0,0,0.0,-0.2
treatment-2806,treatment,0,0,0.0,-0.2
treatment-2807,treatment,0,0,0.0,-0.2
treatment-2808,treatment,0,0,0.0,-0.2
treatment-2809,treatment,0,0,0.0,-0.2
treatment-2810,treatment,0,0,0.0,-0.2
treatment-2811,treatment,0,0,0.0,-0.2
treatment-2812,treatment,0,0,0.0,-0.2
treatment-2813,treatment,0,0,0.0,-0.2
treatment-2814,treatment,0,0,0.0,-0.2
treatment-2815,treatment,0,0,0.0,-0.2
treatment-2816,treatment,0,0,0.0,-0.2
treatment-2817,treatment,0,0,0.0,-0.2
treatment-2818,treatment,0,0,0.0,-0.2
treatment-2819,treatment,0,0,0.0,-0.2
treatment-2820,treatment,0,0,0.0,-0.2
treatment-2821,treatment,1,0,21.0,6.6499999999999995
treatment-2822,treatment,0,0,0.0,-0.2
treatment-2823,treatment,1,0,63.0,20.35
treatment-2824,treatment,1,0,63.0,20.35
treatment-2825,treatment,0,0,0.0,-0.2
treatment-2826,treatment,0,0,0.0,-0.2
treatment-2827,treatment,0,0,0.0,-0.2
treatment-2828,treatment,0,0,0.0,-0.2
treatment-2829,treatment,0,0,0.0,-0.2
treatment-2830,treatment,0,0,0.0,-0.2
treatment-2831,treatment,0,0,0.0,-0.2
treatment-2832,treatment,0,0,0.0,-0.2
treatment-2833,treatment,0,0,0.0,-0.2
treatment-2834,treatment,0,0,0.0,-0.2
treatment-2835,treatment,0,0,0.0,-0.2
treatment-2836,treatment,1,0,21.0,6.6499999999999995
treatment-2837,treatment,0,0,0.0,-0.2
treatment-2838,treatment,0,0,0.0,-0.2
treatment-2839,treatment,0,0,0.0,-0.2
treatment-2840,treatment,0,0,0.0,-0.2
treatment-2841,treatment,0,0,0.0,-0.2
treatment-2842,treatment,0,0,0.0,-0.2
treatment-2843,treatment,1,0,63.0,20.35
treatment-2844,treatment,0,0,0.0,-0.2
treatment-2845,treatment,0,0,0.0,-0.2
treatment-2846,treatment,0,0,0.0,-0.2
treatment-2847,treatment,0,0,0.0,-0.2
treatment-2848,treatment,0,0,0.0,-0.2
treatment-2849,treatment,0,0,0.0,-0.2
treatment-2850,treatment,0,0,0.0,-0.2
treatment-2851,treatment,0,0,0.0,-0.2
treatment-2852,treatment,0,0,0.0,-0.2
treatment-2853,treatment,0,0,0.0,-0.2
treatment-2854,treatment,0,0,0.0,-0.2
treatment-2855,treatment,0,0,0.0,-0.2
treatment-2856,treatment,0,0,0.0,-0.2
treatment-2857,treatment,0,0,0.0,-0.2
treatment-2858,treatment,0,0,0.0,-0.2
treatment-2859,treatment,0,0,0.0,-0.2
treatment-2860,treatment,0,0,0.0,-0.2
treatment-2861,treatment,0,0,0.0,-0.2
treatment-2862,treatment,0,0,0.0,-0.2
treatment-2863,treatment,0,0,0.0,-0.2
treatment-2864,treatment,0,0,0.0,-0.2
treatment-2865,treatment,0,0,0.0,-0.2
treatment-2866,treatment,0,0,0.0,-0.2
treatment-2867,treatment,0,0,0.0,-0.2
treatment-2868,treatment,0,0,0.0,-0.2
treatment-2869,treatment,0,0,0.0,-0.2
treatment-2870,treatment,0,0,0.0,-0.2
treatment-2871,treatment,0,0,0.0,-0.2
treatment-2872,treatment,0,0,0.0,-0.2
treatment-2873,treatment,0,0,0.0,-0.2
treatment-2874,treatment,0,0,0.0,-0.2
treatment-2875,treatment,0,0,0.0,-0.2
treatment-2876,treatment,0,0,0.0,-0.2
treatment-2877,treatment,0,0,0.0,-0.2
treatment-2878,treatment,0,0,0.0,-0.2
treatment-2879,treatment,0,0,0.0,-0.2
treatment-2880,treatment,0,0,0.0,-0.2
treatment-2881,treatment,0,0,0.0,-0.2
treatment-2882,treatment,0,0,0.0,-0.2
treatment-2883,treatment,0,0,0.0,-0.2
treatment-2884,treatment,0,0,0.0,-0.2
treatment-2885,treatment,0,0,0.0,-0.2
treatment-2886,treatment,0,0,0.0,-0.2
treatment-2887,treatment,0,0,0.0,-0.2
treatment-2888,treatment,0,0,0.0,-0.2
treatment-2889,treatment,0,0,0.0,-0.2
treatment-2890,treatment,0,0,0.0,-0.2
treatment-2891,treatment,0,0,0.0,-0.2
treatment-2892,treatment,0,0,0.0,-0.2
treatment-2893,treatment,0,0,0.0,-0.2
treatment-2894,treatment,0,0,0.0,-0.2
treatment-2895,treatment,0,0,0.0,-0.2
treatment-2896,treatment,0,0,0.0,-0.2
treatment-2897,treatment,0,0,0.0,-0.2
treatment-2898,treatment,0,0,0.0,-0.2
treatment-2899,treatment,0,0,0.0,-0.2
treatment-2900,treatment,0,0,0.0,-0.2
treatment-2901,treatment,0,0,0.0,-0.2
treatment-2902,treatment,0,0,0.0,-0.2
treatment-2903,treatment,0,0,0.0,-0.2
treatment-2904,treatment,0,0,0.0,-0.2
treatment-2905,treatment,0,0,0.0,-0.2
treatment-2906,treatment,0,0,0.0,-0.2
treatment-2907,treatment,0,0,0.0,-0.2
treatment-2908,treatment,0,0,0.0,-0.2
treatment-2909,treatment,0,0,0.0,-0.2
treatment-2910,treatment,0,0,0.0,-0.2
treatment-2911,treatment,0,0,0.0,-0.2
treatment-2912,treatment,0,0,0.0,-0.2
treatment-2913,treatment,0,0,0.0,-0.2
treatment-2914,treatment,0,0,0.0,-0.2
treatment-2915,treatment,0,0,0.0,-0.2
treatment-2916,treatment,0,0,0.0,-0.2
treatment-2917,treatment,0,0,0.0,-0.2
treatment-2918,treatment,0,0,0.0,-0.2
treatment-2919,treatment,0,0,0.0,-0.2
treatment-2920,treatment,0,0,0.0,-0.2
treatment-2921,treatment,0,0,0.0,-0.2
treatment-2922,treatment,0,0,0.0,-0.2
treatment-2923,treatment,0,0,0.0,-0.2
treatment-2924,treatment,0,0,0.0,-0.2
treatment-2925,treatment,0,0,0.0,-0.2
treatment-2926,treatment,0,0,0.0,-0.2
treatment-2927,treatment,0,0,0.0,-0.2
treatment-2928,treatment,0,0,0.0,-0.2
treatment-2929,treatment,0,0,0.0,-0.2
treatment-2930,treatment,0,0,0.0,-0.2
treatment-2931,treatment,0,0,0.0,-0.2
treatment-2932,treatment,0,0,0.0,-0.2
treatment-2933,treatment,0,0,0.0,-0.2
treatment-2934,treatment,0,0,0.0,-0.2
treatment-2935,treatment,0,0,0.0,-0.2
treatment-2936,treatment,0,0,0.0,-0.2
treatment-2937,treatment,0,0,0.0,-0.2
treatment-2938,treatment,0,0,0.0,-0.2
treatment-2939,treatment,0,0,0.0,-0.2
treatment-2940,treatment,0,0,0.0,-0.2
treatment-2941,treatment,0,0,0.0,-0.2
treatment-2942,treatment,0,0,0.0,-0.2
treatment-2943,treatment,0,0,0.0,-0.2
treatment-2944,treatment,0,0,0.0,-0.2
treatment-2945,treatment,0,0,0.0,-0.2
treatment-2946,treatment,0,0,0.0,-0.2
treatment-2947,treatment,0,0,0.0,-0.2
treatment-2948,treatment,0,0,0.0,-0.2
treatment-2949,treatment,0,0,0.0,-0.2
treatment-2950,treatment,0,0,0.0,-0.2
treatment-2951,treatment,0,0,0.0,-0.2
treatment-2952,treatment,0,0,0.0,-0.2
treatment-2953,treatment,0,0,0.0,-0.2
treatment-2954,treatment,0,0,0.0,-0.2
treatment-2955,treatment,0,0,0.0,-0.2
treatment-2956,treatment,0,0,0.0,-0.2
treatment-2957,treatment,0,0,0.0,-0.2
treatment-2958,treatment,0,0,0.0,-0.2
treatment-2959,treatment,0,0,0.0,-0.2
treatment-2960,treatment,0,0,0.0,-0.2
treatment-2961,treatment,0,0,0.0,-0.2
treatment-2962,treatment,0,0,0.0,-0.2
treatment-2963,treatment,0,0,0.0,-0.2
treatment-2964,treatment,0,0,0.0,-0.2
treatment-2965,treatment,0,0,0.0,-0.2
treatment-2966,treatment,0,0,0.0,-0.2
treatment-2967,treatment,0,0,0.0,-0.2
treatment-2968,treatment,0,0,0.0,-0.2
treatment-2969,treatment,0,0,0.0,-0.2
treatment-2970,treatment,0,0,0.0,-0.2
treatment-2971,treatment,0,0,0.0,-0.2
treatment-2972,treatment,0,0,0.0,-0.2
treatment-2973,treatment,0,0,0.0,-0.2
treatment-2974,treatment,0,0,0.0,-0.2
treatment-2975,treatment,0,0,0.0,-0.2
treatment-2976,treatment,0,0,0.0,-0.2
treatment-2977,treatment,0,0,0.0,-0.2
treatment-2978,treatment,0,0,0.0,-0.2
treatment-2979,treatment,0,0,0.0,-0.2
treatment-2980,treatment,0,0,0.0,-0.2
treatment-2981,treatment,0,0,0.0,-0.2
treatment-2982,treatment,0,0,0.0,-0.2
treatment-2983,treatment,0,0,0.0,-0.2
treatment-2984,treatment,0,0,0.0,-0.2
treatment-2985,treatment,1,0,42.0,13.5
treatment-2986,treatment,0,0,0.0,-0.2
treatment-2987,treatment,0,0,0.0,-0.2
treatment-2988,treatment,0,0,0.0,-0.2
treatment-2989,treatment,0,0,0.0,-0.2
treatment-2990,treatment,0,0,0.0,-0.2
treatment-2991,treatment,0,0,0.0,-0.2
treatment-2992,treatment,0,0,0.0,-0.2
treatment-2993,treatment,0,0,0.0,-0.2
treatment-2994,treatment,0,0,0.0,-0.2
treatment-2995,treatment,0,0,0.0,-0.2
treatment-2996,treatment,0,0,0.0,-0.2
treatment-2997,treatment,0,0,0.0,-0.2
treatment-2998,treatment,0,0,0.0,-0.2
treatment-2999,treatment,0,0,0.0,-0.2
treatment-3000,treatment,0,0,0.0,-0.2
treatment-3001,treatment,0,0,0.0,-0.2
treatment-3002,treatment,0,0,0.0,-0.2
treatment-3003,treatment,0,0,0.0,-0.2
treatment-3004,treatment,1,0,63.0,20.35
treatment-3005,treatment,0,0,0.0,-0.2
treatment-3006,treatment,0,0,0.0,-0.2
treatment-3007,treatment,0,0,0.0,-0.2
treatment-3008,treatment,0,0,0.0,-0.2
treatment-3009,treatment,0,0,0.0,-0.2
treatment-3010,treatment,0,0,0.0,-0.2
treatment-3011,treatment,0,0,0.0,-0.2
treatment-3012,treatment,0,0,0.0,-0.2
treatment-3013,treatment,0,0,0.0,-0.2
treatment-3014,treatment,0,0,0.0,-0.2
treatment-3015,treatment,0,0,0.0,-0.2
treatment-3016,treatment,0,0,0.0,-0.2
treatment-3017,treatment,0,0,0.0,-0.2
treatment-3018,treatment,0,0,0.0,-0.2
treatment-3019,treatment,0,0,0.0,-0.2
treatment-3020,treatment,0,0,0.0,-0.2
treatment-3021,treatment,0,0,0.0,-0.2
treatment-3022,treatment,0,0,0.0,-0.2
treatment-3023,treatment,0,0,0.0,-0.2
treatment-3024,treatment,0,0,0.0,-0.2
treatment-3025,treatment,0,0,0.0,-0.2
treatment-3026,treatment,0,0,0.0,-0.2
treatment-3027,treatment,0,0,0.0,-0.2
treatment-3028,treatment,0,0,0.0,-0.2
treatment-3029,treatment,0,0,0.0,-0.2
treatment-3030,treatment,0,0,0.0,-0.2
treatment-3031,treatment,0,0,0.0,-0.2
treatment-3032,treatment,0,0,0.0,-0.2
treatment-3033,treatment,0,0,0.0,-0.2
treatment-3034,treatment,0,0,0.0,-0.2
treatment-3035,treatment,0,0,0.0,-0.2
treatment-3036,treatment,0,0,0.0,-0.2
treatment-3037,treatment,0,0,0.0,-0.2
treatment-3038,treatment,0,0,0.0,-0.2
treatment-3039,treatment,0,0,0.0,-0.2
treatment-3040,treatment,0,0,0.0,-0.2
treatment-3041,treatment,0,0,0.0,-0.2
treatment-3042,treatment,0,0,0.0,-0.2
treatment-3043,treatment,0,0,0.0,-0.2
treatment-3044,treatment,0,0,0.0,-0.2
treatment-3045,treatment,0,0,0.0,-0.2
treatment-3046,treatment,0,0,0.0,-0.2
treatment-3047,treatment,0,0,0.0,-0.2
treatment-3048,treatment,0,0,0.0,-0.2
treatment-3049,treatment,0,0,0.0,-0.2
treatment-3050,treatment,0,0,0.0,-0.2
treatment-3051,treatment,0,0,0.0,-0.2
treatment-3052,treatment,0,0,0.0,-0.2
treatment-3053,treatment,0,0,0.0,-0.2
treatment-3054,treatment,0,0,0.0,-0.2
treatment-3055,treatment,0,0,0.0,-0.2
treatment-3056,treatment,0,0,0.0,-0.2
treatment-3057,treatment,0,0,0.0,-0.2
treatment-3058,treatment,0,0,0.0,-0.2
treatment-3059,treatment,0,0,0.0,-0.2
treatment-3060,treatment,0,0,0.0,-0.2
treatment-3061,treatment,0,0,0.0,-0.2
treatment-3062,treatment,0,0,0.0,-0.2
treatment-3063,treatment,0,0,0.0,-0.2
treatment-3064,treatment,0,0,0.0,-0.2
treatment-3065,treatment,0,0,0.0,-0.2
treatment-3066,treatment,0,0,0.0,-0.2
treatment-3067,treatment,0,0,0.0,-0.2
treatment-3068,treatment,0,0,0.0,-0.2
treatment-3069,treatment,1,0,42.0,13.5
treatment-3070,treatment,1,0,42.0,13.5
treatment-3071,treatment,0,0,0.0,-0.2
treatment-3072,treatment,0,0,0.0,-0.2
treatment-3073,treatment,0,0,0.0,-0.2
treatment-3074,treatment,0,0,0.0,-0.2
treatment-3075,treatment,0,0,0.0,-0.2
treatment-3076,treatment,0,0,0.0,-0.2
treatment-3077,treatment,0,0,0.0,-0.2
treatment-3078,treatment,0,0,0.0,-0.2
treatment-3079,treatment,1,0,42.0,13.5
treatment-3080,treatment,0,0,0.0,-0.2
treatment-3081,treatment,0,0,0.0,-0.2
treatment-3082,treatment,0,0,0.0,-0.2
treatment-3083,treatment,0,0,0.0,-0.2
treatment-3084,treatment,0,0,0.0,-0.2
treatment-3085,treatment,0,0,0.0,-0.2
treatment-3086,treatment,0,0,0.0,-0.2
treatment-3087,treatment,0,0,0.0,-0.2
treatment-3088,treatment,0,0,0.0,-0.2
treatment-3089,treatment,0,0,0.0,-0.2
treatment-3090,treatment,0,0,0.0,-0.2
treatment-3091,treatment,0,0,0.0,-0.2
treatment-3092,treatment,0,0,0.0,-0.2
treatment-3093,treatment,0,0,0.0,-0.2
treatment-3094,treatment,0,0,0.0,-0.2
treatment-3095,treatment,0,0,0.0,-0.2
treatment-3096,treatment,0,0,0.0,-0.2
treatment-3097,treatment,0,0,0.0,-0.2
treatment-3098,treatment,0,0,0.0,-0.2
treatment-3099,treatment,0,0,0.0,-0.2
treatment-3100,treatment,0,0,0.0,-0.2
treatment-3101,treatment,0,0,0.0,-0.2
treatment-3102,treatment,0,0,0.0,-0.2
treatment-3103,treatment,0,0,0.0,-0.2
treatment-3104,treatment,0,0,0.0,-0.2
treatment-3105,treatment,0,0,0.0,-0.2
treatment-3106,treatment,0,0,0.0,-0.2
treatment-3107,treatment,0,0,0.0,-0.2
treatment-3108,treatment,0,0,0.0,-0.2
treatment-3109,treatment,0,0,0.0,-0.2
treatment-3110,treatment,0,0,0.0,-0.2
treatment-3111,treatment,0,0,0.0,-0.2
treatment-3112,treatment,0,0,0.0,-0.2
treatment-3113,treatment,0,0,0.0,-0.2
treatment-3114,treatment,0,0,0.0,-0.2
treatment-3115,treatment,0,0,0.0,-0.2
treatment-3116,treatment,0,0,0.0,-0.2
treatment-3117,treatment,0,0,0.0,-0.2
treatment-3118,treatment,0,0,0.0,-0.2
treatment-3119,treatment,0,0,0.0,-0.2
treatment-3120,treatment,0,0,0.0,-0.2
treatment-3121,treatment,0,0,0.0,-0.2
treatment-3122,treatment,0,0,0.0,-0.2
treatment-3123,treatment,0,0,0.0,-0.2
treatment-3124,treatment,0,0,0.0,-0.2
treatment-3125,treatment,0,0,0.0,-0.2
treatment-3126,treatment,0,0,0.0,-0.2
treatment-3127,treatment,0,0,0.0,-0.2
treatment-3128,treatment,0,0,0.0,-0.2
treatment-3129,treatment,0,0,0.0,-0.2
treatment-3130,treatment,0,0,0.0,-0.2
treatment-3131,treatment,0,0,0.0,-0.2
treatment-3132,treatment,0,0,0.0,-0.2
treatment-3133,treatment,0,0,0.0,-0.2
treatment-3134,treatment,0,0,0.0,-0.2
treatment-3135,treatment,0,0,0.0,-0.2
treatment-3136,treatment,0,0,0.0,-0.2
treatment-3137,treatment,0,0,0.0,-0.2
treatment-3138,treatment,0,0,0.0,-0.2
treatment-3139,treatment,0,0,0.0,-0.2
treatment-3140,treatment,0,0,0.0,-0.2
treatment-3141,treatment,0,0,0.0,-0.2
treatment-3142,treatment,0,0,0.0,-0.2
treatment-3143,treatment,0,0,0.0,-0.2
treatment-3144,treatment,0,0,0.0,-0.2
treatment-3145,treatment,0,0,0.0,-0.2
treatment-3146,treatment,0,0,0.0,-0.2
treatment-3147,treatment,0,0,0.0,-0.2
treatment-3148,treatment,0,0,0.0,-0.2
treatment-3149,treatment,0,0,0.0,-0.2
treatment-3150,treatment,0,0,0.0,-0.2
treatment-3151,treatment,0,0,0.0,-0.2
treatment-3152,treatment,1,0,63.0,20.35
treatment-3153,treatment,0,0,0.0,-0.2
treatment-3154,treatment,0,0,0.0,-0.2
treatment-3155,treatment,0,0,0.0,-0.2
treatment-3156,treatment,0,0,0.0,-0.2
treatment-3157,treatment,0,0,0.0,-0.2
treatment-3158,treatment,0,0,0.0,-0.2
treatment-3159,treatment,0,0,0.0,-0.2
treatment-3160,treatment,0,0,0.0,-0.2
treatment-3161,treatment,0,0,0.0,-0.2
treatment-3162,treatment,0,0,0.0,-0.2
treatment-3163,treatment,0,0,0.0,-0.2
treatment-3164,treatment,0,0,0.0,-0.2
treatment-3165,treatment,0,0,0.0,-0.2
treatment-3166,treatment,0,0,0.0,-0.2
treatment-3167,treatment,0,0,0.0,-0.2
treatment-3168,treatment,0,0,0.0,-0.2
treatment-3169,treatment,0,0,0.0,-0.2
treatment-3170,treatment,0,0,0.0,-0.2
treatment-3171,treatment,0,0,0.0,-0.2
treatment-3172,treatment,0,0,0.0,-0.2
treatment-3173,treatment,0,0,0.0,-0.2
treatment-3174,treatment,0,0,0.0,-0.2
treatment-3175,treatment,0,0,0.0,-0.2
treatment-3176,treatment,0,0,0.0,-0.2
treatment-3177,treatment,0,0,0.0,-0.2
treatment-3178,treatment,0,0,0.0,-0.2
treatment-3179,treatment,0,0,0.0,-0.2
treatment-3180,treatment,0,0,0.0,-0.2
treatment-3181,treatment,0,0,0.0,-0.2
treatment-3182,treatment,0,0,0.0,-0.2
treatment-3183,treatment,1,0,21.0,6.6499999999999995
treatment-3184,treatment,0,0,0.0,-0.2
treatment-3185,treatment,0,0,0.0,-0.2
treatment-3186,treatment,0,0,0.0,-0.2
treatment-3187,treatment,0,0,0.0,-0.2
treatment-3188,treatment,0,0,0.0,-0.2
treatment-3189,treatment,0,0,0.0,-0.2
treatment-3190,treatment,0,0,0.0,-0.2
treatment-3191,treatment,0,0,0.0,-0.2
treatment-3192,treatment,0,0,0.0,-0.2
treatment-3193,treatment,0,0,0.0,-0.2
treatment-3194,treatment,0,0,0.0,-0.2
treatment-3195,treatment,0,0,0.0,-0.2
treatment-3196,treatment,0,0,0.0,-0.2
treatment-3197,treatment,1,0,42.0,13.5
treatment-3198,treatment,1,0,63.0,20.35
treatment-3199,treatment,0,0,0.0,-0.2
treatment-3200,treatment,0,0,0.0,-0.2
treatment-3201,treatment,0,0,0.0,-0.2
treatment-3202,treatment,0,0,0.0,-0.2
treatment-3203,treatment,0,0,0.0,-0.2
treatment-3204,treatment,0,0,0.0,-0.2
treatment-3205,treatment,0,0,0.0,-0.2
treatment-3206,treatment,0,0,0.0,-0.2
treatment-3207,treatment,1,0,21.0,6.6499999999999995
treatment-3208,treatment,1,0,21.0,6.6499999999999995
treatment-3209,treatment,0,0,0.0,-0.2
treatment-3210,treatment,0,0,0.0,-0.2
treatment-3211,treatment,0,0,0.0,-0.2
treatment-3212,treatment,0,0,0.0,-0.2
treatment-3213,treatment,0,0,0.0,-0.2
treatment-3214,treatment,0,0,0.0,-0.2
treatment-3215,treatment,0,0,0.0,-0.2
treatment-3216,treatment,0,0,0.0,-0.2
treatment-3217,treatment,0,0,0.0,-0.2
treatment-3218,treatment,0,0,0.0,-0.2
treatment-3219,treatment,0,0,0.0,-0.2
treatment-3220,treatment,0,0,0.0,-0.2
treatment-3221,treatment,0,0,0.0,-0.2
treatment-3222,treatment,0,0,0.0,-0.2
treatment-3223,treatment,0,0,0.0,-0.2
treatment-3224,treatment,0,0,0.0,-0.2
treatment-3225,treatment,0,0,0.0,-0.2
treatment-3226,treatment,0,0,0.0,-0.2
treatment-3227,treatment,0,0,0.0,-0.2
treatment-3228,treatment,0,0,0.0,-0.2
treatment-3229,treatment,0,0,0.0,-0.2
treatment-3230,treatment,0,0,0.0,-0.2
treatment-3231,treatment,1,1,0.0,-9.649999999999999
treatment-3232,treatment,0,0,0.0,-0.2
treatment-3233,treatment,0,0,0.0,-0.2
treatment-3234,treatment,0,0,0.0,-0.2
treatment-3235,treatment,0,0,0.0,-0.2
treatment-3236,treatment,0,0,0.0,-0.2
treatment-3237,treatment,1,1,0.0,-9.649999999999999
treatment-3238,treatment,1,0,21.0,6.6499999999999995
treatment-3239,treatment,0,0,0.0,-0.2
treatment-3240,treatment,0,0,0.0,-0.2
treatment-3241,treatment,0,0,0.0,-0.2
treatment-3242,treatment,0,0,0.0,-0.2
treatment-3243,treatment,0,0,0.0,-0.2
treatment-3244,treatment,0,0,0.0,-0.2
treatment-3245,treatment,0,0,0.0,-0.2
treatment-3246,treatment,0,0,0.0,-0.2
treatment-3247,treatment,0,0,0.0,-0.2
treatment-3248,treatment,0,0,0.0,-0.2
treatment-3249,treatment,0,0,0.0,-0.2
treatment-3250,treatment,0,0,0.0,-0.2
treatment-3251,treatment,0,0,0.0,-0.2
treatment-3252,treatment,0,0,0.0,-0.2
treatment-3253,treatment,0,0,0.0,-0.2
treatment-3254,treatment,1,0,21.0,6.6499999999999995
treatment-3255,treatment,0,0,0.0,-0.2
treatment-3256,treatment,0,0,0.0,-0.2
treatment-3257,treatment,0,0,0.0,-0.2
treatment-3258,treatment,0,0,0.0,-0.2
treatment-3259,treatment,0,0,0.0,-0.2
treatment-3260,treatment,0,0,0.0,-0.2
treatment-3261,treatment,1,0,63.0,20.35
treatment-3262,treatment,0,0,0.0,-0.2
treatment-3263,treatment,0,0,0.0,-0.2
treatment-3264,treatment,0,0,0.0,-0.2
treatment-3265,treatment,0,0,0.0,-0.2
treatment-3266,treatment,0,0,0.0,-0.2
treatment-3267,treatment,0,0,0.0,-0.2
treatment-3268,treatment,0,0,0.0,-0.2
treatment-3269,treatment,0,0,0.0,-0.2
treatment-3270,treatment,0,0,0.0,-0.2
treatment-3271,treatment,0,0,0.0,-0.2
treatment-3272,treatment,0,0,0.0,-0.2
treatment-3273,treatment,0,0,0.0,-0.2
treatment-3274,treatment,0,0,0.0,-0.2
treatment-3275,treatment,0,0,0.0,-0.2
treatment-3276,treatment,0,0,0.0,-0.2
treatment-3277,treatment,0,0,0.0,-0.2
treatment-3278,treatment,1,0,42.0,13.5
treatment-3279,treatment,1,0,63.0,20.35
treatment-3280,treatment,0,0,0.0,-0.2
treatment-3281,treatment,0,0,0.0,-0.2
treatment-3282,treatment,0,0,0.0,-0.2
treatment-3283,treatment,0,0,0.0,-0.2
treatment-3284,treatment,0,0,0.0,-0.2
treatment-3285,treatment,0,0,0.0,-0.2
treatment-3286,treatment,0,0,0.0,-0.2
treatment-3287,treatment,0,0,0.0,-0.2
treatment-3288,treatment,0,0,0.0,-0.2
treatment-3289,treatment,1,0,63.0,20.35
treatment-3290,treatment,0,0,0.0,-0.2
treatment-3291,treatment,0,0,0.0,-0.2
treatment-3292,treatment,0,0,0.0,-0.2
treatment-3293,treatment,0,0,0.0,-0.2
treatment-3294,treatment,0,0,0.0,-0.2
treatment-3295,treatment,0,0,0.0,-0.2
treatment-3296,treatment,0,0,0.0,-0.2
treatment-3297,treatment,0,0,0.0,-0.2
treatment-3298,treatment,0,0,0.0,-0.2
treatment-3299,treatment,0,0,0.0,-0.2
treatment-3300,treatment,0,0,0.0,-0.2
treatment-3301,treatment,0,0,0.0,-0.2
treatment-3302,treatment,0,0,0.0,-0.2
treatment-3303,treatment,0,0,0.0,-0.2
treatment-3304,treatment,0,0,0.0,-0.2
treatment-3305,treatment,0,0,0.0,-0.2
treatment-3306,treatment,1,0,21.0,6.6499999999999995
treatment-3307,treatment,0,0,0.0,-0.2
treatment-3308,treatment,0,0,0.0,-0.2
treatment-3309,treatment,0,0,0.0,-0.2
treatment-3310,treatment,0,0,0.0,-0.2
treatment-3311,treatment,0,0,0.0,-0.2
treatment-3312,treatment,0,0,0.0,-0.2
treatment-3313,treatment,0,0,0.0,-0.2
treatment-3314,treatment,0,0,0.0,-0.2
treatment-3315,treatment,0,0,0.0,-0.2
treatment-3316,treatment,0,0,0.0,-0.2
treatment-3317,treatment,0,0,0.0,-0.2
treatment-3318,treatment,0,0,0.0,-0.2
treatment-3319,treatment,0,0,0.0,-0.2
treatment-3320,treatment,0,0,0.0,-0.2
treatment-3321,treatment,0,0,0.0,-0.2
treatment-3322,treatment,0,0,0.0,-0.2
treatment-3323,treatment,0,0,0.0,-0.2
treatment-3324,treatment,0,0,0.0,-0.2
treatment-3325,treatment,0,0,0.0,-0.2
treatment-3326,treatment,1,0,63.0,20.35
treatment-3327,treatment,0,0,0.0,-0.2
treatment-3328,treatment,1,0,42.0,13.5
treatment-3329,treatment,0,0,0.0,-0.2
treatment-3330,treatment,0,0,0.0,-0.2
treatment-3331,treatment,0,0,0.0,-0.2
treatment-3332,treatment,1,0,63.0,20.35
treatment-3333,treatment,0,0,0.0,-0.2
treatment-3334,treatment,0,0,0.0,-0.2
treatment-3335,treatment,0,0,0.0,-0.2
treatment-3336,treatment,0,0,0.0,-0.2
treatment-3337,treatment,0,0,0.0,-0.2
treatment-3338,treatment,0,0,0.0,-0.2
treatment-3339,treatment,0,0,0.0,-0.2
treatment-3340,treatment,0,0,0.0,-0.2
treatment-3341,treatment,0,0,0.0,-0.2
treatment-3342,treatment,0,0,0.0,-0.2
treatment-3343,treatment,0,0,0.0,-0.2
treatment-3344,treatment,0,0,0.0,-0.2
treatment-3345,treatment,0,0,0.0,-0.2
treatment-3346,treatment,0,0,0.0,-0.2
treatment-3347,treatment,0,0,0.0,-0.2
treatment-3348,treatment,0,0,0.0,-0.2
treatment-3349,treatment,0,0,0.0,-0.2
treatment-3350,treatment,0,0,0.0,-0.2
treatment-3351,treatment,0,0,0.0,-0.2
treatment-3352,treatment,0,0,0.0,-0.2
treatment-3353,treatment,0,0,0.0,-0.2
treatment-3354,treatment,0,0,0.0,-0.2
treatment-3355,treatment,0,0,0.0,-0.2
treatment-3356,treatment,0,0,0.0,-0.2
treatment-3357,treatment,0,0,0.0,-0.2
treatment-3358,treatment,0,0,0.0,-0.2
treatment-3359,treatment,0,0,0.0,-0.2
treatment-3360,treatment,0,0,0.0,-0.2
treatment-3361,treatment,0,0,0.0,-0.2
treatment-3362,treatment,0,0,0.0,-0.2
treatment-3363,treatment,0,0,0.0,-0.2
treatment-3364,treatment,0,0,0.0,-0.2
treatment-3365,treatment,0,0,0.0,-0.2
treatment-3366,treatment,0,0,0.0,-0.2
treatment-3367,treatment,0,0,0.0,-0.2
treatment-3368,treatment,0,0,0.0,-0.2
treatment-3369,treatment,0,0,0.0,-0.2
treatment-3370,treatment,0,0,0.0,-0.2
treatment-3371,treatment,0,0,0.0,-0.2
treatment-3372,treatment,0,0,0.0,-0.2
treatment-3373,treatment,0,0,0.0,-0.2
treatment-3374,treatment,0,0,0.0,-0.2
treatment-3375,treatment,0,0,0.0,-0.2
treatment-3376,treatment,0,0,0.0,-0.2
treatment-3377,treatment,0,0,0.0,-0.2
treatment-3378,treatment,0,0,0.0,-0.2
treatment-3379,treatment,0,0,0.0,-0.2
treatment-3380,treatment,0,0,0.0,-0.2
treatment-3381,treatment,0,0,0.0,-0.2
treatment-3382,treatment,0,0,0.0,-0.2
treatment-3383,treatment,0,0,0.0,-0.2
treatment-3384,treatment,0,0,0.0,-0.2
treatment-3385,treatment,0,0,0.0,-0.2
treatment-3386,treatment,0,0,0.0,-0.2
treatment-3387,treatment,0,0,0.0,-0.2
treatment-3388,treatment,0,0,0.0,-0.2
treatment-3389,treatment,0,0,0.0,-0.2
treatment-3390,treatment,0,0,0.0,-0.2
treatment-3391,treatment,0,0,0.0,-0.2
treatment-3392,treatment,0,0,0.0,-0.2
treatment-3393,treatment,0,0,0.0,-0.2
treatment-3394,treatment,0,0,0.0,-0.2
treatment-3395,treatment,0,0,0.0,-0.2
treatment-3396,treatment,0,0,0.0,-0.2
treatment-3397,treatment,0,0,0.0,-0.2
treatment-3398,treatment,0,0,0.0,-0.2
treatment-3399,treatment,0,0,0.0,-0.2
treatment-3400,treatment,0,0,0.0,-0.2
treatment-3401,treatment,0,0,0.0,-0.2
treatment-3402,treatment,0,0,0.0,-0.2
treatment-3403,treatment,0,0,0.0,-0.2
treatment-3404,treatment,0,0,0.0,-0.2
treatment-3405,treatment,0,0,0.0,-0.2
treatment-3406,treatment,0,0,0.0,-0.2
treatment-3407,treatment,0,0,0.0,-0.2
treatment-3408,treatment,1,0,63.0,20.35
treatment-3409,treatment,0,0,0.0,-0.2
treatment-3410,treatment,0,0,0.0,-0.2
treatment-3411,treatment,0,0,0.0,-0.2
treatment-3412,treatment,0,0,0.0,-0.2
treatment-3413,treatment,0,0,0.0,-0.2
treatment-3414,treatment,0,0,0.0,-0.2
treatment-3415,treatment,0,0,0.0,-0.2
treatment-3416,treatment,0,0,0.0,-0.2
treatment-3417,treatment,0,0,0.0,-0.2
treatment-3418,treatment,0,0,0.0,-0.2
treatment-3419,treatment,0,0,0.0,-0.2
treatment-3420,treatment,0,0,0.0,-0.2
treatment-3421,treatment,0,0,0.0,-0.2
treatment-3422,treatment,0,0,0.0,-0.2
treatment-3423,treatment,0,0,0.0,-0.2
treatment-3424,treatment,0,0,0.0,-0.2
treatment-3425,treatment,0,0,0.0,-0.2
treatment-3426,treatment,0,0,0.0,-0.2
treatment-3427,treatment,0,0,0.0,-0.2
treatment-3428,treatment,0,0,0.0,-0.2
treatment-3429,treatment,0,0,0.0,-0.2
treatment-3430,treatment,0,0,0.0,-0.2
treatment-3431,treatment,0,0,0.0,-0.2
treatment-3432,treatment,0,0,0.0,-0.2
treatment-3433,treatment,1,0,42.0,13.5
treatment-3434,treatment,0,0,0.0,-0.2
treatment-3435,treatment,0,0,0.0,-0.2
treatment-3436,treatment,1,0,63.0,20.35
treatment-3437,treatment,0,0,0.0,-0.2
treatment-3438,treatment,1,0,42.0,13.5
treatment-3439,treatment,0,0,0.0,-0.2
treatment-3440,treatment,0,0,0.0,-0.2
treatment-3441,treatment,0,0,0.0,-0.2
treatment-3442,treatment,0,0,0.0,-0.2
treatment-3443,treatment,0,0,0.0,-0.2
treatment-3444,treatment,0,0,0.0,-0.2
treatment-3445,treatment,0,0,0.0,-0.2
treatment-3446,treatment,0,0,0.0,-0.2
treatment-3447,treatment,0,0,0.0,-0.2
treatment-3448,treatment,0,0,0.0,-0.2
treatment-3449,treatment,0,0,0.0,-0.2
treatment-3450,treatment,0,0,0.0,-0.2
treatment-3451,treatment,0,0,0.0,-0.2
treatment-3452,treatment,0,0,0.0,-0.2
treatment-3453,treatment,0,0,0.0,-0.2
treatment-3454,treatment,0,0,0.0,-0.2
treatment-3455,treatment,0,0,0.0,-0.2
treatment-3456,treatment,0,0,0.0,-0.2
treatment-3457,treatment,0,0,0.0,-0.2
treatment-3458,treatment,0,0,0.0,-0.2
treatment-3459,treatment,0,0,0.0,-0.2
treatment-3460,treatment,0,0,0.0,-0.2
treatment-3461,treatment,0,0,0.0,-0.2
treatment-3462,treatment,0,0,0.0,-0.2
treatment-3463,treatment,0,0,0.0,-0.2
treatment-3464,treatment,0,0,0.0,-0.2
treatment-3465,treatment,0,0,0.0,-0.2
treatment-3466,treatment,0,0,0.0,-0.2
treatment-3467,treatment,0,0,0.0,-0.2
treatment-3468,treatment,0,0,0.0,-0.2
treatment-3469,treatment,0,0,0.0,-0.2
treatment-3470,treatment,0,0,0.0,-0.2
treatment-3471,treatment,0,0,0.0,-0.2
treatment-3472,treatment,1,0,63.0,20.35
treatment-3473,treatment,0,0,0.0,-0.2
treatment-3474,treatment,0,0,0.0,-0.2
treatment-3475,treatment,0,0,0.0,-0.2
treatment-3476,treatment,0,0,0.0,-0.2
treatment-3477,treatment,0,0,0.0,-0.2
treatment-3478,treatment,0,0,0.0,-0.2
treatment-3479,treatment,0,0,0.0,-0.2
treatment-3480,treatment,0,0,0.0,-0.2
treatment-3481,treatment,0,0,0.0,-0.2
treatment-3482,treatment,0,0,0.0,-0.2
treatment-3483,treatment,0,0,0.0,-0.2
treatment-3484,treatment,0,0,0.0,-0.2
treatment-3485,treatment,0,0,0.0,-0.2
treatment-3486,treatment,0,0,0.0,-0.2
treatment-3487,treatment,0,0,0.0,-0.2
treatment-3488,treatment,0,0,0.0,-0.2
treatment-3489,treatment,0,0,0.0,-0.2
treatment-3490,treatment,0,0,0.0,-0.2
treatment-3491,treatment,0,0,0.0,-0.2
treatment-3492,treatment,0,0,0.0,-0.2
treatment-3493,treatment,0,0,0.0,-0.2
treatment-3494,treatment,0,0,0.0,-0.2
treatment-3495,treatment,0,0,0.0,-0.2
treatment-3496,treatment,0,0,0.0,-0.2
treatment-3497,treatment,0,0,0.0,-0.2
treatment-3498,treatment,0,0,0.0,-0.2
treatment-3499,treatment,0,0,0.0,-0.2
treatment-3500,treatment,0,0,0.0,-0.2
treatment-3501,treatment,0,0,0.0,-0.2
treatment-3502,treatment,0,0,0.0,-0.2
treatment-3503,treatment,0,0,0.0,-0.2
treatment-3504,treatment,0,0,0.0,-0.2
treatment-3505,treatment,0,0,0.0,-0.2
treatment-3506,treatment,0,0,0.0,-0.2
treatment-3507,treatment,0,0,0.0,-0.2
treatment-3508,treatment,1,0,63.0,20.35
treatment-3509,treatment,0,0,0.0,-0.2
treatment-3510,treatment,0,0,0.0,-0.2
treatment-3511,treatment,0,0,0.0,-0.2
treatment-3512,treatment,0,0,0.0,-0.2
treatment-3513,treatment,0,0,0.0,-0.2
treatment-3514,treatment,0,0,0.0,-0.2
treatment-3515,treatment,0,0,0.0,-0.2
treatment-3516,treatment,1,0,42.0,13.5
treatment-3517,treatment,0,0,0.0,-0.2
treatment-3518,treatment,1,0,21.0,6.6499999999999995
treatment-3519,treatment,0,0,0.0,-0.2
treatment-3520,treatment,1,1,0.0,-3.35
treatment-3521,treatment,0,0,0.0,-0.2
treatment-3522,treatment,0,0,0.0,-0.2
treatment-3523,treatment,0,0,0.0,-0.2
treatment-3524,treatment,0,0,0.0,-0.2
treatment-3525,treatment,0,0,0.0,-0.2
treatment-3526,treatment,0,0,0.0,-0.2
treatment-3527,treatment,0,0,0.0,-0.2
treatment-3528,treatment,0,0,0.0,-0.2
treatment-3529,treatment,0,0,0.0,-0.2
treatment-3530,treatment,0,0,0.0,-0.2
treatment-3531,treatment,0,0,0.0,-0.2
treatment-3532,treatment,0,0,0.0,-0.2
treatment-3533,treatment,0,0,0.0,-0.2
treatment-3534,treatment,0,0,0.0,-0.2
treatment-3535,treatment,0,0,0.0,-0.2
treatment-3536,treatment,0,0,0.0,-0.2
treatment-3537,treatment,1,0,42.0,13.5
treatment-3538,treatment,0,0,0.0,-0.2
treatment-3539,treatment,0,0,0.0,-0.2
treatment-3540,treatment,0,0,0.0,-0.2
treatment-3541,treatment,0,0,0.0,-0.2
treatment-3542,treatment,0,0,0.0,-0.2
treatment-3543,treatment,1,0,42.0,13.5
treatment-3544,treatment,0,0,0.0,-0.2
treatment-3545,treatment,0,0,0.0,-0.2
treatment-3546,treatment,0,0,0.0,-0.2
treatment-3547,treatment,0,0,0.0,-0.2
treatment-3548,treatment,0,0,0.0,-0.2
treatment-3549,treatment,1,0,21.0,6.6499999999999995
treatment-3550,treatment,0,0,0.0,-0.2
treatment-3551,treatment,0,0,0.0,-0.2
treatment-3552,treatment,0,0,0.0,-0.2
treatment-3553,treatment,0,0,0.0,-0.2
treatment-3554,treatment,0,0,0.0,-0.2
treatment-3555,treatment,0,0,0.0,-0.2
treatment-3556,treatment,0,0,0.0,-0.2
treatment-3557,treatment,0,0,0.0,-0.2
treatment-3558,treatment,0,0,0.0,-0.2
treatment-3559,treatment,0,0,0.0,-0.2
treatment-3560,treatment,0,0,0.0,-0.2
treatment-3561,treatment,0,0,0.0,-0.2
treatment-3562,treatment,0,0,0.0,-0.2
treatment-3563,treatment,0,0,0.0,-0.2
treatment-3564,treatment,0,0,0.0,-0.2
treatment-3565,treatment,0,0,0.0,-0.2
treatment-3566,treatment,0,0,0.0,-0.2
treatment-3567,treatment,0,0,0.0,-0.2
treatment-3568,treatment,0,0,0.0,-0.2
treatment-3569,treatment,0,0,0.0,-0.2
treatment-3570,treatment,0,0,0.0,-0.2
treatment-3571,treatment,0,0,0.0,-0.2
treatment-3572,treatment,0,0,0.0,-0.2
treatment-3573,treatment,0,0,0.0,-0.2
treatment-3574,treatment,0,0,0.0,-0.2
treatment-3575,treatment,0,0,0.0,-0.2
treatment-3576,treatment,0,0,0.0,-0.2
treatment-3577,treatment,0,0,0.0,-0.2
treatment-3578,treatment,0,0,0.0,-0.2
treatment-3579,treatment,0,0,0.0,-0.2
treatment-3580,treatment,0,0,0.0,-0.2
treatment-3581,treatment,0,0,0.0,-0.2
treatment-3582,treatment,0,0,0.0,-0.2
treatment-3583,treatment,0,0,0.0,-0.2
treatment-3584,treatment,0,0,0.0,-0.2
treatment-3585,treatment,0,0,0.0,-0.2
treatment-3586,treatment,0,0,0.0,-0.2
treatment-3587,treatment,0,0,0.0,-0.2
treatment-3588,treatment,0,0,0.0,-0.2
treatment-3589,treatment,0,0,0.0,-0.2
treatment-3590,treatment,0,0,0.0,-0.2
treatment-3591,treatment,0,0,0.0,-0.2
treatment-3592,treatment,0,0,0.0,-0.2
treatment-3593,treatment,0,0,0.0,-0.2
treatment-3594,treatment,0,0,0.0,-0.2
treatment-3595,treatment,0,0,0.0,-0.2
treatment-3596,treatment,0,0,0.0,-0.2
treatment-3597,treatment,0,0,0.0,-0.2
treatment-3598,treatment,0,0,0.0,-0.2
treatment-3599,treatment,0,0,0.0,-0.2
treatment-3600,treatment,0,0,0.0,-0.2
treatment-3601,treatment,0,0,0.0,-0.2
treatment-3602,treatment,0,0,0.0,-0.2
treatment-3603,treatment,0,0,0.0,-0.2
treatment-3604,treatment,0,0,0.0,-0.2
treatment-3605,treatment,0,0,0.0,-0.2
treatment-3606,treatment,0,0,0.0,-0.2
treatment-3607,treatment,0,0,0.0,-0.2
treatment-3608,treatment,0,0,0.0,-0.2
treatment-3609,treatment,0,0,0.0,-0.2
treatment-3610,treatment,0,0,0.0,-0.2
treatment-3611,treatment,0,0,0.0,-0.2
treatment-3612,treatment,0,0,0.0,-0.2
treatment-3613,treatment,0,0,0.0,-0.2
treatment-3614,treatment,0,0,0.0,-0.2
treatment-3615,treatment,0,0,0.0,-0.2
treatment-3616,treatment,0,0,0.0,-0.2
treatment-3617,treatment,0,0,0.0,-0.2
treatment-3618,treatment,0,0,0.0,-0.2
treatment-3619,treatment,0,0,0.0,-0.2
treatment-3620,treatment,0,0,0.0,-0.2
treatment-3621,treatment,0,0,0.0,-0.2
treatment-3622,treatment,0,0,0.0,-0.2
treatment-3623,treatment,0,0,0.0,-0.2
treatment-3624,treatment,0,0,0.0,-0.2
treatment-3625,treatment,0,0,0.0,-0.2
treatment-3626,treatment,0,0,0.0,-0.2
treatment-3627,treatment,0,0,0.0,-0.2
treatment-3628,treatment,0,0,0.0,-0.2
treatment-3629,treatment,0,0,0.0,-0.2
treatment-3630,treatment,0,0,0.0,-0.2
treatment-3631,treatment,0,0,0.0,-0.2
treatment-3632,treatment,0,0,0.0,-0.2
treatment-3633,treatment,0,0,0.0,-0.2
treatment-3634,treatment,0,0,0.0,-0.2
treatment-3635,treatment,0,0,0.0,-0.2
treatment-3636,treatment,0,0,0.0,-0.2
treatment-3637,treatment,0,0,0.0,-0.2
treatment-3638,treatment,0,0,0.0,-0.2
treatment-3639,treatment,0,0,0.0,-0.2
treatment-3640,treatment,0,0,0.0,-0.2
treatment-3641,treatment,0,0,0.0,-0.2
treatment-3642,treatment,0,0,0.0,-0.2
treatment-3643,treatment,1,0,42.0,13.5
treatment-3644,treatment,0,0,0.0,-0.2
treatment-3645,treatment,0,0,0.0,-0.2
treatment-3646,treatment,0,0,0.0,-0.2
treatment-3647,treatment,0,0,0.0,-0.2
treatment-3648,treatment,0,0,0.0,-0.2
treatment-3649,treatment,0,0,0.0,-0.2
treatment-3650,treatment,0,0,0.0,-0.2
treatment-3651,treatment,0,0,0.0,-0.2
treatment-3652,treatment,0,0,0.0,-0.2
treatment-3653,treatment,0,0,0.0,-0.2
treatment-3654,treatment,0,0,0.0,-0.2
treatment-3655,treatment,0,0,0.0,-0.2
treatment-3656,treatment,0,0,0.0,-0.2
treatment-3657,treatment,0,0,0.0,-0.2
treatment-3658,treatment,0,0,0.0,-0.2
treatment-3659,treatment,0,0,0.0,-0.2
treatment-3660,treatment,0,0,0.0,-0.2
treatment-3661,treatment,0,0,0.0,-0.2
treatment-3662,treatment,0,0,0.0,-0.2
treatment-3663,treatment,0,0,0.0,-0.2
treatment-3664,treatment,0,0,0.0,-0.2
treatment-3665,treatment,0,0,0.0,-0.2
treatment-3666,treatment,0,0,0.0,-0.2
treatment-3667,treatment,0,0,0.0,-0.2
treatment-3668,treatment,0,0,0.0,-0.2
treatment-3669,treatment,0,0,0.0,-0.2
treatment-3670,treatment,0,0,0.0,-0.2
treatment-3671,treatment,0,0,0.0,-0.2
treatment-3672,treatment,0,0,0.0,-0.2
treatment-3673,treatment,0,0,0.0,-0.2
treatment-3674,treatment,0,0,0.0,-0.2
treatment-3675,treatment,0,0,0.0,-0.2
treatment-3676,treatment,1,1,0.0,-3.35
treatment-3677,treatment,0,0,0.0,-0.2
treatment-3678,treatment,0,0,0.0,-0.2
treatment-3679,treatment,0,0,0.0,-0.2
treatment-3680,treatment,0,0,0.0,-0.2
treatment-3681,treatment,0,0,0.0,-0.2
treatment-3682,treatment,0,0,0.0,-0.2
treatment-3683,treatment,0,0,0.0,-0.2
treatment-3684,treatment,0,0,0.0,-0.2
treatment-3685,treatment,0,0,0.0,-0.2
treatment-3686,treatment,0,0,0.0,-0.2
treatment-3687,treatment,0,0,0.0,-0.2
treatment-3688,treatment,0,0,0.0,-0.2
treatment-3689,treatment,0,0,0.0,-0.2
treatment-3690,treatment,0,0,0.0,-0.2
treatment-3691,treatment,0,0,0.0,-0.2
treatment-3692,treatment,0,0,0.0,-0.2
treatment-3693,treatment,0,0,0.0,-0.2
treatment-3694,treatment,1,1,0.0,-9.649999999999999
treatment-3695,treatment,0,0,0.0,-0.2
treatment-3696,treatment,0,0,0.0,-0.2
treatment-3697,treatment,0,0,0.0,-0.2
treatment-3698,treatment,0,0,0.0,-0.2
treatment-3699,treatment,0,0,0.0,-0.2
treatment-3700,treatment,0,0,0.0,-0.2
treatment-3701,treatment,0,0,0.0,-0.2
treatment-3702,treatment,0,0,0.0,-0.2
treatment-3703,treatment,0,0,0.0,-0.2
treatment-3704,treatment,0,0,0.0,-0.2
treatment-3705,treatment,0,0,0.0,-0.2
treatment-3706,treatment,0,0,0.0,-0.2
treatment-3707,treatment,0,0,0.0,-0.2
treatment-3708,treatment,0,0,0.0,-0.2
treatment-3709,treatment,0,0,0.0,-0.2
treatment-3710,treatment,0,0,0.0,-0.2
treatment-3711,treatment,0,0,0.0,-0.2
treatment-3712,treatment,0,0,0.0,-0.2
treatment-3713,treatment,0,0,0.0,-0.2
treatment-3714,treatment,0,0,0.0,-0.2
treatment-3715,treatment,0,0,0.0,-0.2
treatment-3716,treatment,0,0,0.0,-0.2
treatment-3717,treatment,0,0,0.0,-0.2
treatment-3718,treatment,0,0,0.0,-0.2
treatment-3719,treatment,0,0,0.0,-0.2
treatment-3720,treatment,0,0,0.0,-0.2
treatment-3721,treatment,0,0,0.0,-0.2
treatment-3722,treatment,0,0,0.0,-0.2
treatment-3723,treatment,1,0,42.0,13.5
treatment-3724,treatment,0,0,0.0,-0.2
treatment-3725,treatment,0,0,0.0,-0.2
treatment-3726,treatment,0,0,0.0,-0.2
treatment-3727,treatment,0,0,0.0,-0.2
treatment-3728,treatment,0,0,0.0,-0.2
treatment-3729,treatment,0,0,0.0,-0.2
treatment-3730,treatment,0,0,0.0,-0.2
treatment-3731,treatment,0,0,0.0,-0.2
treatment-3732,treatment,0,0,0.0,-0.2
treatment-3733,treatment,0,0,0.0,-0.2
treatment-3734,treatment,0,0,0.0,-0.2
treatment-3735,treatment,0,0,0.0,-0.2
treatment-3736,treatment,0,0,0.0,-0.2
treatment-3737,treatment,0,0,0.0,-0.2
treatment-3738,treatment,0,0,0.0,-0.2
treatment-3739,treatment,0,0,0.0,-0.2
treatment-3740,treatment,0,0,0.0,-0.2
treatment-3741,treatment,0,0,0.0,-0.2
treatment-3742,treatment,0,0,0.0,-0.2
treatment-3743,treatment,0,0,0.0,-0.2
treatment-3744,treatment,0,0,0.0,-0.2
treatment-3745,treatment,0,0,0.0,-0.2
treatment-3746,treatment,1,0,63.0,20.35
treatment-3747,treatment,0,0,0.0,-0.2
treatment-3748,treatment,0,0,0.0,-0.2
treatment-3749,treatment,0,0,0.0,-0.2
treatment-3750,treatment,0,0,0.0,-0.2
treatment-3751,treatment,0,0,0.0,-0.2
treatment-3752,treatment,0,0,0.0,-0.2
treatment-3753,treatment,0,0,0.0,-0.2
treatment-3754,treatment,0,0,0.0,-0.2
treatment-3755,treatment,0,0,0.0,-0.2
treatment-3756,treatment,0,0,0.0,-0.2
treatment-3757,treatment,0,0,0.0,-0.2
treatment-3758,treatment,0,0,0.0,-0.2
treatment-3759,treatment,0,0,0.0,-0.2
treatment-3760,treatment,0,0,0.0,-0.2
treatment-3761,treatment,0,0,0.0,-0.2
treatment-3762,treatment,0,0,0.0,-0.2
treatment-3763,treatment,0,0,0.0,-0.2
treatment-3764,treatment,0,0,0.0,-0.2
treatment-3765,treatment,0,0,0.0,-0.2
treatment-3766,treatment,0,0,0.0,-0.2
treatment-3767,treatment,0,0,0.0,-0.2
treatment-3768,treatment,0,0,0.0,-0.2
treatment-3769,treatment,0,0,0.0,-0.2
treatment-3770,treatment,0,0,0.0,-0.2
treatment-3771,treatment,0,0,0.0,-0.2
treatment-3772,treatment,0,0,0.0,-0.2
treatment-3773,treatment,0,0,0.0,-0.2
treatment-3774,treatment,0,0,0.0,-0.2
treatment-3775,treatment,0,0,0.0,-0.2
treatment-3776,treatment,0,0,0.0,-0.2
treatment-3777,treatment,0,0,0.0,-0.2
treatment-3778,treatment,0,0,0.0,-0.2
treatment-3779,treatment,0,0,0.0,-0.2
treatment-3780,treatment,0,0,0.0,-0.2
treatment-3781,treatment,0,0,0.0,-0.2
treatment-3782,treatment,0,0,0.0,-0.2
treatment-3783,treatment,0,0,0.0,-0.2
treatment-3784,treatment,0,0,0.0,-0.2
treatment-3785,treatment,0,0,0.0,-0.2
treatment-3786,treatment,0,0,0.0,-0.2
treatment-3787,treatment,0,0,0.0,-0.2
treatment-3788,treatment,0,0,0.0,-0.2
treatment-3789,treatment,0,0,0.0,-0.2
treatment-3790,treatment,0,0,0.0,-0.2
treatment-3791,treatment,0,0,0.0,-0.2
treatment-3792,treatment,0,0,0.0,-0.2
treatment-3793,treatment,0,0,0.0,-0.2
treatment-3794,treatment,0,0,0.0,-0.2
treatment-3795,treatment,0,0,0.0,-0.2
treatment-3796,treatment,0,0,0.0,-0.2
treatment-3797,treatment,0,0,0.0,-0.2
treatment-3798,treatment,0,0,0.0,-0.2
treatment-3799,treatment,1,0,63.0,20.35
treatment-3800,treatment,0,0,0.0,-0.2
treatment-3801,treatment,0,0,0.0,-0.2
treatment-3802,treatment,0,0,0.0,-0.2
treatment-3803,treatment,0,0,0.0,-0.2
treatment-3804,treatment,0,0,0.0,-0.2
treatment-3805,treatment,0,0,0.0,-0.2
treatment-3806,treatment,0,0,0.0,-0.2
treatment-3807,treatment,0,0,0.0,-0.2
treatment-3808,treatment,0,0,0.0,-0.2
treatment-3809,treatment,0,0,0.0,-0.2
treatment-3810,treatment,0,0,0.0,-0.2
treatment-3811,treatment,0,0,0.0,-0.2
treatment-3812,treatment,0,0,0.0,-0.2
treatment-3813,treatment,0,0,0.0,-0.2
treatment-3814,treatment,0,0,0.0,-0.2
treatment-3815,treatment,0,0,0.0,-0.2
treatment-3816,treatment,0,0,0.0,-0.2
treatment-3817,treatment,0,0,0.0,-0.2
treatment-3818,treatment,0,0,0.0,-0.2
treatment-3819,treatment,1,0,21.0,6.6499999999999995
treatment-3820,treatment,0,0,0.0,-0.2
treatment-3821,treatment,0,0,0.0,-0.2
treatment-3822,treatment,1,0,42.0,13.5
treatment-3823,treatment,0,0,0.0,-0.2
treatment-3824,treatment,0,0,0.0,-0.2
treatment-3825,treatment,0,0,0.0,-0.2
treatment-3826,treatment,0,0,0.0,-0.2
treatment-3827,treatment,0,0,0.0,-0.2
treatment-3828,treatment,0,0,0.0,-0.2
treatment-3829,treatment,0,0,0.0,-0.2
treatment-3830,treatment,1,0,42.0,13.5
treatment-3831,treatment,0,0,0.0,-0.2
treatment-3832,treatment,0,0,0.0,-0.2
treatment-3833,treatment,0,0,0.0,-0.2
treatment-3834,treatment,0,0,0.0,-0.2
treatment-3835,treatment,0,0,0.0,-0.2
treatment-3836,treatment,0,0,0.0,-0.2
treatment-3837,treatment,0,0,0.0,-0.2
treatment-3838,treatment,0,0,0.0,-0.2
treatment-3839,treatment,0,0,0.0,-0.2
treatment-3840,treatment,1,1,0.0,-6.5
treatment-3841,treatment,0,0,0.0,-0.2
treatment-3842,treatment,0,0,0.0,-0.2
treatment-3843,treatment,0,0,0.0,-0.2
treatment-3844,treatment,0,0,0.0,-0.2
treatment-3845,treatment,0,0,0.0,-0.2
treatment-3846,treatment,0,0,0.0,-0.2
treatment-3847,treatment,1,0,63.0,20.35
treatment-3848,treatment,0,0,0.0,-0.2
treatment-3849,treatment,0,0,0.0,-0.2
treatment-3850,treatment,0,0,0.0,-0.2
treatment-3851,treatment,1,0,42.0,13.5
treatment-3852,treatment,0,0,0.0,-0.2
treatment-3853,treatment,0,0,0.0,-0.2
treatment-3854,treatment,0,0,0.0,-0.2
treatment-3855,treatment,0,0,0.0,-0.2
treatment-3856,treatment,0,0,0.0,-0.2
treatment-3857,treatment,0,0,0.0,-0.2
treatment-3858,treatment,0,0,0.0,-0.2
treatment-3859,treatment,0,0,0.0,-0.2
treatment-3860,treatment,0,0,0.0,-0.2
treatment-3861,treatment,0,0,0.0,-0.2
treatment-3862,treatment,0,0,0.0,-0.2
treatment-3863,treatment,0,0,0.0,-0.2
treatment-3864,treatment,0,0,0.0,-0.2
treatment-3865,treatment,0,0,0.0,-0.2
treatment-3866,treatment,1,0,42.0,13.5
treatment-3867,treatment,0,0,0.0,-0.2
treatment-3868,treatment,0,0,0.0,-0.2
treatment-3869,treatment,0,0,0.0,-0.2
treatment-3870,treatment,0,0,0.0,-0.2
treatment-3871,treatment,0,0,0.0,-0.2
treatment-3872,treatment,0,0,0.0,-0.2
treatment-3873,treatment,0,0,0.0,-0.2
treatment-3874,treatment,0,0,0.0,-0.2
treatment-3875,treatment,0,0,0.0,-0.2
treatment-3876,treatment,0,0,0.0,-0.2
treatment-3877,treatment,0,0,0.0,-0.2
treatment-3878,treatment,0,0,0.0,-0.2
treatment-3879,treatment,0,0,0.0,-0.2
treatment-3880,treatment,0,0,0.0,-0.2
treatment-3881,treatment,0,0,0.0,-0.2
treatment-3882,treatment,0,0,0.0,-0.2
treatment-3883,treatment,0,0,0.0,-0.2
treatment-3884,treatment,0,0,0.0,-0.2
treatment-3885,treatment,0,0,0.0,-0.2
treatment-3886,treatment,0,0,0.0,-0.2
treatment-3887,treatment,0,0,0.0,-0.2
treatment-3888,treatment,0,0,0.0,-0.2
treatment-3889,treatment,0,0,0.0,-0.2
treatment-3890,treatment,0,0,0.0,-0.2
treatment-3891,treatment,0,0,0.0,-0.2
treatment-3892,treatment,0,0,0.0,-0.2
treatment-3893,treatment,0,0,0.0,-0.2
treatment-3894,treatment,0,0,0.0,-0.2
treatment-3895,treatment,0,0,0.0,-0.2
treatment-3896,treatment,0,0,0.0,-0.2
treatment-3897,treatment,0,0,0.0,-0.2
treatment-3898,treatment,0,0,0.0,-0.2
treatment-3899,treatment,0,0,0.0,-0.2
treatment-3900,treatment,0,0,0.0,-0.2
treatment-3901,treatment,0,0,0.0,-0.2
treatment-3902,treatment,0,0,0.0,-0.2
treatment-3903,treatment,0,0,0.0,-0.2
treatment-3904,treatment,0,0,0.0,-0.2
treatment-3905,treatment,0,0,0.0,-0.2
treatment-3906,treatment,0,0,0.0,-0.2
treatment-3907,treatment,0,0,0.0,-0.2
treatment-3908,treatment,0,0,0.0,-0.2
treatment-3909,treatment,0,0,0.0,-0.2
treatment-3910,treatment,0,0,0.0,-0.2
treatment-3911,treatment,0,0,0.0,-0.2
treatment-3912,treatment,0,0,0.0,-0.2
treatment-3913,treatment,0,0,0.0,-0.2
treatment-3914,treatment,0,0,0.0,-0.2
treatment-3915,treatment,0,0,0.0,-0.2
treatment-3916,treatment,0,0,0.0,-0.2
treatment-3917,treatment,0,0,0.0,-0.2
treatment-3918,treatment,0,0,0.0,-0.2
treatment-3919,treatment,0,0,0.0,-0.2
treatment-3920,treatment,0,0,0.0,-0.2
treatment-3921,treatment,0,0,0.0,-0.2
treatment-3922,treatment,0,0,0.0,-0.2
treatment-3923,treatment,0,0,0.0,-0.2
treatment-3924,treatment,0,0,0.0,-0.2
treatment-3925,treatment,0,0,0.0,-0.2
treatment-3926,treatment,0,0,0.0,-0.2
treatment-3927,treatment,0,0,0.0,-0.2
treatment-3928,treatment,0,0,0.0,-0.2
treatment-3929,treatment,0,0,0.0,-0.2
treatment-3930,treatment,0,0,0.0,-0.2
treatment-3931,treatment,0,0,0.0,-0.2
treatment-3932,treatment,0,0,0.0,-0.2
treatment-3933,treatment,0,0,0.0,-0.2
treatment-3934,treatment,0,0,0.0,-0.2
treatment-3935,treatment,0,0,0.0,-0.2
treatment-3936,treatment,0,0,0.0,-0.2
treatment-3937,treatment,0,0,0.0,-0.2
treatment-3938,treatment,0,0,0.0,-0.2
treatment-3939,treatment,0,0,0.0,-0.2
treatment-3940,treatment,0,0,0.0,-0.2
treatment-3941,treatment,0,0,0.0,-0.2
treatment-3942,treatment,0,0,0.0,-0.2
treatment-3943,treatment,0,0,0.0,-0.2
treatment-3944,treatment,0,0,0.0,-0.2
treatment-3945,treatment,0,0,0.0,-0.2
treatment-3946,treatment,0,0,0.0,-0.2
treatment-3947,treatment,0,0,0.0,-0.2
treatment-3948,treatment,0,0,0.0,-0.2
treatment-3949,treatment,0,0,0.0,-0.2
treatment-3950,treatment,0,0,0.0,-0.2
treatment-3951,treatment,0,0,0.0,-0.2
treatment-3952,treatment,0,0,0.0,-0.2
treatment-3953,treatment,0,0,0.0,-0.2
treatment-3954,treatment,0,0,0.0,-0.2
treatment-3955,treatment,0,0,0.0,-0.2
treatment-3956,treatment,0,0,0.0,-0.2
treatment-3957,treatment,0,0,0.0,-0.2
treatment-3958,treatment,0,0,0.0,-0.2
treatment-3959,treatment,0,0,0.0,-0.2
treatment-3960,treatment,0,0,0.0,-0.2
treatment-3961,treatment,0,0,0.0,-0.2
treatment-3962,treatment,0,0,0.0,-0.2
treatment-3963,treatment,0,0,0.0,-0.2
treatment-3964,treatment,0,0,0.0,-0.2
treatment-3965,treatment,0,0,0.0,-0.2
treatment-3966,treatment,0,0,0.0,-0.2
treatment-3967,treatment,0,0,0.0,-0.2
treatment-3968,treatment,0,0,0.0,-0.2
treatment-3969,treatment,0,0,0.0,-0.2
treatment-3970,treatment,0,0,0.0,-0.2
treatment-3971,treatment,0,0,0.0,-0.2
treatment-3972,treatment,0,0,0.0,-0.2
treatment-3973,treatment,0,0,0.0,-0.2
treatment-3974,treatment,0,0,0.0,-0.2
treatment-3975,treatment,0,0,0.0,-0.2
treatment-3976,treatment,0,0,0.0,-0.2
treatment-3977,treatment,0,0,0.0,-0.2
treatment-3978,treatment,0,0,0.0,-0.2
treatment-3979,treatment,0,0,0.0,-0.2
treatment-3980,treatment,0,0,0.0,-0.2
treatment-3981,treatment,0,0,0.0,-0.2
treatment-3982,treatment,0,0,0.0,-0.2
treatment-3983,treatment,0,0,0.0,-0.2
treatment-3984,treatment,0,0,0.0,-0.2
treatment-3985,treatment,0,0,0.0,-0.2
treatment-3986,treatment,0,0,0.0,-0.2
treatment-3987,treatment,0,0,0.0,-0.2
treatment-3988,treatment,0,0,0.0,-0.2
treatment-3989,treatment,0,0,0.0,-0.2
treatment-3990,treatment,0,0,0.0,-0.2
treatment-3991,treatment,0,0,0.0,-0.2
treatment-3992,treatment,0,0,0.0,-0.2
treatment-3993,treatment,0,0,0.0,-0.2
treatment-3994,treatment,0,0,0.0,-0.2
treatment-3995,treatment,0,0,0.0,-0.2
treatment-3996,treatment,0,0,0.0,-0.2
treatment-3997,treatment,0,0,0.0,-0.2
treatment-3998,treatment,0,0,0.0,-0.2
treatment-3999,treatment,0,0,0.0,-0.2
treatment-4000,treatment,0,0,0.0,-0.2
treatment-4001,treatment,0,0,0.0,-0.2
treatment-4002,treatment,0,0,0.0,-0.2
treatment-4003,treatment,0,0,0.0,-0.2
treatment-4004,treatment,0,0,0.0,-0.2
treatment-4005,treatment,0,0,0.0,-0.2
treatment-4006,treatment,0,0,0.0,-0.2
treatment-4007,treatment,1,0,21.0,6.6499999999999995
treatment-4008,treatment,0,0,0.0,-0.2
treatment-4009,treatment,0,0,0.0,-0.2
treatment-4010,treatment,0,0,0.0,-0.2
treatment-4011,treatment,0,0,0.0,-0.2
treatment-4012,treatment,0,0,0.0,-0.2
treatment-4013,treatment,0,0,0.0,-0.2
treatment-4014,treatment,0,0,0.0,-0.2
treatment-4015,treatment,0,0,0.0,-0.2
treatment-4016,treatment,0,0,0.0,-0.2
treatment-4017,treatment,0,0,0.0,-0.2
treatment-4018,treatment,0,0,0.0,-0.2
treatment-4019,treatment,0,0,0.0,-0.2
treatment-4020,treatment,0,0,0.0,-0.2
treatment-4021,treatment,0,0,0.0,-0.2
treatment-4022,treatment,0,0,0.0,-0.2
treatment-4023,treatment,0,0,0.0,-0.2
treatment-4024,treatment,0,0,0.0,-0.2
treatment-4025,treatment,0,0,0.0,-0.2
treatment-4026,treatment,0,0,0.0,-0.2
treatment-4027,treatment,0,0,0.0,-0.2
treatment-4028,treatment,0,0,0.0,-0.2
treatment-4029,treatment,0,0,0.0,-0.2
treatment-4030,treatment,0,0,0.0,-0.2
treatment-4031,treatment,0,0,0.0,-0.2
treatment-4032,treatment,0,0,0.0,-0.2
treatment-4033,treatment,0,0,0.0,-0.2
treatment-4034,treatment,0,0,0.0,-0.2
treatment-4035,treatment,0,0,0.0,-0.2
treatment-4036,treatment,0,0,0.0,-0.2
treatment-4037,treatment,0,0,0.0,-0.2
treatment-4038,treatment,0,0,0.0,-0.2
treatment-4039,treatment,0,0,0.0,-0.2
treatment-4040,treatment,1,0,21.0,6.6499999999999995
treatment-4041,treatment,0,0,0.0,-0.2
treatment-4042,treatment,0,0,0.0,-0.2
treatment-4043,treatment,0,0,0.0,-0.2
treatment-4044,treatment,0,0,0.0,-0.2
treatment-4045,treatment,1,0,21.0,6.6499999999999995
treatment-4046,treatment,0,0,0.0,-0.2
treatment-4047,treatment,0,0,0.0,-0.2
treatment-4048,treatment,0,0,0.0,-0.2
treatment-4049,treatment,0,0,0.0,-0.2
treatment-4050,treatment,0,0,0.0,-0.2
treatment-4051,treatment,0,0,0.0,-0.2
treatment-4052,treatment,0,0,0.0,-0.2
treatment-4053,treatment,1,0,63.0,20.35
treatment-4054,treatment,0,0,0.0,-0.2
treatment-4055,treatment,0,0,0.0,-0.2
treatment-4056,treatment,0,0,0.0,-0.2
treatment-4057,treatment,0,0,0.0,-0.2
treatment-4058,treatment,0,0,0.0,-0.2
treatment-4059,treatment,0,0,0.0,-0.2
treatment-4060,treatment,0,0,0.0,-0.2
treatment-4061,treatment,0,0,0.0,-0.2
treatment-4062,treatment,0,0,0.0,-0.2
treatment-4063,treatment,0,0,0.0,-0.2
treatment-4064,treatment,0,0,0.0,-0.2
treatment-4065,treatment,0,0,0.0,-0.2
treatment-4066,treatment,0,0,0.0,-0.2
treatment-4067,treatment,0,0,0.0,-0.2
treatment-4068,treatment,1,0,63.0,20.35
treatment-4069,treatment,0,0,0.0,-0.2
treatment-4070,treatment,0,0,0.0,-0.2
treatment-4071,treatment,0,0,0.0,-0.2
treatment-4072,treatment,0,0,0.0,-0.2
treatment-4073,treatment,0,0,0.0,-0.2
treatment-4074,treatment,0,0,0.0,-0.2
treatment-4075,treatment,0,0,0.0,-0.2
treatment-4076,treatment,0,0,0.0,-0.2
treatment-4077,treatment,0,0,0.0,-0.2
treatment-4078,treatment,0,0,0.0,-0.2
treatment-4079,treatment,0,0,0.0,-0.2
treatment-4080,treatment,0,0,0.0,-0.2
treatment-4081,treatment,0,0,0.0,-0.2
treatment-4082,treatment,0,0,0.0,-0.2
treatment-4083,treatment,0,0,0.0,-0.2
treatment-4084,treatment,0,0,0.0,-0.2
treatment-4085,treatment,0,0,0.0,-0.2
treatment-4086,treatment,0,0,0.0,-0.2
treatment-4087,treatment,0,0,0.0,-0.2
treatment-4088,treatment,0,0,0.0,-0.2
treatment-4089,treatment,1,0,21.0,6.6499999999999995
treatment-4090,treatment,0,0,0.0,-0.2
treatment-4091,treatment,0,0,0.0,-0.2
treatment-4092,treatment,0,0,0.0,-0.2
treatment-4093,treatment,0,0,0.0,-0.2
treatment-4094,treatment,0,0,0.0,-0.2
treatment-4095,treatment,0,0,0.0,-0.2
treatment-4096,treatment,0,0,0.0,-0.2
treatment-4097,treatment,0,0,0.0,-0.2
treatment-4098,treatment,1,0,42.0,13.5
treatment-4099,treatment,0,0,0.0,-0.2
treatment-4100,treatment,0,0,0.0,-0.2
treatment-4101,treatment,0,0,0.0,-0.2
treatment-4102,treatment,0,0,0.0,-0.2
treatment-4103,treatment,0,0,0.0,-0.2
treatment-4104,treatment,0,0,0.0,-0.2
treatment-4105,treatment,0,0,0.0,-0.2
treatment-4106,treatment,0,0,0.0,-0.2
treatment-4107,treatment,0,0,0.0,-0.2
treatment-4108,treatment,0,0,0.0,-0.2
treatment-4109,treatment,0,0,0.0,-0.2
treatment-4110,treatment,1,0,42.0,13.5
treatment-4111,treatment,0,0,0.0,-0.2
treatment-4112,treatment,0,0,0.0,-0.2
treatment-4113,treatment,0,0,0.0,-0.2
treatment-4114,treatment,0,0,0.0,-0.2
treatment-4115,treatment,0,0,0.0,-0.2
treatment-4116,treatment,0,0,0.0,-0.2
treatment-4117,treatment,0,0,0.0,-0.2
treatment-4118,treatment,0,0,0.0,-0.2
treatment-4119,treatment,0,0,0.0,-0.2
treatment-4120,treatment,0,0,0.0,-0.2
treatment-4121,treatment,0,0,0.0,-0.2
treatment-4122,treatment,0,0,0.0,-0.2
treatment-4123,treatment,0,0,0.0,-0.2
treatment-4124,treatment,0,0,0.0,-0.2
treatment-4125,treatment,0,0,0.0,-0.2
treatment-4126,treatment,0,0,0.0,-0.2
treatment-4127,treatment,0,0,0.0,-0.2
treatment-4128,treatment,0,0,0.0,-0.2
treatment-4129,treatment,0,0,0.0,-0.2
treatment-4130,treatment,0,0,0.0,-0.2
treatment-4131,treatment,0,0,0.0,-0.2
treatment-4132,treatment,0,0,0.0,-0.2
treatment-4133,treatment,0,0,0.0,-0.2
treatment-4134,treatment,0,0,0.0,-0.2
treatment-4135,treatment,0,0,0.0,-0.2
treatment-4136,treatment,0,0,0.0,-0.2
treatment-4137,treatment,0,0,0.0,-0.2
treatment-4138,treatment,0,0,0.0,-0.2
treatment-4139,treatment,0,0,0.0,-0.2
treatment-4140,treatment,1,0,21.0,6.6499999999999995
treatment-4141,treatment,0,0,0.0,-0.2
treatment-4142,treatment,0,0,0.0,-0.2
treatment-4143,treatment,0,0,0.0,-0.2
treatment-4144,treatment,0,0,0.0,-0.2
treatment-4145,treatment,0,0,0.0,-0.2
treatment-4146,treatment,0,0,0.0,-0.2
treatment-4147,treatment,0,0,0.0,-0.2
treatment-4148,treatment,0,0,0.0,-0.2
treatment-4149,treatment,0,0,0.0,-0.2
treatment-4150,treatment,1,1,0.0,-6.5
treatment-4151,treatment,0,0,0.0,-0.2
treatment-4152,treatment,0,0,0.0,-0.2
treatment-4153,treatment,0,0,0.0,-0.2
treatment-4154,treatment,0,0,0.0,-0.2
treatment-4155,treatment,0,0,0.0,-0.2
treatment-4156,treatment,0,0,0.0,-0.2
treatment-4157,treatment,0,0,0.0,-0.2
treatment-4158,treatment,0,0,0.0,-0.2
treatment-4159,treatment,0,0,0.0,-0.2
treatment-4160,treatment,0,0,0.0,-0.2
treatment-4161,treatment,0,0,0.0,-0.2
treatment-4162,treatment,0,0,0.0,-0.2
treatment-4163,treatment,0,0,0.0,-0.2
treatment-4164,treatment,0,0,0.0,-0.2
treatment-4165,treatment,0,0,0.0,-0.2
treatment-4166,treatment,0,0,0.0,-0.2
treatment-4167,treatment,0,0,0.0,-0.2
treatment-4168,treatment,0,0,0.0,-0.2
treatment-4169,treatment,1,0,42.0,13.5
treatment-4170,treatment,0,0,0.0,-0.2
treatment-4171,treatment,0,0,0.0,-0.2
treatment-4172,treatment,0,0,0.0,-0.2
treatment-4173,treatment,0,0,0.0,-0.2
treatment-4174,treatment,0,0,0.0,-0.2
treatment-4175,treatment,0,0,0.0,-0.2
treatment-4176,treatment,0,0,0.0,-0.2
treatment-4177,treatment,0,0,0.0,-0.2
treatment-4178,treatment,0,0,0.0,-0.2
treatment-4179,treatment,0,0,0.0,-0.2
treatment-4180,treatment,0,0,0.0,-0.2
treatment-4181,treatment,0,0,0.0,-0.2
treatment-4182,treatment,0,0,0.0,-0.2
treatment-4183,treatment,0,0,0.0,-0.2
treatment-4184,treatment,0,0,0.0,-0.2
treatment-4185,treatment,0,0,0.0,-0.2
treatment-4186,treatment,0,0,0.0,-0.2
treatment-4187,treatment,0,0,0.0,-0.2
treatment-4188,treatment,0,0,0.0,-0.2
treatment-4189,treatment,0,0,0.0,-0.2
treatment-4190,treatment,0,0,0.0,-0.2
treatment-4191,treatment,0,0,0.0,-0.2
treatment-4192,treatment,0,0,0.0,-0.2
treatment-4193,treatment,0,0,0.0,-0.2
treatment-4194,treatment,0,0,0.0,-0.2
treatment-4195,treatment,0,0,0.0,-0.2
treatment-4196,treatment,0,0,0.0,-0.2
treatment-4197,treatment,0,0,0.0,-0.2
treatment-4198,treatment,0,0,0.0,-0.2
treatment-4199,treatment,0,0,0.0,-0.2
treatment-4200,treatment,0,0,0.0,-0.2
treatment-4201,treatment,1,0,63.0,20.35
treatment-4202,treatment,0,0,0.0,-0.2
treatment-4203,treatment,0,0,0.0,-0.2
treatment-4204,treatment,0,0,0.0,-0.2
treatment-4205,treatment,0,0,0.0,-0.2
treatment-4206,treatment,0,0,0.0,-0.2
treatment-4207,treatment,0,0,0.0,-0.2
treatment-4208,treatment,0,0,0.0,-0.2
treatment-4209,treatment,0,0,0.0,-0.2
treatment-4210,treatment,0,0,0.0,-0.2
treatment-4211,treatment,0,0,0.0,-0.2
treatment-4212,treatment,0,0,0.0,-0.2
treatment-4213,treatment,0,0,0.0,-0.2
treatment-4214,treatment,0,0,0.0,-0.2
treatment-4215,treatment,0,0,0.0,-0.2
treatment-4216,treatment,0,0,0.0,-0.2
treatment-4217,treatment,0,0,0.0,-0.2
treatment-4218,treatment,0,0,0.0,-0.2
treatment-4219,treatment,0,0,0.0,-0.2
treatment-4220,treatment,0,0,0.0,-0.2
treatment-4221,treatment,1,0,63.0,20.35
treatment-4222,treatment,0,0,0.0,-0.2
treatment-4223,treatment,0,0,0.0,-0.2
treatment-4224,treatment,0,0,0.0,-0.2
treatment-4225,treatment,1,0,42.0,13.5
treatment-4226,treatment,0,0,0.0,-0.2
treatment-4227,treatment,0,0,0.0,-0.2
treatment-4228,treatment,0,0,0.0,-0.2
treatment-4229,treatment,0,0,0.0,-0.2
treatment-4230,treatment,0,0,0.0,-0.2
treatment-4231,treatment,0,0,0.0,-0.2
treatment-4232,treatment,0,0,0.0,-0.2
treatment-4233,treatment,0,0,0.0,-0.2
treatment-4234,treatment,0,0,0.0,-0.2
treatment-4235,treatment,0,0,0.0,-0.2
treatment-4236,treatment,0,0,0.0,-0.2
treatment-4237,treatment,0,0,0.0,-0.2
treatment-4238,treatment,0,0,0.0,-0.2
treatment-4239,treatment,0,0,0.0,-0.2
treatment-4240,treatment,0,0,0.0,-0.2
treatment-4241,treatment,0,0,0.0,-0.2
treatment-4242,treatment,0,0,0.0,-0.2
treatment-4243,treatment,0,0,0.0,-0.2
treatment-4244,treatment,0,0,0.0,-0.2
treatment-4245,treatment,0,0,0.0,-0.2
treatment-4246,treatment,0,0,0.0,-0.2
treatment-4247,treatment,0,0,0.0,-0.2
treatment-4248,treatment,0,0,0.0,-0.2
treatment-4249,treatment,0,0,0.0,-0.2
treatment-4250,treatment,0,0,0.0,-0.2
treatment-4251,treatment,0,0,0.0,-0.2
treatment-4252,treatment,0,0,0.0,-0.2
treatment-4253,treatment,0,0,0.0,-0.2
treatment-4254,treatment,0,0,0.0,-0.2
treatment-4255,treatment,0,0,0.0,-0.2
treatment-4256,treatment,0,0,0.0,-0.2
treatment-4257,treatment,0,0,0.0,-0.2
treatment-4258,treatment,0,0,0.0,-0.2
treatment-4259,treatment,0,0,0.0,-0.2
treatment-4260,treatment,0,0,0.0,-0.2
treatment-4261,treatment,0,0,0.0,-0.2
treatment-4262,treatment,0,0,0.0,-0.2
treatment-4263,treatment,0,0,0.0,-0.2
treatment-4264,treatment,0,0,0.0,-0.2
treatment-4265,treatment,0,0,0.0,-0.2
treatment-4266,treatment,0,0,0.0,-0.2
treatment-4267,treatment,1,0,42.0,13.5
treatment-4268,treatment,0,0,0.0,-0.2
treatment-4269,treatment,0,0,0.0,-0.2
treatment-4270,treatment,0,0,0.0,-0.2
treatment-4271,treatment,0,0,0.0,-0.2
treatment-4272,treatment,0,0,0.0,-0.2
treatment-4273,treatment,0,0,0.0,-0.2
treatment-4274,treatment,0,0,0.0,-0.2
treatment-4275,treatment,0,0,0.0,-0.2
treatment-4276,treatment,0,0,0.0,-0.2
treatment-4277,treatment,0,0,0.0,-0.2
treatment-4278,treatment,0,0,0.0,-0.2
treatment-4279,treatment,0,0,0.0,-0.2
treatment-4280,treatment,0,0,0.0,-0.2
treatment-4281,treatment,0,0,0.0,-0.2
treatment-4282,treatment,0,0,0.0,-0.2
treatment-4283,treatment,0,0,0.0,-0.2
treatment-4284,treatment,0,0,0.0,-0.2
treatment-4285,treatment,0,0,0.0,-0.2
treatment-4286,treatment,0,0,0.0,-0.2
treatment-4287,treatment,0,0,0.0,-0.2
treatment-4288,treatment,0,0,0.0,-0.2
treatment-4289,treatment,0,0,0.0,-0.2
treatment-4290,treatment,0,0,0.0,-0.2
treatment-4291,treatment,0,0,0.0,-0.2
treatment-4292,treatment,0,0,0.0,-0.2
treatment-4293,treatment,0,0,0.0,-0.2
treatment-4294,treatment,1,0,21.0,6.6499999999999995
treatment-4295,treatment,0,0,0.0,-0.2
treatment-4296,treatment,0,0,0.0,-0.2
treatment-4297,treatment,0,0,0.0,-0.2
treatment-4298,treatment,0,0,0.0,-0.2
treatment-4299,treatment,0,0,0.0,-0.2
treatment-4300,treatment,0,0,0.0,-0.2
treatment-4301,treatment,0,0,0.0,-0.2
treatment-4302,treatment,0,0,0.0,-0.2
treatment-4303,treatment,0,0,0.0,-0.2
treatment-4304,treatment,0,0,0.0,-0.2
treatment-4305,treatment,1,1,0.0,-9.649999999999999
treatment-4306,treatment,0,0,0.0,-0.2
treatment-4307,treatment,0,0,0.0,-0.2
treatment-4308,treatment,0,0,0.0,-0.2
treatment-4309,treatment,0,0,0.0,-0.2
treatment-4310,treatment,0,0,0.0,-0.2
treatment-4311,treatment,0,0,0.0,-0.2
treatment-4312,treatment,0,0,0.0,-0.2
treatment-4313,treatment,0,0,0.0,-0.2
treatment-4314,treatment,1,0,42.0,13.5
treatment-4315,treatment,0,0,0.0,-0.2
treatment-4316,treatment,0,0,0.0,-0.2
treatment-4317,treatment,0,0,0.0,-0.2
treatment-4318,treatment,0,0,0.0,-0.2
treatment-4319,treatment,0,0,0.0,-0.2
treatment-4320,treatment,0,0,0.0,-0.2
treatment-4321,treatment,1,0,42.0,13.5
treatment-4322,treatment,0,0,0.0,-0.2
treatment-4323,treatment,0,0,0.0,-0.2
treatment-4324,treatment,1,0,42.0,13.5
treatment-4325,treatment,0,0,0.0,-0.2
treatment-4326,treatment,0,0,0.0,-0.2
treatment-4327,treatment,0,0,0.0,-0.2
treatment-4328,treatment,0,0,0.0,-0.2
treatment-4329,treatment,0,0,0.0,-0.2
treatment-4330,treatment,0,0,0.0,-0.2
treatment-4331,treatment,0,0,0.0,-0.2
treatment-4332,treatment,0,0,0.0,-0.2
treatment-4333,treatment,0,0,0.0,-0.2
treatment-4334,treatment,0,0,0.0,-0.2
treatment-4335,treatment,0,0,0.0,-0.2
treatment-4336,treatment,0,0,0.0,-0.2
treatment-4337,treatment,0,0,0.0,-0.2
treatment-4338,treatment,0,0,0.0,-0.2
treatment-4339,treatment,0,0,0.0,-0.2
treatment-4340,treatment,0,0,0.0,-0.2
treatment-4341,treatment,0,0,0.0,-0.2
treatment-4342,treatment,0,0,0.0,-0.2
treatment-4343,treatment,0,0,0.0,-0.2
treatment-4344,treatment,0,0,0.0,-0.2
treatment-4345,treatment,0,0,0.0,-0.2
treatment-4346,treatment,0,0,0.0,-0.2
treatment-4347,treatment,0,0,0.0,-0.2
treatment-4348,treatment,0,0,0.0,-0.2
treatment-4349,treatment,0,0,0.0,-0.2
treatment-4350,treatment,0,0,0.0,-0.2
treatment-4351,treatment,0,0,0.0,-0.2
treatment-4352,treatment,0,0,0.0,-0.2
treatment-4353,treatment,0,0,0.0,-0.2
treatment-4354,treatment,0,0,0.0,-0.2
treatment-4355,treatment,0,0,0.0,-0.2
treatment-4356,treatment,0,0,0.0,-0.2
treatment-4357,treatment,0,0,0.0,-0.2
treatment-4358,treatment,0,0,0.0,-0.2
treatment-4359,treatment,0,0,0.0,-0.2
treatment-4360,treatment,0,0,0.0,-0.2
treatment-4361,treatment,0,0,0.0,-0.2
treatment-4362,treatment,0,0,0.0,-0.2
treatment-4363,treatment,0,0,0.0,-0.2
treatment-4364,treatment,0,0,0.0,-0.2
treatment-4365,treatment,0,0,0.0,-0.2
treatment-4366,treatment,0,0,0.0,-0.2
treatment-4367,treatment,0,0,0.0,-0.2
treatment-4368,treatment,0,0,0.0,-0.2
treatment-4369,treatment,0,0,0.0,-0.2
treatment-4370,treatment,0,0,0.0,-0.2
treatment-4371,treatment,0,0,0.0,-0.2
treatment-4372,treatment,0,0,0.0,-0.2
treatment-4373,treatment,0,0,0.0,-0.2
treatment-4374,treatment,0,0,0.0,-0.2
treatment-4375,treatment,0,0,0.0,-0.2
treatment-4376,treatment,0,0,0.0,-0.2
treatment-4377,treatment,0,0,0.0,-0.2
treatment-4378,treatment,0,0,0.0,-0.2
treatment-4379,treatment,0,0,0.0,-0.2
treatment-4380,treatment,0,0,0.0,-0.2
treatment-4381,treatment,0,0,0.0,-0.2
treatment-4382,treatment,0,0,0.0,-0.2
treatment-4383,treatment,0,0,0.0,-0.2
treatment-4384,treatment,0,0,0.0,-0.2
treatment-4385,treatment,0,0,0.0,-0.2
treatment-4386,treatment,0,0,0.0,-0.2
treatment-4387,treatment,0,0,0.0,-0.2
treatment-4388,treatment,0,0,0.0,-0.2
treatment-4389,treatment,0,0,0.0,-0.2
treatment-4390,treatment,0,0,0.0,-0.2
treatment-4391,treatment,1,0,63.0,20.35
treatment-4392,treatment,1,1,0.0,-3.35
treatment-4393,treatment,0,0,0.0,-0.2
treatment-4394,treatment,0,0,0.0,-0.2
treatment-4395,treatment,0,0,0.0,-0.2
treatment-4396,treatment,1,1,0.0,-6.5
treatment-4397,treatment,0,0,0.0,-0.2
treatment-4398,treatment,0,0,0.0,-0.2
treatment-4399,treatment,0,0,0.0,-0.2
treatment-4400,treatment,0,0,0.0,-0.2
treatment-4401,treatment,0,0,0.0,-0.2
treatment-4402,treatment,0,0,0.0,-0.2
treatment-4403,treatment,0,0,0.0,-0.2
treatment-4404,treatment,1,0,21.0,6.6499999999999995
treatment-4405,treatment,0,0,0.0,-0.2
treatment-4406,treatment,0,0,0.0,-0.2
treatment-4407,treatment,0,0,0.0,-0.2
treatment-4408,treatment,0,0,0.0,-0.2
treatment-4409,treatment,0,0,0.0,-0.2
treatment-4410,treatment,0,0,0.0,-0.2
treatment-4411,treatment,0,0,0.0,-0.2
treatment-4412,treatment,0,0,0.0,-0.2
treatment-4413,treatment,0,0,0.0,-0.2
treatment-4414,treatment,0,0,0.0,-0.2
treatment-4415,treatment,0,0,0.0,-0.2
treatment-4416,treatment,0,0,0.0,-0.2
treatment-4417,treatment,0,0,0.0,-0.2
treatment-4418,treatment,0,0,0.0,-0.2
treatment-4419,treatment,0,0,0.0,-0.2
treatment-4420,treatment,0,0,0.0,-0.2
treatment-4421,treatment,0,0,0.0,-0.2
treatment-4422,treatment,0,0,0.0,-0.2
treatment-4423,treatment,0,0,0.0,-0.2
treatment-4424,treatment,0,0,0.0,-0.2
treatment-4425,treatment,0,0,0.0,-0.2
treatment-4426,treatment,0,0,0.0,-0.2
treatment-4427,treatment,0,0,0.0,-0.2
treatment-4428,treatment,1,0,42.0,13.5
treatment-4429,treatment,0,0,0.0,-0.2
treatment-4430,treatment,0,0,0.0,-0.2
treatment-4431,treatment,0,0,0.0,-0.2
treatment-4432,treatment,0,0,0.0,-0.2
treatment-4433,treatment,0,0,0.0,-0.2
treatment-4434,treatment,0,0,0.0,-0.2
treatment-4435,treatment,1,1,0.0,-9.649999999999999
treatment-4436,treatment,0,0,0.0,-0.2
treatment-4437,treatment,0,0,0.0,-0.2
treatment-4438,treatment,1,0,63.0,20.35
treatment-4439,treatment,0,0,0.0,-0.2
treatment-4440,treatment,0,0,0.0,-0.2
treatment-4441,treatment,0,0,0.0,-0.2
treatment-4442,treatment,0,0,0.0,-0.2
treatment-4443,treatment,0,0,0.0,-0.2
treatment-4444,treatment,0,0,0.0,-0.2
treatment-4445,treatment,0,0,0.0,-0.2
treatment-4446,treatment,0,0,0.0,-0.2
treatment-4447,treatment,0,0,0.0,-0.2
treatment-4448,treatment,0,0,0.0,-0.2
treatment-4449,treatment,0,0,0.0,-0.2
treatment-4450,treatment,1,0,42.0,13.5
treatment-4451,treatment,0,0,0.0,-0.2
treatment-4452,treatment,0,0,0.0,-0.2
treatment-4453,treatment,0,0,0.0,-0.2
treatment-4454,treatment,0,0,0.0,-0.2
treatment-4455,treatment,0,0,0.0,-0.2
treatment-4456,treatment,0,0,0.0,-0.2
treatment-4457,treatment,1,0,63.0,20.35
treatment-4458,treatment,0,0,0.0,-0.2
treatment-4459,treatment,0,0,0.0,-0.2
treatment-4460,treatment,0,0,0.0,-0.2
treatment-4461,treatment,1,0,63.0,20.35
treatment-4462,treatment,0,0,0.0,-0.2
treatment-4463,treatment,0,0,0.0,-0.2
treatment-4464,treatment,0,0,0.0,-0.2
treatment-4465,treatment,0,0,0.0,-0.2
treatment-4466,treatment,0,0,0.0,-0.2
treatment-4467,treatment,0,0,0.0,-0.2
treatment-4468,treatment,0,0,0.0,-0.2
treatment-4469,treatment,0,0,0.0,-0.2
treatment-4470,treatment,1,0,63.0,20.35
treatment-4471,treatment,0,0,0.0,-0.2
treatment-4472,treatment,0,0,0.0,-0.2
treatment-4473,treatment,0,0,0.0,-0.2
treatment-4474,treatment,0,0,0.0,-0.2
treatment-4475,treatment,0,0,0.0,-0.2
treatment-4476,treatment,0,0,0.0,-0.2
treatment-4477,treatment,0,0,0.0,-0.2
treatment-4478,treatment,0,0,0.0,-0.2
treatment-4479,treatment,0,0,0.0,-0.2
treatment-4480,treatment,0,0,0.0,-0.2
treatment-4481,treatment,1,0,21.0,6.6499999999999995
treatment-4482,treatment,0,0,0.0,-0.2
treatment-4483,treatment,0,0,0.0,-0.2
treatment-4484,treatment,0,0,0.0,-0.2
treatment-4485,treatment,0,0,0.0,-0.2
treatment-4486,treatment,0,0,0.0,-0.2
treatment-4487,treatment,0,0,0.0,-0.2
treatment-4488,treatment,0,0,0.0,-0.2
treatment-4489,treatment,0,0,0.0,-0.2
treatment-4490,treatment,0,0,0.0,-0.2
treatment-4491,treatment,0,0,0.0,-0.2
treatment-4492,treatment,0,0,0.0,-0.2
treatment-4493,treatment,1,0,21.0,6.6499999999999995
treatment-4494,treatment,0,0,0.0,-0.2
treatment-4495,treatment,0,0,0.0,-0.2
treatment-4496,treatment,0,0,0.0,-0.2
treatment-4497,treatment,0,0,0.0,-0.2
treatment-4498,treatment,0,0,0.0,-0.2
treatment-4499,treatment,0,0,0.0,-0.2
treatment-4500,treatment,0,0,0.0,-0.2
treatment-4501,treatment,0,0,0.0,-0.2
treatment-4502,treatment,0,0,0.0,-0.2
treatment-4503,treatment,0,0,0.0,-0.2
treatment-4504,treatment,0,0,0.0,-0.2
treatment-4505,treatment,0,0,0.0,-0.2
treatment-4506,treatment,0,0,0.0,-0.2
treatment-4507,treatment,0,0,0.0,-0.2
treatment-4508,treatment,0,0,0.0,-0.2
treatment-4509,treatment,0,0,0.0,-0.2
treatment-4510,treatment,0,0,0.0,-0.2
treatment-4511,treatment,0,0,0.0,-0.2
treatment-4512,treatment,0,0,0.0,-0.2
treatment-4513,treatment,0,0,0.0,-0.2
treatment-4514,treatment,0,0,0.0,-0.2
treatment-4515,treatment,0,0,0.0,-0.2
treatment-4516,treatment,0,0,0.0,-0.2
treatment-4517,treatment,0,0,0.0,-0.2
treatment-4518,treatment,0,0,0.0,-0.2
treatment-4519,treatment,1,0,21.0,6.6499999999999995
treatment-4520,treatment,0,0,0.0,-0.2
treatment-4521,treatment,0,0,0.0,-0.2
treatment-4522,treatment,0,0,0.0,-0.2
treatment-4523,treatment,0,0,0.0,-0.2
treatment-4524,treatment,0,0,0.0,-0.2
treatment-4525,treatment,0,0,0.0,-0.2
treatment-4526,treatment,0,0,0.0,-0.2
treatment-4527,treatment,0,0,0.0,-0.2
treatment-4528,treatment,1,0,63.0,20.35
treatment-4529,treatment,0,0,0.0,-0.2
treatment-4530,treatment,0,0,0.0,-0.2
treatment-4531,treatment,0,0,0.0,-0.2
treatment-4532,treatment,0,0,0.0,-0.2
treatment-4533,treatment,0,0,0.0,-0.2
treatment-4534,treatment,0,0,0.0,-0.2
treatment-4535,treatment,0,0,0.0,-0.2
treatment-4536,treatment,0,0,0.0,-0.2
treatment-4537,treatment,0,0,0.0,-0.2
treatment-4538,treatment,0,0,0.0,-0.2
treatment-4539,treatment,0,0,0.0,-0.2
treatment-4540,treatment,0,0,0.0,-0.2
treatment-4541,treatment,0,0,0.0,-0.2
treatment-4542,treatment,0,0,0.0,-0.2
treatment-4543,treatment,0,0,0.0,-0.2
treatment-4544,treatment,1,0,21.0,6.6499999999999995
treatment-4545,treatment,0,0,0.0,-0.2
treatment-4546,treatment,0,0,0.0,-0.2
treatment-4547,treatment,0,0,0.0,-0.2
treatment-4548,treatment,0,0,0.0,-0.2
treatment-4549,treatment,0,0,0.0,-0.2
treatment-4550,treatment,0,0,0.0,-0.2
treatment-4551,treatment,0,0,0.0,-0.2
treatment-4552,treatment,0,0,0.0,-0.2
treatment-4553,treatment,0,0,0.0,-0.2
treatment-4554,treatment,0,0,0.0,-0.2
treatment-4555,treatment,0,0,0.0,-0.2
treatment-4556,treatment,0,0,0.0,-0.2
treatment-4557,treatment,0,0,0.0,-0.2
treatment-4558,treatment,0,0,0.0,-0.2
treatment-4559,treatment,1,0,21.0,6.6499999999999995
treatment-4560,treatment,0,0,0.0,-0.2
treatment-4561,treatment,0,0,0.0,-0.2
treatment-4562,treatment,0,0,0.0,-0.2
treatment-4563,treatment,0,0,0.0,-0.2
treatment-4564,treatment,0,0,0.0,-0.2
treatment-4565,treatment,1,1,0.0,-6.5
treatment-4566,treatment,0,0,0.0,-0.2
treatment-4567,treatment,1,0,63.0,20.35
treatment-4568,treatment,0,0,0.0,-0.2
treatment-4569,treatment,0,0,0.0,-0.2
treatment-4570,treatment,0,0,0.0,-0.2
treatment-4571,treatment,0,0,0.0,-0.2
treatment-4572,treatment,0,0,0.0,-0.2
treatment-4573,treatment,0,0,0.0,-0.2
treatment-4574,treatment,0,0,0.0,-0.2
treatment-4575,treatment,1,0,63.0,20.35
treatment-4576,treatment,1,0,63.0,20.35
treatment-4577,treatment,1,0,63.0,20.35
treatment-4578,treatment,0,0,0.0,-0.2
treatment-4579,treatment,0,0,0.0,-0.2
treatment-4580,treatment,0,0,0.0,-0.2
treatment-4581,treatment,0,0,0.0,-0.2
treatment-4582,treatment,1,1,0.0,-3.35
treatment-4583,treatment,0,0,0.0,-0.2
treatment-4584,treatment,0,0,0.0,-0.2
treatment-4585,treatment,0,0,0.0,-0.2
treatment-4586,treatment,0,0,0.0,-0.2
treatment-4587,treatment,0,0,0.0,-0.2
treatment-4588,treatment,0,0,0.0,-0.2
treatment-4589,treatment,0,0,0.0,-0.2
treatment-4590,treatment,0,0,0.0,-0.2
treatment-4591,treatment,0,0,0.0,-0.2
treatment-4592,treatment,0,0,0.0,-0.2
treatment-4593,treatment,0,0,0.0,-0.2
treatment-4594,treatment,0,0,0.0,-0.2
treatment-4595,treatment,0,0,0.0,-0.2
treatment-4596,treatment,0,0,0.0,-0.2
treatment-4597,treatment,1,0,63.0,20.35
treatment-4598,treatment,0,0,0.0,-0.2
treatment-4599,treatment,0,0,0.0,-0.2
treatment-4600,treatment,0,0,0.0,-0.2
treatment-4601,treatment,0,0,0.0,-0.2
treatment-4602,treatment,0,0,0.0,-0.2
treatment-4603,treatment,0,0,0.0,-0.2
treatment-4604,treatment,0,0,0.0,-0.2
treatment-4605,treatment,0,0,0.0,-0.2
treatment-4606,treatment,0,0,0.0,-0.2
treatment-4607,treatment,0,0,0.0,-0.2
treatment-4608,treatment,0,0,0.0,-0.2
treatment-4609,treatment,0,0,0.0,-0.2
treatment-4610,treatment,0,0,0.0,-0.2
treatment-4611,treatment,0,0,0.0,-0.2
treatment-4612,treatment,0,0,0.0,-0.2
treatment-4613,treatment,0,0,0.0,-0.2
treatment-4614,treatment,0,0,0.0,-0.2
treatment-4615,treatment,0,0,0.0,-0.2
treatment-4616,treatment,0,0,0.0,-0.2
treatment-4617,treatment,0,0,0.0,-0.2
treatment-4618,treatment,0,0,0.0,-0.2
treatment-4619,treatment,0,0,0.0,-0.2
treatment-4620,treatment,0,0,0.0,-0.2
treatment-4621,treatment,0,0,0.0,-0.2
treatment-4622,treatment,0,0,0.0,-0.2
treatment-4623,treatment,0,0,0.0,-0.2
treatment-4624,treatment,0,0,0.0,-0.2
treatment-4625,treatment,0,0,0.0,-0.2
treatment-4626,treatment,0,0,0.0,-0.2
treatment-4627,treatment,0,0,0.0,-0.2
treatment-4628,treatment,0,0,0.0,-0.2
treatment-4629,treatment,0,0,0.0,-0.2
treatment-4630,treatment,0,0,0.0,-0.2
treatment-4631,treatment,0,0,0.0,-0.2
treatment-4632,treatment,0,0,0.0,-0.2
treatment-4633,treatment,0,0,0.0,-0.2
treatment-4634,treatment,0,0,0.0,-0.2
treatment-4635,treatment,0,0,0.0,-0.2
treatment-4636,treatment,0,0,0.0,-0.2
treatment-4637,treatment,0,0,0.0,-0.2
treatment-4638,treatment,0,0,0.0,-0.2
treatment-4639,treatment,0,0,0.0,-0.2
treatment-4640,treatment,0,0,0.0,-0.2
treatment-4641,treatment,0,0,0.0,-0.2
treatment-4642,treatment,0,0,0.0,-0.2
treatment-4643,treatment,0,0,0.0,-0.2
treatment-4644,treatment,0,0,0.0,-0.2
treatment-4645,treatment,1,0,42.0,13.5
treatment-4646,treatment,0,0,0.0,-0.2
treatment-4647,treatment,0,0,0.0,-0.2
treatment-4648,treatment,0,0,0.0,-0.2
treatment-4649,treatment,0,0,0.0,-0.2
treatment-4650,treatment,0,0,0.0,-0.2
treatment-4651,treatment,0,0,0.0,-0.2
treatment-4652,treatment,1,0,42.0,13.5
treatment-4653,treatment,0,0,0.0,-0.2
treatment-4654,treatment,0,0,0.0,-0.2
treatment-4655,treatment,0,0,0.0,-0.2
treatment-4656,treatment,0,0,0.0,-0.2
treatment-4657,treatment,0,0,0.0,-0.2
treatment-4658,treatment,0,0,0.0,-0.2
treatment-4659,treatment,0,0,0.0,-0.2
treatment-4660,treatment,0,0,0.0,-0.2
treatment-4661,treatment,0,0,0.0,-0.2
treatment-4662,treatment,0,0,0.0,-0.2
treatment-4663,treatment,0,0,0.0,-0.2
treatment-4664,treatment,0,0,0.0,-0.2
treatment-4665,treatment,0,0,0.0,-0.2
treatment-4666,treatment,0,0,0.0,-0.2
treatment-4667,treatment,0,0,0.0,-0.2
treatment-4668,treatment,0,0,0.0,-0.2
treatment-4669,treatment,1,0,21.0,6.6499999999999995
treatment-4670,treatment,0,0,0.0,-0.2
treatment-4671,treatment,0,0,0.0,-0.2
treatment-4672,treatment,0,0,0.0,-0.2
treatment-4673,treatment,0,0,0.0,-0.2
treatment-4674,treatment,0,0,0.0,-0.2
treatment-4675,treatment,0,0,0.0,-0.2
treatment-4676,treatment,0,0,0.0,-0.2
treatment-4677,treatment,0,0,0.0,-0.2
treatment-4678,treatment,0,0,0.0,-0.2
treatment-4679,treatment,0,0,0.0,-0.2
treatment-4680,treatment,0,0,0.0,-0.2
treatment-4681,treatment,0,0,0.0,-0.2
treatment-4682,treatment,0,0,0.0,-0.2
treatment-4683,treatment,0,0,0.0,-0.2
treatment-4684,treatment,0,0,0.0,-0.2
treatment-4685,treatment,0,0,0.0,-0.2
treatment-4686,treatment,0,0,0.0,-0.2
treatment-4687,treatment,0,0,0.0,-0.2
treatment-4688,treatment,0,0,0.0,-0.2
treatment-4689,treatment,0,0,0.0,-0.2
treatment-4690,treatment,0,0,0.0,-0.2
treatment-4691,treatment,0,0,0.0,-0.2
treatment-4692,treatment,0,0,0.0,-0.2
treatment-4693,treatment,0,0,0.0,-0.2
treatment-4694,treatment,0,0,0.0,-0.2
treatment-4695,treatment,0,0,0.0,-0.2
treatment-4696,treatment,0,0,0.0,-0.2
treatment-4697,treatment,0,0,0.0,-0.2
treatment-4698,treatment,0,0,0.0,-0.2
treatment-4699,treatment,0,0,0.0,-0.2
treatment-4700,treatment,0,0,0.0,-0.2
treatment-4701,treatment,0,0,0.0,-0.2
treatment-4702,treatment,0,0,0.0,-0.2
treatment-4703,treatment,0,0,0.0,-0.2
treatment-4704,treatment,0,0,0.0,-0.2
treatment-4705,treatment,0,0,0.0,-0.2
treatment-4706,treatment,0,0,0.0,-0.2
treatment-4707,treatment,0,0,0.0,-0.2
treatment-4708,treatment,0,0,0.0,-0.2
treatment-4709,treatment,0,0,0.0,-0.2
treatment-4710,treatment,0,0,0.0,-0.2
treatment-4711,treatment,1,1,0.0,-6.5
treatment-4712,treatment,0,0,0.0,-0.2
treatment-4713,treatment,0,0,0.0,-0.2
treatment-4714,treatment,0,0,0.0,-0.2
treatment-4715,treatment,0,0,0.0,-0.2
treatment-4716,treatment,0,0,0.0,-0.2
treatment-4717,treatment,0,0,0.0,-0.2
treatment-4718,treatment,0,0,0.0,-0.2
treatment-4719,treatment,0,0,0.0,-0.2
treatment-4720,treatment,0,0,0.0,-0.2
treatment-4721,treatment,0,0,0.0,-0.2
treatment-4722,treatment,0,0,0.0,-0.2
treatment-4723,treatment,0,0,0.0,-0.2
treatment-4724,treatment,0,0,0.0,-0.2
treatment-4725,treatment,0,0,0.0,-0.2
treatment-4726,treatment,0,0,0.0,-0.2
treatment-4727,treatment,0,0,0.0,-0.2
treatment-4728,treatment,0,0,0.0,-0.2
treatment-4729,treatment,0,0,0.0,-0.2
treatment-4730,treatment,0,0,0.0,-0.2
treatment-4731,treatment,0,0,0.0,-0.2
treatment-4732,treatment,0,0,0.0,-0.2
treatment-4733,treatment,0,0,0.0,-0.2
treatment-4734,treatment,0,0,0.0,-0.2
treatment-4735,treatment,0,0,0.0,-0.2
treatment-4736,treatment,0,0,0.0,-0.2
treatment-4737,treatment,0,0,0.0,-0.2
treatment-4738,treatment,0,0,0.0,-0.2
treatment-4739,treatment,0,0,0.0,-0.2
treatment-4740,treatment,0,0,0.0,-0.2
treatment-4741,treatment,0,0,0.0,-0.2
treatment-4742,treatment,0,0,0.0,-0.2
treatment-4743,treatment,0,0,0.0,-0.2
treatment-4744,treatment,0,0,0.0,-0.2
treatment-4745,treatment,0,0,0.0,-0.2
treatment-4746,treatment,1,0,42.0,13.5
treatment-4747,treatment,0,0,0.0,-0.2
treatment-4748,treatment,1,0,21.0,6.6499999999999995
treatment-4749,treatment,1,0,63.0,20.35
treatment-4750,treatment,1,0,21.0,6.6499999999999995
treatment-4751,treatment,0,0,0.0,-0.2
treatment-4752,treatment,0,0,0.0,-0.2
treatment-4753,treatment,0,0,0.0,-0.2
treatment-4754,treatment,0,0,0.0,-0.2
treatment-4755,treatment,0,0,0.0,-0.2
treatment-4756,treatment,0,0,0.0,-0.2
treatment-4757,treatment,0,0,0.0,-0.2
treatment-4758,treatment,0,0,0.0,-0.2
treatment-4759,treatment,1,0,21.0,6.6499999999999995
treatment-4760,treatment,0,0,0.0,-0.2
treatment-4761,treatment,0,0,0.0,-0.2
treatment-4762,treatment,0,0,0.0,-0.2
treatment-4763,treatment,0,0,0.0,-0.2
treatment-4764,treatment,0,0,0.0,-0.2
treatment-4765,treatment,0,0,0.0,-0.2
treatment-4766,treatment,0,0,0.0,-0.2
treatment-4767,treatment,0,0,0.0,-0.2
treatment-4768,treatment,0,0,0.0,-0.2
treatment-4769,treatment,0,0,0.0,-0.2
treatment-4770,treatment,0,0,0.0,-0.2
treatment-4771,treatment,0,0,0.0,-0.2
treatment-4772,treatment,0,0,0.0,-0.2
treatment-4773,treatment,0,0,0.0,-0.2
treatment-4774,treatment,0,0,0.0,-0.2
treatment-4775,treatment,0,0,0.0,-0.2
treatment-4776,treatment,0,0,0.0,-0.2
treatment-4777,treatment,0,0,0.0,-0.2
treatment-4778,treatment,0,0,0.0,-0.2
treatment-4779,treatment,0,0,0.0,-0.2
treatment-4780,treatment,0,0,0.0,-0.2
treatment-4781,treatment,0,0,0.0,-0.2
treatment-4782,treatment,0,0,0.0,-0.2
treatment-4783,treatment,0,0,0.0,-0.2
treatment-4784,treatment,0,0,0.0,-0.2
treatment-4785,treatment,0,0,0.0,-0.2
treatment-4786,treatment,0,0,0.0,-0.2
treatment-4787,treatment,0,0,0.0,-0.2
treatment-4788,treatment,0,0,0.0,-0.2
treatment-4789,treatment,0,0,0.0,-0.2
treatment-4790,treatment,0,0,0.0,-0.2
treatment-4791,treatment,0,0,0.0,-0.2
treatment-4792,treatment,0,0,0.0,-0.2
treatment-4793,treatment,0,0,0.0,-0.2
treatment-4794,treatment,0,0,0.0,-0.2
treatment-4795,treatment,1,0,42.0,13.5
treatment-4796,treatment,0,0,0.0,-0.2
treatment-4797,treatment,0,0,0.0,-0.2
treatment-4798,treatment,0,0,0.0,-0.2
treatment-4799,treatment,0,0,0.0,-0.2
treatment-4800,treatment,0,0,0.0,-0.2
treatment-4801,treatment,0,0,0.0,-0.2
treatment-4802,treatment,0,0,0.0,-0.2
treatment-4803,treatment,0,0,0.0,-0.2
treatment-4804,treatment,0,0,0.0,-0.2
treatment-4805,treatment,0,0,0.0,-0.2
treatment-4806,treatment,0,0,0.0,-0.2
treatment-4807,treatment,0,0,0.0,-0.2
treatment-4808,treatment,0,0,0.0,-0.2
treatment-4809,treatment,0,0,0.0,-0.2
treatment-4810,treatment,0,0,0.0,-0.2
treatment-4811,treatment,0,0,0.0,-0.2
treatment-4812,treatment,1,0,21.0,6.6499999999999995
treatment-4813,treatment,0,0,0.0,-0.2
treatment-4814,treatment,0,0,0.0,-0.2
treatment-4815,treatment,0,0,0.0,-0.2
treatment-4816,treatment,0,0,0.0,-0.2
treatment-4817,treatment,0,0,0.0,-0.2
treatment-4818,treatment,0,0,0.0,-0.2
treatment-4819,treatment,0,0,0.0,-0.2
treatment-4820,treatment,0,0,0.0,-0.2
treatment-4821,treatment,0,0,0.0,-0.2
treatment-4822,treatment,0,0,0.0,-0.2
treatment-4823,treatment,0,0,0.0,-0.2
treatment-4824,treatment,0,0,0.0,-0.2
treatment-4825,treatment,0,0,0.0,-0.2
treatment-4826,treatment,0,0,0.0,-0.2
treatment-4827,treatment,0,0,0.0,-0.2
treatment-4828,treatment,0,0,0.0,-0.2
treatment-4829,treatment,0,0,0.0,-0.2
treatment-4830,treatment,0,0,0.0,-0.2
treatment-4831,treatment,0,0,0.0,-0.2
treatment-4832,treatment,0,0,0.0,-0.2
treatment-4833,treatment,0,0,0.0,-0.2
treatment-4834,treatment,0,0,0.0,-0.2
treatment-4835,treatment,0,0,0.0,-0.2
treatment-4836,treatment,0,0,0.0,-0.2
treatment-4837,treatment,0,0,0.0,-0.2
treatment-4838,treatment,0,0,0.0,-0.2
treatment-4839,treatment,0,0,0.0,-0.2
treatment-4840,treatment,0,0,0.0,-0.2
treatment-4841,treatment,0,0,0.0,-0.2
treatment-4842,treatment,0,0,0.0,-0.2
treatment-4843,treatment,0,0,0.0,-0.2
treatment-4844,treatment,0,0,0.0,-0.2
treatment-4845,treatment,0,0,0.0,-0.2
treatment-4846,treatment,0,0,0.0,-0.2
treatment-4847,treatment,0,0,0.0,-0.2
treatment-4848,treatment,0,0,0.0,-0.2
treatment-4849,treatment,0,0,0.0,-0.2
treatment-4850,treatment,0,0,0.0,-0.2
treatment-4851,treatment,0,0,0.0,-0.2
treatment-4852,treatment,0,0,0.0,-0.2
treatment-4853,treatment,0,0,0.0,-0.2
treatment-4854,treatment,0,0,0.0,-0.2
treatment-4855,treatment,0,0,0.0,-0.2
treatment-4856,treatment,0,0,0.0,-0.2
treatment-4857,treatment,0,0,0.0,-0.2
treatment-4858,treatment,0,0,0.0,-0.2
treatment-4859,treatment,0,0,0.0,-0.2
treatment-4860,treatment,0,0,0.0,-0.2
treatment-4861,treatment,0,0,0.0,-0.2
treatment-4862,treatment,0,0,0.0,-0.2
treatment-4863,treatment,0,0,0.0,-0.2
treatment-4864,treatment,0,0,0.0,-0.2
treatment-4865,treatment,0,0,0.0,-0.2
treatment-4866,treatment,0,0,0.0,-0.2
treatment-4867,treatment,0,0,0.0,-0.2
treatment-4868,treatment,0,0,0.0,-0.2
treatment-4869,treatment,1,0,42.0,13.5
treatment-4870,treatment,0,0,0.0,-0.2
treatment-4871,treatment,0,0,0.0,-0.2
treatment-4872,treatment,0,0,0.0,-0.2
treatment-4873,treatment,0,0,0.0,-0.2
treatment-4874,treatment,0,0,0.0,-0.2
treatment-4875,treatment,0,0,0.0,-0.2
treatment-4876,treatment,0,0,0.0,-0.2
treatment-4877,treatment,0,0,0.0,-0.2
treatment-4878,treatment,0,0,0.0,-0.2
treatment-4879,treatment,0,0,0.0,-0.2
treatment-4880,treatment,0,0,0.0,-0.2
treatment-4881,treatment,0,0,0.0,-0.2
treatment-4882,treatment,0,0,0.0,-0.2
treatment-4883,treatment,0,0,0.0,-0.2
treatment-4884,treatment,0,0,0.0,-0.2
treatment-4885,treatment,0,0,0.0,-0.2
treatment-4886,treatment,0,0,0.0,-0.2
treatment-4887,treatment,0,0,0.0,-0.2
treatment-4888,treatment,0,0,0.0,-0.2
treatment-4889,treatment,0,0,0.0,-0.2
treatment-4890,treatment,0,0,0.0,-0.2
treatment-4891,treatment,1,0,63.0,20.35
treatment-4892,treatment,0,0,0.0,-0.2
treatment-4893,treatment,0,0,0.0,-0.2
treatment-4894,treatment,0,0,0.0,-0.2
treatment-4895,treatment,0,0,0.0,-0.2
treatment-4896,treatment,0,0,0.0,-0.2
treatment-4897,treatment,0,0,0.0,-0.2
treatment-4898,treatment,0,0,0.0,-0.2
treatment-4899,treatment,0,0,0.0,-0.2
treatment-4900,treatment,0,0,0.0,-0.2
treatment-4901,treatment,0,0,0.0,-0.2
treatment-4902,treatment,0,0,0.0,-0.2
treatment-4903,treatment,0,0,0.0,-0.2
treatment-4904,treatment,0,0,0.0,-0.2
treatment-4905,treatment,0,0,0.0,-0.2
treatment-4906,treatment,0,0,0.0,-0.2
treatment-4907,treatment,0,0,0.0,-0.2
treatment-4908,treatment,0,0,0.0,-0.2
treatment-4909,treatment,0,0,0.0,-0.2
treatment-4910,treatment,0,0,0.0,-0.2
treatment-4911,treatment,0,0,0.0,-0.2
treatment-4912,treatment,0,0,0.0,-0.2
treatment-4913,treatment,0,0,0.0,-0.2
treatment-4914,treatment,0,0,0.0,-0.2
treatment-4915,treatment,0,0,0.0,-0.2
treatment-4916,treatment,0,0,0.0,-0.2
treatment-4917,treatment,0,0,0.0,-0.2
treatment-4918,treatment,0,0,0.0,-0.2
treatment-4919,treatment,0,0,0.0,-0.2
treatment-4920,treatment,0,0,0.0,-0.2
treatment-4921,treatment,0,0,0.0,-0.2
treatment-4922,treatment,0,0,0.0,-0.2
treatment-4923,treatment,0,0,0.0,-0.2
treatment-4924,treatment,0,0,0.0,-0.2
treatment-4925,treatment,0,0,0.0,-0.2
treatment-4926,treatment,0,0,0.0,-0.2
treatment-4927,treatment,0,0,0.0,-0.2
treatment-4928,treatment,0,0,0.0,-0.2
treatment-4929,treatment,0,0,0.0,-0.2
treatment-4930,treatment,0,0,0.0,-0.2
treatment-4931,treatment,0,0,0.0,-0.2
treatment-4932,treatment,0,0,0.0,-0.2
treatment-4933,treatment,0,0,0.0,-0.2
treatment-4934,treatment,0,0,0.0,-0.2
treatment-4935,treatment,0,0,0.0,-0.2
treatment-4936,treatment,0,0,0.0,-0.2
treatment-4937,treatment,0,0,0.0,-0.2
treatment-4938,treatment,0,0,0.0,-0.2
treatment-4939,treatment,0,0,0.0,-0.2
treatment-4940,treatment,0,0,0.0,-0.2
treatment-4941,treatment,0,0,0.0,-0.2
treatment-4942,treatment,0,0,0.0,-0.2
treatment-4943,treatment,0,0,0.0,-0.2
treatment-4944,treatment,0,0,0.0,-0.2
treatment-4945,treatment,0,0,0.0,-0.2
treatment-4946,treatment,0,0,0.0,-0.2
treatment-4947,treatment,0,0,0.0,-0.2
treatment-4948,treatment,0,0,0.0,-0.2
treatment-4949,treatment,1,0,42.0,13.5
treatment-4950,treatment,0,0,0.0,-0.2
treatment-4951,treatment,0,0,0.0,-0.2
treatment-4952,treatment,0,0,0.0,-0.2
treatment-4953,treatment,0,0,0.0,-0.2
treatment-4954,treatment,0,0,0.0,-0.2
treatment-4955,treatment,0,0,0.0,-0.2
treatment-4956,treatment,0,0,0.0,-0.2
treatment-4957,treatment,0,0,0.0,-0.2
treatment-4958,treatment,0,0,0.0,-0.2
treatment-4959,treatment,0,0,0.0,-0.2
treatment-4960,treatment,0,0,0.0,-0.2
treatment-4961,treatment,0,0,0.0,-0.2
treatment-4962,treatment,0,0,0.0,-0.2
treatment-4963,treatment,0,0,0.0,-0.2
treatment-4964,treatment,0,0,0.0,-0.2
treatment-4965,treatment,0,0,0.0,-0.2
treatment-4966,treatment,0,0,0.0,-0.2
treatment-4967,treatment,0,0,0.0,-0.2
treatment-4968,treatment,0,0,0.0,-0.2
treatment-4969,treatment,0,0,0.0,-0.2
treatment-4970,treatment,0,0,0.0,-0.2
treatment-4971,treatment,0,0,0.0,-0.2
treatment-4972,treatment,0,0,0.0,-0.2
treatment-4973,treatment,0,0,0.0,-0.2
treatment-4974,treatment,0,0,0.0,-0.2
treatment-4975,treatment,0,0,0.0,-0.2
treatment-4976,treatment,0,0,0.0,-0.2
treatment-4977,treatment,0,0,0.0,-0.2
treatment-4978,treatment,0,0,0.0,-0.2
treatment-4979,treatment,0,0,0.0,-0.2
treatment-4980,treatment,0,0,0.0,-0.2
treatment-4981,treatment,0,0,0.0,-0.2
treatment-4982,treatment,0,0,0.0,-0.2
treatment-4983,treatment,0,0,0.0,-0.2
treatment-4984,treatment,0,0,0.0,-0.2
treatment-4985,treatment,0,0,0.0,-0.2
treatment-4986,treatment,0,0,0.0,-0.2
treatment-4987,treatment,0,0,0.0,-0.2
treatment-4988,treatment,1,0,42.0,13.5
treatment-4989,treatment,0,0,0.0,-0.2
treatment-4990,treatment,0,0,0.0,-0.2
treatment-4991,treatment,1,0,63.0,20.35
treatment-4992,treatment,0,0,0.0,-0.2
treatment-4993,treatment,0,0,0.0,-0.2
treatment-4994,treatment,0,0,0.0,-0.2
treatment-4995,treatment,0,0,0.0,-0.2
treatment-4996,treatment,0,0,0.0,-0.2
treatment-4997,treatment,0,0,0.0,-0.2
treatment-4998,treatment,1,0,63.0,20.35
treatment-4999,treatment,0,0,0.0,-0.2
treatment-5000,treatment,0,0,0.0,-0.2
treatment-5001,treatment,0,0,0.0,-0.2
treatment-5002,treatment,1,0,63.0,20.35
treatment-5003,treatment,0,0,0.0,-0.2
treatment-5004,treatment,0,0,0.0,-0.2
treatment-5005,treatment,0,0,0.0,-0.2
treatment-5006,treatment,0,0,0.0,-0.2
treatment-5007,treatment,0,0,0.0,-0.2
treatment-5008,treatment,0,0,0.0,-0.2
treatment-5009,treatment,0,0,0.0,-0.2
treatment-5010,treatment,0,0,0.0,-0.2
treatment-5011,treatment,0,0,0.0,-0.2
treatment-5012,treatment,0,0,0.0,-0.2
treatment-5013,treatment,0,0,0.0,-0.2
treatment-5014,treatment,0,0,0.0,-0.2
treatment-5015,treatment,0,0,0.0,-0.2
treatment-5016,treatment,0,0,0.0,-0.2
treatment-5017,treatment,0,0,0.0,-0.2
treatment-5018,treatment,0,0,0.0,-0.2
treatment-5019,treatment,0,0,0.0,-0.2
treatment-5020,treatment,0,0,0.0,-0.2
treatment-5021,treatment,0,0,0.0,-0.2
treatment-5022,treatment,0,0,0.0,-0.2
treatment-5023,treatment,1,0,21.0,6.6499999999999995
treatment-5024,treatment,0,0,0.0,-0.2
treatment-5025,treatment,1,0,63.0,20.35
treatment-5026,treatment,0,0,0.0,-0.2
treatment-5027,treatment,0,0,0.0,-0.2
treatment-5028,treatment,0,0,0.0,-0.2
treatment-5029,treatment,0,0,0.0,-0.2
treatment-5030,treatment,0,0,0.0,-0.2
treatment-5031,treatment,0,0,0.0,-0.2
treatment-5032,treatment,0,0,0.0,-0.2
treatment-5033,treatment,0,0,0.0,-0.2
treatment-5034,treatment,0,0,0.0,-0.2
treatment-5035,treatment,1,0,42.0,13.5
treatment-5036,treatment,0,0,0.0,-0.2
treatment-5037,treatment,0,0,0.0,-0.2
treatment-5038,treatment,0,0,0.0,-0.2
treatment-5039,treatment,0,0,0.0,-0.2
treatment-5040,treatment,0,0,0.0,-0.2
treatment-5041,treatment,0,0,0.0,-0.2
treatment-5042,treatment,0,0,0.0,-0.2
treatment-5043,treatment,0,0,0.0,-0.2
treatment-5044,treatment,0,0,0.0,-0.2
treatment-5045,treatment,1,0,21.0,6.6499999999999995
treatment-5046,treatment,0,0,0.0,-0.2
treatment-5047,treatment,1,0,63.0,20.35
treatment-5048,treatment,0,0,0.0,-0.2
treatment-5049,treatment,0,0,0.0,-0.2
treatment-5050,treatment,0,0,0.0,-0.2
treatment-5051,treatment,0,0,0.0,-0.2
treatment-5052,treatment,0,0,0.0,-0.2
treatment-5053,treatment,0,0,0.0,-0.2
treatment-5054,treatment,0,0,0.0,-0.2
treatment-5055,treatment,0,0,0.0,-0.2
treatment-5056,treatment,0,0,0.0,-0.2
treatment-5057,treatment,0,0,0.0,-0.2
treatment-5058,treatment,0,0,0.0,-0.2
treatment-5059,treatment,0,0,0.0,-0.2
treatment-5060,treatment,0,0,0.0,-0.2
treatment-5061,treatment,0,0,0.0,-0.2
treatment-5062,treatment,0,0,0.0,-0.2
treatment-5063,treatment,0,0,0.0,-0.2
treatment-5064,treatment,0,0,0.0,-0.2
treatment-5065,treatment,0,0,0.0,-0.2
treatment-5066,treatment,0,0,0.0,-0.2
treatment-5067,treatment,0,0,0.0,-0.2
treatment-5068,treatment,0,0,0.0,-0.2
treatment-5069,treatment,0,0,0.0,-0.2
treatment-5070,treatment,0,0,0.0,-0.2
treatment-5071,treatment,0,0,0.0,-0.2
treatment-5072,treatment,0,0,0.0,-0.2
treatment-5073,treatment,0,0,0.0,-0.2
treatment-5074,treatment,0,0,0.0,-0.2
treatment-5075,treatment,0,0,0.0,-0.2
treatment-5076,treatment,0,0,0.0,-0.2
treatment-5077,treatment,0,0,0.0,-0.2
treatment-5078,treatment,0,0,0.0,-0.2
treatment-5079,treatment,0,0,0.0,-0.2
treatment-5080,treatment,0,0,0.0,-0.2
treatment-5081,treatment,0,0,0.0,-0.2
treatment-5082,treatment,0,0,0.0,-0.2
treatment-5083,treatment,0,0,0.0,-0.2
treatment-5084,treatment,0,0,0.0,-0.2
treatment-5085,treatment,0,0,0.0,-0.2
treatment-5086,treatment,0,0,0.0,-0.2
treatment-5087,treatment,0,0,0.0,-0.2
treatment-5088,treatment,0,0,0.0,-0.2
treatment-5089,treatment,0,0,0.0,-0.2
treatment-5090,treatment,0,0,0.0,-0.2
treatment-5091,treatment,0,0,0.0,-0.2
treatment-5092,treatment,0,0,0.0,-0.2
treatment-5093,treatment,0,0,0.0,-0.2
treatment-5094,treatment,0,0,0.0,-0.2
treatment-5095,treatment,0,0,0.0,-0.2
treatment-5096,treatment,0,0,0.0,-0.2
treatment-5097,treatment,0,0,0.0,-0.2
treatment-5098,treatment,0,0,0.0,-0.2
treatment-5099,treatment,0,0,0.0,-0.2
treatment-5100,treatment,0,0,0.0,-0.2
treatment-5101,treatment,0,0,0.0,-0.2
treatment-5102,treatment,0,0,0.0,-0.2
treatment-5103,treatment,0,0,0.0,-0.2
treatment-5104,treatment,0,0,0.0,-0.2
treatment-5105,treatment,0,0,0.0,-0.2
treatment-5106,treatment,0,0,0.0,-0.2
treatment-5107,treatment,0,0,0.0,-0.2
treatment-5108,treatment,0,0,0.0,-0.2
treatment-5109,treatment,1,0,42.0,13.5
treatment-5110,treatment,0,0,0.0,-0.2
treatment-5111,treatment,1,0,42.0,13.5
treatment-5112,treatment,0,0,0.0,-0.2
treatment-5113,treatment,0,0,0.0,-0.2
treatment-5114,treatment,0,0,0.0,-0.2
treatment-5115,treatment,0,0,0.0,-0.2
treatment-5116,treatment,0,0,0.0,-0.2
treatment-5117,treatment,0,0,0.0,-0.2
treatment-5118,treatment,0,0,0.0,-0.2
treatment-5119,treatment,1,0,21.0,6.6499999999999995
treatment-5120,treatment,1,0,63.0,20.35
treatment-5121,treatment,0,0,0.0,-0.2
treatment-5122,treatment,1,0,21.0,6.6499999999999995
treatment-5123,treatment,0,0,0.0,-0.2
treatment-5124,treatment,0,0,0.0,-0.2
treatment-5125,treatment,0,0,0.0,-0.2
treatment-5126,treatment,0,0,0.0,-0.2
treatment-5127,treatment,0,0,0.0,-0.2
treatment-5128,treatment,0,0,0.0,-0.2
treatment-5129,treatment,0,0,0.0,-0.2
treatment-5130,treatment,0,0,0.0,-0.2
treatment-5131,treatment,0,0,0.0,-0.2
treatment-5132,treatment,0,0,0.0,-0.2
treatment-5133,treatment,0,0,0.0,-0.2
treatment-5134,treatment,0,0,0.0,-0.2
treatment-5135,treatment,0,0,0.0,-0.2
treatment-5136,treatment,0,0,0.0,-0.2
treatment-5137,treatment,0,0,0.0,-0.2
treatment-5138,treatment,0,0,0.0,-0.2
treatment-5139,treatment,0,0,0.0,-0.2
treatment-5140,treatment,0,0,0.0,-0.2
treatment-5141,treatment,1,0,21.0,6.6499999999999995
treatment-5142,treatment,0,0,0.0,-0.2
treatment-5143,treatment,1,0,42.0,13.5
treatment-5144,treatment,0,0,0.0,-0.2
treatment-5145,treatment,0,0,0.0,-0.2
treatment-5146,treatment,0,0,0.0,-0.2
treatment-5147,treatment,0,0,0.0,-0.2
treatment-5148,treatment,0,0,0.0,-0.2
treatment-5149,treatment,0,0,0.0,-0.2
treatment-5150,treatment,0,0,0.0,-0.2
treatment-5151,treatment,0,0,0.0,-0.2
treatment-5152,treatment,0,0,0.0,-0.2
treatment-5153,treatment,0,0,0.0,-0.2
treatment-5154,treatment,0,0,0.0,-0.2
treatment-5155,treatment,0,0,0.0,-0.2
treatment-5156,treatment,0,0,0.0,-0.2
treatment-5157,treatment,0,0,0.0,-0.2
treatment-5158,treatment,0,0,0.0,-0.2
treatment-5159,treatment,0,0,0.0,-0.2
treatment-5160,treatment,0,0,0.0,-0.2
treatment-5161,treatment,0,0,0.0,-0.2
treatment-5162,treatment,0,0,0.0,-0.2
treatment-5163,treatment,0,0,0.0,-0.2
treatment-5164,treatment,0,0,0.0,-0.2
treatment-5165,treatment,0,0,0.0,-0.2
treatment-5166,treatment,0,0,0.0,-0.2
treatment-5167,treatment,0,0,0.0,-0.2
treatment-5168,treatment,0,0,0.0,-0.2
treatment-5169,treatment,0,0,0.0,-0.2
treatment-5170,treatment,0,0,0.0,-0.2
treatment-5171,treatment,0,0,0.0,-0.2
treatment-5172,treatment,0,0,0.0,-0.2
treatment-5173,treatment,0,0,0.0,-0.2
treatment-5174,treatment,0,0,0.0,-0.2
treatment-5175,treatment,0,0,0.0,-0.2
treatment-5176,treatment,0,0,0.0,-0.2
treatment-5177,treatment,0,0,0.0,-0.2
treatment-5178,treatment,0,0,0.0,-0.2
treatment-5179,treatment,0,0,0.0,-0.2
treatment-5180,treatment,0,0,0.0,-0.2
treatment-5181,treatment,0,0,0.0,-0.2
treatment-5182,treatment,0,0,0.0,-0.2
treatment-5183,treatment,1,0,21.0,6.6499999999999995
treatment-5184,treatment,0,0,0.0,-0.2
treatment-5185,treatment,0,0,0.0,-0.2
treatment-5186,treatment,0,0,0.0,-0.2
treatment-5187,treatment,0,0,0.0,-0.2
treatment-5188,treatment,0,0,0.0,-0.2
treatment-5189,treatment,1,0,21.0,6.6499999999999995
treatment-5190,treatment,0,0,0.0,-0.2
treatment-5191,treatment,0,0,0.0,-0.2
treatment-5192,treatment,0,0,0.0,-0.2
treatment-5193,treatment,0,0,0.0,-0.2
treatment-5194,treatment,0,0,0.0,-0.2
treatment-5195,treatment,0,0,0.0,-0.2
treatment-5196,treatment,0,0,0.0,-0.2
treatment-5197,treatment,0,0,0.0,-0.2
treatment-5198,treatment,0,0,0.0,-0.2
treatment-5199,treatment,0,0,0.0,-0.2
treatment-5200,treatment,0,0,0.0,-0.2
treatment-5201,treatment,0,0,0.0,-0.2
treatment-5202,treatment,1,0,21.0,6.6499999999999995
treatment-5203,treatment,0,0,0.0,-0.2
treatment-5204,treatment,0,0,0.0,-0.2
treatment-5205,treatment,0,0,0.0,-0.2
treatment-5206,treatment,0,0,0.0,-0.2
treatment-5207,treatment,0,0,0.0,-0.2
treatment-5208,treatment,0,0,0.0,-0.2
treatment-5209,treatment,0,0,0.0,-0.2
treatment-5210,treatment,0,0,0.0,-0.2
treatment-5211,treatment,0,0,0.0,-0.2
treatment-5212,treatment,0,0,0.0,-0.2
treatment-5213,treatment,0,0,0.0,-0.2
treatment-5214,treatment,0,0,0.0,-0.2
treatment-5215,treatment,0,0,0.0,-0.2
treatment-5216,treatment,0,0,0.0,-0.2
treatment-5217,treatment,0,0,0.0,-0.2
treatment-5218,treatment,0,0,0.0,-0.2
treatment-5219,treatment,0,0,0.0,-0.2
treatment-5220,treatment,0,0,0.0,-0.2
treatment-5221,treatment,0,0,0.0,-0.2
treatment-5222,treatment,1,0,42.0,13.5
treatment-5223,treatment,0,0,0.0,-0.2
treatment-5224,treatment,0,0,0.0,-0.2
treatment-5225,treatment,0,0,0.0,-0.2
treatment-5226,treatment,0,0,0.0,-0.2
treatment-5227,treatment,0,0,0.0,-0.2
treatment-5228,treatment,0,0,0.0,-0.2
treatment-5229,treatment,0,0,0.0,-0.2
treatment-5230,treatment,0,0,0.0,-0.2
treatment-5231,treatment,0,0,0.0,-0.2
treatment-5232,treatment,0,0,0.0,-0.2
treatment-5233,treatment,0,0,0.0,-0.2
treatment-5234,treatment,1,1,0.0,-3.35
treatment-5235,treatment,0,0,0.0,-0.2
treatment-5236,treatment,1,0,42.0,13.5
treatment-5237,treatment,1,0,42.0,13.5
treatment-5238,treatment,0,0,0.0,-0.2
treatment-5239,treatment,0,0,0.0,-0.2
treatment-5240,treatment,0,0,0.0,-0.2
treatment-5241,treatment,0,0,0.0,-0.2
treatment-5242,treatment,0,0,0.0,-0.2
treatment-5243,treatment,0,0,0.0,-0.2
treatment-5244,treatment,0,0,0.0,-0.2
treatment-5245,treatment,0,0,0.0,-0.2
treatment-5246,treatment,0,0,0.0,-0.2
treatment-5247,treatment,0,0,0.0,-0.2
treatment-5248,treatment,0,0,0.0,-0.2
treatment-5249,treatment,0,0,0.0,-0.2
treatment-5250,treatment,0,0,0.0,-0.2
treatment-5251,treatment,0,0,0.0,-0.2
treatment-5252,treatment,0,0,0.0,-0.2
treatment-5253,treatment,0,0,0.0,-0.2
treatment-5254,treatment,0,0,0.0,-0.2
treatment-5255,treatment,0,0,0.0,-0.2
treatment-5256,treatment,0,0,0.0,-0.2
treatment-5257,treatment,0,0,0.0,-0.2
treatment-5258,treatment,0,0,0.0,-0.2
treatment-5259,treatment,0,0,0.0,-0.2
treatment-5260,treatment,0,0,0.0,-0.2
treatment-5261,treatment,0,0,0.0,-0.2
treatment-5262,treatment,1,0,21.0,6.6499999999999995
treatment-5263,treatment,0,0,0.0,-0.2
treatment-5264,treatment,0,0,0.0,-0.2
treatment-5265,treatment,0,0,0.0,-0.2
treatment-5266,treatment,0,0,0.0,-0.2
treatment-5267,treatment,0,0,0.0,-0.2
treatment-5268,treatment,0,0,0.0,-0.2
treatment-5269,treatment,0,0,0.0,-0.2
treatment-5270,treatment,0,0,0.0,-0.2
treatment-5271,treatment,0,0,0.0,-0.2
treatment-5272,treatment,0,0,0.0,-0.2
treatment-5273,treatment,0,0,0.0,-0.2
treatment-5274,treatment,0,0,0.0,-0.2
treatment-5275,treatment,0,0,0.0,-0.2
treatment-5276,treatment,0,0,0.0,-0.2
treatment-5277,treatment,0,0,0.0,-0.2
treatment-5278,treatment,0,0,0.0,-0.2
treatment-5279,treatment,0,0,0.0,-0.2
treatment-5280,treatment,0,0,0.0,-0.2
treatment-5281,treatment,0,0,0.0,-0.2
treatment-5282,treatment,0,0,0.0,-0.2
treatment-5283,treatment,0,0,0.0,-0.2
treatment-5284,treatment,0,0,0.0,-0.2
treatment-5285,treatment,0,0,0.0,-0.2
treatment-5286,treatment,0,0,0.0,-0.2
treatment-5287,treatment,0,0,0.0,-0.2
treatment-5288,treatment,0,0,0.0,-0.2
treatment-5289,treatment,0,0,0.0,-0.2
treatment-5290,treatment,0,0,0.0,-0.2
treatment-5291,treatment,0,0,0.0,-0.2
treatment-5292,treatment,0,0,0.0,-0.2
treatment-5293,treatment,0,0,0.0,-0.2
treatment-5294,treatment,1,0,42.0,13.5
treatment-5295,treatment,0,0,0.0,-0.2
treatment-5296,treatment,0,0,0.0,-0.2
treatment-5297,treatment,0,0,0.0,-0.2
treatment-5298,treatment,0,0,0.0,-0.2
treatment-5299,treatment,0,0,0.0,-0.2
treatment-5300,treatment,1,0,21.0,6.6499999999999995
treatment-5301,treatment,0,0,0.0,-0.2
treatment-5302,treatment,0,0,0.0,-0.2
treatment-5303,treatment,0,0,0.0,-0.2
treatment-5304,treatment,0,0,0.0,-0.2
treatment-5305,treatment,0,0,0.0,-0.2
treatment-5306,treatment,0,0,0.0,-0.2
treatment-5307,treatment,0,0,0.0,-0.2
treatment-5308,treatment,0,0,0.0,-0.2
treatment-5309,treatment,0,0,0.0,-0.2
treatment-5310,treatment,0,0,0.0,-0.2
treatment-5311,treatment,0,0,0.0,-0.2
treatment-5312,treatment,0,0,0.0,-0.2
treatment-5313,treatment,0,0,0.0,-0.2
treatment-5314,treatment,0,0,0.0,-0.2
treatment-5315,treatment,0,0,0.0,-0.2
treatment-5316,treatment,0,0,0.0,-0.2
treatment-5317,treatment,0,0,0.0,-0.2
treatment-5318,treatment,1,0,63.0,20.35
treatment-5319,treatment,0,0,0.0,-0.2
treatment-5320,treatment,0,0,0.0,-0.2
treatment-5321,treatment,0,0,0.0,-0.2
treatment-5322,treatment,0,0,0.0,-0.2
treatment-5323,treatment,0,0,0.0,-0.2
treatment-5324,treatment,0,0,0.0,-0.2
treatment-5325,treatment,0,0,0.0,-0.2
treatment-5326,treatment,0,0,0.0,-0.2
treatment-5327,treatment,0,0,0.0,-0.2
treatment-5328,treatment,0,0,0.0,-0.2
treatment-5329,treatment,0,0,0.0,-0.2
treatment-5330,treatment,0,0,0.0,-0.2
treatment-5331,treatment,0,0,0.0,-0.2
treatment-5332,treatment,0,0,0.0,-0.2
treatment-5333,treatment,0,0,0.0,-0.2
treatment-5334,treatment,0,0,0.0,-0.2
treatment-5335,treatment,1,0,42.0,13.5
treatment-5336,treatment,0,0,0.0,-0.2
treatment-5337,treatment,0,0,0.0,-0.2
treatment-5338,treatment,0,0,0.0,-0.2
treatment-5339,treatment,0,0,0.0,-0.2
treatment-5340,treatment,0,0,0.0,-0.2
treatment-5341,treatment,0,0,0.0,-0.2
treatment-5342,treatment,0,0,0.0,-0.2
treatment-5343,treatment,0,0,0.0,-0.2
treatment-5344,treatment,0,0,0.0,-0.2
treatment-5345,treatment,0,0,0.0,-0.2
treatment-5346,treatment,0,0,0.0,-0.2
treatment-5347,treatment,1,0,63.0,20.35
treatment-5348,treatment,0,0,0.0,-0.2
treatment-5349,treatment,0,0,0.0,-0.2
treatment-5350,treatment,0,0,0.0,-0.2
treatment-5351,treatment,0,0,0.0,-0.2
treatment-5352,treatment,0,0,0.0,-0.2
treatment-5353,treatment,0,0,0.0,-0.2
treatment-5354,treatment,0,0,0.0,-0.2
treatment-5355,treatment,0,0,0.0,-0.2
treatment-5356,treatment,0,0,0.0,-0.2
treatment-5357,treatment,0,0,0.0,-0.2
treatment-5358,treatment,0,0,0.0,-0.2
treatment-5359,treatment,0,0,0.0,-0.2
treatment-5360,treatment,0,0,0.0,-0.2
treatment-5361,treatment,0,0,0.0,-0.2
treatment-5362,treatment,0,0,0.0,-0.2
treatment-5363,treatment,0,0,0.0,-0.2
treatment-5364,treatment,0,0,0.0,-0.2
treatment-5365,treatment,0,0,0.0,-0.2
treatment-5366,treatment,0,0,0.0,-0.2
treatment-5367,treatment,0,0,0.0,-0.2
treatment-5368,treatment,0,0,0.0,-0.2
treatment-5369,treatment,0,0,0.0,-0.2
treatment-5370,treatment,0,0,0.0,-0.2
treatment-5371,treatment,0,0,0.0,-0.2
treatment-5372,treatment,0,0,0.0,-0.2
treatment-5373,treatment,0,0,0.0,-0.2
treatment-5374,treatment,0,0,0.0,-0.2
treatment-5375,treatment,0,0,0.0,-0.2
treatment-5376,treatment,0,0,0.0,-0.2
treatment-5377,treatment,0,0,0.0,-0.2
treatment-5378,treatment,0,0,0.0,-0.2
treatment-5379,treatment,0,0,0.0,-0.2
treatment-5380,treatment,0,0,0.0,-0.2
treatment-5381,treatment,0,0,0.0,-0.2
treatment-5382,treatment,0,0,0.0,-0.2
treatment-5383,treatment,0,0,0.0,-0.2
treatment-5384,treatment,0,0,0.0,-0.2
treatment-5385,treatment,1,0,21.0,6.6499999999999995
treatment-5386,treatment,0,0,0.0,-0.2
treatment-5387,treatment,0,0,0.0,-0.2
treatment-5388,treatment,0,0,0.0,-0.2
treatment-5389,treatment,0,0,0.0,-0.2
treatment-5390,treatment,0,0,0.0,-0.2
treatment-5391,treatment,0,0,0.0,-0.2
treatment-5392,treatment,0,0,0.0,-0.2
treatment-5393,treatment,0,0,0.0,-0.2
treatment-5394,treatment,0,0,0.0,-0.2
treatment-5395,treatment,0,0,0.0,-0.2
treatment-5396,treatment,0,0,0.0,-0.2
treatment-5397,treatment,0,0,0.0,-0.2
treatment-5398,treatment,0,0,0.0,-0.2
treatment-5399,treatment,0,0,0.0,-0.2
treatment-5400,treatment,0,0,0.0,-0.2
treatment-5401,treatment,0,0,0.0,-0.2
treatment-5402,treatment,0,0,0.0,-0.2
treatment-5403,treatment,0,0,0.0,-0.2
treatment-5404,treatment,0,0,0.0,-0.2
treatment-5405,treatment,0,0,0.0,-0.2
treatment-5406,treatment,0,0,0.0,-0.2
treatment-5407,treatment,0,0,0.0,-0.2
treatment-5408,treatment,0,0,0.0,-0.2
treatment-5409,treatment,0,0,0.0,-0.2
treatment-5410,treatment,0,0,0.0,-0.2
treatment-5411,treatment,0,0,0.0,-0.2
treatment-5412,treatment,0,0,0.0,-0.2
treatment-5413,treatment,0,0,0.0,-0.2
treatment-5414,treatment,0,0,0.0,-0.2
treatment-5415,treatment,0,0,0.0,-0.2
treatment-5416,treatment,0,0,0.0,-0.2
treatment-5417,treatment,0,0,0.0,-0.2
treatment-5418,treatment,0,0,0.0,-0.2
treatment-5419,treatment,0,0,0.0,-0.2
treatment-5420,treatment,0,0,0.0,-0.2
treatment-5421,treatment,0,0,0.0,-0.2
treatment-5422,treatment,0,0,0.0,-0.2
treatment-5423,treatment,0,0,0.0,-0.2
treatment-5424,treatment,0,0,0.0,-0.2
treatment-5425,treatment,0,0,0.0,-0.2
treatment-5426,treatment,0,0,0.0,-0.2
treatment-5427,treatment,0,0,0.0,-0.2
treatment-5428,treatment,0,0,0.0,-0.2
treatment-5429,treatment,0,0,0.0,-0.2
treatment-5430,treatment,0,0,0.0,-0.2
treatment-5431,treatment,0,0,0.0,-0.2
treatment-5432,treatment,0,0,0.0,-0.2
treatment-5433,treatment,0,0,0.0,-0.2
treatment-5434,treatment,0,0,0.0,-0.2
treatment-5435,treatment,0,0,0.0,-0.2
treatment-5436,treatment,1,0,63.0,20.35
treatment-5437,treatment,0,0,0.0,-0.2
treatment-5438,treatment,0,0,0.0,-0.2
treatment-5439,treatment,0,0,0.0,-0.2
treatment-5440,treatment,0,0,0.0,-0.2
treatment-5441,treatment,0,0,0.0,-0.2
treatment-5442,treatment,0,0,0.0,-0.2
treatment-5443,treatment,0,0,0.0,-0.2
treatment-5444,treatment,0,0,0.0,-0.2
treatment-5445,treatment,1,0,42.0,13.5
treatment-5446,treatment,0,0,0.0,-0.2
treatment-5447,treatment,0,0,0.0,-0.2
treatment-5448,treatment,0,0,0.0,-0.2
treatment-5449,treatment,0,0,0.0,-0.2
treatment-5450,treatment,0,0,0.0,-0.2
treatment-5451,treatment,0,0,0.0,-0.2
treatment-5452,treatment,0,0,0.0,-0.2
treatment-5453,treatment,0,0,0.0,-0.2
treatment-5454,treatment,1,0,42.0,13.5
treatment-5455,treatment,0,0,0.0,-0.2
treatment-5456,treatment,0,0,0.0,-0.2
treatment-5457,treatment,0,0,0.0,-0.2
treatment-5458,treatment,0,0,0.0,-0.2
treatment-5459,treatment,0,0,0.0,-0.2
treatment-5460,treatment,0,0,0.0,-0.2
treatment-5461,treatment,0,0,0.0,-0.2
treatment-5462,treatment,0,0,0.0,-0.2
treatment-5463,treatment,0,0,0.0,-0.2
treatment-5464,treatment,0,0,0.0,-0.2
treatment-5465,treatment,0,0,0.0,-0.2
treatment-5466,treatment,0,0,0.0,-0.2
treatment-5467,treatment,0,0,0.0,-0.2
treatment-5468,treatment,0,0,0.0,-0.2
treatment-5469,treatment,0,0,0.0,-0.2
treatment-5470,treatment,0,0,0.0,-0.2
treatment-5471,treatment,0,0,0.0,-0.2
treatment-5472,treatment,0,0,0.0,-0.2
treatment-5473,treatment,0,0,0.0,-0.2
treatment-5474,treatment,0,0,0.0,-0.2
treatment-5475,treatment,0,0,0.0,-0.2
treatment-5476,treatment,0,0,0.0,-0.2
treatment-5477,treatment,0,0,0.0,-0.2
treatment-5478,treatment,0,0,0.0,-0.2
treatment-5479,treatment,0,0,0.0,-0.2
treatment-5480,treatment,0,0,0.0,-0.2
treatment-5481,treatment,0,0,0.0,-0.2
treatment-5482,treatment,0,0,0.0,-0.2
treatment-5483,treatment,0,0,0.0,-0.2
treatment-5484,treatment,0,0,0.0,-0.2
treatment-5485,treatment,0,0,0.0,-0.2
treatment-5486,treatment,0,0,0.0,-0.2
treatment-5487,treatment,1,0,42.0,13.5
treatment-5488,treatment,0,0,0.0,-0.2
treatment-5489,treatment,0,0,0.0,-0.2
treatment-5490,treatment,0,0,0.0,-0.2
treatment-5491,treatment,0,0,0.0,-0.2
treatment-5492,treatment,0,0,0.0,-0.2
treatment-5493,treatment,1,1,0.0,-9.649999999999999
treatment-5494,treatment,0,0,0.0,-0.2
treatment-5495,treatment,0,0,0.0,-0.2
treatment-5496,treatment,0,0,0.0,-0.2
treatment-5497,treatment,0,0,0.0,-0.2
treatment-5498,treatment,0,0,0.0,-0.2
treatment-5499,treatment,0,0,0.0,-0.2
treatment-5500,treatment,0,0,0.0,-0.2
treatment-5501,treatment,0,0,0.0,-0.2
treatment-5502,treatment,0,0,0.0,-0.2
treatment-5503,treatment,0,0,0.0,-0.2
treatment-5504,treatment,0,0,0.0,-0.2
treatment-5505,treatment,0,0,0.0,-0.2
treatment-5506,treatment,0,0,0.0,-0.2
treatment-5507,treatment,0,0,0.0,-0.2
treatment-5508,treatment,0,0,0.0,-0.2
treatment-5509,treatment,0,0,0.0,-0.2
treatment-5510,treatment,0,0,0.0,-0.2
treatment-5511,treatment,0,0,0.0,-0.2
treatment-5512,treatment,0,0,0.0,-0.2
treatment-5513,treatment,0,0,0.0,-0.2
treatment-5514,treatment,0,0,0.0,-0.2
treatment-5515,treatment,0,0,0.0,-0.2
treatment-5516,treatment,0,0,0.0,-0.2
treatment-5517,treatment,0,0,0.0,-0.2
treatment-5518,treatment,0,0,0.0,-0.2
treatment-5519,treatment,0,0,0.0,-0.2
treatment-5520,treatment,0,0,0.0,-0.2
treatment-5521,treatment,0,0,0.0,-0.2
treatment-5522,treatment,0,0,0.0,-0.2
treatment-5523,treatment,1,0,21.0,6.6499999999999995
treatment-5524,treatment,0,0,0.0,-0.2
treatment-5525,treatment,0,0,0.0,-0.2
treatment-5526,treatment,0,0,0.0,-0.2
treatment-5527,treatment,0,0,0.0,-0.2
treatment-5528,treatment,0,0,0.0,-0.2
treatment-5529,treatment,0,0,0.0,-0.2
treatment-5530,treatment,1,0,21.0,6.6499999999999995
treatment-5531,treatment,1,0,63.0,20.35
treatment-5532,treatment,1,1,0.0,-9.649999999999999
treatment-5533,treatment,0,0,0.0,-0.2
treatment-5534,treatment,0,0,0.0,-0.2
treatment-5535,treatment,0,0,0.0,-0.2
treatment-5536,treatment,0,0,0.0,-0.2
treatment-5537,treatment,0,0,0.0,-0.2
treatment-5538,treatment,0,0,0.0,-0.2
treatment-5539,treatment,1,0,63.0,20.35
treatment-5540,treatment,0,0,0.0,-0.2
treatment-5541,treatment,0,0,0.0,-0.2
treatment-5542,treatment,0,0,0.0,-0.2
treatment-5543,treatment,0,0,0.0,-0.2
treatment-5544,treatment,0,0,0.0,-0.2
treatment-5545,treatment,0,0,0.0,-0.2
treatment-5546,treatment,0,0,0.0,-0.2
treatment-5547,treatment,0,0,0.0,-0.2
treatment-5548,treatment,0,0,0.0,-0.2
treatment-5549,treatment,0,0,0.0,-0.2
treatment-5550,treatment,0,0,0.0,-0.2
treatment-5551,treatment,0,0,0.0,-0.2
treatment-5552,treatment,0,0,0.0,-0.2
treatment-5553,treatment,0,0,0.0,-0.2
treatment-5554,treatment,0,0,0.0,-0.2
treatment-5555,treatment,0,0,0.0,-0.2
treatment-5556,treatment,0,0,0.0,-0.2
treatment-5557,treatment,0,0,0.0,-0.2
treatment-5558,treatment,0,0,0.0,-0.2
treatment-5559,treatment,0,0,0.0,-0.2
treatment-5560,treatment,0,0,0.0,-0.2
treatment-5561,treatment,0,0,0.0,-0.2
treatment-5562,treatment,0,0,0.0,-0.2
treatment-5563,treatment,0,0,0.0,-0.2
treatment-5564,treatment,0,0,0.0,-0.2
treatment-5565,treatment,0,0,0.0,-0.2
treatment-5566,treatment,0,0,0.0,-0.2
treatment-5567,treatment,0,0,0.0,-0.2
treatment-5568,treatment,0,0,0.0,-0.2
treatment-5569,treatment,0,0,0.0,-0.2
treatment-5570,treatment,0,0,0.0,-0.2
treatment-5571,treatment,0,0,0.0,-0.2
treatment-5572,treatment,0,0,0.0,-0.2
treatment-5573,treatment,0,0,0.0,-0.2
treatment-5574,treatment,0,0,0.0,-0.2
treatment-5575,treatment,0,0,0.0,-0.2
treatment-5576,treatment,0,0,0.0,-0.2
treatment-5577,treatment,0,0,0.0,-0.2
treatment-5578,treatment,0,0,0.0,-0.2
treatment-5579,treatment,0,0,0.0,-0.2
treatment-5580,treatment,0,0,0.0,-0.2
treatment-5581,treatment,0,0,0.0,-0.2
treatment-5582,treatment,0,0,0.0,-0.2
treatment-5583,treatment,0,0,0.0,-0.2
treatment-5584,treatment,1,0,42.0,13.5
treatment-5585,treatment,0,0,0.0,-0.2
treatment-5586,treatment,0,0,0.0,-0.2
treatment-5587,treatment,0,0,0.0,-0.2
treatment-5588,treatment,0,0,0.0,-0.2
treatment-5589,treatment,0,0,0.0,-0.2
treatment-5590,treatment,1,0,42.0,13.5
treatment-5591,treatment,0,0,0.0,-0.2
treatment-5592,treatment,0,0,0.0,-0.2
treatment-5593,treatment,0,0,0.0,-0.2
treatment-5594,treatment,0,0,0.0,-0.2
treatment-5595,treatment,0,0,0.0,-0.2
treatment-5596,treatment,0,0,0.0,-0.2
treatment-5597,treatment,0,0,0.0,-0.2
treatment-5598,treatment,0,0,0.0,-0.2
treatment-5599,treatment,0,0,0.0,-0.2
treatment-5600,treatment,0,0,0.0,-0.2
treatment-5601,treatment,0,0,0.0,-0.2
treatment-5602,treatment,0,0,0.0,-0.2
treatment-5603,treatment,0,0,0.0,-0.2
treatment-5604,treatment,0,0,0.0,-0.2
treatment-5605,treatment,0,0,0.0,-0.2
treatment-5606,treatment,0,0,0.0,-0.2
treatment-5607,treatment,0,0,0.0,-0.2
treatment-5608,treatment,0,0,0.0,-0.2
treatment-5609,treatment,0,0,0.0,-0.2
treatment-5610,treatment,0,0,0.0,-0.2
treatment-5611,treatment,0,0,0.0,-0.2
treatment-5612,treatment,0,0,0.0,-0.2
treatment-5613,treatment,0,0,0.0,-0.2
treatment-5614,treatment,0,0,0.0,-0.2
treatment-5615,treatment,0,0,0.0,-0.2
treatment-5616,treatment,0,0,0.0,-0.2
treatment-5617,treatment,0,0,0.0,-0.2
treatment-5618,treatment,0,0,0.0,-0.2
treatment-5619,treatment,0,0,0.0,-0.2
treatment-5620,treatment,0,0,0.0,-0.2
treatment-5621,treatment,0,0,0.0,-0.2
treatment-5622,treatment,0,0,0.0,-0.2
treatment-5623,treatment,0,0,0.0,-0.2
treatment-5624,treatment,0,0,0.0,-0.2
treatment-5625,treatment,0,0,0.0,-0.2
treatment-5626,treatment,0,0,0.0,-0.2
treatment-5627,treatment,0,0,0.0,-0.2
treatment-5628,treatment,0,0,0.0,-0.2
treatment-5629,treatment,0,0,0.0,-0.2
treatment-5630,treatment,0,0,0.0,-0.2
treatment-5631,treatment,1,0,42.0,13.5
treatment-5632,treatment,0,0,0.0,-0.2
treatment-5633,treatment,0,0,0.0,-0.2
treatment-5634,treatment,0,0,0.0,-0.2
treatment-5635,treatment,0,0,0.0,-0.2
treatment-5636,treatment,0,0,0.0,-0.2
treatment-5637,treatment,0,0,0.0,-0.2
treatment-5638,treatment,0,0,0.0,-0.2
treatment-5639,treatment,1,0,42.0,13.5
treatment-5640,treatment,0,0,0.0,-0.2
treatment-5641,treatment,0,0,0.0,-0.2
treatment-5642,treatment,1,0,63.0,20.35
treatment-5643,treatment,0,0,0.0,-0.2
treatment-5644,treatment,0,0,0.0,-0.2
treatment-5645,treatment,0,0,0.0,-0.2
treatment-5646,treatment,1,0,63.0,20.35
treatment-5647,treatment,0,0,0.0,-0.2
treatment-5648,treatment,0,0,0.0,-0.2
treatment-5649,treatment,0,0,0.0,-0.2
treatment-5650,treatment,0,0,0.0,-0.2
treatment-5651,treatment,0,0,0.0,-0.2
treatment-5652,treatment,0,0,0.0,-0.2
treatment-5653,treatment,0,0,0.0,-0.2
treatment-5654,treatment,0,0,0.0,-0.2
treatment-5655,treatment,0,0,0.0,-0.2
treatment-5656,treatment,0,0,0.0,-0.2
treatment-5657,treatment,0,0,0.0,-0.2
treatment-5658,treatment,0,0,0.0,-0.2
treatment-5659,treatment,0,0,0.0,-0.2
treatment-5660,treatment,0,0,0.0,-0.2
treatment-5661,treatment,0,0,0.0,-0.2
treatment-5662,treatment,0,0,0.0,-0.2
treatment-5663,treatment,0,0,0.0,-0.2
treatment-5664,treatment,0,0,0.0,-0.2
treatment-5665,treatment,0,0,0.0,-0.2
treatment-5666,treatment,0,0,0.0,-0.2
treatment-5667,treatment,0,0,0.0,-0.2
treatment-5668,treatment,0,0,0.0,-0.2
treatment-5669,treatment,0,0,0.0,-0.2
treatment-5670,treatment,0,0,0.0,-0.2
treatment-5671,treatment,0,0,0.0,-0.2
treatment-5672,treatment,0,0,0.0,-0.2
treatment-5673,treatment,0,0,0.0,-0.2
treatment-5674,treatment,0,0,0.0,-0.2
treatment-5675,treatment,0,0,0.0,-0.2
treatment-5676,treatment,0,0,0.0,-0.2
treatment-5677,treatment,0,0,0.0,-0.2
treatment-5678,treatment,0,0,0.0,-0.2
treatment-5679,treatment,0,0,0.0,-0.2
treatment-5680,treatment,0,0,0.0,-0.2
treatment-5681,treatment,0,0,0.0,-0.2
treatment-5682,treatment,0,0,0.0,-0.2
treatment-5683,treatment,0,0,0.0,-0.2
treatment-5684,treatment,0,0,0.0,-0.2
treatment-5685,treatment,0,0,0.0,-0.2
treatment-5686,treatment,0,0,0.0,-0.2
treatment-5687,treatment,0,0,0.0,-0.2
treatment-5688,treatment,0,0,0.0,-0.2
treatment-5689,treatment,0,0,0.0,-0.2
treatment-5690,treatment,0,0,0.0,-0.2
treatment-5691,treatment,0,0,0.0,-0.2
treatment-5692,treatment,0,0,0.0,-0.2
treatment-5693,treatment,0,0,0.0,-0.2
treatment-5694,treatment,0,0,0.0,-0.2
treatment-5695,treatment,0,0,0.0,-0.2
treatment-5696,treatment,1,0,21.0,6.6499999999999995
treatment-5697,treatment,0,0,0.0,-0.2
treatment-5698,treatment,0,0,0.0,-0.2
treatment-5699,treatment,0,0,0.0,-0.2
treatment-5700,treatment,0,0,0.0,-0.2
treatment-5701,treatment,0,0,0.0,-0.2
treatment-5702,treatment,0,0,0.0,-0.2
treatment-5703,treatment,0,0,0.0,-0.2
treatment-5704,treatment,0,0,0.0,-0.2
treatment-5705,treatment,0,0,0.0,-0.2
treatment-5706,treatment,0,0,0.0,-0.2
treatment-5707,treatment,0,0,0.0,-0.2
treatment-5708,treatment,0,0,0.0,-0.2
treatment-5709,treatment,0,0,0.0,-0.2
treatment-5710,treatment,0,0,0.0,-0.2
treatment-5711,treatment,0,0,0.0,-0.2
treatment-5712,treatment,0,0,0.0,-0.2
treatment-5713,treatment,0,0,0.0,-0.2
treatment-5714,treatment,0,0,0.0,-0.2
treatment-5715,treatment,0,0,0.0,-0.2
treatment-5716,treatment,0,0,0.0,-0.2
treatment-5717,treatment,0,0,0.0,-0.2
treatment-5718,treatment,0,0,0.0,-0.2
treatment-5719,treatment,0,0,0.0,-0.2
treatment-5720,treatment,0,0,0.0,-0.2
treatment-5721,treatment,0,0,0.0,-0.2
treatment-5722,treatment,0,0,0.0,-0.2
treatment-5723,treatment,0,0,0.0,-0.2
treatment-5724,treatment,0,0,0.0,-0.2
treatment-5725,treatment,0,0,0.0,-0.2
treatment-5726,treatment,0,0,0.0,-0.2
treatment-5727,treatment,0,0,0.0,-0.2
treatment-5728,treatment,0,0,0.0,-0.2
treatment-5729,treatment,0,0,0.0,-0.2
treatment-5730,treatment,0,0,0.0,-0.2
treatment-5731,treatment,0,0,0.0,-0.2
treatment-5732,treatment,0,0,0.0,-0.2
treatment-5733,treatment,0,0,0.0,-0.2
treatment-5734,treatment,0,0,0.0,-0.2
treatment-5735,treatment,0,0,0.0,-0.2
treatment-5736,treatment,0,0,0.0,-0.2
treatment-5737,treatment,0,0,0.0,-0.2
treatment-5738,treatment,0,0,0.0,-0.2
treatment-5739,treatment,0,0,0.0,-0.2
treatment-5740,treatment,0,0,0.0,-0.2
treatment-5741,treatment,0,0,0.0,-0.2
treatment-5742,treatment,0,0,0.0,-0.2
treatment-5743,treatment,0,0,0.0,-0.2
treatment-5744,treatment,0,0,0.0,-0.2
treatment-5745,treatment,0,0,0.0,-0.2
treatment-5746,treatment,0,0,0.0,-0.2
treatment-5747,treatment,0,0,0.0,-0.2
treatment-5748,treatment,1,1,0.0,-6.5
treatment-5749,treatment,0,0,0.0,-0.2
treatment-5750,treatment,0,0,0.0,-0.2
treatment-5751,treatment,0,0,0.0,-0.2
treatment-5752,treatment,0,0,0.0,-0.2
treatment-5753,treatment,0,0,0.0,-0.2
treatment-5754,treatment,0,0,0.0,-0.2
treatment-5755,treatment,0,0,0.0,-0.2
treatment-5756,treatment,0,0,0.0,-0.2
treatment-5757,treatment,0,0,0.0,-0.2
treatment-5758,treatment,0,0,0.0,-0.2
treatment-5759,treatment,0,0,0.0,-0.2
treatment-5760,treatment,0,0,0.0,-0.2
treatment-5761,treatment,0,0,0.0,-0.2
treatment-5762,treatment,0,0,0.0,-0.2
treatment-5763,treatment,0,0,0.0,-0.2
treatment-5764,treatment,0,0,0.0,-0.2
treatment-5765,treatment,0,0,0.0,-0.2
treatment-5766,treatment,0,0,0.0,-0.2
treatment-5767,treatment,0,0,0.0,-0.2
treatment-5768,treatment,0,0,0.0,-0.2
treatment-5769,treatment,0,0,0.0,-0.2
treatment-5770,treatment,0,0,0.0,-0.2
treatment-5771,treatment,0,0,0.0,-0.2
treatment-5772,treatment,0,0,0.0,-0.2
treatment-5773,treatment,0,0,0.0,-0.2
treatment-5774,treatment,0,0,0.0,-0.2
treatment-5775,treatment,0,0,0.0,-0.2
treatment-5776,treatment,0,0,0.0,-0.2
treatment-5777,treatment,0,0,0.0,-0.2
treatment-5778,treatment,0,0,0.0,-0.2
treatment-5779,treatment,0,0,0.0,-0.2
treatment-5780,treatment,0,0,0.0,-0.2
treatment-5781,treatment,0,0,0.0,-0.2
treatment-5782,treatment,0,0,0.0,-0.2
treatment-5783,treatment,0,0,0.0,-0.2
treatment-5784,treatment,0,0,0.0,-0.2
treatment-5785,treatment,0,0,0.0,-0.2
treatment-5786,treatment,0,0,0.0,-0.2
treatment-5787,treatment,0,0,0.0,-0.2
treatment-5788,treatment,0,0,0.0,-0.2
treatment-5789,treatment,0,0,0.0,-0.2
treatment-5790,treatment,1,0,63.0,20.35
treatment-5791,treatment,0,0,0.0,-0.2
treatment-5792,treatment,0,0,0.0,-0.2
treatment-5793,treatment,0,0,0.0,-0.2
treatment-5794,treatment,0,0,0.0,-0.2
treatment-5795,treatment,0,0,0.0,-0.2
treatment-5796,treatment,0,0,0.0,-0.2
treatment-5797,treatment,1,0,21.0,6.6499999999999995
treatment-5798,treatment,0,0,0.0,-0.2
treatment-5799,treatment,0,0,0.0,-0.2
treatment-5800,treatment,0,0,0.0,-0.2
treatment-5801,treatment,0,0,0.0,-0.2
treatment-5802,treatment,0,0,0.0,-0.2
treatment-5803,treatment,0,0,0.0,-0.2
treatment-5804,treatment,0,0,0.0,-0.2
treatment-5805,treatment,0,0,0.0,-0.2
treatment-5806,treatment,0,0,0.0,-0.2
treatment-5807,treatment,0,0,0.0,-0.2
treatment-5808,treatment,1,1,0.0,-3.35
treatment-5809,treatment,0,0,0.0,-0.2
treatment-5810,treatment,0,0,0.0,-0.2
treatment-5811,treatment,0,0,0.0,-0.2
treatment-5812,treatment,0,0,0.0,-0.2
treatment-5813,treatment,0,0,0.0,-0.2
treatment-5814,treatment,1,0,42.0,13.5
treatment-5815,treatment,0,0,0.0,-0.2
treatment-5816,treatment,0,0,0.0,-0.2
treatment-5817,treatment,0,0,0.0,-0.2
treatment-5818,treatment,0,0,0.0,-0.2
treatment-5819,treatment,0,0,0.0,-0.2
treatment-5820,treatment,0,0,0.0,-0.2
treatment-5821,treatment,1,1,0.0,-9.649999999999999
treatment-5822,treatment,0,0,0.0,-0.2
treatment-5823,treatment,0,0,0.0,-0.2
treatment-5824,treatment,0,0,0.0,-0.2
treatment-5825,treatment,0,0,0.0,-0.2
treatment-5826,treatment,0,0,0.0,-0.2
treatment-5827,treatment,0,0,0.0,-0.2
treatment-5828,treatment,0,0,0.0,-0.2
treatment-5829,treatment,0,0,0.0,-0.2
treatment-5830,treatment,0,0,0.0,-0.2
treatment-5831,treatment,0,0,0.0,-0.2
treatment-5832,treatment,0,0,0.0,-0.2
treatment-5833,treatment,0,0,0.0,-0.2
treatment-5834,treatment,0,0,0.0,-0.2
treatment-5835,treatment,0,0,0.0,-0.2
treatment-5836,treatment,0,0,0.0,-0.2
treatment-5837,treatment,0,0,0.0,-0.2
treatment-5838,treatment,0,0,0.0,-0.2
treatment-5839,treatment,1,0,21.0,6.6499999999999995
treatment-5840,treatment,0,0,0.0,-0.2
treatment-5841,treatment,0,0,0.0,-0.2
treatment-5842,treatment,0,0,0.0,-0.2
treatment-5843,treatment,0,0,0.0,-0.2
treatment-5844,treatment,1,0,63.0,20.35
treatment-5845,treatment,0,0,0.0,-0.2
treatment-5846,treatment,0,0,0.0,-0.2
treatment-5847,treatment,0,0,0.0,-0.2
treatment-5848,treatment,0,0,0.0,-0.2
treatment-5849,treatment,0,0,0.0,-0.2
treatment-5850,treatment,0,0,0.0,-0.2
treatment-5851,treatment,0,0,0.0,-0.2
treatment-5852,treatment,0,0,0.0,-0.2
treatment-5853,treatment,0,0,0.0,-0.2
treatment-5854,treatment,0,0,0.0,-0.2
treatment-5855,treatment,0,0,0.0,-0.2
treatment-5856,treatment,0,0,0.0,-0.2
treatment-5857,treatment,0,0,0.0,-0.2
treatment-5858,treatment,0,0,0.0,-0.2
treatment-5859,treatment,0,0,0.0,-0.2
treatment-5860,treatment,0,0,0.0,-0.2
treatment-5861,treatment,0,0,0.0,-0.2
treatment-5862,treatment,0,0,0.0,-0.2
treatment-5863,treatment,0,0,0.0,-0.2
treatment-5864,treatment,0,0,0.0,-0.2
treatment-5865,treatment,0,0,0.0,-0.2
treatment-5866,treatment,0,0,0.0,-0.2
treatment-5867,treatment,0,0,0.0,-0.2
treatment-5868,treatment,0,0,0.0,-0.2
treatment-5869,treatment,0,0,0.0,-0.2
treatment-5870,treatment,0,0,0.0,-0.2
treatment-5871,treatment,0,0,0.0,-0.2
treatment-5872,treatment,0,0,0.0,-0.2
treatment-5873,treatment,0,0,0.0,-0.2
treatment-5874,treatment,0,0,0.0,-0.2
treatment-5875,treatment,0,0,0.0,-0.2
treatment-5876,treatment,0,0,0.0,-0.2
treatment-5877,treatment,0,0,0.0,-0.2
treatment-5878,treatment,0,0,0.0,-0.2
treatment-5879,treatment,0,0,0.0,-0.2
treatment-5880,treatment,0,0,0.0,-0.2
treatment-5881,treatment,0,0,0.0,-0.2
treatment-5882,treatment,0,0,0.0,-0.2
treatment-5883,treatment,0,0,0.0,-0.2
treatment-5884,treatment,0,0,0.0,-0.2
treatment-5885,treatment,0,0,0.0,-0.2
treatment-5886,treatment,0,0,0.0,-0.2
treatment-5887,treatment,0,0,0.0,-0.2
treatment-5888,treatment,0,0,0.0,-0.2
treatment-5889,treatment,0,0,0.0,-0.2
treatment-5890,treatment,0,0,0.0,-0.2
treatment-5891,treatment,0,0,0.0,-0.2
treatment-5892,treatment,0,0,0.0,-0.2
treatment-5893,treatment,0,0,0.0,-0.2
treatment-5894,treatment,0,0,0.0,-0.2
treatment-5895,treatment,0,0,0.0,-0.2
treatment-5896,treatment,0,0,0.0,-0.2
treatment-5897,treatment,0,0,0.0,-0.2
treatment-5898,treatment,0,0,0.0,-0.2
treatment-5899,treatment,0,0,0.0,-0.2
treatment-5900,treatment,0,0,0.0,-0.2
treatment-5901,treatment,0,0,0.0,-0.2
treatment-5902,treatment,0,0,0.0,-0.2
treatment-5903,treatment,0,0,0.0,-0.2
treatment-5904,treatment,0,0,0.0,-0.2
treatment-5905,treatment,0,0,0.0,-0.2
treatment-5906,treatment,0,0,0.0,-0.2
treatment-5907,treatment,0,0,0.0,-0.2
treatment-5908,treatment,0,0,0.0,-0.2
treatment-5909,treatment,0,0,0.0,-0.2
treatment-5910,treatment,0,0,0.0,-0.2
treatment-5911,treatment,0,0,0.0,-0.2
treatment-5912,treatment,0,0,0.0,-0.2
treatment-5913,treatment,0,0,0.0,-0.2
treatment-5914,treatment,1,1,0.0,-6.5
treatment-5915,treatment,0,0,0.0,-0.2
treatment-5916,treatment,0,0,0.0,-0.2
treatment-5917,treatment,0,0,0.0,-0.2
treatment-5918,treatment,1,0,21.0,6.6499999999999995
treatment-5919,treatment,0,0,0.0,-0.2
treatment-5920,treatment,0,0,0.0,-0.2
treatment-5921,treatment,0,0,0.0,-0.2
treatment-5922,treatment,1,0,21.0,6.6499999999999995
treatment-5923,treatment,0,0,0.0,-0.2
treatment-5924,treatment,0,0,0.0,-0.2
treatment-5925,treatment,0,0,0.0,-0.2
treatment-5926,treatment,0,0,0.0,-0.2
treatment-5927,treatment,0,0,0.0,-0.2
treatment-5928,treatment,0,0,0.0,-0.2
treatment-5929,treatment,0,0,0.0,-0.2
treatment-5930,treatment,0,0,0.0,-0.2
treatment-5931,treatment,0,0,0.0,-0.2
treatment-5932,treatment,0,0,0.0,-0.2
treatment-5933,treatment,0,0,0.0,-0.2
treatment-5934,treatment,1,0,63.0,20.35
treatment-5935,treatment,0,0,0.0,-0.2
treatment-5936,treatment,0,0,0.0,-0.2
treatment-5937,treatment,0,0,0.0,-0.2
treatment-5938,treatment,0,0,0.0,-0.2
treatment-5939,treatment,0,0,0.0,-0.2
treatment-5940,treatment,0,0,0.0,-0.2
treatment-5941,treatment,0,0,0.0,-0.2
treatment-5942,treatment,0,0,0.0,-0.2
treatment-5943,treatment,0,0,0.0,-0.2
treatment-5944,treatment,0,0,0.0,-0.2
treatment-5945,treatment,0,0,0.0,-0.2
treatment-5946,treatment,0,0,0.0,-0.2
treatment-5947,treatment,0,0,0.0,-0.2
treatment-5948,treatment,0,0,0.0,-0.2
treatment-5949,treatment,0,0,0.0,-0.2
treatment-5950,treatment,0,0,0.0,-0.2
treatment-5951,treatment,0,0,0.0,-0.2
treatment-5952,treatment,0,0,0.0,-0.2
treatment-5953,treatment,0,0,0.0,-0.2
treatment-5954,treatment,0,0,0.0,-0.2
treatment-5955,treatment,0,0,0.0,-0.2
treatment-5956,treatment,0,0,0.0,-0.2
treatment-5957,treatment,0,0,0.0,-0.2
treatment-5958,treatment,0,0,0.0,-0.2
treatment-5959,treatment,0,0,0.0,-0.2
treatment-5960,treatment,0,0,0.0,-0.2
treatment-5961,treatment,0,0,0.0,-0.2
treatment-5962,treatment,0,0,0.0,-0.2
treatment-5963,treatment,0,0,0.0,-0.2
treatment-5964,treatment,0,0,0.0,-0.2
treatment-5965,treatment,0,0,0.0,-0.2
treatment-5966,treatment,0,0,0.0,-0.2
treatment-5967,treatment,0,0,0.0,-0.2
treatment-5968,treatment,0,0,0.0,-0.2
treatment-5969,treatment,0,0,0.0,-0.2
treatment-5970,treatment,0,0,0.0,-0.2
treatment-5971,treatment,0,0,0.0,-0.2
treatment-5972,treatment,0,0,0.0,-0.2
treatment-5973,treatment,0,0,0.0,-0.2
treatment-5974,treatment,0,0,0.0,-0.2
treatment-5975,treatment,0,0,0.0,-0.2
treatment-5976,treatment,0,0,0.0,-0.2
treatment-5977,treatment,0,0,0.0,-0.2
treatment-5978,treatment,0,0,0.0,-0.2
treatment-5979,treatment,0,0,0.0,-0.2
treatment-5980,treatment,0,0,0.0,-0.2
treatment-5981,treatment,0,0,0.0,-0.2
treatment-5982,treatment,0,0,0.0,-0.2
treatment-5983,treatment,0,0,0.0,-0.2
treatment-5984,treatment,0,0,0.0,-0.2
treatment-5985,treatment,0,0,0.0,-0.2
treatment-5986,treatment,0,0,0.0,-0.2
treatment-5987,treatment,0,0,0.0,-0.2
treatment-5988,treatment,0,0,0.0,-0.2
treatment-5989,treatment,0,0,0.0,-0.2
treatment-5990,treatment,0,0,0.0,-0.2
treatment-5991,treatment,0,0,0.0,-0.2
treatment-5992,treatment,0,0,0.0,-0.2
treatment-5993,treatment,0,0,0.0,-0.2
treatment-5994,treatment,0,0,0.0,-0.2
treatment-5995,treatment,0,0,0.0,-0.2
treatment-5996,treatment,0,0,0.0,-0.2
treatment-5997,treatment,0,0,0.0,-0.2
treatment-5998,treatment,0,0,0.0,-0.2
treatment-5999,treatment,0,0,0.0,-0.2
treatment-6000,treatment,0,0,0.0,-0.2
treatment-6001,treatment,0,0,0.0,-0.2
treatment-6002,treatment,0,0,0.0,-0.2
treatment-6003,treatment,0,0,0.0,-0.2
treatment-6004,treatment,0,0,0.0,-0.2
treatment-6005,treatment,0,0,0.0,-0.2
treatment-6006,treatment,0,0,0.0,-0.2
treatment-6007,treatment,0,0,0.0,-0.2
treatment-6008,treatment,0,0,0.0,-0.2
treatment-6009,treatment,0,0,0.0,-0.2
treatment-6010,treatment,1,0,63.0,20.35
treatment-6011,treatment,0,0,0.0,-0.2
treatment-6012,treatment,0,0,0.0,-0.2
treatment-6013,treatment,0,0,0.0,-0.2
treatment-6014,treatment,0,0,0.0,-0.2
treatment-6015,treatment,0,0,0.0,-0.2
treatment-6016,treatment,0,0,0.0,-0.2
treatment-6017,treatment,0,0,0.0,-0.2
treatment-6018,treatment,0,0,0.0,-0.2
treatment-6019,treatment,0,0,0.0,-0.2
treatment-6020,treatment,0,0,0.0,-0.2
treatment-6021,treatment,0,0,0.0,-0.2
treatment-6022,treatment,0,0,0.0,-0.2
treatment-6023,treatment,0,0,0.0,-0.2
treatment-6024,treatment,0,0,0.0,-0.2
treatment-6025,treatment,1,0,42.0,13.5
treatment-6026,treatment,0,0,0.0,-0.2
treatment-6027,treatment,0,0,0.0,-0.2
treatment-6028,treatment,0,0,0.0,-0.2
treatment-6029,treatment,0,0,0.0,-0.2
treatment-6030,treatment,0,0,0.0,-0.2
treatment-6031,treatment,0,0,0.0,-0.2
treatment-6032,treatment,0,0,0.0,-0.2
treatment-6033,treatment,1,0,21.0,6.6499999999999995
treatment-6034,treatment,0,0,0.0,-0.2
treatment-6035,treatment,0,0,0.0,-0.2
treatment-6036,treatment,0,0,0.0,-0.2
treatment-6037,treatment,0,0,0.0,-0.2
treatment-6038,treatment,0,0,0.0,-0.2
treatment-6039,treatment,0,0,0.0,-0.2
treatment-6040,treatment,0,0,0.0,-0.2
treatment-6041,treatment,0,0,0.0,-0.2
treatment-6042,treatment,0,0,0.0,-0.2
treatment-6043,treatment,0,0,0.0,-0.2
treatment-6044,treatment,0,0,0.0,-0.2
treatment-6045,treatment,0,0,0.0,-0.2
treatment-6046,treatment,0,0,0.0,-0.2
treatment-6047,treatment,0,0,0.0,-0.2
treatment-6048,treatment,0,0,0.0,-0.2
treatment-6049,treatment,0,0,0.0,-0.2
treatment-6050,treatment,0,0,0.0,-0.2
treatment-6051,treatment,0,0,0.0,-0.2
treatment-6052,treatment,0,0,0.0,-0.2
treatment-6053,treatment,0,0,0.0,-0.2
treatment-6054,treatment,0,0,0.0,-0.2
treatment-6055,treatment,0,0,0.0,-0.2
treatment-6056,treatment,0,0,0.0,-0.2
treatment-6057,treatment,0,0,0.0,-0.2
treatment-6058,treatment,0,0,0.0,-0.2
treatment-6059,treatment,0,0,0.0,-0.2
treatment-6060,treatment,0,0,0.0,-0.2
treatment-6061,treatment,0,0,0.0,-0.2
treatment-6062,treatment,0,0,0.0,-0.2
treatment-6063,treatment,0,0,0.0,-0.2
treatment-6064,treatment,0,0,0.0,-0.2
treatment-6065,treatment,0,0,0.0,-0.2
treatment-6066,treatment,0,0,0.0,-0.2
treatment-6067,treatment,0,0,0.0,-0.2
treatment-6068,treatment,0,0,0.0,-0.2
treatment-6069,treatment,0,0,0.0,-0.2
treatment-6070,treatment,1,0,21.0,6.6499999999999995
treatment-6071,treatment,0,0,0.0,-0.2
treatment-6072,treatment,0,0,0.0,-0.2
treatment-6073,treatment,0,0,0.0,-0.2
treatment-6074,treatment,0,0,0.0,-0.2
treatment-6075,treatment,0,0,0.0,-0.2
treatment-6076,treatment,0,0,0.0,-0.2
treatment-6077,treatment,0,0,0.0,-0.2
treatment-6078,treatment,0,0,0.0,-0.2
treatment-6079,treatment,0,0,0.0,-0.2
treatment-6080,treatment,0,0,0.0,-0.2
treatment-6081,treatment,0,0,0.0,-0.2
treatment-6082,treatment,0,0,0.0,-0.2
treatment-6083,treatment,0,0,0.0,-0.2
treatment-6084,treatment,0,0,0.0,-0.2
treatment-6085,treatment,0,0,0.0,-0.2
treatment-6086,treatment,0,0,0.0,-0.2
treatment-6087,treatment,0,0,0.0,-0.2
treatment-6088,treatment,0,0,0.0,-0.2
treatment-6089,treatment,0,0,0.0,-0.2
treatment-6090,treatment,0,0,0.0,-0.2
treatment-6091,treatment,0,0,0.0,-0.2
treatment-6092,treatment,0,0,0.0,-0.2
treatment-6093,treatment,0,0,0.0,-0.2
treatment-6094,treatment,0,0,0.0,-0.2
treatment-6095,treatment,0,0,0.0,-0.2
treatment-6096,treatment,0,0,0.0,-0.2
treatment-6097,treatment,0,0,0.0,-0.2
treatment-6098,treatment,0,0,0.0,-0.2
treatment-6099,treatment,0,0,0.0,-0.2
treatment-6100,treatment,1,0,63.0,20.35
treatment-6101,treatment,0,0,0.0,-0.2
treatment-6102,treatment,0,0,0.0,-0.2
treatment-6103,treatment,0,0,0.0,-0.2
treatment-6104,treatment,1,0,63.0,20.35
treatment-6105,treatment,0,0,0.0,-0.2
treatment-6106,treatment,0,0,0.0,-0.2
treatment-6107,treatment,0,0,0.0,-0.2
treatment-6108,treatment,0,0,0.0,-0.2
treatment-6109,treatment,0,0,0.0,-0.2
treatment-6110,treatment,0,0,0.0,-0.2
treatment-6111,treatment,0,0,0.0,-0.2
treatment-6112,treatment,0,0,0.0,-0.2
treatment-6113,treatment,0,0,0.0,-0.2
treatment-6114,treatment,0,0,0.0,-0.2
treatment-6115,treatment,0,0,0.0,-0.2
treatment-6116,treatment,0,0,0.0,-0.2
treatment-6117,treatment,0,0,0.0,-0.2
treatment-6118,treatment,0,0,0.0,-0.2
treatment-6119,treatment,0,0,0.0,-0.2
treatment-6120,treatment,0,0,0.0,-0.2
treatment-6121,treatment,1,0,63.0,20.35
treatment-6122,treatment,0,0,0.0,-0.2
treatment-6123,treatment,0,0,0.0,-0.2
treatment-6124,treatment,0,0,0.0,-0.2
treatment-6125,treatment,0,0,0.0,-0.2
treatment-6126,treatment,0,0,0.0,-0.2
treatment-6127,treatment,1,1,0.0,-6.5
treatment-6128,treatment,0,0,0.0,-0.2
treatment-6129,treatment,0,0,0.0,-0.2
treatment-6130,treatment,0,0,0.0,-0.2
treatment-6131,treatment,0,0,0.0,-0.2
treatment-6132,treatment,0,0,0.0,-0.2
treatment-6133,treatment,0,0,0.0,-0.2
treatment-6134,treatment,0,0,0.0,-0.2
treatment-6135,treatment,0,0,0.0,-0.2
treatment-6136,treatment,0,0,0.0,-0.2
treatment-6137,treatment,0,0,0.0,-0.2
treatment-6138,treatment,0,0,0.0,-0.2
treatment-6139,treatment,0,0,0.0,-0.2
treatment-6140,treatment,0,0,0.0,-0.2
treatment-6141,treatment,0,0,0.0,-0.2
treatment-6142,treatment,0,0,0.0,-0.2
treatment-6143,treatment,0,0,0.0,-0.2
treatment-6144,treatment,0,0,0.0,-0.2
treatment-6145,treatment,0,0,0.0,-0.2
treatment-6146,treatment,0,0,0.0,-0.2
treatment-6147,treatment,0,0,0.0,-0.2
treatment-6148,treatment,0,0,0.0,-0.2
treatment-6149,treatment,0,0,0.0,-0.2
treatment-6150,treatment,0,0,0.0,-0.2
treatment-6151,treatment,0,0,0.0,-0.2
treatment-6152,treatment,0,0,0.0,-0.2
treatment-6153,treatment,0,0,0.0,-0.2
treatment-6154,treatment,0,0,0.0,-0.2
treatment-6155,treatment,0,0,0.0,-0.2
treatment-6156,treatment,0,0,0.0,-0.2
treatment-6157,treatment,0,0,0.0,-0.2
treatment-6158,treatment,0,0,0.0,-0.2
treatment-6159,treatment,0,0,0.0,-0.2
treatment-6160,treatment,0,0,0.0,-0.2
treatment-6161,treatment,0,0,0.0,-0.2
treatment-6162,treatment,1,0,63.0,20.35
treatment-6163,treatment,0,0,0.0,-0.2
treatment-6164,treatment,0,0,0.0,-0.2
treatment-6165,treatment,0,0,0.0,-0.2
treatment-6166,treatment,0,0,0.0,-0.2
treatment-6167,treatment,0,0,0.0,-0.2
treatment-6168,treatment,0,0,0.0,-0.2
treatment-6169,treatment,0,0,0.0,-0.2
treatment-6170,treatment,0,0,0.0,-0.2
treatment-6171,treatment,0,0,0.0,-0.2
treatment-6172,treatment,0,0,0.0,-0.2
treatment-6173,treatment,0,0,0.0,-0.2
treatment-6174,treatment,0,0,0.0,-0.2
treatment-6175,treatment,0,0,0.0,-0.2
treatment-6176,treatment,0,0,0.0,-0.2
treatment-6177,treatment,0,0,0.0,-0.2
treatment-6178,treatment,1,0,21.0,6.6499999999999995
treatment-6179,treatment,0,0,0.0,-0.2
treatment-6180,treatment,0,0,0.0,-0.2
treatment-6181,treatment,0,0,0.0,-0.2
treatment-6182,treatment,0,0,0.0,-0.2
treatment-6183,treatment,0,0,0.0,-0.2
treatment-6184,treatment,0,0,0.0,-0.2
treatment-6185,treatment,0,0,0.0,-0.2
treatment-6186,treatment,0,0,0.0,-0.2
treatment-6187,treatment,0,0,0.0,-0.2
treatment-6188,treatment,0,0,0.0,-0.2
treatment-6189,treatment,0,0,0.0,-0.2
treatment-6190,treatment,0,0,0.0,-0.2
treatment-6191,treatment,0,0,0.0,-0.2
treatment-6192,treatment,0,0,0.0,-0.2
treatment-6193,treatment,1,0,21.0,6.6499999999999995
treatment-6194,treatment,0,0,0.0,-0.2
treatment-6195,treatment,0,0,0.0,-0.2
treatment-6196,treatment,0,0,0.0,-0.2
treatment-6197,treatment,0,0,0.0,-0.2
treatment-6198,treatment,0,0,0.0,-0.2
treatment-6199,treatment,0,0,0.0,-0.2
treatment-6200,treatment,0,0,0.0,-0.2
treatment-6201,treatment,0,0,0.0,-0.2
treatment-6202,treatment,0,0,0.0,-0.2
treatment-6203,treatment,0,0,0.0,-0.2
treatment-6204,treatment,0,0,0.0,-0.2
treatment-6205,treatment,0,0,0.0,-0.2
treatment-6206,treatment,0,0,0.0,-0.2
treatment-6207,treatment,0,0,0.0,-0.2
treatment-6208,treatment,0,0,0.0,-0.2
treatment-6209,treatment,0,0,0.0,-0.2
treatment-6210,treatment,1,0,63.0,20.35
treatment-6211,treatment,0,0,0.0,-0.2
treatment-6212,treatment,0,0,0.0,-0.2
treatment-6213,treatment,0,0,0.0,-0.2
treatment-6214,treatment,0,0,0.0,-0.2
treatment-6215,treatment,0,0,0.0,-0.2
treatment-6216,treatment,0,0,0.0,-0.2
treatment-6217,treatment,0,0,0.0,-0.2
treatment-6218,treatment,0,0,0.0,-0.2
treatment-6219,treatment,0,0,0.0,-0.2
treatment-6220,treatment,0,0,0.0,-0.2
treatment-6221,treatment,0,0,0.0,-0.2
treatment-6222,treatment,0,0,0.0,-0.2
treatment-6223,treatment,0,0,0.0,-0.2
treatment-6224,treatment,0,0,0.0,-0.2
treatment-6225,treatment,0,0,0.0,-0.2
treatment-6226,treatment,0,0,0.0,-0.2
treatment-6227,treatment,0,0,0.0,-0.2
treatment-6228,treatment,0,0,0.0,-0.2
treatment-6229,treatment,0,0,0.0,-0.2
treatment-6230,treatment,0,0,0.0,-0.2
treatment-6231,treatment,0,0,0.0,-0.2
treatment-6232,treatment,0,0,0.0,-0.2
treatment-6233,treatment,0,0,0.0,-0.2
treatment-6234,treatment,0,0,0.0,-0.2
treatment-6235,treatment,0,0,0.0,-0.2
treatment-6236,treatment,0,0,0.0,-0.2
treatment-6237,treatment,0,0,0.0,-0.2
treatment-6238,treatment,0,0,0.0,-0.2
treatment-6239,treatment,0,0,0.0,-0.2
treatment-6240,treatment,1,0,21.0,6.6499999999999995
treatment-6241,treatment,0,0,0.0,-0.2
treatment-6242,treatment,0,0,0.0,-0.2
treatment-6243,treatment,0,0,0.0,-0.2
treatment-6244,treatment,0,0,0.0,-0.2
treatment-6245,treatment,1,0,42.0,13.5
treatment-6246,treatment,0,0,0.0,-0.2
treatment-6247,treatment,0,0,0.0,-0.2
treatment-6248,treatment,0,0,0.0,-0.2
treatment-6249,treatment,0,0,0.0,-0.2
treatment-6250,treatment,0,0,0.0,-0.2
treatment-6251,treatment,0,0,0.0,-0.2
treatment-6252,treatment,0,0,0.0,-0.2
treatment-6253,treatment,0,0,0.0,-0.2
treatment-6254,treatment,0,0,0.0,-0.2
treatment-6255,treatment,0,0,0.0,-0.2
treatment-6256,treatment,0,0,0.0,-0.2
treatment-6257,treatment,0,0,0.0,-0.2
treatment-6258,treatment,0,0,0.0,-0.2
treatment-6259,treatment,0,0,0.0,-0.2
treatment-6260,treatment,0,0,0.0,-0.2
treatment-6261,treatment,0,0,0.0,-0.2
treatment-6262,treatment,0,0,0.0,-0.2
treatment-6263,treatment,0,0,0.0,-0.2
treatment-6264,treatment,0,0,0.0,-0.2
treatment-6265,treatment,0,0,0.0,-0.2
treatment-6266,treatment,0,0,0.0,-0.2
treatment-6267,treatment,1,0,63.0,20.35
treatment-6268,treatment,0,0,0.0,-0.2
treatment-6269,treatment,0,0,0.0,-0.2
treatment-6270,treatment,0,0,0.0,-0.2
treatment-6271,treatment,0,0,0.0,-0.2
treatment-6272,treatment,1,0,42.0,13.5
treatment-6273,treatment,0,0,0.0,-0.2
treatment-6274,treatment,0,0,0.0,-0.2
treatment-6275,treatment,0,0,0.0,-0.2
treatment-6276,treatment,0,0,0.0,-0.2
treatment-6277,treatment,0,0,0.0,-0.2
treatment-6278,treatment,0,0,0.0,-0.2
treatment-6279,treatment,0,0,0.0,-0.2
treatment-6280,treatment,0,0,0.0,-0.2
treatment-6281,treatment,0,0,0.0,-0.2
treatment-6282,treatment,0,0,0.0,-0.2
treatment-6283,treatment,0,0,0.0,-0.2
treatment-6284,treatment,0,0,0.0,-0.2
treatment-6285,treatment,0,0,0.0,-0.2
treatment-6286,treatment,0,0,0.0,-0.2
treatment-6287,treatment,0,0,0.0,-0.2
treatment-6288,treatment,0,0,0.0,-0.2
treatment-6289,treatment,0,0,0.0,-0.2
treatment-6290,treatment,0,0,0.0,-0.2
treatment-6291,treatment,0,0,0.0,-0.2
treatment-6292,treatment,0,0,0.0,-0.2
treatment-6293,treatment,0,0,0.0,-0.2
treatment-6294,treatment,0,0,0.0,-0.2
treatment-6295,treatment,0,0,0.0,-0.2
treatment-6296,treatment,0,0,0.0,-0.2
treatment-6297,treatment,0,0,0.0,-0.2
treatment-6298,treatment,0,0,0.0,-0.2
treatment-6299,treatment,0,0,0.0,-0.2
treatment-6300,treatment,0,0,0.0,-0.2
treatment-6301,treatment,0,0,0.0,-0.2
treatment-6302,treatment,0,0,0.0,-0.2
treatment-6303,treatment,0,0,0.0,-0.2
treatment-6304,treatment,0,0,0.0,-0.2
treatment-6305,treatment,0,0,0.0,-0.2
treatment-6306,treatment,0,0,0.0,-0.2
treatment-6307,treatment,0,0,0.0,-0.2
treatment-6308,treatment,0,0,0.0,-0.2
treatment-6309,treatment,0,0,0.0,-0.2
treatment-6310,treatment,0,0,0.0,-0.2
treatment-6311,treatment,0,0,0.0,-0.2
treatment-6312,treatment,0,0,0.0,-0.2
treatment-6313,treatment,0,0,0.0,-0.2
treatment-6314,treatment,0,0,0.0,-0.2
treatment-6315,treatment,0,0,0.0,-0.2
treatment-6316,treatment,0,0,0.0,-0.2
treatment-6317,treatment,0,0,0.0,-0.2
treatment-6318,treatment,0,0,0.0,-0.2
treatment-6319,treatment,0,0,0.0,-0.2
treatment-6320,treatment,0,0,0.0,-0.2
treatment-6321,treatment,0,0,0.0,-0.2
treatment-6322,treatment,0,0,0.0,-0.2
treatment-6323,treatment,1,0,63.0,20.35
treatment-6324,treatment,0,0,0.0,-0.2
treatment-6325,treatment,0,0,0.0,-0.2
treatment-6326,treatment,0,0,0.0,-0.2
treatment-6327,treatment,0,0,0.0,-0.2
treatment-6328,treatment,0,0,0.0,-0.2
treatment-6329,treatment,0,0,0.0,-0.2
treatment-6330,treatment,0,0,0.0,-0.2
treatment-6331,treatment,0,0,0.0,-0.2
treatment-6332,treatment,0,0,0.0,-0.2
treatment-6333,treatment,0,0,0.0,-0.2
treatment-6334,treatment,0,0,0.0,-0.2
treatment-6335,treatment,0,0,0.0,-0.2
treatment-6336,treatment,0,0,0.0,-0.2
treatment-6337,treatment,0,0,0.0,-0.2
treatment-6338,treatment,0,0,0.0,-0.2
treatment-6339,treatment,0,0,0.0,-0.2
treatment-6340,treatment,0,0,0.0,-0.2
treatment-6341,treatment,0,0,0.0,-0.2
treatment-6342,treatment,0,0,0.0,-0.2
treatment-6343,treatment,0,0,0.0,-0.2
treatment-6344,treatment,0,0,0.0,-0.2
treatment-6345,treatment,0,0,0.0,-0.2
treatment-6346,treatment,0,0,0.0,-0.2
treatment-6347,treatment,0,0,0.0,-0.2
treatment-6348,treatment,0,0,0.0,-0.2
treatment-6349,treatment,0,0,0.0,-0.2
treatment-6350,treatment,0,0,0.0,-0.2
treatment-6351,treatment,0,0,0.0,-0.2
treatment-6352,treatment,0,0,0.0,-0.2
treatment-6353,treatment,0,0,0.0,-0.2
treatment-6354,treatment,1,0,63.0,20.35
treatment-6355,treatment,0,0,0.0,-0.2
treatment-6356,treatment,0,0,0.0,-0.2
treatment-6357,treatment,0,0,0.0,-0.2
treatment-6358,treatment,0,0,0.0,-0.2
treatment-6359,treatment,0,0,0.0,-0.2
treatment-6360,treatment,0,0,0.0,-0.2
treatment-6361,treatment,0,0,0.0,-0.2
treatment-6362,treatment,0,0,0.0,-0.2
treatment-6363,treatment,0,0,0.0,-0.2
treatment-6364,treatment,0,0,0.0,-0.2
treatment-6365,treatment,0,0,0.0,-0.2
treatment-6366,treatment,0,0,0.0,-0.2
treatment-6367,treatment,0,0,0.0,-0.2
treatment-6368,treatment,0,0,0.0,-0.2
treatment-6369,treatment,0,0,0.0,-0.2
treatment-6370,treatment,0,0,0.0,-0.2
treatment-6371,treatment,0,0,0.0,-0.2
treatment-6372,treatment,0,0,0.0,-0.2
treatment-6373,treatment,0,0,0.0,-0.2
treatment-6374,treatment,0,0,0.0,-0.2
treatment-6375,treatment,0,0,0.0,-0.2
treatment-6376,treatment,0,0,0.0,-0.2
treatment-6377,treatment,0,0,0.0,-0.2
treatment-6378,treatment,0,0,0.0,-0.2
treatment-6379,treatment,0,0,0.0,-0.2
treatment-6380,treatment,0,0,0.0,-0.2
treatment-6381,treatment,0,0,0.0,-0.2
treatment-6382,treatment,0,0,0.0,-0.2
treatment-6383,treatment,0,0,0.0,-0.2
treatment-6384,treatment,0,0,0.0,-0.2
treatment-6385,treatment,0,0,0.0,-0.2
treatment-6386,treatment,0,0,0.0,-0.2
treatment-6387,treatment,0,0,0.0,-0.2
treatment-6388,treatment,0,0,0.0,-0.2
treatment-6389,treatment,0,0,0.0,-0.2
treatment-6390,treatment,0,0,0.0,-0.2
treatment-6391,treatment,0,0,0.0,-0.2
treatment-6392,treatment,0,0,0.0,-0.2
treatment-6393,treatment,0,0,0.0,-0.2
treatment-6394,treatment,0,0,0.0,-0.2
treatment-6395,treatment,0,0,0.0,-0.2
treatment-6396,treatment,0,0,0.0,-0.2
treatment-6397,treatment,0,0,0.0,-0.2
treatment-6398,treatment,0,0,0.0,-0.2
treatment-6399,treatment,0,0,0.0,-0.2
treatment-6400,treatment,0,0,0.0,-0.2
treatment-6401,treatment,0,0,0.0,-0.2
treatment-6402,treatment,0,0,0.0,-0.2
treatment-6403,treatment,0,0,0.0,-0.2
treatment-6404,treatment,0,0,0.0,-0.2
treatment-6405,treatment,0,0,0.0,-0.2
treatment-6406,treatment,0,0,0.0,-0.2
treatment-6407,treatment,0,0,0.0,-0.2
treatment-6408,treatment,0,0,0.0,-0.2
treatment-6409,treatment,0,0,0.0,-0.2
treatment-6410,treatment,0,0,0.0,-0.2
treatment-6411,treatment,0,0,0.0,-0.2
treatment-6412,treatment,0,0,0.0,-0.2
treatment-6413,treatment,0,0,0.0,-0.2
treatment-6414,treatment,0,0,0.0,-0.2
treatment-6415,treatment,0,0,0.0,-0.2
treatment-6416,treatment,1,0,42.0,13.5
treatment-6417,treatment,0,0,0.0,-0.2
treatment-6418,treatment,0,0,0.0,-0.2
treatment-6419,treatment,0,0,0.0,-0.2
treatment-6420,treatment,0,0,0.0,-0.2
treatment-6421,treatment,0,0,0.0,-0.2
treatment-6422,treatment,0,0,0.0,-0.2
treatment-6423,treatment,0,0,0.0,-0.2
treatment-6424,treatment,0,0,0.0,-0.2
treatment-6425,treatment,0,0,0.0,-0.2
treatment-6426,treatment,0,0,0.0,-0.2
treatment-6427,treatment,0,0,0.0,-0.2
treatment-6428,treatment,0,0,0.0,-0.2
treatment-6429,treatment,0,0,0.0,-0.2
treatment-6430,treatment,0,0,0.0,-0.2
treatment-6431,treatment,0,0,0.0,-0.2
treatment-6432,treatment,1,0,42.0,13.5
treatment-6433,treatment,0,0,0.0,-0.2
treatment-6434,treatment,0,0,0.0,-0.2
treatment-6435,treatment,0,0,0.0,-0.2
treatment-6436,treatment,0,0,0.0,-0.2
treatment-6437,treatment,0,0,0.0,-0.2
treatment-6438,treatment,0,0,0.0,-0.2
treatment-6439,treatment,0,0,0.0,-0.2
treatment-6440,treatment,0,0,0.0,-0.2
treatment-6441,treatment,1,0,63.0,20.35
treatment-6442,treatment,0,0,0.0,-0.2
treatment-6443,treatment,0,0,0.0,-0.2
treatment-6444,treatment,0,0,0.0,-0.2
treatment-6445,treatment,0,0,0.0,-0.2
treatment-6446,treatment,0,0,0.0,-0.2
treatment-6447,treatment,0,0,0.0,-0.2
treatment-6448,treatment,0,0,0.0,-0.2
treatment-6449,treatment,0,0,0.0,-0.2
treatment-6450,treatment,0,0,0.0,-0.2
treatment-6451,treatment,0,0,0.0,-0.2
treatment-6452,treatment,0,0,0.0,-0.2
treatment-6453,treatment,1,0,42.0,13.5
treatment-6454,treatment,0,0,0.0,-0.2
treatment-6455,treatment,0,0,0.0,-0.2
treatment-6456,treatment,1,1,0.0,-6.5
treatment-6457,treatment,0,0,0.0,-0.2
treatment-6458,treatment,0,0,0.0,-0.2
treatment-6459,treatment,0,0,0.0,-0.2
treatment-6460,treatment,0,0,0.0,-0.2
treatment-6461,treatment,0,0,0.0,-0.2
treatment-6462,treatment,0,0,0.0,-0.2
treatment-6463,treatment,0,0,0.0,-0.2
treatment-6464,treatment,0,0,0.0,-0.2
treatment-6465,treatment,0,0,0.0,-0.2
treatment-6466,treatment,0,0,0.0,-0.2
treatment-6467,treatment,1,0,63.0,20.35
treatment-6468,treatment,0,0,0.0,-0.2
treatment-6469,treatment,0,0,0.0,-0.2
treatment-6470,treatment,0,0,0.0,-0.2
treatment-6471,treatment,0,0,0.0,-0.2
treatment-6472,treatment,0,0,0.0,-0.2
treatment-6473,treatment,0,0,0.0,-0.2
treatment-6474,treatment,0,0,0.0,-0.2
treatment-6475,treatment,0,0,0.0,-0.2
treatment-6476,treatment,0,0,0.0,-0.2
treatment-6477,treatment,0,0,0.0,-0.2
treatment-6478,treatment,0,0,0.0,-0.2
treatment-6479,treatment,0,0,0.0,-0.2
treatment-6480,treatment,0,0,0.0,-0.2
treatment-6481,treatment,0,0,0.0,-0.2
treatment-6482,treatment,1,0,21.0,6.6499999999999995
treatment-6483,treatment,0,0,0.0,-0.2
treatment-6484,treatment,0,0,0.0,-0.2
treatment-6485,treatment,0,0,0.0,-0.2
treatment-6486,treatment,0,0,0.0,-0.2
treatment-6487,treatment,0,0,0.0,-0.2
treatment-6488,treatment,0,0,0.0,-0.2
treatment-6489,treatment,0,0,0.0,-0.2
treatment-6490,treatment,0,0,0.0,-0.2
treatment-6491,treatment,0,0,0.0,-0.2
treatment-6492,treatment,1,0,21.0,6.6499999999999995
treatment-6493,treatment,0,0,0.0,-0.2
treatment-6494,treatment,0,0,0.0,-0.2
treatment-6495,treatment,0,0,0.0,-0.2
treatment-6496,treatment,0,0,0.0,-0.2
treatment-6497,treatment,0,0,0.0,-0.2
treatment-6498,treatment,0,0,0.0,-0.2
treatment-6499,treatment,0,0,0.0,-0.2
treatment-6500,treatment,0,0,0.0,-0.2
treatment-6501,treatment,0,0,0.0,-0.2
treatment-6502,treatment,0,0,0.0,-0.2
treatment-6503,treatment,0,0,0.0,-0.2
treatment-6504,treatment,0,0,0.0,-0.2
treatment-6505,treatment,0,0,0.0,-0.2
treatment-6506,treatment,0,0,0.0,-0.2
treatment-6507,treatment,0,0,0.0,-0.2
treatment-6508,treatment,0,0,0.0,-0.2
treatment-6509,treatment,0,0,0.0,-0.2
treatment-6510,treatment,0,0,0.0,-0.2
treatment-6511,treatment,0,0,0.0,-0.2
treatment-6512,treatment,0,0,0.0,-0.2
treatment-6513,treatment,0,0,0.0,-0.2
treatment-6514,treatment,0,0,0.0,-0.2
treatment-6515,treatment,0,0,0.0,-0.2
treatment-6516,treatment,0,0,0.0,-0.2
treatment-6517,treatment,0,0,0.0,-0.2
treatment-6518,treatment,0,0,0.0,-0.2
treatment-6519,treatment,0,0,0.0,-0.2
treatment-6520,treatment,0,0,0.0,-0.2
treatment-6521,treatment,0,0,0.0,-0.2
treatment-6522,treatment,0,0,0.0,-0.2
treatment-6523,treatment,0,0,0.0,-0.2
treatment-6524,treatment,0,0,0.0,-0.2
treatment-6525,treatment,0,0,0.0,-0.2
treatment-6526,treatment,0,0,0.0,-0.2
treatment-6527,treatment,0,0,0.0,-0.2
treatment-6528,treatment,0,0,0.0,-0.2
treatment-6529,treatment,1,0,63.0,20.35
treatment-6530,treatment,0,0,0.0,-0.2
treatment-6531,treatment,0,0,0.0,-0.2
treatment-6532,treatment,0,0,0.0,-0.2
treatment-6533,treatment,0,0,0.0,-0.2
treatment-6534,treatment,0,0,0.0,-0.2
treatment-6535,treatment,0,0,0.0,-0.2
treatment-6536,treatment,0,0,0.0,-0.2
treatment-6537,treatment,0,0,0.0,-0.2
treatment-6538,treatment,0,0,0.0,-0.2
treatment-6539,treatment,0,0,0.0,-0.2
treatment-6540,treatment,0,0,0.0,-0.2
treatment-6541,treatment,0,0,0.0,-0.2
treatment-6542,treatment,0,0,0.0,-0.2
treatment-6543,treatment,1,0,63.0,20.35
treatment-6544,treatment,0,0,0.0,-0.2
treatment-6545,treatment,0,0,0.0,-0.2
treatment-6546,treatment,0,0,0.0,-0.2
treatment-6547,treatment,0,0,0.0,-0.2
treatment-6548,treatment,0,0,0.0,-0.2
treatment-6549,treatment,0,0,0.0,-0.2
treatment-6550,treatment,0,0,0.0,-0.2
treatment-6551,treatment,0,0,0.0,-0.2
treatment-6552,treatment,0,0,0.0,-0.2
treatment-6553,treatment,0,0,0.0,-0.2
treatment-6554,treatment,0,0,0.0,-0.2
treatment-6555,treatment,0,0,0.0,-0.2
treatment-6556,treatment,0,0,0.0,-0.2
treatment-6557,treatment,0,0,0.0,-0.2
treatment-6558,treatment,0,0,0.0,-0.2
treatment-6559,treatment,0,0,0.0,-0.2
treatment-6560,treatment,0,0,0.0,-0.2
treatment-6561,treatment,0,0,0.0,-0.2
treatment-6562,treatment,0,0,0.0,-0.2
treatment-6563,treatment,0,0,0.0,-0.2
treatment-6564,treatment,0,0,0.0,-0.2
treatment-6565,treatment,1,0,63.0,20.35
treatment-6566,treatment,0,0,0.0,-0.2
treatment-6567,treatment,0,0,0.0,-0.2
treatment-6568,treatment,0,0,0.0,-0.2
treatment-6569,treatment,1,0,63.0,20.35
treatment-6570,treatment,0,0,0.0,-0.2
treatment-6571,treatment,0,0,0.0,-0.2
treatment-6572,treatment,0,0,0.0,-0.2
treatment-6573,treatment,0,0,0.0,-0.2
treatment-6574,treatment,0,0,0.0,-0.2
treatment-6575,treatment,0,0,0.0,-0.2
treatment-6576,treatment,0,0,0.0,-0.2
treatment-6577,treatment,0,0,0.0,-0.2
treatment-6578,treatment,1,0,21.0,6.6499999999999995
treatment-6579,treatment,0,0,0.0,-0.2
treatment-6580,treatment,0,0,0.0,-0.2
treatment-6581,treatment,0,0,0.0,-0.2
treatment-6582,treatment,0,0,0.0,-0.2
treatment-6583,treatment,0,0,0.0,-0.2
treatment-6584,treatment,0,0,0.0,-0.2
treatment-6585,treatment,0,0,0.0,-0.2
treatment-6586,treatment,1,0,21.0,6.6499999999999995
treatment-6587,treatment,0,0,0.0,-0.2
treatment-6588,treatment,0,0,0.0,-0.2
treatment-6589,treatment,0,0,0.0,-0.2
treatment-6590,treatment,0,0,0.0,-0.2
treatment-6591,treatment,0,0,0.0,-0.2
treatment-6592,treatment,0,0,0.0,-0.2
treatment-6593,treatment,0,0,0.0,-0.2
treatment-6594,treatment,0,0,0.0,-0.2
treatment-6595,treatment,0,0,0.0,-0.2
treatment-6596,treatment,0,0,0.0,-0.2
treatment-6597,treatment,0,0,0.0,-0.2
treatment-6598,treatment,0,0,0.0,-0.2
treatment-6599,treatment,1,0,21.0,6.6499999999999995
treatment-6600,treatment,0,0,0.0,-0.2
treatment-6601,treatment,0,0,0.0,-0.2
treatment-6602,treatment,0,0,0.0,-0.2
treatment-6603,treatment,0,0,0.0,-0.2
treatment-6604,treatment,0,0,0.0,-0.2
treatment-6605,treatment,0,0,0.0,-0.2
treatment-6606,treatment,0,0,0.0,-0.2
treatment-6607,treatment,0,0,0.0,-0.2
treatment-6608,treatment,0,0,0.0,-0.2
treatment-6609,treatment,0,0,0.0,-0.2
treatment-6610,treatment,0,0,0.0,-0.2
treatment-6611,treatment,0,0,0.0,-0.2
treatment-6612,treatment,0,0,0.0,-0.2
treatment-6613,treatment,0,0,0.0,-0.2
treatment-6614,treatment,0,0,0.0,-0.2
treatment-6615,treatment,0,0,0.0,-0.2
treatment-6616,treatment,0,0,0.0,-0.2
treatment-6617,treatment,0,0,0.0,-0.2
treatment-6618,treatment,0,0,0.0,-0.2
treatment-6619,treatment,0,0,0.0,-0.2
treatment-6620,treatment,0,0,0.0,-0.2
treatment-6621,treatment,0,0,0.0,-0.2
treatment-6622,treatment,0,0,0.0,-0.2
treatment-6623,treatment,0,0,0.0,-0.2
treatment-6624,treatment,0,0,0.0,-0.2
treatment-6625,treatment,0,0,0.0,-0.2
treatment-6626,treatment,1,0,21.0,6.6499999999999995
treatment-6627,treatment,0,0,0.0,-0.2
treatment-6628,treatment,0,0,0.0,-0.2
treatment-6629,treatment,0,0,0.0,-0.2
treatment-6630,treatment,0,0,0.0,-0.2
treatment-6631,treatment,0,0,0.0,-0.2
treatment-6632,treatment,0,0,0.0,-0.2
treatment-6633,treatment,0,0,0.0,-0.2
treatment-6634,treatment,0,0,0.0,-0.2
treatment-6635,treatment,0,0,0.0,-0.2
treatment-6636,treatment,0,0,0.0,-0.2
treatment-6637,treatment,1,0,21.0,6.6499999999999995
treatment-6638,treatment,0,0,0.0,-0.2
treatment-6639,treatment,0,0,0.0,-0.2
treatment-6640,treatment,0,0,0.0,-0.2
treatment-6641,treatment,0,0,0.0,-0.2
treatment-6642,treatment,0,0,0.0,-0.2
treatment-6643,treatment,0,0,0.0,-0.2
treatment-6644,treatment,0,0,0.0,-0.2
treatment-6645,treatment,0,0,0.0,-0.2
treatment-6646,treatment,0,0,0.0,-0.2
treatment-6647,treatment,0,0,0.0,-0.2
treatment-6648,treatment,0,0,0.0,-0.2
treatment-6649,treatment,0,0,0.0,-0.2
treatment-6650,treatment,0,0,0.0,-0.2
treatment-6651,treatment,0,0,0.0,-0.2
treatment-6652,treatment,0,0,0.0,-0.2
treatment-6653,treatment,0,0,0.0,-0.2
treatment-6654,treatment,0,0,0.0,-0.2
treatment-6655,treatment,0,0,0.0,-0.2
treatment-6656,treatment,0,0,0.0,-0.2
treatment-6657,treatment,0,0,0.0,-0.2
treatment-6658,treatment,0,0,0.0,-0.2
treatment-6659,treatment,0,0,0.0,-0.2
treatment-6660,treatment,0,0,0.0,-0.2
treatment-6661,treatment,0,0,0.0,-0.2
treatment-6662,treatment,0,0,0.0,-0.2
treatment-6663,treatment,0,0,0.0,-0.2
treatment-6664,treatment,0,0,0.0,-0.2
treatment-6665,treatment,0,0,0.0,-0.2
treatment-6666,treatment,0,0,0.0,-0.2
treatment-6667,treatment,0,0,0.0,-0.2
treatment-6668,treatment,0,0,0.0,-0.2
treatment-6669,treatment,0,0,0.0,-0.2
treatment-6670,treatment,0,0,0.0,-0.2
treatment-6671,treatment,0,0,0.0,-0.2
treatment-6672,treatment,0,0,0.0,-0.2
treatment-6673,treatment,0,0,0.0,-0.2
treatment-6674,treatment,0,0,0.0,-0.2
treatment-6675,treatment,0,0,0.0,-0.2
treatment-6676,treatment,0,0,0.0,-0.2
treatment-6677,treatment,0,0,0.0,-0.2
treatment-6678,treatment,0,0,0.0,-0.2
treatment-6679,treatment,0,0,0.0,-0.2
treatment-6680,treatment,1,0,21.0,6.6499999999999995
treatment-6681,treatment,0,0,0.0,-0.2
treatment-6682,treatment,0,0,0.0,-0.2
treatment-6683,treatment,0,0,0.0,-0.2
treatment-6684,treatment,0,0,0.0,-0.2
treatment-6685,treatment,0,0,0.0,-0.2
treatment-6686,treatment,1,0,42.0,13.5
treatment-6687,treatment,0,0,0.0,-0.2
treatment-6688,treatment,0,0,0.0,-0.2
treatment-6689,treatment,0,0,0.0,-0.2
treatment-6690,treatment,0,0,0.0,-0.2
treatment-6691,treatment,0,0,0.0,-0.2
treatment-6692,treatment,0,0,0.0,-0.2
treatment-6693,treatment,0,0,0.0,-0.2
treatment-6694,treatment,1,0,21.0,6.6499999999999995
treatment-6695,treatment,0,0,0.0,-0.2
treatment-6696,treatment,0,0,0.0,-0.2
treatment-6697,treatment,0,0,0.0,-0.2
treatment-6698,treatment,0,0,0.0,-0.2
treatment-6699,treatment,0,0,0.0,-0.2
treatment-6700,treatment,0,0,0.0,-0.2
treatment-6701,treatment,0,0,0.0,-0.2
treatment-6702,treatment,0,0,0.0,-0.2
treatment-6703,treatment,0,0,0.0,-0.2
treatment-6704,treatment,0,0,0.0,-0.2
treatment-6705,treatment,0,0,0.0,-0.2
treatment-6706,treatment,0,0,0.0,-0.2
treatment-6707,treatment,0,0,0.0,-0.2
treatment-6708,treatment,0,0,0.0,-0.2
treatment-6709,treatment,0,0,0.0,-0.2
treatment-6710,treatment,0,0,0.0,-0.2
treatment-6711,treatment,0,0,0.0,-0.2
treatment-6712,treatment,0,0,0.0,-0.2
treatment-6713,treatment,0,0,0.0,-0.2
treatment-6714,treatment,0,0,0.0,-0.2
treatment-6715,treatment,0,0,0.0,-0.2
treatment-6716,treatment,0,0,0.0,-0.2
treatment-6717,treatment,0,0,0.0,-0.2
treatment-6718,treatment,0,0,0.0,-0.2
treatment-6719,treatment,0,0,0.0,-0.2
treatment-6720,treatment,0,0,0.0,-0.2
treatment-6721,treatment,0,0,0.0,-0.2
treatment-6722,treatment,1,0,21.0,6.6499999999999995
treatment-6723,treatment,0,0,0.0,-0.2
treatment-6724,treatment,0,0,0.0,-0.2
treatment-6725,treatment,0,0,0.0,-0.2
treatment-6726,treatment,0,0,0.0,-0.2
treatment-6727,treatment,0,0,0.0,-0.2
treatment-6728,treatment,0,0,0.0,-0.2
treatment-6729,treatment,0,0,0.0,-0.2
treatment-6730,treatment,0,0,0.0,-0.2
treatment-6731,treatment,0,0,0.0,-0.2
treatment-6732,treatment,0,0,0.0,-0.2
treatment-6733,treatment,0,0,0.0,-0.2
treatment-6734,treatment,0,0,0.0,-0.2
treatment-6735,treatment,0,0,0.0,-0.2
treatment-6736,treatment,0,0,0.0,-0.2
treatment-6737,treatment,0,0,0.0,-0.2
treatment-6738,treatment,1,0,42.0,13.5
treatment-6739,treatment,0,0,0.0,-0.2
treatment-6740,treatment,0,0,0.0,-0.2
treatment-6741,treatment,1,0,21.0,6.6499999999999995
treatment-6742,treatment,0,0,0.0,-0.2
treatment-6743,treatment,0,0,0.0,-0.2
treatment-6744,treatment,0,0,0.0,-0.2
treatment-6745,treatment,0,0,0.0,-0.2
treatment-6746,treatment,0,0,0.0,-0.2
treatment-6747,treatment,0,0,0.0,-0.2
treatment-6748,treatment,0,0,0.0,-0.2
treatment-6749,treatment,0,0,0.0,-0.2
treatment-6750,treatment,0,0,0.0,-0.2
treatment-6751,treatment,0,0,0.0,-0.2
treatment-6752,treatment,0,0,0.0,-0.2
treatment-6753,treatment,0,0,0.0,-0.2
treatment-6754,treatment,0,0,0.0,-0.2
treatment-6755,treatment,0,0,0.0,-0.2
treatment-6756,treatment,0,0,0.0,-0.2
treatment-6757,treatment,0,0,0.0,-0.2
treatment-6758,treatment,0,0,0.0,-0.2
treatment-6759,treatment,0,0,0.0,-0.2
treatment-6760,treatment,0,0,0.0,-0.2
treatment-6761,treatment,0,0,0.0,-0.2
treatment-6762,treatment,0,0,0.0,-0.2
treatment-6763,treatment,0,0,0.0,-0.2
treatment-6764,treatment,0,0,0.0,-0.2
treatment-6765,treatment,0,0,0.0,-0.2
treatment-6766,treatment,0,0,0.0,-0.2
treatment-6767,treatment,0,0,0.0,-0.2
treatment-6768,treatment,0,0,0.0,-0.2
treatment-6769,treatment,0,0,0.0,-0.2
treatment-6770,treatment,0,0,0.0,-0.2
treatment-6771,treatment,0,0,0.0,-0.2
treatment-6772,treatment,0,0,0.0,-0.2
treatment-6773,treatment,0,0,0.0,-0.2
treatment-6774,treatment,0,0,0.0,-0.2
treatment-6775,treatment,0,0,0.0,-0.2
treatment-6776,treatment,0,0,0.0,-0.2
treatment-6777,treatment,0,0,0.0,-0.2
treatment-6778,treatment,0,0,0.0,-0.2
treatment-6779,treatment,0,0,0.0,-0.2
treatment-6780,treatment,0,0,0.0,-0.2
treatment-6781,treatment,0,0,0.0,-0.2
treatment-6782,treatment,0,0,0.0,-0.2
treatment-6783,treatment,0,0,0.0,-0.2
treatment-6784,treatment,0,0,0.0,-0.2
treatment-6785,treatment,0,0,0.0,-0.2
treatment-6786,treatment,0,0,0.0,-0.2
treatment-6787,treatment,0,0,0.0,-0.2
treatment-6788,treatment,0,0,0.0,-0.2
treatment-6789,treatment,0,0,0.0,-0.2
treatment-6790,treatment,0,0,0.0,-0.2
treatment-6791,treatment,0,0,0.0,-0.2
treatment-6792,treatment,0,0,0.0,-0.2
treatment-6793,treatment,0,0,0.0,-0.2
treatment-6794,treatment,0,0,0.0,-0.2
treatment-6795,treatment,0,0,0.0,-0.2
treatment-6796,treatment,0,0,0.0,-0.2
treatment-6797,treatment,0,0,0.0,-0.2
treatment-6798,treatment,0,0,0.0,-0.2
treatment-6799,treatment,0,0,0.0,-0.2
treatment-6800,treatment,0,0,0.0,-0.2
treatment-6801,treatment,0,0,0.0,-0.2
treatment-6802,treatment,0,0,0.0,-0.2
treatment-6803,treatment,0,0,0.0,-0.2
treatment-6804,treatment,0,0,0.0,-0.2
treatment-6805,treatment,0,0,0.0,-0.2
treatment-6806,treatment,1,1,0.0,-9.649999999999999
treatment-6807,treatment,0,0,0.0,-0.2
treatment-6808,treatment,0,0,0.0,-0.2
treatment-6809,treatment,1,0,63.0,20.35
treatment-6810,treatment,0,0,0.0,-0.2
treatment-6811,treatment,0,0,0.0,-0.2
treatment-6812,treatment,0,0,0.0,-0.2
treatment-6813,treatment,0,0,0.0,-0.2
treatment-6814,treatment,0,0,0.0,-0.2
treatment-6815,treatment,0,0,0.0,-0.2
treatment-6816,treatment,0,0,0.0,-0.2
treatment-6817,treatment,0,0,0.0,-0.2
treatment-6818,treatment,0,0,0.0,-0.2
treatment-6819,treatment,0,0,0.0,-0.2
treatment-6820,treatment,0,0,0.0,-0.2
treatment-6821,treatment,0,0,0.0,-0.2
treatment-6822,treatment,0,0,0.0,-0.2
treatment-6823,treatment,0,0,0.0,-0.2
treatment-6824,treatment,0,0,0.0,-0.2
treatment-6825,treatment,0,0,0.0,-0.2
treatment-6826,treatment,0,0,0.0,-0.2
treatment-6827,treatment,0,0,0.0,-0.2
treatment-6828,treatment,1,0,21.0,6.6499999999999995
treatment-6829,treatment,0,0,0.0,-0.2
treatment-6830,treatment,0,0,0.0,-0.2
treatment-6831,treatment,0,0,0.0,-0.2
treatment-6832,treatment,0,0,0.0,-0.2
treatment-6833,treatment,0,0,0.0,-0.2
treatment-6834,treatment,0,0,0.0,-0.2
treatment-6835,treatment,0,0,0.0,-0.2
treatment-6836,treatment,0,0,0.0,-0.2
treatment-6837,treatment,0,0,0.0,-0.2
treatment-6838,treatment,0,0,0.0,-0.2
treatment-6839,treatment,0,0,0.0,-0.2
treatment-6840,treatment,0,0,0.0,-0.2
treatment-6841,treatment,0,0,0.0,-0.2
treatment-6842,treatment,0,0,0.0,-0.2
treatment-6843,treatment,0,0,0.0,-0.2
treatment-6844,treatment,0,0,0.0,-0.2
treatment-6845,treatment,0,0,0.0,-0.2
treatment-6846,treatment,0,0,0.0,-0.2
treatment-6847,treatment,0,0,0.0,-0.2
treatment-6848,treatment,0,0,0.0,-0.2
treatment-6849,treatment,0,0,0.0,-0.2
treatment-6850,treatment,0,0,0.0,-0.2
treatment-6851,treatment,0,0,0.0,-0.2
treatment-6852,treatment,0,0,0.0,-0.2
treatment-6853,treatment,0,0,0.0,-0.2
treatment-6854,treatment,0,0,0.0,-0.2
treatment-6855,treatment,0,0,0.0,-0.2
treatment-6856,treatment,0,0,0.0,-0.2
treatment-6857,treatment,0,0,0.0,-0.2
treatment-6858,treatment,0,0,0.0,-0.2
treatment-6859,treatment,0,0,0.0,-0.2
treatment-6860,treatment,0,0,0.0,-0.2
treatment-6861,treatment,0,0,0.0,-0.2
treatment-6862,treatment,0,0,0.0,-0.2
treatment-6863,treatment,0,0,0.0,-0.2
treatment-6864,treatment,0,0,0.0,-0.2
treatment-6865,treatment,0,0,0.0,-0.2
treatment-6866,treatment,0,0,0.0,-0.2
treatment-6867,treatment,0,0,0.0,-0.2
treatment-6868,treatment,0,0,0.0,-0.2
treatment-6869,treatment,0,0,0.0,-0.2
treatment-6870,treatment,0,0,0.0,-0.2
treatment-6871,treatment,0,0,0.0,-0.2
treatment-6872,treatment,0,0,0.0,-0.2
treatment-6873,treatment,0,0,0.0,-0.2
treatment-6874,treatment,0,0,0.0,-0.2
treatment-6875,treatment,0,0,0.0,-0.2
treatment-6876,treatment,1,0,21.0,6.6499999999999995
treatment-6877,treatment,1,0,42.0,13.5
treatment-6878,treatment,0,0,0.0,-0.2
treatment-6879,treatment,0,0,0.0,-0.2
treatment-6880,treatment,0,0,0.0,-0.2
treatment-6881,treatment,0,0,0.0,-0.2
treatment-6882,treatment,0,0,0.0,-0.2
treatment-6883,treatment,0,0,0.0,-0.2
treatment-6884,treatment,1,0,21.0,6.6499999999999995
treatment-6885,treatment,0,0,0.0,-0.2
treatment-6886,treatment,0,0,0.0,-0.2
treatment-6887,treatment,0,0,0.0,-0.2
treatment-6888,treatment,0,0,0.0,-0.2
treatment-6889,treatment,0,0,0.0,-0.2
treatment-6890,treatment,0,0,0.0,-0.2
treatment-6891,treatment,0,0,0.0,-0.2
treatment-6892,treatment,0,0,0.0,-0.2
treatment-6893,treatment,0,0,0.0,-0.2
treatment-6894,treatment,0,0,0.0,-0.2
treatment-6895,treatment,0,0,0.0,-0.2
treatment-6896,treatment,0,0,0.0,-0.2
treatment-6897,treatment,0,0,0.0,-0.2
treatment-6898,treatment,0,0,0.0,-0.2
treatment-6899,treatment,0,0,0.0,-0.2
treatment-6900,treatment,0,0,0.0,-0.2
treatment-6901,treatment,0,0,0.0,-0.2
treatment-6902,treatment,0,0,0.0,-0.2
treatment-6903,treatment,0,0,0.0,-0.2
treatment-6904,treatment,0,0,0.0,-0.2
treatment-6905,treatment,0,0,0.0,-0.2
treatment-6906,treatment,0,0,0.0,-0.2
treatment-6907,treatment,0,0,0.0,-0.2
treatment-6908,treatment,0,0,0.0,-0.2
treatment-6909,treatment,0,0,0.0,-0.2
treatment-6910,treatment,0,0,0.0,-0.2
treatment-6911,treatment,0,0,0.0,-0.2
treatment-6912,treatment,0,0,0.0,-0.2
treatment-6913,treatment,0,0,0.0,-0.2
treatment-6914,treatment,0,0,0.0,-0.2
treatment-6915,treatment,0,0,0.0,-0.2
treatment-6916,treatment,0,0,0.0,-0.2
treatment-6917,treatment,1,0,42.0,13.5
treatment-6918,treatment,0,0,0.0,-0.2
treatment-6919,treatment,0,0,0.0,-0.2
treatment-6920,treatment,0,0,0.0,-0.2
treatment-6921,treatment,0,0,0.0,-0.2
treatment-6922,treatment,1,0,42.0,13.5
treatment-6923,treatment,0,0,0.0,-0.2
treatment-6924,treatment,0,0,0.0,-0.2
treatment-6925,treatment,0,0,0.0,-0.2
treatment-6926,treatment,0,0,0.0,-0.2
treatment-6927,treatment,0,0,0.0,-0.2
treatment-6928,treatment,0,0,0.0,-0.2
treatment-6929,treatment,1,0,42.0,13.5
treatment-6930,treatment,0,0,0.0,-0.2
treatment-6931,treatment,0,0,0.0,-0.2
treatment-6932,treatment,0,0,0.0,-0.2
treatment-6933,treatment,0,0,0.0,-0.2
treatment-6934,treatment,0,0,0.0,-0.2
treatment-6935,treatment,0,0,0.0,-0.2
treatment-6936,treatment,0,0,0.0,-0.2
treatment-6937,treatment,0,0,0.0,-0.2
treatment-6938,treatment,1,0,63.0,20.35
treatment-6939,treatment,0,0,0.0,-0.2
treatment-6940,treatment,0,0,0.0,-0.2
treatment-6941,treatment,0,0,0.0,-0.2
treatment-6942,treatment,0,0,0.0,-0.2
treatment-6943,treatment,0,0,0.0,-0.2
treatment-6944,treatment,0,0,0.0,-0.2
treatment-6945,treatment,0,0,0.0,-0.2
treatment-6946,treatment,0,0,0.0,-0.2
treatment-6947,treatment,0,0,0.0,-0.2
treatment-6948,treatment,0,0,0.0,-0.2
treatment-6949,treatment,1,0,42.0,13.5
treatment-6950,treatment,0,0,0.0,-0.2
treatment-6951,treatment,0,0,0.0,-0.2
treatment-6952,treatment,0,0,0.0,-0.2
treatment-6953,treatment,0,0,0.0,-0.2
treatment-6954,treatment,1,0,63.0,20.35
treatment-6955,treatment,0,0,0.0,-0.2
treatment-6956,treatment,0,0,0.0,-0.2
treatment-6957,treatment,0,0,0.0,-0.2
treatment-6958,treatment,0,0,0.0,-0.2
treatment-6959,treatment,0,0,0.0,-0.2
treatment-6960,treatment,1,0,63.0,20.35
treatment-6961,treatment,0,0,0.0,-0.2
treatment-6962,treatment,0,0,0.0,-0.2
treatment-6963,treatment,0,0,0.0,-0.2
treatment-6964,treatment,0,0,0.0,-0.2
treatment-6965,treatment,0,0,0.0,-0.2
treatment-6966,treatment,0,0,0.0,-0.2
treatment-6967,treatment,0,0,0.0,-0.2
treatment-6968,treatment,0,0,0.0,-0.2
treatment-6969,treatment,0,0,0.0,-0.2
treatment-6970,treatment,0,0,0.0,-0.2
treatment-6971,treatment,0,0,0.0,-0.2
treatment-6972,treatment,0,0,0.0,-0.2
treatment-6973,treatment,0,0,0.0,-0.2
treatment-6974,treatment,0,0,0.0,-0.2
treatment-6975,treatment,0,0,0.0,-0.2
treatment-6976,treatment,0,0,0.0,-0.2
treatment-6977,treatment,1,0,63.0,20.35
treatment-6978,treatment,0,0,0.0,-0.2
treatment-6979,treatment,0,0,0.0,-0.2
treatment-6980,treatment,0,0,0.0,-0.2
treatment-6981,treatment,0,0,0.0,-0.2
treatment-6982,treatment,0,0,0.0,-0.2
treatment-6983,treatment,0,0,0.0,-0.2
treatment-6984,treatment,0,0,0.0,-0.2
treatment-6985,treatment,0,0,0.0,-0.2
treatment-6986,treatment,0,0,0.0,-0.2
treatment-6987,treatment,0,0,0.0,-0.2
treatment-6988,treatment,0,0,0.0,-0.2
treatment-6989,treatment,0,0,0.0,-0.2
treatment-6990,treatment,0,0,0.0,-0.2
treatment-6991,treatment,0,0,0.0,-0.2
treatment-6992,treatment,0,0,0.0,-0.2
treatment-6993,treatment,0,0,0.0,-0.2
treatment-6994,treatment,0,0,0.0,-0.2
treatment-6995,treatment,0,0,0.0,-0.2
treatment-6996,treatment,1,0,63.0,20.35
treatment-6997,treatment,0,0,0.0,-0.2
treatment-6998,treatment,0,0,0.0,-0.2
treatment-6999,treatment,0,0,0.0,-0.2
treatment-7000,treatment,0,0,0.0,-0.2
treatment-7001,treatment,0,0,0.0,-0.2
treatment-7002,treatment,0,0,0.0,-0.2
treatment-7003,treatment,0,0,0.0,-0.2
treatment-7004,treatment,0,0,0.0,-0.2
treatment-7005,treatment,0,0,0.0,-0.2
treatment-7006,treatment,1,0,42.0,13.5
treatment-7007,treatment,0,0,0.0,-0.2
treatment-7008,treatment,0,0,0.0,-0.2
treatment-7009,treatment,0,0,0.0,-0.2
treatment-7010,treatment,0,0,0.0,-0.2
treatment-7011,treatment,0,0,0.0,-0.2
treatment-7012,treatment,0,0,0.0,-0.2
treatment-7013,treatment,0,0,0.0,-0.2
treatment-7014,treatment,0,0,0.0,-0.2
treatment-7015,treatment,0,0,0.0,-0.2
treatment-7016,treatment,0,0,0.0,-0.2
treatment-7017,treatment,0,0,0.0,-0.2
treatment-7018,treatment,1,0,63.0,20.35
treatment-7019,treatment,1,0,63.0,20.35
treatment-7020,treatment,0,0,0.0,-0.2
treatment-7021,treatment,0,0,0.0,-0.2
treatment-7022,treatment,0,0,0.0,-0.2
treatment-7023,treatment,0,0,0.0,-0.2
treatment-7024,treatment,0,0,0.0,-0.2
treatment-7025,treatment,0,0,0.0,-0.2
treatment-7026,treatment,0,0,0.0,-0.2
treatment-7027,treatment,0,0,0.0,-0.2
treatment-7028,treatment,0,0,0.0,-0.2
treatment-7029,treatment,0,0,0.0,-0.2
treatment-7030,treatment,0,0,0.0,-0.2
treatment-7031,treatment,0,0,0.0,-0.2
treatment-7032,treatment,0,0,0.0,-0.2
treatment-7033,treatment,0,0,0.0,-0.2
treatment-7034,treatment,0,0,0.0,-0.2
treatment-7035,treatment,0,0,0.0,-0.2
treatment-7036,treatment,0,0,0.0,-0.2
treatment-7037,treatment,0,0,0.0,-0.2
treatment-7038,treatment,0,0,0.0,-0.2
treatment-7039,treatment,0,0,0.0,-0.2
treatment-7040,treatment,0,0,0.0,-0.2
treatment-7041,treatment,0,0,0.0,-0.2
treatment-7042,treatment,0,0,0.0,-0.2
treatment-7043,treatment,1,0,63.0,20.35
treatment-7044,treatment,0,0,0.0,-0.2
treatment-7045,treatment,0,0,0.0,-0.2
treatment-7046,treatment,0,0,0.0,-0.2
treatment-7047,treatment,0,0,0.0,-0.2
treatment-7048,treatment,0,0,0.0,-0.2
treatment-7049,treatment,0,0,0.0,-0.2
treatment-7050,treatment,1,0,63.0,20.35
treatment-7051,treatment,0,0,0.0,-0.2
treatment-7052,treatment,0,0,0.0,-0.2
treatment-7053,treatment,1,0,21.0,6.6499999999999995
treatment-7054,treatment,0,0,0.0,-0.2
treatment-7055,treatment,0,0,0.0,-0.2
treatment-7056,treatment,0,0,0.0,-0.2
treatment-7057,treatment,0,0,0.0,-0.2
treatment-7058,treatment,0,0,0.0,-0.2
treatment-7059,treatment,0,0,0.0,-0.2
treatment-7060,treatment,0,0,0.0,-0.2
treatment-7061,treatment,0,0,0.0,-0.2
treatment-7062,treatment,0,0,0.0,-0.2
treatment-7063,treatment,0,0,0.0,-0.2
treatment-7064,treatment,0,0,0.0,-0.2
treatment-7065,treatment,0,0,0.0,-0.2
treatment-7066,treatment,0,0,0.0,-0.2
treatment-7067,treatment,0,0,0.0,-0.2
treatment-7068,treatment,0,0,0.0,-0.2
treatment-7069,treatment,0,0,0.0,-0.2
treatment-7070,treatment,0,0,0.0,-0.2
treatment-7071,treatment,0,0,0.0,-0.2
treatment-7072,treatment,1,0,21.0,6.6499999999999995
treatment-7073,treatment,0,0,0.0,-0.2
treatment-7074,treatment,0,0,0.0,-0.2
treatment-7075,treatment,0,0,0.0,-0.2
treatment-7076,treatment,0,0,0.0,-0.2
treatment-7077,treatment,0,0,0.0,-0.2
treatment-7078,treatment,0,0,0.0,-0.2
treatment-7079,treatment,0,0,0.0,-0.2
treatment-7080,treatment,0,0,0.0,-0.2
treatment-7081,treatment,0,0,0.0,-0.2
treatment-7082,treatment,0,0,0.0,-0.2
treatment-7083,treatment,0,0,0.0,-0.2
treatment-7084,treatment,0,0,0.0,-0.2
treatment-7085,treatment,0,0,0.0,-0.2
treatment-7086,treatment,0,0,0.0,-0.2
treatment-7087,treatment,0,0,0.0,-0.2
treatment-7088,treatment,0,0,0.0,-0.2
treatment-7089,treatment,0,0,0.0,-0.2
treatment-7090,treatment,0,0,0.0,-0.2
treatment-7091,treatment,0,0,0.0,-0.2
treatment-7092,treatment,1,0,21.0,6.6499999999999995
treatment-7093,treatment,0,0,0.0,-0.2
treatment-7094,treatment,0,0,0.0,-0.2
treatment-7095,treatment,0,0,0.0,-0.2
treatment-7096,treatment,0,0,0.0,-0.2
treatment-7097,treatment,0,0,0.0,-0.2
treatment-7098,treatment,0,0,0.0,-0.2
treatment-7099,treatment,0,0,0.0,-0.2
treatment-7100,treatment,0,0,0.0,-0.2
treatment-7101,treatment,0,0,0.0,-0.2
treatment-7102,treatment,0,0,0.0,-0.2
treatment-7103,treatment,0,0,0.0,-0.2
treatment-7104,treatment,0,0,0.0,-0.2
treatment-7105,treatment,0,0,0.0,-0.2
treatment-7106,treatment,0,0,0.0,-0.2
treatment-7107,treatment,0,0,0.0,-0.2
treatment-7108,treatment,0,0,0.0,-0.2
treatment-7109,treatment,0,0,0.0,-0.2
treatment-7110,treatment,0,0,0.0,-0.2
treatment-7111,treatment,0,0,0.0,-0.2
treatment-7112,treatment,0,0,0.0,-0.2
treatment-7113,treatment,0,0,0.0,-0.2
treatment-7114,treatment,0,0,0.0,-0.2
treatment-7115,treatment,0,0,0.0,-0.2
treatment-7116,treatment,0,0,0.0,-0.2
treatment-7117,treatment,1,0,21.0,6.6499999999999995
treatment-7118,treatment,0,0,0.0,-0.2
treatment-7119,treatment,0,0,0.0,-0.2
treatment-7120,treatment,0,0,0.0,-0.2
treatment-7121,treatment,0,0,0.0,-0.2
treatment-7122,treatment,0,0,0.0,-0.2
treatment-7123,treatment,1,0,63.0,20.35
treatment-7124,treatment,0,0,0.0,-0.2
treatment-7125,treatment,1,0,21.0,6.6499999999999995
treatment-7126,treatment,0,0,0.0,-0.2
treatment-7127,treatment,0,0,0.0,-0.2
treatment-7128,treatment,0,0,0.0,-0.2
treatment-7129,treatment,0,0,0.0,-0.2
treatment-7130,treatment,0,0,0.0,-0.2
treatment-7131,treatment,0,0,0.0,-0.2
treatment-7132,treatment,0,0,0.0,-0.2
treatment-7133,treatment,0,0,0.0,-0.2
treatment-7134,treatment,0,0,0.0,-0.2
treatment-7135,treatment,0,0,0.0,-0.2
treatment-7136,treatment,0,0,0.0,-0.2
treatment-7137,treatment,0,0,0.0,-0.2
treatment-7138,treatment,0,0,0.0,-0.2
treatment-7139,treatment,0,0,0.0,-0.2
treatment-7140,treatment,0,0,0.0,-0.2
treatment-7141,treatment,0,0,0.0,-0.2
treatment-7142,treatment,0,0,0.0,-0.2
treatment-7143,treatment,0,0,0.0,-0.2
treatment-7144,treatment,0,0,0.0,-0.2
treatment-7145,treatment,0,0,0.0,-0.2
treatment-7146,treatment,0,0,0.0,-0.2
treatment-7147,treatment,0,0,0.0,-0.2
treatment-7148,treatment,0,0,0.0,-0.2
treatment-7149,treatment,0,0,0.0,-0.2
treatment-7150,treatment,0,0,0.0,-0.2
treatment-7151,treatment,0,0,0.0,-0.2
treatment-7152,treatment,0,0,0.0,-0.2
treatment-7153,treatment,0,0,0.0,-0.2
treatment-7154,treatment,0,0,0.0,-0.2
treatment-7155,treatment,0,0,0.0,-0.2
treatment-7156,treatment,0,0,0.0,-0.2
treatment-7157,treatment,0,0,0.0,-0.2
treatment-7158,treatment,1,0,63.0,20.35
treatment-7159,treatment,0,0,0.0,-0.2
treatment-7160,treatment,0,0,0.0,-0.2
treatment-7161,treatment,0,0,0.0,-0.2
treatment-7162,treatment,0,0,0.0,-0.2
treatment-7163,treatment,0,0,0.0,-0.2
treatment-7164,treatment,0,0,0.0,-0.2
treatment-7165,treatment,0,0,0.0,-0.2
treatment-7166,treatment,0,0,0.0,-0.2
treatment-7167,treatment,0,0,0.0,-0.2
treatment-7168,treatment,0,0,0.0,-0.2
treatment-7169,treatment,0,0,0.0,-0.2
treatment-7170,treatment,0,0,0.0,-0.2
treatment-7171,treatment,0,0,0.0,-0.2
treatment-7172,treatment,0,0,0.0,-0.2
treatment-7173,treatment,0,0,0.0,-0.2
treatment-7174,treatment,0,0,0.0,-0.2
treatment-7175,treatment,0,0,0.0,-0.2
treatment-7176,treatment,1,0,21.0,6.6499999999999995
treatment-7177,treatment,0,0,0.0,-0.2
treatment-7178,treatment,0,0,0.0,-0.2
treatment-7179,treatment,1,0,63.0,20.35
treatment-7180,treatment,0,0,0.0,-0.2
treatment-7181,treatment,0,0,0.0,-0.2
treatment-7182,treatment,0,0,0.0,-0.2
treatment-7183,treatment,0,0,0.0,-0.2
treatment-7184,treatment,0,0,0.0,-0.2
treatment-7185,treatment,0,0,0.0,-0.2
treatment-7186,treatment,0,0,0.0,-0.2
treatment-7187,treatment,0,0,0.0,-0.2
treatment-7188,treatment,0,0,0.0,-0.2
treatment-7189,treatment,0,0,0.0,-0.2
treatment-7190,treatment,0,0,0.0,-0.2
treatment-7191,treatment,0,0,0.0,-0.2
treatment-7192,treatment,0,0,0.0,-0.2
treatment-7193,treatment,0,0,0.0,-0.2
treatment-7194,treatment,0,0,0.0,-0.2
treatment-7195,treatment,0,0,0.0,-0.2
treatment-7196,treatment,0,0,0.0,-0.2
treatment-7197,treatment,0,0,0.0,-0.2
treatment-7198,treatment,0,0,0.0,-0.2
treatment-7199,treatment,0,0,0.0,-0.2
treatment-7200,treatment,0,0,0.0,-0.2
treatment-7201,treatment,0,0,0.0,-0.2
treatment-7202,treatment,0,0,0.0,-0.2
treatment-7203,treatment,0,0,0.0,-0.2
treatment-7204,treatment,0,0,0.0,-0.2
treatment-7205,treatment,0,0,0.0,-0.2
treatment-7206,treatment,0,0,0.0,-0.2
treatment-7207,treatment,0,0,0.0,-0.2
treatment-7208,treatment,0,0,0.0,-0.2
treatment-7209,treatment,0,0,0.0,-0.2
treatment-7210,treatment,1,0,42.0,13.5
treatment-7211,treatment,0,0,0.0,-0.2
treatment-7212,treatment,0,0,0.0,-0.2
treatment-7213,treatment,0,0,0.0,-0.2
treatment-7214,treatment,0,0,0.0,-0.2
treatment-7215,treatment,0,0,0.0,-0.2
treatment-7216,treatment,0,0,0.0,-0.2
treatment-7217,treatment,0,0,0.0,-0.2
treatment-7218,treatment,0,0,0.0,-0.2
treatment-7219,treatment,0,0,0.0,-0.2
treatment-7220,treatment,0,0,0.0,-0.2
treatment-7221,treatment,0,0,0.0,-0.2
treatment-7222,treatment,0,0,0.0,-0.2
treatment-7223,treatment,1,0,42.0,13.5
treatment-7224,treatment,0,0,0.0,-0.2
treatment-7225,treatment,0,0,0.0,-0.2
treatment-7226,treatment,0,0,0.0,-0.2
treatment-7227,treatment,0,0,0.0,-0.2
treatment-7228,treatment,0,0,0.0,-0.2
treatment-7229,treatment,0,0,0.0,-0.2
treatment-7230,treatment,0,0,0.0,-0.2
treatment-7231,treatment,0,0,0.0,-0.2
treatment-7232,treatment,0,0,0.0,-0.2
treatment-7233,treatment,0,0,0.0,-0.2
treatment-7234,treatment,0,0,0.0,-0.2
treatment-7235,treatment,0,0,0.0,-0.2
treatment-7236,treatment,0,0,0.0,-0.2
treatment-7237,treatment,1,0,21.0,6.6499999999999995
treatment-7238,treatment,0,0,0.0,-0.2
treatment-7239,treatment,0,0,0.0,-0.2
treatment-7240,treatment,0,0,0.0,-0.2
treatment-7241,treatment,0,0,0.0,-0.2
treatment-7242,treatment,0,0,0.0,-0.2
treatment-7243,treatment,0,0,0.0,-0.2
treatment-7244,treatment,0,0,0.0,-0.2
treatment-7245,treatment,1,0,21.0,6.6499999999999995
treatment-7246,treatment,0,0,0.0,-0.2
treatment-7247,treatment,0,0,0.0,-0.2
treatment-7248,treatment,0,0,0.0,-0.2
treatment-7249,treatment,0,0,0.0,-0.2
treatment-7250,treatment,0,0,0.0,-0.2
treatment-7251,treatment,0,0,0.0,-0.2
treatment-7252,treatment,0,0,0.0,-0.2
treatment-7253,treatment,0,0,0.0,-0.2
treatment-7254,treatment,0,0,0.0,-0.2
treatment-7255,treatment,0,0,0.0,-0.2
treatment-7256,treatment,0,0,0.0,-0.2
treatment-7257,treatment,0,0,0.0,-0.2
treatment-7258,treatment,0,0,0.0,-0.2
treatment-7259,treatment,0,0,0.0,-0.2
treatment-7260,treatment,0,0,0.0,-0.2
treatment-7261,treatment,0,0,0.0,-0.2
treatment-7262,treatment,0,0,0.0,-0.2
treatment-7263,treatment,0,0,0.0,-0.2
treatment-7264,treatment,0,0,0.0,-0.2
treatment-7265,treatment,0,0,0.0,-0.2
treatment-7266,treatment,0,0,0.0,-0.2
treatment-7267,treatment,0,0,0.0,-0.2
treatment-7268,treatment,0,0,0.0,-0.2
treatment-7269,treatment,0,0,0.0,-0.2
treatment-7270,treatment,0,0,0.0,-0.2
treatment-7271,treatment,0,0,0.0,-0.2
treatment-7272,treatment,0,0,0.0,-0.2
treatment-7273,treatment,1,1,0.0,-9.649999999999999
treatment-7274,treatment,0,0,0.0,-0.2
treatment-7275,treatment,0,0,0.0,-0.2
treatment-7276,treatment,0,0,0.0,-0.2
treatment-7277,treatment,0,0,0.0,-0.2
treatment-7278,treatment,0,0,0.0,-0.2
treatment-7279,treatment,0,0,0.0,-0.2
treatment-7280,treatment,0,0,0.0,-0.2
treatment-7281,treatment,0,0,0.0,-0.2
treatment-7282,treatment,0,0,0.0,-0.2
treatment-7283,treatment,0,0,0.0,-0.2
treatment-7284,treatment,0,0,0.0,-0.2
treatment-7285,treatment,0,0,0.0,-0.2
treatment-7286,treatment,0,0,0.0,-0.2
treatment-7287,treatment,0,0,0.0,-0.2
treatment-7288,treatment,0,0,0.0,-0.2
treatment-7289,treatment,0,0,0.0,-0.2
treatment-7290,treatment,0,0,0.0,-0.2
treatment-7291,treatment,0,0,0.0,-0.2
treatment-7292,treatment,0,0,0.0,-0.2
treatment-7293,treatment,0,0,0.0,-0.2
treatment-7294,treatment,0,0,0.0,-0.2
treatment-7295,treatment,0,0,0.0,-0.2
treatment-7296,treatment,0,0,0.0,-0.2
treatment-7297,treatment,0,0,0.0,-0.2
treatment-7298,treatment,0,0,0.0,-0.2
treatment-7299,treatment,0,0,0.0,-0.2
treatment-7300,treatment,0,0,0.0,-0.2
treatment-7301,treatment,0,0,0.0,-0.2
treatment-7302,treatment,0,0,0.0,-0.2
treatment-7303,treatment,0,0,0.0,-0.2
treatment-7304,treatment,0,0,0.0,-0.2
treatment-7305,treatment,0,0,0.0,-0.2
treatment-7306,treatment,0,0,0.0,-0.2
treatment-7307,treatment,0,0,0.0,-0.2
treatment-7308,treatment,0,0,0.0,-0.2
treatment-7309,treatment,0,0,0.0,-0.2
treatment-7310,treatment,0,0,0.0,-0.2
treatment-7311,treatment,0,0,0.0,-0.2
treatment-7312,treatment,0,0,0.0,-0.2
treatment-7313,treatment,0,0,0.0,-0.2
treatment-7314,treatment,0,0,0.0,-0.2
treatment-7315,treatment,0,0,0.0,-0.2
treatment-7316,treatment,0,0,0.0,-0.2
treatment-7317,treatment,0,0,0.0,-0.2
treatment-7318,treatment,1,0,21.0,6.6499999999999995
treatment-7319,treatment,0,0,0.0,-0.2
treatment-7320,treatment,0,0,0.0,-0.2
treatment-7321,treatment,0,0,0.0,-0.2
treatment-7322,treatment,0,0,0.0,-0.2
treatment-7323,treatment,0,0,0.0,-0.2
treatment-7324,treatment,0,0,0.0,-0.2
treatment-7325,treatment,1,1,0.0,-3.35
treatment-7326,treatment,0,0,0.0,-0.2
treatment-7327,treatment,0,0,0.0,-0.2
treatment-7328,treatment,0,0,0.0,-0.2
treatment-7329,treatment,0,0,0.0,-0.2
treatment-7330,treatment,0,0,0.0,-0.2
treatment-7331,treatment,0,0,0.0,-0.2
treatment-7332,treatment,0,0,0.0,-0.2
treatment-7333,treatment,0,0,0.0,-0.2
treatment-7334,treatment,0,0,0.0,-0.2
treatment-7335,treatment,0,0,0.0,-0.2
treatment-7336,treatment,0,0,0.0,-0.2
treatment-7337,treatment,0,0,0.0,-0.2
treatment-7338,treatment,0,0,0.0,-0.2
treatment-7339,treatment,0,0,0.0,-0.2
treatment-7340,treatment,0,0,0.0,-0.2
treatment-7341,treatment,0,0,0.0,-0.2
treatment-7342,treatment,0,0,0.0,-0.2
treatment-7343,treatment,1,0,63.0,20.35
treatment-7344,treatment,0,0,0.0,-0.2
treatment-7345,treatment,0,0,0.0,-0.2
treatment-7346,treatment,0,0,0.0,-0.2
treatment-7347,treatment,0,0,0.0,-0.2
treatment-7348,treatment,0,0,0.0,-0.2
treatment-7349,treatment,0,0,0.0,-0.2
treatment-7350,treatment,0,0,0.0,-0.2
treatment-7351,treatment,0,0,0.0,-0.2
treatment-7352,treatment,0,0,0.0,-0.2
treatment-7353,treatment,0,0,0.0,-0.2
treatment-7354,treatment,0,0,0.0,-0.2
treatment-7355,treatment,0,0,0.0,-0.2
treatment-7356,treatment,0,0,0.0,-0.2
treatment-7357,treatment,0,0,0.0,-0.2
treatment-7358,treatment,0,0,0.0,-0.2
treatment-7359,treatment,0,0,0.0,-0.2
treatment-7360,treatment,1,0,21.0,6.6499999999999995
treatment-7361,treatment,0,0,0.0,-0.2
treatment-7362,treatment,0,0,0.0,-0.2
treatment-7363,treatment,0,0,0.0,-0.2
treatment-7364,treatment,0,0,0.0,-0.2
treatment-7365,treatment,0,0,0.0,-0.2
treatment-7366,treatment,0,0,0.0,-0.2
treatment-7367,treatment,0,0,0.0,-0.2
treatment-7368,treatment,0,0,0.0,-0.2
treatment-7369,treatment,0,0,0.0,-0.2
treatment-7370,treatment,0,0,0.0,-0.2
treatment-7371,treatment,0,0,0.0,-0.2
treatment-7372,treatment,0,0,0.0,-0.2
treatment-7373,treatment,0,0,0.0,-0.2
treatment-7374,treatment,0,0,0.0,-0.2
treatment-7375,treatment,0,0,0.0,-0.2
treatment-7376,treatment,0,0,0.0,-0.2
treatment-7377,treatment,0,0,0.0,-0.2
treatment-7378,treatment,0,0,0.0,-0.2
treatment-7379,treatment,0,0,0.0,-0.2
treatment-7380,treatment,0,0,0.0,-0.2
treatment-7381,treatment,0,0,0.0,-0.2
treatment-7382,treatment,0,0,0.0,-0.2
treatment-7383,treatment,0,0,0.0,-0.2
treatment-7384,treatment,1,0,63.0,20.35
treatment-7385,treatment,0,0,0.0,-0.2
treatment-7386,treatment,0,0,0.0,-0.2
treatment-7387,treatment,0,0,0.0,-0.2
treatment-7388,treatment,0,0,0.0,-0.2
treatment-7389,treatment,0,0,0.0,-0.2
treatment-7390,treatment,0,0,0.0,-0.2
treatment-7391,treatment,0,0,0.0,-0.2
treatment-7392,treatment,0,0,0.0,-0.2
treatment-7393,treatment,0,0,0.0,-0.2
treatment-7394,treatment,0,0,0.0,-0.2
treatment-7395,treatment,0,0,0.0,-0.2
treatment-7396,treatment,0,0,0.0,-0.2
treatment-7397,treatment,0,0,0.0,-0.2
treatment-7398,treatment,0,0,0.0,-0.2
treatment-7399,treatment,0,0,0.0,-0.2
treatment-7400,treatment,0,0,0.0,-0.2
treatment-7401,treatment,0,0,0.0,-0.2
treatment-7402,treatment,1,0,63.0,20.35
treatment-7403,treatment,0,0,0.0,-0.2
treatment-7404,treatment,0,0,0.0,-0.2
treatment-7405,treatment,1,0,63.0,20.35
treatment-7406,treatment,0,0,0.0,-0.2
treatment-7407,treatment,0,0,0.0,-0.2
treatment-7408,treatment,0,0,0.0,-0.2
treatment-7409,treatment,0,0,0.0,-0.2
treatment-7410,treatment,1,0,63.0,20.35
treatment-7411,treatment,0,0,0.0,-0.2
treatment-7412,treatment,0,0,0.0,-0.2
treatment-7413,treatment,0,0,0.0,-0.2
treatment-7414,treatment,1,0,63.0,20.35
treatment-7415,treatment,0,0,0.0,-0.2
treatment-7416,treatment,0,0,0.0,-0.2
treatment-7417,treatment,0,0,0.0,-0.2
treatment-7418,treatment,1,0,63.0,20.35
treatment-7419,treatment,0,0,0.0,-0.2
treatment-7420,treatment,0,0,0.0,-0.2
treatment-7421,treatment,0,0,0.0,-0.2
treatment-7422,treatment,0,0,0.0,-0.2
treatment-7423,treatment,0,0,0.0,-0.2
treatment-7424,treatment,0,0,0.0,-0.2
treatment-7425,treatment,0,0,0.0,-0.2
treatment-7426,treatment,0,0,0.0,-0.2
treatment-7427,treatment,0,0,0.0,-0.2
treatment-7428,treatment,0,0,0.0,-0.2
treatment-7429,treatment,1,0,63.0,20.35
treatment-7430,treatment,0,0,0.0,-0.2
treatment-7431,treatment,0,0,0.0,-0.2
treatment-7432,treatment,0,0,0.0,-0.2
treatment-7433,treatment,0,0,0.0,-0.2
treatment-7434,treatment,0,0,0.0,-0.2
treatment-7435,treatment,0,0,0.0,-0.2
treatment-7436,treatment,0,0,0.0,-0.2
treatment-7437,treatment,1,0,42.0,13.5
treatment-7438,treatment,0,0,0.0,-0.2
treatment-7439,treatment,0,0,0.0,-0.2
treatment-7440,treatment,0,0,0.0,-0.2
treatment-7441,treatment,0,0,0.0,-0.2
treatment-7442,treatment,0,0,0.0,-0.2
treatment-7443,treatment,0,0,0.0,-0.2
treatment-7444,treatment,0,0,0.0,-0.2
treatment-7445,treatment,0,0,0.0,-0.2
treatment-7446,treatment,0,0,0.0,-0.2
treatment-7447,treatment,0,0,0.0,-0.2
treatment-7448,treatment,0,0,0.0,-0.2
treatment-7449,treatment,0,0,0.0,-0.2
treatment-7450,treatment,0,0,0.0,-0.2
treatment-7451,treatment,0,0,0.0,-0.2
treatment-7452,treatment,0,0,0.0,-0.2
treatment-7453,treatment,0,0,0.0,-0.2
treatment-7454,treatment,0,0,0.0,-0.2
treatment-7455,treatment,0,0,0.0,-0.2
treatment-7456,treatment,0,0,0.0,-0.2
treatment-7457,treatment,0,0,0.0,-0.2
treatment-7458,treatment,0,0,0.0,-0.2
treatment-7459,treatment,0,0,0.0,-0.2
treatment-7460,treatment,0,0,0.0,-0.2
treatment-7461,treatment,0,0,0.0,-0.2
treatment-7462,treatment,0,0,0.0,-0.2
treatment-7463,treatment,0,0,0.0,-0.2
treatment-7464,treatment,0,0,0.0,-0.2
treatment-7465,treatment,0,0,0.0,-0.2
treatment-7466,treatment,0,0,0.0,-0.2
treatment-7467,treatment,0,0,0.0,-0.2
treatment-7468,treatment,0,0,0.0,-0.2
treatment-7469,treatment,0,0,0.0,-0.2
treatment-7470,treatment,0,0,0.0,-0.2
treatment-7471,treatment,0,0,0.0,-0.2
treatment-7472,treatment,1,0,63.0,20.35
treatment-7473,treatment,0,0,0.0,-0.2
treatment-7474,treatment,0,0,0.0,-0.2
treatment-7475,treatment,0,0,0.0,-0.2
treatment-7476,treatment,0,0,0.0,-0.2
treatment-7477,treatment,0,0,0.0,-0.2
treatment-7478,treatment,0,0,0.0,-0.2
treatment-7479,treatment,0,0,0.0,-0.2
treatment-7480,treatment,0,0,0.0,-0.2
treatment-7481,treatment,0,0,0.0,-0.2
treatment-7482,treatment,0,0,0.0,-0.2
treatment-7483,treatment,0,0,0.0,-0.2
treatment-7484,treatment,0,0,0.0,-0.2
treatment-7485,treatment,0,0,0.0,-0.2
treatment-7486,treatment,0,0,0.0,-0.2
treatment-7487,treatment,1,0,21.0,6.6499999999999995
treatment-7488,treatment,0,0,0.0,-0.2
treatment-7489,treatment,0,0,0.0,-0.2
treatment-7490,treatment,0,0,0.0,-0.2
treatment-7491,treatment,0,0,0.0,-0.2
treatment-7492,treatment,0,0,0.0,-0.2
treatment-7493,treatment,0,0,0.0,-0.2
treatment-7494,treatment,0,0,0.0,-0.2
treatment-7495,treatment,0,0,0.0,-0.2
treatment-7496,treatment,0,0,0.0,-0.2
treatment-7497,treatment,0,0,0.0,-0.2
treatment-7498,treatment,0,0,0.0,-0.2
treatment-7499,treatment,0,0,0.0,-0.2
treatment-7500,treatment,0,0,0.0,-0.2
treatment-7501,treatment,0,0,0.0,-0.2
treatment-7502,treatment,0,0,0.0,-0.2
treatment-7503,treatment,0,0,0.0,-0.2
treatment-7504,treatment,0,0,0.0,-0.2
treatment-7505,treatment,0,0,0.0,-0.2
treatment-7506,treatment,1,0,42.0,13.5
treatment-7507,treatment,0,0,0.0,-0.2
treatment-7508,treatment,0,0,0.0,-0.2
treatment-7509,treatment,0,0,0.0,-0.2
treatment-7510,treatment,0,0,0.0,-0.2
treatment-7511,treatment,1,0,21.0,6.6499999999999995
treatment-7512,treatment,0,0,0.0,-0.2
treatment-7513,treatment,1,0,42.0,13.5
treatment-7514,treatment,0,0,0.0,-0.2
treatment-7515,treatment,0,0,0.0,-0.2
treatment-7516,treatment,0,0,0.0,-0.2
treatment-7517,treatment,1,0,63.0,20.35
treatment-7518,treatment,0,0,0.0,-0.2
treatment-7519,treatment,1,1,0.0,-3.35
treatment-7520,treatment,0,0,0.0,-0.2
treatment-7521,treatment,0,0,0.0,-0.2
treatment-7522,treatment,0,0,0.0,-0.2
treatment-7523,treatment,0,0,0.0,-0.2
treatment-7524,treatment,0,0,0.0,-0.2
treatment-7525,treatment,0,0,0.0,-0.2
treatment-7526,treatment,0,0,0.0,-0.2
treatment-7527,treatment,0,0,0.0,-0.2
treatment-7528,treatment,0,0,0.0,-0.2
treatment-7529,treatment,0,0,0.0,-0.2
treatment-7530,treatment,0,0,0.0,-0.2
treatment-7531,treatment,0,0,0.0,-0.2
treatment-7532,treatment,0,0,0.0,-0.2
treatment-7533,treatment,0,0,0.0,-0.2
treatment-7534,treatment,0,0,0.0,-0.2
treatment-7535,treatment,0,0,0.0,-0.2
treatment-7536,treatment,0,0,0.0,-0.2
treatment-7537,treatment,0,0,0.0,-0.2
treatment-7538,treatment,0,0,0.0,-0.2
treatment-7539,treatment,1,0,42.0,13.5
treatment-7540,treatment,0,0,0.0,-0.2
treatment-7541,treatment,0,0,0.0,-0.2
treatment-7542,treatment,0,0,0.0,-0.2
treatment-7543,treatment,0,0,0.0,-0.2
treatment-7544,treatment,0,0,0.0,-0.2
treatment-7545,treatment,0,0,0.0,-0.2
treatment-7546,treatment,0,0,0.0,-0.2
treatment-7547,treatment,1,0,42.0,13.5
treatment-7548,treatment,0,0,0.0,-0.2
treatment-7549,treatment,0,0,0.0,-0.2
treatment-7550,treatment,0,0,0.0,-0.2
treatment-7551,treatment,0,0,0.0,-0.2
treatment-7552,treatment,0,0,0.0,-0.2
treatment-7553,treatment,0,0,0.0,-0.2
treatment-7554,treatment,0,0,0.0,-0.2
treatment-7555,treatment,0,0,0.0,-0.2
treatment-7556,treatment,0,0,0.0,-0.2
treatment-7557,treatment,0,0,0.0,-0.2
treatment-7558,treatment,0,0,0.0,-0.2
treatment-7559,treatment,0,0,0.0,-0.2
treatment-7560,treatment,0,0,0.0,-0.2
treatment-7561,treatment,0,0,0.0,-0.2
treatment-7562,treatment,0,0,0.0,-0.2
treatment-7563,treatment,0,0,0.0,-0.2
treatment-7564,treatment,0,0,0.0,-0.2
treatment-7565,treatment,0,0,0.0,-0.2
treatment-7566,treatment,0,0,0.0,-0.2
treatment-7567,treatment,0,0,0.0,-0.2
treatment-7568,treatment,0,0,0.0,-0.2
treatment-7569,treatment,0,0,0.0,-0.2
treatment-7570,treatment,0,0,0.0,-0.2
treatment-7571,treatment,0,0,0.0,-0.2
treatment-7572,treatment,0,0,0.0,-0.2
treatment-7573,treatment,1,0,42.0,13.5
treatment-7574,treatment,0,0,0.0,-0.2
treatment-7575,treatment,0,0,0.0,-0.2
treatment-7576,treatment,0,0,0.0,-0.2
treatment-7577,treatment,0,0,0.0,-0.2
treatment-7578,treatment,0,0,0.0,-0.2
treatment-7579,treatment,0,0,0.0,-0.2
treatment-7580,treatment,0,0,0.0,-0.2
treatment-7581,treatment,0,0,0.0,-0.2
treatment-7582,treatment,1,0,21.0,6.6499999999999995
treatment-7583,treatment,0,0,0.0,-0.2
treatment-7584,treatment,0,0,0.0,-0.2
treatment-7585,treatment,0,0,0.0,-0.2
treatment-7586,treatment,0,0,0.0,-0.2
treatment-7587,treatment,0,0,0.0,-0.2
treatment-7588,treatment,0,0,0.0,-0.2
treatment-7589,treatment,0,0,0.0,-0.2
treatment-7590,treatment,0,0,0.0,-0.2
treatment-7591,treatment,0,0,0.0,-0.2
treatment-7592,treatment,0,0,0.0,-0.2
treatment-7593,treatment,0,0,0.0,-0.2
treatment-7594,treatment,1,0,42.0,13.5
treatment-7595,treatment,0,0,0.0,-0.2
treatment-7596,treatment,0,0,0.0,-0.2
treatment-7597,treatment,0,0,0.0,-0.2
treatment-7598,treatment,0,0,0.0,-0.2
treatment-7599,treatment,1,0,21.0,6.6499999999999995
treatment-7600,treatment,0,0,0.0,-0.2
treatment-7601,treatment,0,0,0.0,-0.2
treatment-7602,treatment,0,0,0.0,-0.2
treatment-7603,treatment,0,0,0.0,-0.2
treatment-7604,treatment,1,0,63.0,20.35
treatment-7605,treatment,0,0,0.0,-0.2
treatment-7606,treatment,0,0,0.0,-0.2
treatment-7607,treatment,0,0,0.0,-0.2
treatment-7608,treatment,0,0,0.0,-0.2
treatment-7609,treatment,0,0,0.0,-0.2
treatment-7610,treatment,0,0,0.0,-0.2
treatment-7611,treatment,0,0,0.0,-0.2
treatment-7612,treatment,0,0,0.0,-0.2
treatment-7613,treatment,0,0,0.0,-0.2
treatment-7614,treatment,0,0,0.0,-0.2
treatment-7615,treatment,0,0,0.0,-0.2
treatment-7616,treatment,0,0,0.0,-0.2
treatment-7617,treatment,0,0,0.0,-0.2
treatment-7618,treatment,0,0,0.0,-0.2
treatment-7619,treatment,0,0,0.0,-0.2
treatment-7620,treatment,0,0,0.0,-0.2
treatment-7621,treatment,0,0,0.0,-0.2
treatment-7622,treatment,0,0,0.0,-0.2
treatment-7623,treatment,0,0,0.0,-0.2
treatment-7624,treatment,1,0,63.0,20.35
treatment-7625,treatment,0,0,0.0,-0.2
treatment-7626,treatment,0,0,0.0,-0.2
treatment-7627,treatment,0,0,0.0,-0.2
treatment-7628,treatment,0,0,0.0,-0.2
treatment-7629,treatment,0,0,0.0,-0.2
treatment-7630,treatment,0,0,0.0,-0.2
treatment-7631,treatment,0,0,0.0,-0.2
treatment-7632,treatment,0,0,0.0,-0.2
treatment-7633,treatment,0,0,0.0,-0.2
treatment-7634,treatment,0,0,0.0,-0.2
treatment-7635,treatment,0,0,0.0,-0.2
treatment-7636,treatment,0,0,0.0,-0.2
treatment-7637,treatment,0,0,0.0,-0.2
treatment-7638,treatment,0,0,0.0,-0.2
treatment-7639,treatment,0,0,0.0,-0.2
treatment-7640,treatment,0,0,0.0,-0.2
treatment-7641,treatment,0,0,0.0,-0.2
treatment-7642,treatment,0,0,0.0,-0.2
treatment-7643,treatment,0,0,0.0,-0.2
treatment-7644,treatment,0,0,0.0,-0.2
treatment-7645,treatment,1,0,63.0,20.35
treatment-7646,treatment,0,0,0.0,-0.2
treatment-7647,treatment,1,0,42.0,13.5
treatment-7648,treatment,0,0,0.0,-0.2
treatment-7649,treatment,0,0,0.0,-0.2
treatment-7650,treatment,0,0,0.0,-0.2
treatment-7651,treatment,0,0,0.0,-0.2
treatment-7652,treatment,0,0,0.0,-0.2
treatment-7653,treatment,0,0,0.0,-0.2
treatment-7654,treatment,0,0,0.0,-0.2
treatment-7655,treatment,0,0,0.0,-0.2
treatment-7656,treatment,0,0,0.0,-0.2
treatment-7657,treatment,0,0,0.0,-0.2
treatment-7658,treatment,0,0,0.0,-0.2
treatment-7659,treatment,0,0,0.0,-0.2
treatment-7660,treatment,0,0,0.0,-0.2
treatment-7661,treatment,0,0,0.0,-0.2
treatment-7662,treatment,0,0,0.0,-0.2
treatment-7663,treatment,0,0,0.0,-0.2
treatment-7664,treatment,0,0,0.0,-0.2
treatment-7665,treatment,0,0,0.0,-0.2
treatment-7666,treatment,0,0,0.0,-0.2
treatment-7667,treatment,0,0,0.0,-0.2
treatment-7668,treatment,0,0,0.0,-0.2
treatment-7669,treatment,0,0,0.0,-0.2
treatment-7670,treatment,0,0,0.0,-0.2
treatment-7671,treatment,0,0,0.0,-0.2
treatment-7672,treatment,0,0,0.0,-0.2
treatment-7673,treatment,0,0,0.0,-0.2
treatment-7674,treatment,0,0,0.0,-0.2
treatment-7675,treatment,0,0,0.0,-0.2
treatment-7676,treatment,0,0,0.0,-0.2
treatment-7677,treatment,0,0,0.0,-0.2
treatment-7678,treatment,0,0,0.0,-0.2
treatment-7679,treatment,0,0,0.0,-0.2
treatment-7680,treatment,0,0,0.0,-0.2
treatment-7681,treatment,0,0,0.0,-0.2
treatment-7682,treatment,0,0,0.0,-0.2
treatment-7683,treatment,0,0,0.0,-0.2
treatment-7684,treatment,0,0,0.0,-0.2
treatment-7685,treatment,0,0,0.0,-0.2
treatment-7686,treatment,0,0,0.0,-0.2
treatment-7687,treatment,0,0,0.0,-0.2
treatment-7688,treatment,0,0,0.0,-0.2
treatment-7689,treatment,0,0,0.0,-0.2
treatment-7690,treatment,0,0,0.0,-0.2
treatment-7691,treatment,0,0,0.0,-0.2
treatment-7692,treatment,0,0,0.0,-0.2
treatment-7693,treatment,0,0,0.0,-0.2
treatment-7694,treatment,0,0,0.0,-0.2
treatment-7695,treatment,0,0,0.0,-0.2
treatment-7696,treatment,0,0,0.0,-0.2
treatment-7697,treatment,0,0,0.0,-0.2
treatment-7698,treatment,0,0,0.0,-0.2
treatment-7699,treatment,0,0,0.0,-0.2
treatment-7700,treatment,0,0,0.0,-0.2
treatment-7701,treatment,0,0,0.0,-0.2
treatment-7702,treatment,0,0,0.0,-0.2
treatment-7703,treatment,0,0,0.0,-0.2
treatment-7704,treatment,0,0,0.0,-0.2
treatment-7705,treatment,0,0,0.0,-0.2
treatment-7706,treatment,0,0,0.0,-0.2
treatment-7707,treatment,0,0,0.0,-0.2
treatment-7708,treatment,0,0,0.0,-0.2
treatment-7709,treatment,0,0,0.0,-0.2
treatment-7710,treatment,0,0,0.0,-0.2
treatment-7711,treatment,0,0,0.0,-0.2
treatment-7712,treatment,0,0,0.0,-0.2
treatment-7713,treatment,0,0,0.0,-0.2
treatment-7714,treatment,0,0,0.0,-0.2
treatment-7715,treatment,0,0,0.0,-0.2
treatment-7716,treatment,0,0,0.0,-0.2
treatment-7717,treatment,0,0,0.0,-0.2
treatment-7718,treatment,0,0,0.0,-0.2
treatment-7719,treatment,1,0,21.0,6.6499999999999995
treatment-7720,treatment,0,0,0.0,-0.2
treatment-7721,treatment,0,0,0.0,-0.2
treatment-7722,treatment,0,0,0.0,-0.2
treatment-7723,treatment,0,0,0.0,-0.2
treatment-7724,treatment,0,0,0.0,-0.2
treatment-7725,treatment,0,0,0.0,-0.2
treatment-7726,treatment,0,0,0.0,-0.2
treatment-7727,treatment,0,0,0.0,-0.2
treatment-7728,treatment,0,0,0.0,-0.2
treatment-7729,treatment,0,0,0.0,-0.2
treatment-7730,treatment,0,0,0.0,-0.2
treatment-7731,treatment,0,0,0.0,-0.2
treatment-7732,treatment,0,0,0.0,-0.2
treatment-7733,treatment,0,0,0.0,-0.2
treatment-7734,treatment,0,0,0.0,-0.2
treatment-7735,treatment,0,0,0.0,-0.2
treatment-7736,treatment,0,0,0.0,-0.2
treatment-7737,treatment,0,0,0.0,-0.2
treatment-7738,treatment,0,0,0.0,-0.2
treatment-7739,treatment,0,0,0.0,-0.2
treatment-7740,treatment,0,0,0.0,-0.2
treatment-7741,treatment,0,0,0.0,-0.2
treatment-7742,treatment,0,0,0.0,-0.2
treatment-7743,treatment,0,0,0.0,-0.2
treatment-7744,treatment,0,0,0.0,-0.2
treatment-7745,treatment,0,0,0.0,-0.2
treatment-7746,treatment,0,0,0.0,-0.2
treatment-7747,treatment,0,0,0.0,-0.2
treatment-7748,treatment,0,0,0.0,-0.2
treatment-7749,treatment,0,0,0.0,-0.2
treatment-7750,treatment,0,0,0.0,-0.2
treatment-7751,treatment,0,0,0.0,-0.2
treatment-7752,treatment,0,0,0.0,-0.2
treatment-7753,treatment,0,0,0.0,-0.2
treatment-7754,treatment,0,0,0.0,-0.2
treatment-7755,treatment,0,0,0.0,-0.2
treatment-7756,treatment,0,0,0.0,-0.2
treatment-7757,treatment,0,0,0.0,-0.2
treatment-7758,treatment,0,0,0.0,-0.2
treatment-7759,treatment,0,0,0.0,-0.2
treatment-7760,treatment,0,0,0.0,-0.2
treatment-7761,treatment,0,0,0.0,-0.2
treatment-7762,treatment,0,0,0.0,-0.2
treatment-7763,treatment,0,0,0.0,-0.2
treatment-7764,treatment,0,0,0.0,-0.2
treatment-7765,treatment,0,0,0.0,-0.2
treatment-7766,treatment,0,0,0.0,-0.2
treatment-7767,treatment,0,0,0.0,-0.2
treatment-7768,treatment,1,0,63.0,20.35
treatment-7769,treatment,0,0,0.0,-0.2
treatment-7770,treatment,0,0,0.0,-0.2
treatment-7771,treatment,0,0,0.0,-0.2
treatment-7772,treatment,0,0,0.0,-0.2
treatment-7773,treatment,0,0,0.0,-0.2
treatment-7774,treatment,0,0,0.0,-0.2
treatment-7775,treatment,0,0,0.0,-0.2
treatment-7776,treatment,0,0,0.0,-0.2
treatment-7777,treatment,0,0,0.0,-0.2
treatment-7778,treatment,0,0,0.0,-0.2
treatment-7779,treatment,0,0,0.0,-0.2
treatment-7780,treatment,0,0,0.0,-0.2
treatment-7781,treatment,0,0,0.0,-0.2
treatment-7782,treatment,0,0,0.0,-0.2
treatment-7783,treatment,0,0,0.0,-0.2
treatment-7784,treatment,0,0,0.0,-0.2
treatment-7785,treatment,0,0,0.0,-0.2
treatment-7786,treatment,0,0,0.0,-0.2
treatment-7787,treatment,0,0,0.0,-0.2
treatment-7788,treatment,0,0,0.0,-0.2
treatment-7789,treatment,0,0,0.0,-0.2
treatment-7790,treatment,0,0,0.0,-0.2
treatment-7791,treatment,0,0,0.0,-0.2
treatment-7792,treatment,0,0,0.0,-0.2
treatment-7793,treatment,0,0,0.0,-0.2
treatment-7794,treatment,0,0,0.0,-0.2
treatment-7795,treatment,0,0,0.0,-0.2
treatment-7796,treatment,0,0,0.0,-0.2
treatment-7797,treatment,0,0,0.0,-0.2
treatment-7798,treatment,0,0,0.0,-0.2
treatment-7799,treatment,0,0,0.0,-0.2
treatment-7800,treatment,0,0,0.0,-0.2
treatment-7801,treatment,0,0,0.0,-0.2
treatment-7802,treatment,0,0,0.0,-0.2
treatment-7803,treatment,0,0,0.0,-0.2
treatment-7804,treatment,0,0,0.0,-0.2
treatment-7805,treatment,0,0,0.0,-0.2
treatment-7806,treatment,0,0,0.0,-0.2
treatment-7807,treatment,0,0,0.0,-0.2
treatment-7808,treatment,0,0,0.0,-0.2
treatment-7809,treatment,0,0,0.0,-0.2
treatment-7810,treatment,0,0,0.0,-0.2
treatment-7811,treatment,0,0,0.0,-0.2
treatment-7812,treatment,0,0,0.0,-0.2
treatment-7813,treatment,0,0,0.0,-0.2
treatment-7814,treatment,0,0,0.0,-0.2
treatment-7815,treatment,0,0,0.0,-0.2
treatment-7816,treatment,0,0,0.0,-0.2
treatment-7817,treatment,0,0,0.0,-0.2
treatment-7818,treatment,0,0,0.0,-0.2
treatment-7819,treatment,0,0,0.0,-0.2
treatment-7820,treatment,0,0,0.0,-0.2
treatment-7821,treatment,0,0,0.0,-0.2
treatment-7822,treatment,0,0,0.0,-0.2
treatment-7823,treatment,0,0,0.0,-0.2
treatment-7824,treatment,0,0,0.0,-0.2
treatment-7825,treatment,0,0,0.0,-0.2
treatment-7826,treatment,0,0,0.0,-0.2
treatment-7827,treatment,0,0,0.0,-0.2
treatment-7828,treatment,0,0,0.0,-0.2
treatment-7829,treatment,0,0,0.0,-0.2
treatment-7830,treatment,0,0,0.0,-0.2
treatment-7831,treatment,1,0,42.0,13.5
treatment-7832,treatment,0,0,0.0,-0.2
treatment-7833,treatment,0,0,0.0,-0.2
treatment-7834,treatment,0,0,0.0,-0.2
treatment-7835,treatment,0,0,0.0,-0.2
treatment-7836,treatment,0,0,0.0,-0.2
treatment-7837,treatment,0,0,0.0,-0.2
treatment-7838,treatment,0,0,0.0,-0.2
treatment-7839,treatment,0,0,0.0,-0.2
treatment-7840,treatment,0,0,0.0,-0.2
treatment-7841,treatment,0,0,0.0,-0.2
treatment-7842,treatment,0,0,0.0,-0.2
treatment-7843,treatment,0,0,0.0,-0.2
treatment-7844,treatment,0,0,0.0,-0.2
treatment-7845,treatment,0,0,0.0,-0.2
treatment-7846,treatment,0,0,0.0,-0.2
treatment-7847,treatment,0,0,0.0,-0.2
treatment-7848,treatment,0,0,0.0,-0.2
treatment-7849,treatment,0,0,0.0,-0.2
treatment-7850,treatment,0,0,0.0,-0.2
treatment-7851,treatment,0,0,0.0,-0.2
treatment-7852,treatment,0,0,0.0,-0.2
treatment-7853,treatment,0,0,0.0,-0.2
treatment-7854,treatment,0,0,0.0,-0.2
treatment-7855,treatment,0,0,0.0,-0.2
treatment-7856,treatment,0,0,0.0,-0.2
treatment-7857,treatment,0,0,0.0,-0.2
treatment-7858,treatment,0,0,0.0,-0.2
treatment-7859,treatment,0,0,0.0,-0.2
treatment-7860,treatment,0,0,0.0,-0.2
treatment-7861,treatment,0,0,0.0,-0.2
treatment-7862,treatment,0,0,0.0,-0.2
treatment-7863,treatment,0,0,0.0,-0.2
treatment-7864,treatment,0,0,0.0,-0.2
treatment-7865,treatment,0,0,0.0,-0.2
treatment-7866,treatment,0,0,0.0,-0.2
treatment-7867,treatment,0,0,0.0,-0.2
treatment-7868,treatment,0,0,0.0,-0.2
treatment-7869,treatment,0,0,0.0,-0.2
treatment-7870,treatment,0,0,0.0,-0.2
treatment-7871,treatment,0,0,0.0,-0.2
treatment-7872,treatment,1,0,63.0,20.35
treatment-7873,treatment,0,0,0.0,-0.2
treatment-7874,treatment,0,0,0.0,-0.2
treatment-7875,treatment,0,0,0.0,-0.2
treatment-7876,treatment,0,0,0.0,-0.2
treatment-7877,treatment,0,0,0.0,-0.2
treatment-7878,treatment,0,0,0.0,-0.2
treatment-7879,treatment,0,0,0.0,-0.2
treatment-7880,treatment,0,0,0.0,-0.2
treatment-7881,treatment,0,0,0.0,-0.2
treatment-7882,treatment,0,0,0.0,-0.2
treatment-7883,treatment,0,0,0.0,-0.2
treatment-7884,treatment,0,0,0.0,-0.2
treatment-7885,treatment,0,0,0.0,-0.2
treatment-7886,treatment,0,0,0.0,-0.2
treatment-7887,treatment,0,0,0.0,-0.2
treatment-7888,treatment,0,0,0.0,-0.2
treatment-7889,treatment,1,0,21.0,6.6499999999999995
treatment-7890,treatment,0,0,0.0,-0.2
treatment-7891,treatment,0,0,0.0,-0.2
treatment-7892,treatment,0,0,0.0,-0.2
treatment-7893,treatment,0,0,0.0,-0.2
treatment-7894,treatment,0,0,0.0,-0.2
treatment-7895,treatment,0,0,0.0,-0.2
treatment-7896,treatment,0,0,0.0,-0.2
treatment-7897,treatment,0,0,0.0,-0.2
treatment-7898,treatment,0,0,0.0,-0.2
treatment-7899,treatment,0,0,0.0,-0.2
treatment-7900,treatment,0,0,0.0,-0.2
treatment-7901,treatment,0,0,0.0,-0.2
treatment-7902,treatment,0,0,0.0,-0.2
treatment-7903,treatment,0,0,0.0,-0.2
treatment-7904,treatment,0,0,0.0,-0.2
treatment-7905,treatment,0,0,0.0,-0.2
treatment-7906,treatment,0,0,0.0,-0.2
treatment-7907,treatment,0,0,0.0,-0.2
treatment-7908,treatment,0,0,0.0,-0.2
treatment-7909,treatment,1,0,42.0,13.5
treatment-7910,treatment,0,0,0.0,-0.2
treatment-7911,treatment,0,0,0.0,-0.2
treatment-7912,treatment,0,0,0.0,-0.2
treatment-7913,treatment,1,0,42.0,13.5
treatment-7914,treatment,0,0,0.0,-0.2
treatment-7915,treatment,0,0,0.0,-0.2
treatment-7916,treatment,0,0,0.0,-0.2
treatment-7917,treatment,0,0,0.0,-0.2
treatment-7918,treatment,0,0,0.0,-0.2
treatment-7919,treatment,0,0,0.0,-0.2
treatment-7920,treatment,0,0,0.0,-0.2
treatment-7921,treatment,0,0,0.0,-0.2
treatment-7922,treatment,0,0,0.0,-0.2
treatment-7923,treatment,0,0,0.0,-0.2
treatment-7924,treatment,0,0,0.0,-0.2
treatment-7925,treatment,0,0,0.0,-0.2
treatment-7926,treatment,0,0,0.0,-0.2
treatment-7927,treatment,0,0,0.0,-0.2
treatment-7928,treatment,0,0,0.0,-0.2
treatment-7929,treatment,0,0,0.0,-0.2
treatment-7930,treatment,0,0,0.0,-0.2
treatment-7931,treatment,0,0,0.0,-0.2
treatment-7932,treatment,0,0,0.0,-0.2
treatment-7933,treatment,0,0,0.0,-0.2
treatment-7934,treatment,0,0,0.0,-0.2
treatment-7935,treatment,1,0,63.0,20.35
treatment-7936,treatment,0,0,0.0,-0.2
treatment-7937,treatment,0,0,0.0,-0.2
treatment-7938,treatment,0,0,0.0,-0.2
treatment-7939,treatment,0,0,0.0,-0.2
treatment-7940,treatment,0,0,0.0,-0.2
treatment-7941,treatment,0,0,0.0,-0.2
treatment-7942,treatment,0,0,0.0,-0.2
treatment-7943,treatment,0,0,0.0,-0.2
treatment-7944,treatment,0,0,0.0,-0.2
treatment-7945,treatment,0,0,0.0,-0.2
treatment-7946,treatment,1,0,21.0,6.6499999999999995
treatment-7947,treatment,0,0,0.0,-0.2
treatment-7948,treatment,0,0,0.0,-0.2
treatment-7949,treatment,0,0,0.0,-0.2
treatment-7950,treatment,0,0,0.0,-0.2
treatment-7951,treatment,0,0,0.0,-0.2
treatment-7952,treatment,0,0,0.0,-0.2
treatment-7953,treatment,0,0,0.0,-0.2
treatment-7954,treatment,0,0,0.0,-0.2
treatment-7955,treatment,0,0,0.0,-0.2
treatment-7956,treatment,0,0,0.0,-0.2
treatment-7957,treatment,0,0,0.0,-0.2
treatment-7958,treatment,0,0,0.0,-0.2
treatment-7959,treatment,1,0,63.0,20.35
treatment-7960,treatment,0,0,0.0,-0.2
treatment-7961,treatment,0,0,0.0,-0.2
treatment-7962,treatment,0,0,0.0,-0.2
treatment-7963,treatment,0,0,0.0,-0.2
treatment-7964,treatment,0,0,0.0,-0.2
treatment-7965,treatment,0,0,0.0,-0.2
treatment-7966,treatment,0,0,0.0,-0.2
treatment-7967,treatment,0,0,0.0,-0.2
treatment-7968,treatment,0,0,0.0,-0.2
treatment-7969,treatment,0,0,0.0,-0.2
treatment-7970,treatment,0,0,0.0,-0.2
treatment-7971,treatment,0,0,0.0,-0.2
treatment-7972,treatment,0,0,0.0,-0.2
treatment-7973,treatment,0,0,0.0,-0.2
treatment-7974,treatment,0,0,0.0,-0.2
treatment-7975,treatment,0,0,0.0,-0.2
treatment-7976,treatment,0,0,0.0,-0.2
treatment-7977,treatment,0,0,0.0,-0.2
treatment-7978,treatment,0,0,0.0,-0.2
treatment-7979,treatment,0,0,0.0,-0.2
treatment-7980,treatment,0,0,0.0,-0.2
treatment-7981,treatment,0,0,0.0,-0.2
treatment-7982,treatment,0,0,0.0,-0.2
treatment-7983,treatment,0,0,0.0,-0.2
treatment-7984,treatment,0,0,0.0,-0.2
treatment-7985,treatment,0,0,0.0,-0.2
treatment-7986,treatment,0,0,0.0,-0.2
treatment-7987,treatment,0,0,0.0,-0.2
treatment-7988,treatment,0,0,0.0,-0.2
treatment-7989,treatment,0,0,0.0,-0.2
treatment-7990,treatment,0,0,0.0,-0.2
treatment-7991,treatment,0,0,0.0,-0.2
treatment-7992,treatment,0,0,0.0,-0.2
treatment-7993,treatment,0,0,0.0,-0.2
treatment-7994,treatment,0,0,0.0,-0.2
treatment-7995,treatment,0,0,0.0,-0.2
treatment-7996,treatment,0,0,0.0,-0.2
treatment-7997,treatment,0,0,0.0,-0.2
treatment-7998,treatment,0,0,0.0,-0.2
treatment-7999,treatment,1,1,0.0,-3.35
treatment-8000,treatment,0,0,0.0,-0.2
treatment-8001,treatment,0,0,0.0,-0.2
treatment-8002,treatment,0,0,0.0,-0.2
treatment-8003,treatment,0,0,0.0,-0.2
treatment-8004,treatment,1,1,0.0,-3.35
treatment-8005,treatment,0,0,0.0,-0.2
treatment-8006,treatment,0,0,0.0,-0.2
treatment-8007,treatment,0,0,0.0,-0.2
treatment-8008,treatment,0,0,0.0,-0.2
treatment-8009,treatment,0,0,0.0,-0.2
treatment-8010,treatment,0,0,0.0,-0.2
treatment-8011,treatment,0,0,0.0,-0.2
treatment-8012,treatment,0,0,0.0,-0.2
treatment-8013,treatment,0,0,0.0,-0.2
treatment-8014,treatment,0,0,0.0,-0.2
treatment-8015,treatment,0,0,0.0,-0.2
treatment-8016,treatment,0,0,0.0,-0.2
treatment-8017,treatment,0,0,0.0,-0.2
treatment-8018,treatment,0,0,0.0,-0.2
treatment-8019,treatment,0,0,0.0,-0.2
treatment-8020,treatment,0,0,0.0,-0.2
treatment-8021,treatment,0,0,0.0,-0.2
treatment-8022,treatment,0,0,0.0,-0.2
treatment-8023,treatment,0,0,0.0,-0.2
treatment-8024,treatment,0,0,0.0,-0.2
treatment-8025,treatment,0,0,0.0,-0.2
treatment-8026,treatment,0,0,0.0,-0.2
treatment-8027,treatment,0,0,0.0,-0.2
treatment-8028,treatment,0,0,0.0,-0.2
treatment-8029,treatment,1,0,21.0,6.6499999999999995
treatment-8030,treatment,0,0,0.0,-0.2
treatment-8031,treatment,0,0,0.0,-0.2
treatment-8032,treatment,0,0,0.0,-0.2
treatment-8033,treatment,0,0,0.0,-0.2
treatment-8034,treatment,0,0,0.0,-0.2
treatment-8035,treatment,0,0,0.0,-0.2
treatment-8036,treatment,0,0,0.0,-0.2
treatment-8037,treatment,0,0,0.0,-0.2
treatment-8038,treatment,0,0,0.0,-0.2
treatment-8039,treatment,0,0,0.0,-0.2
treatment-8040,treatment,0,0,0.0,-0.2
treatment-8041,treatment,0,0,0.0,-0.2
treatment-8042,treatment,0,0,0.0,-0.2
treatment-8043,treatment,0,0,0.0,-0.2
treatment-8044,treatment,0,0,0.0,-0.2
treatment-8045,treatment,0,0,0.0,-0.2
treatment-8046,treatment,0,0,0.0,-0.2
treatment-8047,treatment,0,0,0.0,-0.2
treatment-8048,treatment,0,0,0.0,-0.2
treatment-8049,treatment,0,0,0.0,-0.2
treatment-8050,treatment,0,0,0.0,-0.2
treatment-8051,treatment,0,0,0.0,-0.2
treatment-8052,treatment,0,0,0.0,-0.2
treatment-8053,treatment,0,0,0.0,-0.2
treatment-8054,treatment,0,0,0.0,-0.2
treatment-8055,treatment,0,0,0.0,-0.2
treatment-8056,treatment,0,0,0.0,-0.2
treatment-8057,treatment,0,0,0.0,-0.2
treatment-8058,treatment,0,0,0.0,-0.2
treatment-8059,treatment,0,0,0.0,-0.2
treatment-8060,treatment,0,0,0.0,-0.2
treatment-8061,treatment,0,0,0.0,-0.2
treatment-8062,treatment,0,0,0.0,-0.2
treatment-8063,treatment,0,0,0.0,-0.2
treatment-8064,treatment,0,0,0.0,-0.2
treatment-8065,treatment,0,0,0.0,-0.2
treatment-8066,treatment,0,0,0.0,-0.2
treatment-8067,treatment,0,0,0.0,-0.2
treatment-8068,treatment,0,0,0.0,-0.2
treatment-8069,treatment,0,0,0.0,-0.2
treatment-8070,treatment,0,0,0.0,-0.2
treatment-8071,treatment,0,0,0.0,-0.2
treatment-8072,treatment,0,0,0.0,-0.2
treatment-8073,treatment,1,0,42.0,13.5
treatment-8074,treatment,1,0,42.0,13.5
treatment-8075,treatment,0,0,0.0,-0.2
treatment-8076,treatment,0,0,0.0,-0.2
treatment-8077,treatment,0,0,0.0,-0.2
treatment-8078,treatment,0,0,0.0,-0.2
treatment-8079,treatment,0,0,0.0,-0.2
treatment-8080,treatment,0,0,0.0,-0.2
treatment-8081,treatment,0,0,0.0,-0.2
treatment-8082,treatment,0,0,0.0,-0.2
treatment-8083,treatment,0,0,0.0,-0.2
treatment-8084,treatment,0,0,0.0,-0.2
treatment-8085,treatment,0,0,0.0,-0.2
treatment-8086,treatment,0,0,0.0,-0.2
treatment-8087,treatment,1,0,21.0,6.6499999999999995
treatment-8088,treatment,1,0,21.0,6.6499999999999995
treatment-8089,treatment,0,0,0.0,-0.2
treatment-8090,treatment,0,0,0.0,-0.2
treatment-8091,treatment,0,0,0.0,-0.2
treatment-8092,treatment,0,0,0.0,-0.2
treatment-8093,treatment,0,0,0.0,-0.2
treatment-8094,treatment,0,0,0.0,-0.2
treatment-8095,treatment,0,0,0.0,-0.2
treatment-8096,treatment,0,0,0.0,-0.2
treatment-8097,treatment,0,0,0.0,-0.2
treatment-8098,treatment,0,0,0.0,-0.2
treatment-8099,treatment,0,0,0.0,-0.2
treatment-8100,treatment,0,0,0.0,-0.2
treatment-8101,treatment,0,0,0.0,-0.2
treatment-8102,treatment,0,0,0.0,-0.2
treatment-8103,treatment,0,0,0.0,-0.2
treatment-8104,treatment,0,0,0.0,-0.2
treatment-8105,treatment,0,0,0.0,-0.2
treatment-8106,treatment,0,0,0.0,-0.2
treatment-8107,treatment,0,0,0.0,-0.2
treatment-8108,treatment,0,0,0.0,-0.2
treatment-8109,treatment,0,0,0.0,-0.2
treatment-8110,treatment,1,0,63.0,20.35
treatment-8111,treatment,0,0,0.0,-0.2
treatment-8112,treatment,0,0,0.0,-0.2
treatment-8113,treatment,0,0,0.0,-0.2
treatment-8114,treatment,0,0,0.0,-0.2
treatment-8115,treatment,0,0,0.0,-0.2
treatment-8116,treatment,0,0,0.0,-0.2
treatment-8117,treatment,0,0,0.0,-0.2
treatment-8118,treatment,0,0,0.0,-0.2
treatment-8119,treatment,0,0,0.0,-0.2
treatment-8120,treatment,0,0,0.0,-0.2
treatment-8121,treatment,0,0,0.0,-0.2
treatment-8122,treatment,0,0,0.0,-0.2
treatment-8123,treatment,0,0,0.0,-0.2
treatment-8124,treatment,0,0,0.0,-0.2
treatment-8125,treatment,0,0,0.0,-0.2
treatment-8126,treatment,1,0,63.0,20.35
treatment-8127,treatment,0,0,0.0,-0.2
treatment-8128,treatment,0,0,0.0,-0.2
treatment-8129,treatment,0,0,0.0,-0.2
treatment-8130,treatment,0,0,0.0,-0.2
treatment-8131,treatment,0,0,0.0,-0.2
treatment-8132,treatment,0,0,0.0,-0.2
treatment-8133,treatment,0,0,0.0,-0.2
treatment-8134,treatment,0,0,0.0,-0.2
treatment-8135,treatment,0,0,0.0,-0.2
treatment-8136,treatment,0,0,0.0,-0.2
treatment-8137,treatment,0,0,0.0,-0.2
treatment-8138,treatment,0,0,0.0,-0.2
treatment-8139,treatment,0,0,0.0,-0.2
treatment-8140,treatment,0,0,0.0,-0.2
treatment-8141,treatment,0,0,0.0,-0.2
treatment-8142,treatment,0,0,0.0,-0.2
treatment-8143,treatment,0,0,0.0,-0.2
treatment-8144,treatment,0,0,0.0,-0.2
treatment-8145,treatment,0,0,0.0,-0.2
treatment-8146,treatment,0,0,0.0,-0.2
treatment-8147,treatment,0,0,0.0,-0.2
treatment-8148,treatment,0,0,0.0,-0.2
treatment-8149,treatment,0,0,0.0,-0.2
treatment-8150,treatment,0,0,0.0,-0.2
treatment-8151,treatment,0,0,0.0,-0.2
treatment-8152,treatment,0,0,0.0,-0.2
treatment-8153,treatment,0,0,0.0,-0.2
treatment-8154,treatment,0,0,0.0,-0.2
treatment-8155,treatment,0,0,0.0,-0.2
treatment-8156,treatment,0,0,0.0,-0.2
treatment-8157,treatment,0,0,0.0,-0.2
treatment-8158,treatment,0,0,0.0,-0.2
treatment-8159,treatment,0,0,0.0,-0.2
treatment-8160,treatment,0,0,0.0,-0.2
treatment-8161,treatment,0,0,0.0,-0.2
treatment-8162,treatment,0,0,0.0,-0.2
treatment-8163,treatment,0,0,0.0,-0.2
treatment-8164,treatment,0,0,0.0,-0.2
treatment-8165,treatment,0,0,0.0,-0.2
treatment-8166,treatment,0,0,0.0,-0.2
treatment-8167,treatment,0,0,0.0,-0.2
treatment-8168,treatment,0,0,0.0,-0.2
treatment-8169,treatment,0,0,0.0,-0.2
treatment-8170,treatment,0,0,0.0,-0.2
treatment-8171,treatment,0,0,0.0,-0.2
treatment-8172,treatment,0,0,0.0,-0.2
treatment-8173,treatment,0,0,0.0,-0.2
treatment-8174,treatment,0,0,0.0,-0.2
treatment-8175,treatment,0,0,0.0,-0.2
treatment-8176,treatment,0,0,0.0,-0.2
treatment-8177,treatment,0,0,0.0,-0.2
treatment-8178,treatment,0,0,0.0,-0.2
treatment-8179,treatment,0,0,0.0,-0.2
treatment-8180,treatment,0,0,0.0,-0.2
treatment-8181,treatment,0,0,0.0,-0.2
treatment-8182,treatment,0,0,0.0,-0.2
treatment-8183,treatment,0,0,0.0,-0.2
treatment-8184,treatment,0,0,0.0,-0.2
treatment-8185,treatment,0,0,0.0,-0.2
treatment-8186,treatment,0,0,0.0,-0.2
treatment-8187,treatment,1,1,0.0,-9.649999999999999
treatment-8188,treatment,0,0,0.0,-0.2
treatment-8189,treatment,0,0,0.0,-0.2
treatment-8190,treatment,0,0,0.0,-0.2
treatment-8191,treatment,0,0,0.0,-0.2
treatment-8192,treatment,0,0,0.0,-0.2
treatment-8193,treatment,0,0,0.0,-0.2
treatment-8194,treatment,1,0,42.0,13.5
treatment-8195,treatment,0,0,0.0,-0.2
treatment-8196,treatment,0,0,0.0,-0.2
treatment-8197,treatment,0,0,0.0,-0.2
treatment-8198,treatment,0,0,0.0,-0.2
treatment-8199,treatment,0,0,0.0,-0.2
treatment-8200,treatment,0,0,0.0,-0.2
treatment-8201,treatment,0,0,0.0,-0.2
treatment-8202,treatment,0,0,0.0,-0.2
treatment-8203,treatment,0,0,0.0,-0.2
treatment-8204,treatment,0,0,0.0,-0.2
treatment-8205,treatment,0,0,0.0,-0.2
treatment-8206,treatment,0,0,0.0,-0.2
treatment-8207,treatment,0,0,0.0,-0.2
treatment-8208,treatment,1,0,42.0,13.5
treatment-8209,treatment,0,0,0.0,-0.2
treatment-8210,treatment,0,0,0.0,-0.2
treatment-8211,treatment,0,0,0.0,-0.2
treatment-8212,treatment,0,0,0.0,-0.2
treatment-8213,treatment,0,0,0.0,-0.2
treatment-8214,treatment,0,0,0.0,-0.2
treatment-8215,treatment,0,0,0.0,-0.2
treatment-8216,treatment,0,0,0.0,-0.2
treatment-8217,treatment,0,0,0.0,-0.2
treatment-8218,treatment,0,0,0.0,-0.2
treatment-8219,treatment,0,0,0.0,-0.2
treatment-8220,treatment,0,0,0.0,-0.2
treatment-8221,treatment,0,0,0.0,-0.2
treatment-8222,treatment,0,0,0.0,-0.2
treatment-8223,treatment,0,0,0.0,-0.2
treatment-8224,treatment,0,0,0.0,-0.2
treatment-8225,treatment,0,0,0.0,-0.2
treatment-8226,treatment,0,0,0.0,-0.2
treatment-8227,treatment,0,0,0.0,-0.2
treatment-8228,treatment,0,0,0.0,-0.2
treatment-8229,treatment,0,0,0.0,-0.2
treatment-8230,treatment,0,0,0.0,-0.2
treatment-8231,treatment,0,0,0.0,-0.2
treatment-8232,treatment,1,0,42.0,13.5
treatment-8233,treatment,0,0,0.0,-0.2
treatment-8234,treatment,0,0,0.0,-0.2
treatment-8235,treatment,0,0,0.0,-0.2
treatment-8236,treatment,0,0,0.0,-0.2
treatment-8237,treatment,0,0,0.0,-0.2
treatment-8238,treatment,1,0,63.0,20.35
treatment-8239,treatment,0,0,0.0,-0.2
treatment-8240,treatment,0,0,0.0,-0.2
treatment-8241,treatment,0,0,0.0,-0.2
treatment-8242,treatment,0,0,0.0,-0.2
treatment-8243,treatment,0,0,0.0,-0.2
treatment-8244,treatment,0,0,0.0,-0.2
treatment-8245,treatment,0,0,0.0,-0.2
treatment-8246,treatment,0,0,0.0,-0.2
treatment-8247,treatment,0,0,0.0,-0.2
treatment-8248,treatment,0,0,0.0,-0.2
treatment-8249,treatment,1,0,63.0,20.35
treatment-8250,treatment,0,0,0.0,-0.2
treatment-8251,treatment,0,0,0.0,-0.2
treatment-8252,treatment,0,0,0.0,-0.2
treatment-8253,treatment,0,0,0.0,-0.2
treatment-8254,treatment,0,0,0.0,-0.2
treatment-8255,treatment,0,0,0.0,-0.2
treatment-8256,treatment,0,0,0.0,-0.2
treatment-8257,treatment,0,0,0.0,-0.2
treatment-8258,treatment,0,0,0.0,-0.2
treatment-8259,treatment,0,0,0.0,-0.2
treatment-8260,treatment,0,0,0.0,-0.2
treatment-8261,treatment,0,0,0.0,-0.2
treatment-8262,treatment,0,0,0.0,-0.2
treatment-8263,treatment,0,0,0.0,-0.2
treatment-8264,treatment,0,0,0.0,-0.2
treatment-8265,treatment,0,0,0.0,-0.2
treatment-8266,treatment,0,0,0.0,-0.2
treatment-8267,treatment,0,0,0.0,-0.2
treatment-8268,treatment,0,0,0.0,-0.2
treatment-8269,treatment,0,0,0.0,-0.2
treatment-8270,treatment,1,0,21.0,6.6499999999999995
treatment-8271,treatment,0,0,0.0,-0.2
treatment-8272,treatment,0,0,0.0,-0.2
treatment-8273,treatment,0,0,0.0,-0.2
treatment-8274,treatment,0,0,0.0,-0.2
treatment-8275,treatment,0,0,0.0,-0.2
treatment-8276,treatment,0,0,0.0,-0.2
treatment-8277,treatment,0,0,0.0,-0.2
treatment-8278,treatment,0,0,0.0,-0.2
treatment-8279,treatment,0,0,0.0,-0.2
treatment-8280,treatment,0,0,0.0,-0.2
treatment-8281,treatment,0,0,0.0,-0.2
treatment-8282,treatment,0,0,0.0,-0.2
treatment-8283,treatment,0,0,0.0,-0.2
treatment-8284,treatment,0,0,0.0,-0.2
treatment-8285,treatment,0,0,0.0,-0.2
treatment-8286,treatment,0,0,0.0,-0.2
treatment-8287,treatment,0,0,0.0,-0.2
treatment-8288,treatment,0,0,0.0,-0.2
treatment-8289,treatment,0,0,0.0,-0.2
treatment-8290,treatment,0,0,0.0,-0.2
treatment-8291,treatment,0,0,0.0,-0.2
treatment-8292,treatment,0,0,0.0,-0.2
treatment-8293,treatment,0,0,0.0,-0.2
treatment-8294,treatment,0,0,0.0,-0.2
treatment-8295,treatment,0,0,0.0,-0.2
treatment-8296,treatment,0,0,0.0,-0.2
treatment-8297,treatment,0,0,0.0,-0.2
treatment-8298,treatment,0,0,0.0,-0.2
treatment-8299,treatment,0,0,0.0,-0.2
treatment-8300,treatment,1,0,63.0,20.35
treatment-8301,treatment,0,0,0.0,-0.2
treatment-8302,treatment,0,0,0.0,-0.2
treatment-8303,treatment,1,0,63.0,20.35
treatment-8304,treatment,0,0,0.0,-0.2
treatment-8305,treatment,0,0,0.0,-0.2
treatment-8306,treatment,0,0,0.0,-0.2
treatment-8307,treatment,0,0,0.0,-0.2
treatment-8308,treatment,1,0,42.0,13.5
treatment-8309,treatment,1,0,21.0,6.6499999999999995
treatment-8310,treatment,0,0,0.0,-0.2
treatment-8311,treatment,0,0,0.0,-0.2
treatment-8312,treatment,0,0,0.0,-0.2
treatment-8313,treatment,0,0,0.0,-0.2
treatment-8314,treatment,0,0,0.0,-0.2
treatment-8315,treatment,0,0,0.0,-0.2
treatment-8316,treatment,1,0,42.0,13.5
treatment-8317,treatment,0,0,0.0,-0.2
treatment-8318,treatment,0,0,0.0,-0.2
treatment-8319,treatment,0,0,0.0,-0.2
treatment-8320,treatment,1,1,0.0,-3.35
treatment-8321,treatment,0,0,0.0,-0.2
treatment-8322,treatment,0,0,0.0,-0.2
treatment-8323,treatment,0,0,0.0,-0.2
treatment-8324,treatment,0,0,0.0,-0.2
treatment-8325,treatment,0,0,0.0,-0.2
treatment-8326,treatment,0,0,0.0,-0.2
treatment-8327,treatment,1,0,63.0,20.35
treatment-8328,treatment,0,0,0.0,-0.2
treatment-8329,treatment,0,0,0.0,-0.2
treatment-8330,treatment,0,0,0.0,-0.2
treatment-8331,treatment,0,0,0.0,-0.2
treatment-8332,treatment,0,0,0.0,-0.2
treatment-8333,treatment,0,0,0.0,-0.2
treatment-8334,treatment,0,0,0.0,-0.2
treatment-8335,treatment,0,0,0.0,-0.2
treatment-8336,treatment,1,0,42.0,13.5
treatment-8337,treatment,0,0,0.0,-0.2
treatment-8338,treatment,0,0,0.0,-0.2
treatment-8339,treatment,1,0,42.0,13.5
treatment-8340,treatment,0,0,0.0,-0.2
treatment-8341,treatment,0,0,0.0,-0.2
treatment-8342,treatment,0,0,0.0,-0.2
treatment-8343,treatment,0,0,0.0,-0.2
treatment-8344,treatment,0,0,0.0,-0.2
treatment-8345,treatment,0,0,0.0,-0.2
treatment-8346,treatment,0,0,0.0,-0.2
treatment-8347,treatment,0,0,0.0,-0.2
treatment-8348,treatment,0,0,0.0,-0.2
treatment-8349,treatment,0,0,0.0,-0.2
treatment-8350,treatment,0,0,0.0,-0.2
treatment-8351,treatment,0,0,0.0,-0.2
treatment-8352,treatment,0,0,0.0,-0.2
treatment-8353,treatment,0,0,0.0,-0.2
treatment-8354,treatment,0,0,0.0,-0.2
treatment-8355,treatment,1,0,42.0,13.5
treatment-8356,treatment,1,0,42.0,13.5
treatment-8357,treatment,1,0,63.0,20.35
treatment-8358,treatment,0,0,0.0,-0.2
treatment-8359,treatment,0,0,0.0,-0.2
treatment-8360,treatment,0,0,0.0,-0.2
treatment-8361,treatment,0,0,0.0,-0.2
treatment-8362,treatment,0,0,0.0,-0.2
treatment-8363,treatment,0,0,0.0,-0.2
treatment-8364,treatment,0,0,0.0,-0.2
treatment-8365,treatment,0,0,0.0,-0.2
treatment-8366,treatment,0,0,0.0,-0.2
treatment-8367,treatment,0,0,0.0,-0.2
treatment-8368,treatment,0,0,0.0,-0.2
treatment-8369,treatment,0,0,0.0,-0.2
treatment-8370,treatment,0,0,0.0,-0.2
treatment-8371,treatment,0,0,0.0,-0.2
treatment-8372,treatment,0,0,0.0,-0.2
treatment-8373,treatment,0,0,0.0,-0.2
treatment-8374,treatment,0,0,0.0,-0.2
treatment-8375,treatment,0,0,0.0,-0.2
treatment-8376,treatment,0,0,0.0,-0.2
treatment-8377,treatment,0,0,0.0,-0.2
treatment-8378,treatment,0,0,0.0,-0.2
treatment-8379,treatment,0,0,0.0,-0.2
treatment-8380,treatment,0,0,0.0,-0.2
treatment-8381,treatment,0,0,0.0,-0.2
treatment-8382,treatment,0,0,0.0,-0.2
treatment-8383,treatment,0,0,0.0,-0.2
treatment-8384,treatment,0,0,0.0,-0.2
treatment-8385,treatment,0,0,0.0,-0.2
treatment-8386,treatment,0,0,0.0,-0.2
treatment-8387,treatment,1,0,21.0,6.6499999999999995
treatment-8388,treatment,0,0,0.0,-0.2
treatment-8389,treatment,0,0,0.0,-0.2
treatment-8390,treatment,0,0,0.0,-0.2
treatment-8391,treatment,0,0,0.0,-0.2
treatment-8392,treatment,0,0,0.0,-0.2
treatment-8393,treatment,0,0,0.0,-0.2
treatment-8394,treatment,0,0,0.0,-0.2
treatment-8395,treatment,0,0,0.0,-0.2
treatment-8396,treatment,0,0,0.0,-0.2
treatment-8397,treatment,0,0,0.0,-0.2
treatment-8398,treatment,0,0,0.0,-0.2
treatment-8399,treatment,0,0,0.0,-0.2
treatment-8400,treatment,0,0,0.0,-0.2
treatment-8401,treatment,0,0,0.0,-0.2
treatment-8402,treatment,0,0,0.0,-0.2
treatment-8403,treatment,0,0,0.0,-0.2
treatment-8404,treatment,0,0,0.0,-0.2
treatment-8405,treatment,0,0,0.0,-0.2
treatment-8406,treatment,0,0,0.0,-0.2
treatment-8407,treatment,0,0,0.0,-0.2
treatment-8408,treatment,0,0,0.0,-0.2
treatment-8409,treatment,0,0,0.0,-0.2
treatment-8410,treatment,0,0,0.0,-0.2
treatment-8411,treatment,0,0,0.0,-0.2
treatment-8412,treatment,0,0,0.0,-0.2
treatment-8413,treatment,0,0,0.0,-0.2
treatment-8414,treatment,0,0,0.0,-0.2
treatment-8415,treatment,0,0,0.0,-0.2
treatment-8416,treatment,0,0,0.0,-0.2
treatment-8417,treatment,0,0,0.0,-0.2
treatment-8418,treatment,0,0,0.0,-0.2
treatment-8419,treatment,0,0,0.0,-0.2
treatment-8420,treatment,0,0,0.0,-0.2
treatment-8421,treatment,0,0,0.0,-0.2
treatment-8422,treatment,0,0,0.0,-0.2
treatment-8423,treatment,1,0,42.0,13.5
treatment-8424,treatment,0,0,0.0,-0.2
treatment-8425,treatment,0,0,0.0,-0.2
treatment-8426,treatment,0,0,0.0,-0.2
treatment-8427,treatment,0,0,0.0,-0.2
treatment-8428,treatment,0,0,0.0,-0.2
treatment-8429,treatment,0,0,0.0,-0.2
treatment-8430,treatment,0,0,0.0,-0.2
treatment-8431,treatment,0,0,0.0,-0.2
treatment-8432,treatment,0,0,0.0,-0.2
treatment-8433,treatment,0,0,0.0,-0.2
treatment-8434,treatment,0,0,0.0,-0.2
treatment-8435,treatment,0,0,0.0,-0.2
treatment-8436,treatment,1,0,42.0,13.5
treatment-8437,treatment,0,0,0.0,-0.2
treatment-8438,treatment,0,0,0.0,-0.2
treatment-8439,treatment,0,0,0.0,-0.2
treatment-8440,treatment,0,0,0.0,-0.2
treatment-8441,treatment,1,0,63.0,20.35
treatment-8442,treatment,0,0,0.0,-0.2
treatment-8443,treatment,0,0,0.0,-0.2
treatment-8444,treatment,0,0,0.0,-0.2
treatment-8445,treatment,0,0,0.0,-0.2
treatment-8446,treatment,0,0,0.0,-0.2
treatment-8447,treatment,0,0,0.0,-0.2
treatment-8448,treatment,0,0,0.0,-0.2
treatment-8449,treatment,0,0,0.0,-0.2
treatment-8450,treatment,0,0,0.0,-0.2
treatment-8451,treatment,0,0,0.0,-0.2
treatment-8452,treatment,0,0,0.0,-0.2
treatment-8453,treatment,0,0,0.0,-0.2
treatment-8454,treatment,0,0,0.0,-0.2
treatment-8455,treatment,0,0,0.0,-0.2
treatment-8456,treatment,0,0,0.0,-0.2
treatment-8457,treatment,0,0,0.0,-0.2
treatment-8458,treatment,0,0,0.0,-0.2
treatment-8459,treatment,0,0,0.0,-0.2
treatment-8460,treatment,0,0,0.0,-0.2
treatment-8461,treatment,0,0,0.0,-0.2
treatment-8462,treatment,0,0,0.0,-0.2
treatment-8463,treatment,0,0,0.0,-0.2
treatment-8464,treatment,0,0,0.0,-0.2
treatment-8465,treatment,0,0,0.0,-0.2
treatment-8466,treatment,0,0,0.0,-0.2
treatment-8467,treatment,0,0,0.0,-0.2
treatment-8468,treatment,0,0,0.0,-0.2
treatment-8469,treatment,0,0,0.0,-0.2
treatment-8470,treatment,0,0,0.0,-0.2
treatment-8471,treatment,0,0,0.0,-0.2
treatment-8472,treatment,0,0,0.0,-0.2
treatment-8473,treatment,0,0,0.0,-0.2
treatment-8474,treatment,0,0,0.0,-0.2
treatment-8475,treatment,0,0,0.0,-0.2
treatment-8476,treatment,0,0,0.0,-0.2
treatment-8477,treatment,0,0,0.0,-0.2
treatment-8478,treatment,0,0,0.0,-0.2
treatment-8479,treatment,0,0,0.0,-0.2
treatment-8480,treatment,0,0,0.0,-0.2
treatment-8481,treatment,1,0,63.0,20.35
treatment-8482,treatment,0,0,0.0,-0.2
treatment-8483,treatment,1,1,0.0,-3.35
treatment-8484,treatment,0,0,0.0,-0.2
treatment-8485,treatment,0,0,0.0,-0.2
treatment-8486,treatment,0,0,0.0,-0.2
treatment-8487,treatment,0,0,0.0,-0.2
treatment-8488,treatment,0,0,0.0,-0.2
treatment-8489,treatment,0,0,0.0,-0.2
treatment-8490,treatment,0,0,0.0,-0.2
treatment-8491,treatment,0,0,0.0,-0.2
treatment-8492,treatment,0,0,0.0,-0.2
treatment-8493,treatment,0,0,0.0,-0.2
treatment-8494,treatment,0,0,0.0,-0.2
treatment-8495,treatment,0,0,0.0,-0.2
treatment-8496,treatment,0,0,0.0,-0.2
treatment-8497,treatment,0,0,0.0,-0.2
treatment-8498,treatment,0,0,0.0,-0.2
treatment-8499,treatment,0,0,0.0,-0.2
treatment-8500,treatment,0,0,0.0,-0.2
treatment-8501,treatment,0,0,0.0,-0.2
treatment-8502,treatment,0,0,0.0,-0.2
treatment-8503,treatment,0,0,0.0,-0.2
treatment-8504,treatment,0,0,0.0,-0.2
treatment-8505,treatment,0,0,0.0,-0.2
treatment-8506,treatment,0,0,0.0,-0.2
treatment-8507,treatment,0,0,0.0,-0.2
treatment-8508,treatment,0,0,0.0,-0.2
treatment-8509,treatment,0,0,0.0,-0.2
treatment-8510,treatment,0,0,0.0,-0.2
treatment-8511,treatment,0,0,0.0,-0.2
treatment-8512,treatment,0,0,0.0,-0.2
treatment-8513,treatment,0,0,0.0,-0.2
treatment-8514,treatment,0,0,0.0,-0.2
treatment-8515,treatment,0,0,0.0,-0.2
treatment-8516,treatment,0,0,0.0,-0.2
treatment-8517,treatment,0,0,0.0,-0.2
treatment-8518,treatment,0,0,0.0,-0.2
treatment-8519,treatment,0,0,0.0,-0.2
treatment-8520,treatment,0,0,0.0,-0.2
treatment-8521,treatment,0,0,0.0,-0.2
treatment-8522,treatment,0,0,0.0,-0.2
treatment-8523,treatment,0,0,0.0,-0.2
treatment-8524,treatment,0,0,0.0,-0.2
treatment-8525,treatment,0,0,0.0,-0.2
treatment-8526,treatment,0,0,0.0,-0.2
treatment-8527,treatment,0,0,0.0,-0.2
treatment-8528,treatment,0,0,0.0,-0.2
treatment-8529,treatment,0,0,0.0,-0.2
treatment-8530,treatment,0,0,0.0,-0.2
treatment-8531,treatment,0,0,0.0,-0.2
treatment-8532,treatment,0,0,0.0,-0.2
treatment-8533,treatment,0,0,0.0,-0.2
treatment-8534,treatment,0,0,0.0,-0.2
treatment-8535,treatment,0,0,0.0,-0.2
treatment-8536,treatment,0,0,0.0,-0.2
treatment-8537,treatment,0,0,0.0,-0.2
treatment-8538,treatment,0,0,0.0,-0.2
treatment-8539,treatment,0,0,0.0,-0.2
treatment-8540,treatment,1,0,21.0,6.6499999999999995
treatment-8541,treatment,0,0,0.0,-0.2
treatment-8542,treatment,0,0,0.0,-0.2
treatment-8543,treatment,0,0,0.0,-0.2
treatment-8544,treatment,0,0,0.0,-0.2
treatment-8545,treatment,0,0,0.0,-0.2
treatment-8546,treatment,0,0,0.0,-0.2
treatment-8547,treatment,0,0,0.0,-0.2
treatment-8548,treatment,0,0,0.0,-0.2
treatment-8549,treatment,1,0,42.0,13.5
treatment-8550,treatment,0,0,0.0,-0.2
treatment-8551,treatment,0,0,0.0,-0.2
treatment-8552,treatment,0,0,0.0,-0.2
treatment-8553,treatment,0,0,0.0,-0.2
treatment-8554,treatment,0,0,0.0,-0.2
treatment-8555,treatment,0,0,0.0,-0.2
treatment-8556,treatment,0,0,0.0,-0.2
treatment-8557,treatment,0,0,0.0,-0.2
treatment-8558,treatment,0,0,0.0,-0.2
treatment-8559,treatment,0,0,0.0,-0.2
treatment-8560,treatment,0,0,0.0,-0.2
treatment-8561,treatment,0,0,0.0,-0.2
treatment-8562,treatment,0,0,0.0,-0.2
treatment-8563,treatment,0,0,0.0,-0.2
treatment-8564,treatment,0,0,0.0,-0.2
treatment-8565,treatment,0,0,0.0,-0.2
treatment-8566,treatment,0,0,0.0,-0.2
treatment-8567,treatment,0,0,0.0,-0.2
treatment-8568,treatment,0,0,0.0,-0.2
treatment-8569,treatment,0,0,0.0,-0.2
treatment-8570,treatment,0,0,0.0,-0.2
treatment-8571,treatment,0,0,0.0,-0.2
treatment-8572,treatment,0,0,0.0,-0.2
treatment-8573,treatment,0,0,0.0,-0.2
treatment-8574,treatment,0,0,0.0,-0.2
treatment-8575,treatment,1,0,63.0,20.35
treatment-8576,treatment,0,0,0.0,-0.2
treatment-8577,treatment,0,0,0.0,-0.2
treatment-8578,treatment,0,0,0.0,-0.2
treatment-8579,treatment,0,0,0.0,-0.2
treatment-8580,treatment,0,0,0.0,-0.2
treatment-8581,treatment,0,0,0.0,-0.2
treatment-8582,treatment,0,0,0.0,-0.2
treatment-8583,treatment,0,0,0.0,-0.2
treatment-8584,treatment,0,0,0.0,-0.2
treatment-8585,treatment,0,0,0.0,-0.2
treatment-8586,treatment,0,0,0.0,-0.2
treatment-8587,treatment,0,0,0.0,-0.2
treatment-8588,treatment,0,0,0.0,-0.2
treatment-8589,treatment,0,0,0.0,-0.2
treatment-8590,treatment,0,0,0.0,-0.2
treatment-8591,treatment,0,0,0.0,-0.2
treatment-8592,treatment,0,0,0.0,-0.2
treatment-8593,treatment,0,0,0.0,-0.2
treatment-8594,treatment,0,0,0.0,-0.2
treatment-8595,treatment,0,0,0.0,-0.2
treatment-8596,treatment,0,0,0.0,-0.2
treatment-8597,treatment,0,0,0.0,-0.2
treatment-8598,treatment,0,0,0.0,-0.2
treatment-8599,treatment,0,0,0.0,-0.2
treatment-8600,treatment,0,0,0.0,-0.2
treatment-8601,treatment,0,0,0.0,-0.2
treatment-8602,treatment,0,0,0.0,-0.2
treatment-8603,treatment,0,0,0.0,-0.2
treatment-8604,treatment,0,0,0.0,-0.2
treatment-8605,treatment,0,0,0.0,-0.2
treatment-8606,treatment,0,0,0.0,-0.2
treatment-8607,treatment,0,0,0.0,-0.2
treatment-8608,treatment,0,0,0.0,-0.2
treatment-8609,treatment,0,0,0.0,-0.2
treatment-8610,treatment,0,0,0.0,-0.2
treatment-8611,treatment,0,0,0.0,-0.2
treatment-8612,treatment,0,0,0.0,-0.2
treatment-8613,treatment,0,0,0.0,-0.2
treatment-8614,treatment,0,0,0.0,-0.2
treatment-8615,treatment,0,0,0.0,-0.2
treatment-8616,treatment,0,0,0.0,-0.2
treatment-8617,treatment,0,0,0.0,-0.2
treatment-8618,treatment,0,0,0.0,-0.2
treatment-8619,treatment,0,0,0.0,-0.2
treatment-8620,treatment,0,0,0.0,-0.2
treatment-8621,treatment,0,0,0.0,-0.2
treatment-8622,treatment,0,0,0.0,-0.2
treatment-8623,treatment,0,0,0.0,-0.2
treatment-8624,treatment,0,0,0.0,-0.2
treatment-8625,treatment,0,0,0.0,-0.2
treatment-8626,treatment,0,0,0.0,-0.2
treatment-8627,treatment,0,0,0.0,-0.2
treatment-8628,treatment,0,0,0.0,-0.2
treatment-8629,treatment,0,0,0.0,-0.2
treatment-8630,treatment,0,0,0.0,-0.2
treatment-8631,treatment,0,0,0.0,-0.2
treatment-8632,treatment,0,0,0.0,-0.2
treatment-8633,treatment,0,0,0.0,-0.2
treatment-8634,treatment,0,0,0.0,-0.2
treatment-8635,treatment,0,0,0.0,-0.2
treatment-8636,treatment,0,0,0.0,-0.2
treatment-8637,treatment,0,0,0.0,-0.2
treatment-8638,treatment,0,0,0.0,-0.2
treatment-8639,treatment,0,0,0.0,-0.2
treatment-8640,treatment,0,0,0.0,-0.2
treatment-8641,treatment,0,0,0.0,-0.2
treatment-8642,treatment,0,0,0.0,-0.2
treatment-8643,treatment,0,0,0.0,-0.2
treatment-8644,treatment,0,0,0.0,-0.2
treatment-8645,treatment,0,0,0.0,-0.2
treatment-8646,treatment,0,0,0.0,-0.2
treatment-8647,treatment,0,0,0.0,-0.2
treatment-8648,treatment,0,0,0.0,-0.2
treatment-8649,treatment,0,0,0.0,-0.2
treatment-8650,treatment,0,0,0.0,-0.2
treatment-8651,treatment,1,0,21.0,6.6499999999999995
treatment-8652,treatment,0,0,0.0,-0.2
treatment-8653,treatment,0,0,0.0,-0.2
treatment-8654,treatment,0,0,0.0,-0.2
treatment-8655,treatment,0,0,0.0,-0.2
treatment-8656,treatment,0,0,0.0,-0.2
treatment-8657,treatment,0,0,0.0,-0.2
treatment-8658,treatment,0,0,0.0,-0.2
treatment-8659,treatment,0,0,0.0,-0.2
treatment-8660,treatment,0,0,0.0,-0.2
treatment-8661,treatment,0,0,0.0,-0.2
treatment-8662,treatment,0,0,0.0,-0.2
treatment-8663,treatment,0,0,0.0,-0.2
treatment-8664,treatment,0,0,0.0,-0.2
treatment-8665,treatment,0,0,0.0,-0.2
treatment-8666,treatment,0,0,0.0,-0.2
treatment-8667,treatment,0,0,0.0,-0.2
treatment-8668,treatment,0,0,0.0,-0.2
treatment-8669,treatment,0,0,0.0,-0.2
treatment-8670,treatment,0,0,0.0,-0.2
treatment-8671,treatment,0,0,0.0,-0.2
treatment-8672,treatment,0,0,0.0,-0.2
treatment-8673,treatment,0,0,0.0,-0.2
treatment-8674,treatment,0,0,0.0,-0.2
treatment-8675,treatment,0,0,0.0,-0.2
treatment-8676,treatment,0,0,0.0,-0.2
treatment-8677,treatment,0,0,0.0,-0.2
treatment-8678,treatment,0,0,0.0,-0.2
treatment-8679,treatment,0,0,0.0,-0.2
treatment-8680,treatment,0,0,0.0,-0.2
treatment-8681,treatment,0,0,0.0,-0.2
treatment-8682,treatment,0,0,0.0,-0.2
treatment-8683,treatment,0,0,0.0,-0.2
treatment-8684,treatment,0,0,0.0,-0.2
treatment-8685,treatment,0,0,0.0,-0.2
treatment-8686,treatment,0,0,0.0,-0.2
treatment-8687,treatment,0,0,0.0,-0.2
treatment-8688,treatment,0,0,0.0,-0.2
treatment-8689,treatment,0,0,0.0,-0.2
treatment-8690,treatment,0,0,0.0,-0.2
treatment-8691,treatment,0,0,0.0,-0.2
treatment-8692,treatment,0,0,0.0,-0.2
treatment-8693,treatment,0,0,0.0,-0.2
treatment-8694,treatment,0,0,0.0,-0.2
treatment-8695,treatment,0,0,0.0,-0.2
treatment-8696,treatment,0,0,0.0,-0.2
treatment-8697,treatment,0,0,0.0,-0.2
treatment-8698,treatment,0,0,0.0,-0.2
treatment-8699,treatment,0,0,0.0,-0.2
treatment-8700,treatment,0,0,0.0,-0.2
treatment-8701,treatment,1,0,42.0,13.5
treatment-8702,treatment,0,0,0.0,-0.2
treatment-8703,treatment,0,0,0.0,-0.2
treatment-8704,treatment,0,0,0.0,-0.2
treatment-8705,treatment,0,0,0.0,-0.2
treatment-8706,treatment,0,0,0.0,-0.2
treatment-8707,treatment,0,0,0.0,-0.2
treatment-8708,treatment,0,0,0.0,-0.2
treatment-8709,treatment,0,0,0.0,-0.2
treatment-8710,treatment,0,0,0.0,-0.2
treatment-8711,treatment,0,0,0.0,-0.2
treatment-8712,treatment,0,0,0.0,-0.2
treatment-8713,treatment,0,0,0.0,-0.2
treatment-8714,treatment,0,0,0.0,-0.2
treatment-8715,treatment,0,0,0.0,-0.2
treatment-8716,treatment,0,0,0.0,-0.2
treatment-8717,treatment,0,0,0.0,-0.2
treatment-8718,treatment,0,0,0.0,-0.2
treatment-8719,treatment,0,0,0.0,-0.2
treatment-8720,treatment,0,0,0.0,-0.2
treatment-8721,treatment,0,0,0.0,-0.2
treatment-8722,treatment,0,0,0.0,-0.2
treatment-8723,treatment,0,0,0.0,-0.2
treatment-8724,treatment,0,0,0.0,-0.2
treatment-8725,treatment,0,0,0.0,-0.2
treatment-8726,treatment,0,0,0.0,-0.2
treatment-8727,treatment,0,0,0.0,-0.2
treatment-8728,treatment,0,0,0.0,-0.2
treatment-8729,treatment,0,0,0.0,-0.2
treatment-8730,treatment,0,0,0.0,-0.2
treatment-8731,treatment,0,0,0.0,-0.2
treatment-8732,treatment,0,0,0.0,-0.2
treatment-8733,treatment,0,0,0.0,-0.2
treatment-8734,treatment,0,0,0.0,-0.2
treatment-8735,treatment,0,0,0.0,-0.2
treatment-8736,treatment,0,0,0.0,-0.2
treatment-8737,treatment,0,0,0.0,-0.2
treatment-8738,treatment,0,0,0.0,-0.2
treatment-8739,treatment,0,0,0.0,-0.2
treatment-8740,treatment,0,0,0.0,-0.2
treatment-8741,treatment,0,0,0.0,-0.2
treatment-8742,treatment,0,0,0.0,-0.2
treatment-8743,treatment,1,0,21.0,6.6499999999999995
treatment-8744,treatment,0,0,0.0,-0.2
treatment-8745,treatment,0,0,0.0,-0.2
treatment-8746,treatment,0,0,0.0,-0.2
treatment-8747,treatment,0,0,0.0,-0.2
treatment-8748,treatment,0,0,0.0,-0.2
treatment-8749,treatment,0,0,0.0,-0.2
treatment-8750,treatment,0,0,0.0,-0.2
treatment-8751,treatment,0,0,0.0,-0.2
treatment-8752,treatment,0,0,0.0,-0.2
treatment-8753,treatment,0,0,0.0,-0.2
treatment-8754,treatment,0,0,0.0,-0.2
treatment-8755,treatment,0,0,0.0,-0.2
treatment-8756,treatment,0,0,0.0,-0.2
treatment-8757,treatment,0,0,0.0,-0.2
treatment-8758,treatment,0,0,0.0,-0.2
treatment-8759,treatment,0,0,0.0,-0.2
treatment-8760,treatment,0,0,0.0,-0.2
treatment-8761,treatment,0,0,0.0,-0.2
treatment-8762,treatment,0,0,0.0,-0.2
treatment-8763,treatment,0,0,0.0,-0.2
treatment-8764,treatment,0,0,0.0,-0.2
treatment-8765,treatment,0,0,0.0,-0.2
treatment-8766,treatment,0,0,0.0,-0.2
treatment-8767,treatment,0,0,0.0,-0.2
treatment-8768,treatment,0,0,0.0,-0.2
treatment-8769,treatment,0,0,0.0,-0.2
treatment-8770,treatment,0,0,0.0,-0.2
treatment-8771,treatment,1,0,63.0,20.35
treatment-8772,treatment,1,0,21.0,6.6499999999999995
treatment-8773,treatment,0,0,0.0,-0.2
treatment-8774,treatment,0,0,0.0,-0.2
treatment-8775,treatment,0,0,0.0,-0.2
treatment-8776,treatment,0,0,0.0,-0.2
treatment-8777,treatment,0,0,0.0,-0.2
treatment-8778,treatment,0,0,0.0,-0.2
treatment-8779,treatment,0,0,0.0,-0.2
treatment-8780,treatment,0,0,0.0,-0.2
treatment-8781,treatment,0,0,0.0,-0.2
treatment-8782,treatment,0,0,0.0,-0.2
treatment-8783,treatment,0,0,0.0,-0.2
treatment-8784,treatment,0,0,0.0,-0.2
treatment-8785,treatment,0,0,0.0,-0.2
treatment-8786,treatment,0,0,0.0,-0.2
treatment-8787,treatment,0,0,0.0,-0.2
treatment-8788,treatment,0,0,0.0,-0.2
treatment-8789,treatment,0,0,0.0,-0.2
treatment-8790,treatment,0,0,0.0,-0.2
treatment-8791,treatment,0,0,0.0,-0.2
treatment-8792,treatment,1,0,21.0,6.6499999999999995
treatment-8793,treatment,0,0,0.0,-0.2
treatment-8794,treatment,0,0,0.0,-0.2
treatment-8795,treatment,0,0,0.0,-0.2
treatment-8796,treatment,0,0,0.0,-0.2
treatment-8797,treatment,1,0,63.0,20.35
treatment-8798,treatment,0,0,0.0,-0.2
treatment-8799,treatment,0,0,0.0,-0.2
treatment-8800,treatment,0,0,0.0,-0.2
treatment-8801,treatment,0,0,0.0,-0.2
treatment-8802,treatment,0,0,0.0,-0.2
treatment-8803,treatment,0,0,0.0,-0.2
treatment-8804,treatment,0,0,0.0,-0.2
treatment-8805,treatment,0,0,0.0,-0.2
treatment-8806,treatment,0,0,0.0,-0.2
treatment-8807,treatment,0,0,0.0,-0.2
treatment-8808,treatment,0,0,0.0,-0.2
treatment-8809,treatment,0,0,0.0,-0.2
treatment-8810,treatment,0,0,0.0,-0.2
treatment-8811,treatment,0,0,0.0,-0.2
treatment-8812,treatment,1,0,63.0,20.35
treatment-8813,treatment,0,0,0.0,-0.2
treatment-8814,treatment,1,0,21.0,6.6499999999999995
treatment-8815,treatment,0,0,0.0,-0.2
treatment-8816,treatment,0,0,0.0,-0.2
treatment-8817,treatment,0,0,0.0,-0.2
treatment-8818,treatment,0,0,0.0,-0.2
treatment-8819,treatment,0,0,0.0,-0.2
treatment-8820,treatment,0,0,0.0,-0.2
treatment-8821,treatment,0,0,0.0,-0.2
treatment-8822,treatment,0,0,0.0,-0.2
treatment-8823,treatment,0,0,0.0,-0.2
treatment-8824,treatment,0,0,0.0,-0.2
treatment-8825,treatment,0,0,0.0,-0.2
treatment-8826,treatment,0,0,0.0,-0.2
treatment-8827,treatment,0,0,0.0,-0.2
treatment-8828,treatment,0,0,0.0,-0.2
treatment-8829,treatment,0,0,0.0,-0.2
treatment-8830,treatment,1,1,0.0,-3.35
treatment-8831,treatment,0,0,0.0,-0.2
treatment-8832,treatment,0,0,0.0,-0.2
treatment-8833,treatment,0,0,0.0,-0.2
treatment-8834,treatment,0,0,0.0,-0.2
treatment-8835,treatment,0,0,0.0,-0.2
treatment-8836,treatment,0,0,0.0,-0.2
treatment-8837,treatment,0,0,0.0,-0.2
treatment-8838,treatment,0,0,0.0,-0.2
treatment-8839,treatment,0,0,0.0,-0.2
treatment-8840,treatment,1,0,63.0,20.35
treatment-8841,treatment,0,0,0.0,-0.2
treatment-8842,treatment,0,0,0.0,-0.2
treatment-8843,treatment,0,0,0.0,-0.2
treatment-8844,treatment,0,0,0.0,-0.2
treatment-8845,treatment,0,0,0.0,-0.2
treatment-8846,treatment,0,0,0.0,-0.2
treatment-8847,treatment,0,0,0.0,-0.2
treatment-8848,treatment,0,0,0.0,-0.2
treatment-8849,treatment,0,0,0.0,-0.2
treatment-8850,treatment,1,0,42.0,13.5
treatment-8851,treatment,0,0,0.0,-0.2
treatment-8852,treatment,0,0,0.0,-0.2
treatment-8853,treatment,0,0,0.0,-0.2
treatment-8854,treatment,0,0,0.0,-0.2
treatment-8855,treatment,0,0,0.0,-0.2
treatment-8856,treatment,0,0,0.0,-0.2
treatment-8857,treatment,0,0,0.0,-0.2
treatment-8858,treatment,0,0,0.0,-0.2
treatment-8859,treatment,0,0,0.0,-0.2
treatment-8860,treatment,0,0,0.0,-0.2
treatment-8861,treatment,0,0,0.0,-0.2
treatment-8862,treatment,0,0,0.0,-0.2
treatment-8863,treatment,1,0,21.0,6.6499999999999995
treatment-8864,treatment,0,0,0.0,-0.2
treatment-8865,treatment,0,0,0.0,-0.2
treatment-8866,treatment,0,0,0.0,-0.2
treatment-8867,treatment,0,0,0.0,-0.2
treatment-8868,treatment,0,0,0.0,-0.2
treatment-8869,treatment,0,0,0.0,-0.2
treatment-8870,treatment,0,0,0.0,-0.2
treatment-8871,treatment,0,0,0.0,-0.2
treatment-8872,treatment,0,0,0.0,-0.2
treatment-8873,treatment,0,0,0.0,-0.2
treatment-8874,treatment,0,0,0.0,-0.2
treatment-8875,treatment,0,0,0.0,-0.2
treatment-8876,treatment,0,0,0.0,-0.2
treatment-8877,treatment,0,0,0.0,-0.2
treatment-8878,treatment,0,0,0.0,-0.2
treatment-8879,treatment,0,0,0.0,-0.2
treatment-8880,treatment,0,0,0.0,-0.2
treatment-8881,treatment,0,0,0.0,-0.2
treatment-8882,treatment,0,0,0.0,-0.2
treatment-8883,treatment,0,0,0.0,-0.2
treatment-8884,treatment,0,0,0.0,-0.2
treatment-8885,treatment,1,0,42.0,13.5
treatment-8886,treatment,0,0,0.0,-0.2
treatment-8887,treatment,0,0,0.0,-0.2
treatment-8888,treatment,0,0,0.0,-0.2
treatment-8889,treatment,0,0,0.0,-0.2
treatment-8890,treatment,0,0,0.0,-0.2
treatment-8891,treatment,0,0,0.0,-0.2
treatment-8892,treatment,0,0,0.0,-0.2
treatment-8893,treatment,0,0,0.0,-0.2
treatment-8894,treatment,0,0,0.0,-0.2
treatment-8895,treatment,0,0,0.0,-0.2
treatment-8896,treatment,0,0,0.0,-0.2
treatment-8897,treatment,0,0,0.0,-0.2
treatment-8898,treatment,0,0,0.0,-0.2
treatment-8899,treatment,1,0,63.0,20.35
treatment-8900,treatment,0,0,0.0,-0.2
treatment-8901,treatment,0,0,0.0,-0.2
treatment-8902,treatment,0,0,0.0,-0.2
treatment-8903,treatment,0,0,0.0,-0.2
treatment-8904,treatment,0,0,0.0,-0.2
treatment-8905,treatment,0,0,0.0,-0.2
treatment-8906,treatment,0,0,0.0,-0.2
treatment-8907,treatment,0,0,0.0,-0.2
treatment-8908,treatment,0,0,0.0,-0.2
treatment-8909,treatment,0,0,0.0,-0.2
treatment-8910,treatment,0,0,0.0,-0.2
treatment-8911,treatment,0,0,0.0,-0.2
treatment-8912,treatment,0,0,0.0,-0.2
treatment-8913,treatment,0,0,0.0,-0.2
treatment-8914,treatment,0,0,0.0,-0.2
treatment-8915,treatment,0,0,0.0,-0.2
treatment-8916,treatment,0,0,0.0,-0.2
treatment-8917,treatment,0,0,0.0,-0.2
treatment-8918,treatment,0,0,0.0,-0.2
treatment-8919,treatment,0,0,0.0,-0.2
treatment-8920,treatment,0,0,0.0,-0.2
treatment-8921,treatment,0,0,0.0,-0.2
treatment-8922,treatment,0,0,0.0,-0.2
treatment-8923,treatment,0,0,0.0,-0.2
treatment-8924,treatment,0,0,0.0,-0.2
treatment-8925,treatment,0,0,0.0,-0.2
treatment-8926,treatment,0,0,0.0,-0.2
treatment-8927,treatment,0,0,0.0,-0.2
treatment-8928,treatment,0,0,0.0,-0.2
treatment-8929,treatment,0,0,0.0,-0.2
treatment-8930,treatment,0,0,0.0,-0.2
treatment-8931,treatment,0,0,0.0,-0.2
treatment-8932,treatment,0,0,0.0,-0.2
treatment-8933,treatment,0,0,0.0,-0.2
treatment-8934,treatment,0,0,0.0,-0.2
treatment-8935,treatment,0,0,0.0,-0.2
treatment-8936,treatment,0,0,0.0,-0.2
treatment-8937,treatment,0,0,0.0,-0.2
treatment-8938,treatment,0,0,0.0,-0.2
treatment-8939,treatment,1,0,21.0,6.6499999999999995
treatment-8940,treatment,0,0,0.0,-0.2
treatment-8941,treatment,0,0,0.0,-0.2
treatment-8942,treatment,0,0,0.0,-0.2
treatment-8943,treatment,0,0,0.0,-0.2
treatment-8944,treatment,0,0,0.0,-0.2
treatment-8945,treatment,1,0,63.0,20.35
treatment-8946,treatment,0,0,0.0,-0.2
treatment-8947,treatment,0,0,0.0,-0.2
treatment-8948,treatment,0,0,0.0,-0.2
treatment-8949,treatment,0,0,0.0,-0.2
treatment-8950,treatment,0,0,0.0,-0.2
treatment-8951,treatment,0,0,0.0,-0.2
treatment-8952,treatment,0,0,0.0,-0.2
treatment-8953,treatment,0,0,0.0,-0.2
treatment-8954,treatment,0,0,0.0,-0.2
treatment-8955,treatment,0,0,0.0,-0.2
treatment-8956,treatment,0,0,0.0,-0.2
treatment-8957,treatment,0,0,0.0,-0.2
treatment-8958,treatment,0,0,0.0,-0.2
treatment-8959,treatment,0,0,0.0,-0.2
treatment-8960,treatment,0,0,0.0,-0.2
treatment-8961,treatment,0,0,0.0,-0.2
treatment-8962,treatment,0,0,0.0,-0.2
treatment-8963,treatment,0,0,0.0,-0.2
treatment-8964,treatment,0,0,0.0,-0.2
treatment-8965,treatment,0,0,0.0,-0.2
treatment-8966,treatment,0,0,0.0,-0.2
treatment-8967,treatment,0,0,0.0,-0.2
treatment-8968,treatment,0,0,0.0,-0.2
treatment-8969,treatment,0,0,0.0,-0.2
treatment-8970,treatment,0,0,0.0,-0.2
treatment-8971,treatment,0,0,0.0,-0.2
treatment-8972,treatment,0,0,0.0,-0.2
treatment-8973,treatment,0,0,0.0,-0.2
treatment-8974,treatment,0,0,0.0,-0.2
treatment-8975,treatment,0,0,0.0,-0.2
treatment-8976,treatment,0,0,0.0,-0.2
treatment-8977,treatment,0,0,0.0,-0.2
treatment-8978,treatment,0,0,0.0,-0.2
treatment-8979,treatment,0,0,0.0,-0.2
treatment-8980,treatment,0,0,0.0,-0.2
treatment-8981,treatment,0,0,0.0,-0.2
treatment-8982,treatment,0,0,0.0,-0.2
treatment-8983,treatment,0,0,0.0,-0.2
treatment-8984,treatment,0,0,0.0,-0.2
treatment-8985,treatment,0,0,0.0,-0.2
treatment-8986,treatment,0,0,0.0,-0.2
treatment-8987,treatment,0,0,0.0,-0.2
treatment-8988,treatment,0,0,0.0,-0.2
treatment-8989,treatment,0,0,0.0,-0.2
treatment-8990,treatment,0,0,0.0,-0.2
treatment-8991,treatment,0,0,0.0,-0.2
treatment-8992,treatment,0,0,0.0,-0.2
treatment-8993,treatment,0,0,0.0,-0.2
treatment-8994,treatment,0,0,0.0,-0.2
treatment-8995,treatment,0,0,0.0,-0.2
treatment-8996,treatment,0,0,0.0,-0.2
treatment-8997,treatment,0,0,0.0,-0.2
treatment-8998,treatment,0,0,0.0,-0.2
treatment-8999,treatment,0,0,0.0,-0.2
treatment-9000,treatment,0,0,0.0,-0.2
treatment-9001,treatment,0,0,0.0,-0.2
treatment-9002,treatment,0,0,0.0,-0.2
treatment-9003,treatment,0,0,0.0,-0.2
treatment-9004,treatment,0,0,0.0,-0.2
treatment-9005,treatment,0,0,0.0,-0.2
treatment-9006,treatment,0,0,0.0,-0.2
treatment-9007,treatment,0,0,0.0,-0.2
treatment-9008,treatment,0,0,0.0,-0.2
treatment-9009,treatment,0,0,0.0,-0.2
treatment-9010,treatment,0,0,0.0,-0.2
treatment-9011,treatment,0,0,0.0,-0.2
treatment-9012,treatment,0,0,0.0,-0.2
treatment-9013,treatment,0,0,0.0,-0.2
treatment-9014,treatment,0,0,0.0,-0.2
treatment-9015,treatment,0,0,0.0,-0.2
treatment-9016,treatment,1,0,21.0,6.6499999999999995
treatment-9017,treatment,0,0,0.0,-0.2
treatment-9018,treatment,0,0,0.0,-0.2
treatment-9019,treatment,0,0,0.0,-0.2
treatment-9020,treatment,0,0,0.0,-0.2
treatment-9021,treatment,0,0,0.0,-0.2
treatment-9022,treatment,0,0,0.0,-0.2
treatment-9023,treatment,0,0,0.0,-0.2
treatment-9024,treatment,0,0,0.0,-0.2
treatment-9025,treatment,0,0,0.0,-0.2
treatment-9026,treatment,0,0,0.0,-0.2
treatment-9027,treatment,0,0,0.0,-0.2
treatment-9028,treatment,0,0,0.0,-0.2
treatment-9029,treatment,0,0,0.0,-0.2
treatment-9030,treatment,0,0,0.0,-0.2
treatment-9031,treatment,0,0,0.0,-0.2
treatment-9032,treatment,0,0,0.0,-0.2
treatment-9033,treatment,0,0,0.0,-0.2
treatment-9034,treatment,0,0,0.0,-0.2
treatment-9035,treatment,1,0,63.0,20.35
treatment-9036,treatment,0,0,0.0,-0.2
treatment-9037,treatment,0,0,0.0,-0.2
treatment-9038,treatment,0,0,0.0,-0.2
treatment-9039,treatment,0,0,0.0,-0.2
treatment-9040,treatment,0,0,0.0,-0.2
treatment-9041,treatment,0,0,0.0,-0.2
treatment-9042,treatment,0,0,0.0,-0.2
treatment-9043,treatment,0,0,0.0,-0.2
treatment-9044,treatment,0,0,0.0,-0.2
treatment-9045,treatment,0,0,0.0,-0.2
treatment-9046,treatment,0,0,0.0,-0.2
treatment-9047,treatment,0,0,0.0,-0.2
treatment-9048,treatment,0,0,0.0,-0.2
treatment-9049,treatment,0,0,0.0,-0.2
treatment-9050,treatment,0,0,0.0,-0.2
treatment-9051,treatment,0,0,0.0,-0.2
treatment-9052,treatment,0,0,0.0,-0.2
treatment-9053,treatment,0,0,0.0,-0.2
treatment-9054,treatment,0,0,0.0,-0.2
treatment-9055,treatment,0,0,0.0,-0.2
treatment-9056,treatment,0,0,0.0,-0.2
treatment-9057,treatment,0,0,0.0,-0.2
treatment-9058,treatment,0,0,0.0,-0.2
treatment-9059,treatment,0,0,0.0,-0.2
treatment-9060,treatment,0,0,0.0,-0.2
treatment-9061,treatment,0,0,0.0,-0.2
treatment-9062,treatment,0,0,0.0,-0.2
treatment-9063,treatment,0,0,0.0,-0.2
treatment-9064,treatment,0,0,0.0,-0.2
treatment-9065,treatment,0,0,0.0,-0.2
treatment-9066,treatment,0,0,0.0,-0.2
treatment-9067,treatment,0,0,0.0,-0.2
treatment-9068,treatment,0,0,0.0,-0.2
treatment-9069,treatment,0,0,0.0,-0.2
treatment-9070,treatment,0,0,0.0,-0.2
treatment-9071,treatment,0,0,0.0,-0.2
treatment-9072,treatment,0,0,0.0,-0.2
treatment-9073,treatment,0,0,0.0,-0.2
treatment-9074,treatment,0,0,0.0,-0.2
treatment-9075,treatment,0,0,0.0,-0.2
treatment-9076,treatment,0,0,0.0,-0.2
treatment-9077,treatment,0,0,0.0,-0.2
treatment-9078,treatment,0,0,0.0,-0.2
treatment-9079,treatment,0,0,0.0,-0.2
treatment-9080,treatment,0,0,0.0,-0.2
treatment-9081,treatment,0,0,0.0,-0.2
treatment-9082,treatment,0,0,0.0,-0.2
treatment-9083,treatment,0,0,0.0,-0.2
treatment-9084,treatment,0,0,0.0,-0.2
treatment-9085,treatment,0,0,0.0,-0.2
treatment-9086,treatment,0,0,0.0,-0.2
treatment-9087,treatment,0,0,0.0,-0.2
treatment-9088,treatment,0,0,0.0,-0.2
treatment-9089,treatment,0,0,0.0,-0.2
treatment-9090,treatment,0,0,0.0,-0.2
treatment-9091,treatment,0,0,0.0,-0.2
treatment-9092,treatment,0,0,0.0,-0.2
treatment-9093,treatment,0,0,0.0,-0.2
treatment-9094,treatment,0,0,0.0,-0.2
treatment-9095,treatment,0,0,0.0,-0.2
treatment-9096,treatment,0,0,0.0,-0.2
treatment-9097,treatment,0,0,0.0,-0.2
treatment-9098,treatment,0,0,0.0,-0.2
treatment-9099,treatment,0,0,0.0,-0.2
treatment-9100,treatment,0,0,0.0,-0.2
treatment-9101,treatment,0,0,0.0,-0.2
treatment-9102,treatment,0,0,0.0,-0.2
treatment-9103,treatment,0,0,0.0,-0.2
treatment-9104,treatment,0,0,0.0,-0.2
treatment-9105,treatment,0,0,0.0,-0.2
treatment-9106,treatment,0,0,0.0,-0.2
treatment-9107,treatment,0,0,0.0,-0.2
treatment-9108,treatment,0,0,0.0,-0.2
treatment-9109,treatment,0,0,0.0,-0.2
treatment-9110,treatment,0,0,0.0,-0.2
treatment-9111,treatment,0,0,0.0,-0.2
treatment-9112,treatment,0,0,0.0,-0.2
treatment-9113,treatment,0,0,0.0,-0.2
treatment-9114,treatment,0,0,0.0,-0.2
treatment-9115,treatment,0,0,0.0,-0.2
treatment-9116,treatment,0,0,0.0,-0.2
treatment-9117,treatment,0,0,0.0,-0.2
treatment-9118,treatment,0,0,0.0,-0.2
treatment-9119,treatment,0,0,0.0,-0.2
treatment-9120,treatment,0,0,0.0,-0.2
treatment-9121,treatment,0,0,0.0,-0.2
treatment-9122,treatment,0,0,0.0,-0.2
treatment-9123,treatment,0,0,0.0,-0.2
treatment-9124,treatment,0,0,0.0,-0.2
treatment-9125,treatment,0,0,0.0,-0.2
treatment-9126,treatment,0,0,0.0,-0.2
treatment-9127,treatment,0,0,0.0,-0.2
treatment-9128,treatment,0,0,0.0,-0.2
treatment-9129,treatment,0,0,0.0,-0.2
treatment-9130,treatment,0,0,0.0,-0.2
treatment-9131,treatment,0,0,0.0,-0.2
treatment-9132,treatment,0,0,0.0,-0.2
treatment-9133,treatment,0,0,0.0,-0.2
treatment-9134,treatment,0,0,0.0,-0.2
treatment-9135,treatment,0,0,0.0,-0.2
treatment-9136,treatment,0,0,0.0,-0.2
treatment-9137,treatment,0,0,0.0,-0.2
treatment-9138,treatment,0,0,0.0,-0.2
treatment-9139,treatment,0,0,0.0,-0.2
treatment-9140,treatment,0,0,0.0,-0.2
treatment-9141,treatment,0,0,0.0,-0.2
treatment-9142,treatment,0,0,0.0,-0.2
treatment-9143,treatment,0,0,0.0,-0.2
treatment-9144,treatment,0,0,0.0,-0.2
treatment-9145,treatment,0,0,0.0,-0.2
treatment-9146,treatment,0,0,0.0,-0.2
treatment-9147,treatment,0,0,0.0,-0.2
treatment-9148,treatment,0,0,0.0,-0.2
treatment-9149,treatment,0,0,0.0,-0.2
treatment-9150,treatment,0,0,0.0,-0.2
treatment-9151,treatment,0,0,0.0,-0.2
treatment-9152,treatment,1,0,63.0,20.35
treatment-9153,treatment,0,0,0.0,-0.2
treatment-9154,treatment,0,0,0.0,-0.2
treatment-9155,treatment,0,0,0.0,-0.2
treatment-9156,treatment,0,0,0.0,-0.2
treatment-9157,treatment,0,0,0.0,-0.2
treatment-9158,treatment,0,0,0.0,-0.2
treatment-9159,treatment,0,0,0.0,-0.2
treatment-9160,treatment,0,0,0.0,-0.2
treatment-9161,treatment,0,0,0.0,-0.2
treatment-9162,treatment,0,0,0.0,-0.2
treatment-9163,treatment,0,0,0.0,-0.2
treatment-9164,treatment,1,0,21.0,6.6499999999999995
treatment-9165,treatment,0,0,0.0,-0.2
treatment-9166,treatment,0,0,0.0,-0.2
treatment-9167,treatment,0,0,0.0,-0.2
treatment-9168,treatment,0,0,0.0,-0.2
treatment-9169,treatment,0,0,0.0,-0.2
treatment-9170,treatment,0,0,0.0,-0.2
treatment-9171,treatment,0,0,0.0,-0.2
treatment-9172,treatment,0,0,0.0,-0.2
treatment-9173,treatment,0,0,0.0,-0.2
treatment-9174,treatment,0,0,0.0,-0.2
treatment-9175,treatment,0,0,0.0,-0.2
treatment-9176,treatment,0,0,0.0,-0.2
treatment-9177,treatment,0,0,0.0,-0.2
treatment-9178,treatment,0,0,0.0,-0.2
treatment-9179,treatment,0,0,0.0,-0.2
treatment-9180,treatment,0,0,0.0,-0.2
treatment-9181,treatment,0,0,0.0,-0.2
treatment-9182,treatment,1,0,42.0,13.5
treatment-9183,treatment,0,0,0.0,-0.2
treatment-9184,treatment,0,0,0.0,-0.2
treatment-9185,treatment,0,0,0.0,-0.2
treatment-9186,treatment,0,0,0.0,-0.2
treatment-9187,treatment,0,0,0.0,-0.2
treatment-9188,treatment,0,0,0.0,-0.2
treatment-9189,treatment,0,0,0.0,-0.2
treatment-9190,treatment,0,0,0.0,-0.2
treatment-9191,treatment,0,0,0.0,-0.2
treatment-9192,treatment,0,0,0.0,-0.2
treatment-9193,treatment,0,0,0.0,-0.2
treatment-9194,treatment,0,0,0.0,-0.2
treatment-9195,treatment,1,0,63.0,20.35
treatment-9196,treatment,0,0,0.0,-0.2
treatment-9197,treatment,0,0,0.0,-0.2
treatment-9198,treatment,0,0,0.0,-0.2
treatment-9199,treatment,0,0,0.0,-0.2
treatment-9200,treatment,0,0,0.0,-0.2
treatment-9201,treatment,0,0,0.0,-0.2
treatment-9202,treatment,0,0,0.0,-0.2
treatment-9203,treatment,0,0,0.0,-0.2
treatment-9204,treatment,0,0,0.0,-0.2
treatment-9205,treatment,0,0,0.0,-0.2
treatment-9206,treatment,0,0,0.0,-0.2
treatment-9207,treatment,0,0,0.0,-0.2
treatment-9208,treatment,0,0,0.0,-0.2
treatment-9209,treatment,0,0,0.0,-0.2
treatment-9210,treatment,0,0,0.0,-0.2
treatment-9211,treatment,0,0,0.0,-0.2
treatment-9212,treatment,0,0,0.0,-0.2
treatment-9213,treatment,0,0,0.0,-0.2
treatment-9214,treatment,0,0,0.0,-0.2
treatment-9215,treatment,0,0,0.0,-0.2
treatment-9216,treatment,0,0,0.0,-0.2
treatment-9217,treatment,0,0,0.0,-0.2
treatment-9218,treatment,0,0,0.0,-0.2
treatment-9219,treatment,0,0,0.0,-0.2
treatment-9220,treatment,1,1,0.0,-3.35
treatment-9221,treatment,0,0,0.0,-0.2
treatment-9222,treatment,0,0,0.0,-0.2
treatment-9223,treatment,0,0,0.0,-0.2
treatment-9224,treatment,0,0,0.0,-0.2
treatment-9225,treatment,0,0,0.0,-0.2
treatment-9226,treatment,0,0,0.0,-0.2
treatment-9227,treatment,0,0,0.0,-0.2
treatment-9228,treatment,0,0,0.0,-0.2
treatment-9229,treatment,0,0,0.0,-0.2
treatment-9230,treatment,0,0,0.0,-0.2
treatment-9231,treatment,0,0,0.0,-0.2
treatment-9232,treatment,0,0,0.0,-0.2
treatment-9233,treatment,0,0,0.0,-0.2
treatment-9234,treatment,0,0,0.0,-0.2
treatment-9235,treatment,0,0,0.0,-0.2
treatment-9236,treatment,0,0,0.0,-0.2
treatment-9237,treatment,0,0,0.0,-0.2
treatment-9238,treatment,0,0,0.0,-0.2
treatment-9239,treatment,0,0,0.0,-0.2
treatment-9240,treatment,0,0,0.0,-0.2
treatment-9241,treatment,0,0,0.0,-0.2
treatment-9242,treatment,0,0,0.0,-0.2
treatment-9243,treatment,0,0,0.0,-0.2
treatment-9244,treatment,0,0,0.0,-0.2
treatment-9245,treatment,0,0,0.0,-0.2
treatment-9246,treatment,0,0,0.0,-0.2
treatment-9247,treatment,0,0,0.0,-0.2
treatment-9248,treatment,0,0,0.0,-0.2
treatment-9249,treatment,0,0,0.0,-0.2
treatment-9250,treatment,0,0,0.0,-0.2
treatment-9251,treatment,0,0,0.0,-0.2
treatment-9252,treatment,0,0,0.0,-0.2
treatment-9253,treatment,0,0,0.0,-0.2
treatment-9254,treatment,0,0,0.0,-0.2
treatment-9255,treatment,0,0,0.0,-0.2
treatment-9256,treatment,0,0,0.0,-0.2
treatment-9257,treatment,0,0,0.0,-0.2
treatment-9258,treatment,0,0,0.0,-0.2
treatment-9259,treatment,0,0,0.0,-0.2
treatment-9260,treatment,0,0,0.0,-0.2
treatment-9261,treatment,1,0,21.0,6.6499999999999995
treatment-9262,treatment,0,0,0.0,-0.2
treatment-9263,treatment,0,0,0.0,-0.2
treatment-9264,treatment,0,0,0.0,-0.2
treatment-9265,treatment,0,0,0.0,-0.2
treatment-9266,treatment,0,0,0.0,-0.2
treatment-9267,treatment,0,0,0.0,-0.2
treatment-9268,treatment,0,0,0.0,-0.2
treatment-9269,treatment,0,0,0.0,-0.2
treatment-9270,treatment,0,0,0.0,-0.2
treatment-9271,treatment,0,0,0.0,-0.2
treatment-9272,treatment,1,0,63.0,20.35
treatment-9273,treatment,0,0,0.0,-0.2
treatment-9274,treatment,0,0,0.0,-0.2
treatment-9275,treatment,0,0,0.0,-0.2
treatment-9276,treatment,0,0,0.0,-0.2
treatment-9277,treatment,0,0,0.0,-0.2
treatment-9278,treatment,0,0,0.0,-0.2
treatment-9279,treatment,0,0,0.0,-0.2
treatment-9280,treatment,0,0,0.0,-0.2
treatment-9281,treatment,0,0,0.0,-0.2
treatment-9282,treatment,0,0,0.0,-0.2
treatment-9283,treatment,0,0,0.0,-0.2
treatment-9284,treatment,0,0,0.0,-0.2
treatment-9285,treatment,0,0,0.0,-0.2
treatment-9286,treatment,0,0,0.0,-0.2
treatment-9287,treatment,0,0,0.0,-0.2
treatment-9288,treatment,0,0,0.0,-0.2
treatment-9289,treatment,0,0,0.0,-0.2
treatment-9290,treatment,0,0,0.0,-0.2
treatment-9291,treatment,0,0,0.0,-0.2
treatment-9292,treatment,0,0,0.0,-0.2
treatment-9293,treatment,0,0,0.0,-0.2
treatment-9294,treatment,0,0,0.0,-0.2
treatment-9295,treatment,0,0,0.0,-0.2
treatment-9296,treatment,0,0,0.0,-0.2
treatment-9297,treatment,1,0,63.0,20.35
treatment-9298,treatment,0,0,0.0,-0.2
treatment-9299,treatment,0,0,0.0,-0.2
treatment-9300,treatment,0,0,0.0,-0.2
treatment-9301,treatment,1,0,42.0,13.5
treatment-9302,treatment,1,0,21.0,6.6499999999999995
treatment-9303,treatment,0,0,0.0,-0.2
treatment-9304,treatment,0,0,0.0,-0.2
treatment-9305,treatment,0,0,0.0,-0.2
treatment-9306,treatment,0,0,0.0,-0.2
treatment-9307,treatment,0,0,0.0,-0.2
treatment-9308,treatment,0,0,0.0,-0.2
treatment-9309,treatment,0,0,0.0,-0.2
treatment-9310,treatment,0,0,0.0,-0.2
treatment-9311,treatment,0,0,0.0,-0.2
treatment-9312,treatment,0,0,0.0,-0.2
treatment-9313,treatment,0,0,0.0,-0.2
treatment-9314,treatment,0,0,0.0,-0.2
treatment-9315,treatment,0,0,0.0,-0.2
treatment-9316,treatment,1,0,21.0,6.6499999999999995
treatment-9317,treatment,0,0,0.0,-0.2
treatment-9318,treatment,0,0,0.0,-0.2
treatment-9319,treatment,0,0,0.0,-0.2
treatment-9320,treatment,0,0,0.0,-0.2
treatment-9321,treatment,0,0,0.0,-0.2
treatment-9322,treatment,0,0,0.0,-0.2
treatment-9323,treatment,0,0,0.0,-0.2
treatment-9324,treatment,0,0,0.0,-0.2
treatment-9325,treatment,0,0,0.0,-0.2
treatment-9326,treatment,0,0,0.0,-0.2
treatment-9327,treatment,0,0,0.0,-0.2
treatment-9328,treatment,0,0,0.0,-0.2
treatment-9329,treatment,0,0,0.0,-0.2
treatment-9330,treatment,0,0,0.0,-0.2
treatment-9331,treatment,1,0,21.0,6.6499999999999995
treatment-9332,treatment,0,0,0.0,-0.2
treatment-9333,treatment,0,0,0.0,-0.2
treatment-9334,treatment,0,0,0.0,-0.2
treatment-9335,treatment,0,0,0.0,-0.2
treatment-9336,treatment,0,0,0.0,-0.2
treatment-9337,treatment,0,0,0.0,-0.2
treatment-9338,treatment,0,0,0.0,-0.2
treatment-9339,treatment,0,0,0.0,-0.2
treatment-9340,treatment,0,0,0.0,-0.2
treatment-9341,treatment,0,0,0.0,-0.2
treatment-9342,treatment,0,0,0.0,-0.2
treatment-9343,treatment,0,0,0.0,-0.2
treatment-9344,treatment,0,0,0.0,-0.2
treatment-9345,treatment,0,0,0.0,-0.2
treatment-9346,treatment,0,0,0.0,-0.2
treatment-9347,treatment,0,0,0.0,-0.2
treatment-9348,treatment,0,0,0.0,-0.2
treatment-9349,treatment,0,0,0.0,-0.2
treatment-9350,treatment,0,0,0.0,-0.2
treatment-9351,treatment,0,0,0.0,-0.2
treatment-9352,treatment,0,0,0.0,-0.2
treatment-9353,treatment,0,0,0.0,-0.2
treatment-9354,treatment,1,0,63.0,20.35
treatment-9355,treatment,0,0,0.0,-0.2
treatment-9356,treatment,0,0,0.0,-0.2
treatment-9357,treatment,1,0,42.0,13.5
treatment-9358,treatment,0,0,0.0,-0.2
treatment-9359,treatment,0,0,0.0,-0.2
treatment-9360,treatment,0,0,0.0,-0.2
treatment-9361,treatment,0,0,0.0,-0.2
treatment-9362,treatment,0,0,0.0,-0.2
treatment-9363,treatment,0,0,0.0,-0.2
treatment-9364,treatment,0,0,0.0,-0.2
treatment-9365,treatment,0,0,0.0,-0.2
treatment-9366,treatment,0,0,0.0,-0.2
treatment-9367,treatment,0,0,0.0,-0.2
treatment-9368,treatment,0,0,0.0,-0.2
treatment-9369,treatment,0,0,0.0,-0.2
treatment-9370,treatment,0,0,0.0,-0.2
treatment-9371,treatment,0,0,0.0,-0.2
treatment-9372,treatment,0,0,0.0,-0.2
treatment-9373,treatment,1,0,63.0,20.35
treatment-9374,treatment,0,0,0.0,-0.2
treatment-9375,treatment,0,0,0.0,-0.2
treatment-9376,treatment,0,0,0.0,-0.2
treatment-9377,treatment,0,0,0.0,-0.2
treatment-9378,treatment,0,0,0.0,-0.2
treatment-9379,treatment,0,0,0.0,-0.2
treatment-9380,treatment,0,0,0.0,-0.2
treatment-9381,treatment,0,0,0.0,-0.2
treatment-9382,treatment,0,0,0.0,-0.2
treatment-9383,treatment,0,0,0.0,-0.2
treatment-9384,treatment,0,0,0.0,-0.2
treatment-9385,treatment,0,0,0.0,-0.2
treatment-9386,treatment,0,0,0.0,-0.2
treatment-9387,treatment,0,0,0.0,-0.2
treatment-9388,treatment,0,0,0.0,-0.2
treatment-9389,treatment,0,0,0.0,-0.2
treatment-9390,treatment,0,0,0.0,-0.2
treatment-9391,treatment,0,0,0.0,-0.2
treatment-9392,treatment,0,0,0.0,-0.2
treatment-9393,treatment,0,0,0.0,-0.2
treatment-9394,treatment,0,0,0.0,-0.2
treatment-9395,treatment,1,0,63.0,20.35
treatment-9396,treatment,0,0,0.0,-0.2
treatment-9397,treatment,0,0,0.0,-0.2
treatment-9398,treatment,0,0,0.0,-0.2
treatment-9399,treatment,0,0,0.0,-0.2
treatment-9400,treatment,0,0,0.0,-0.2
treatment-9401,treatment,0,0,0.0,-0.2
treatment-9402,treatment,0,0,0.0,-0.2
treatment-9403,treatment,0,0,0.0,-0.2
treatment-9404,treatment,0,0,0.0,-0.2
treatment-9405,treatment,0,0,0.0,-0.2
treatment-9406,treatment,0,0,0.0,-0.2
treatment-9407,treatment,0,0,0.0,-0.2
treatment-9408,treatment,0,0,0.0,-0.2
treatment-9409,treatment,0,0,0.0,-0.2
treatment-9410,treatment,0,0,0.0,-0.2
treatment-9411,treatment,0,0,0.0,-0.2
treatment-9412,treatment,0,0,0.0,-0.2
treatment-9413,treatment,0,0,0.0,-0.2
treatment-9414,treatment,1,0,63.0,20.35
treatment-9415,treatment,0,0,0.0,-0.2
treatment-9416,treatment,0,0,0.0,-0.2
treatment-9417,treatment,0,0,0.0,-0.2
treatment-9418,treatment,0,0,0.0,-0.2
treatment-9419,treatment,0,0,0.0,-0.2
treatment-9420,treatment,0,0,0.0,-0.2
treatment-9421,treatment,0,0,0.0,-0.2
treatment-9422,treatment,0,0,0.0,-0.2
treatment-9423,treatment,0,0,0.0,-0.2
treatment-9424,treatment,0,0,0.0,-0.2
treatment-9425,treatment,0,0,0.0,-0.2
treatment-9426,treatment,0,0,0.0,-0.2
treatment-9427,treatment,0,0,0.0,-0.2
treatment-9428,treatment,0,0,0.0,-0.2
treatment-9429,treatment,0,0,0.0,-0.2
treatment-9430,treatment,0,0,0.0,-0.2
treatment-9431,treatment,0,0,0.0,-0.2
treatment-9432,treatment,0,0,0.0,-0.2
treatment-9433,treatment,0,0,0.0,-0.2
treatment-9434,treatment,0,0,0.0,-0.2
treatment-9435,treatment,0,0,0.0,-0.2
treatment-9436,treatment,0,0,0.0,-0.2
treatment-9437,treatment,0,0,0.0,-0.2
treatment-9438,treatment,0,0,0.0,-0.2
treatment-9439,treatment,0,0,0.0,-0.2
treatment-9440,treatment,0,0,0.0,-0.2
treatment-9441,treatment,0,0,0.0,-0.2
treatment-9442,treatment,0,0,0.0,-0.2
treatment-9443,treatment,0,0,0.0,-0.2
treatment-9444,treatment,0,0,0.0,-0.2
treatment-9445,treatment,0,0,0.0,-0.2
treatment-9446,treatment,0,0,0.0,-0.2
treatment-9447,treatment,0,0,0.0,-0.2
treatment-9448,treatment,0,0,0.0,-0.2
treatment-9449,treatment,0,0,0.0,-0.2
treatment-9450,treatment,0,0,0.0,-0.2
treatment-9451,treatment,0,0,0.0,-0.2
treatment-9452,treatment,0,0,0.0,-0.2
treatment-9453,treatment,0,0,0.0,-0.2
treatment-9454,treatment,0,0,0.0,-0.2
treatment-9455,treatment,0,0,0.0,-0.2
treatment-9456,treatment,0,0,0.0,-0.2
treatment-9457,treatment,0,0,0.0,-0.2
treatment-9458,treatment,0,0,0.0,-0.2
treatment-9459,treatment,0,0,0.0,-0.2
treatment-9460,treatment,0,0,0.0,-0.2
treatment-9461,treatment,1,0,63.0,20.35
treatment-9462,treatment,0,0,0.0,-0.2
treatment-9463,treatment,0,0,0.0,-0.2
treatment-9464,treatment,0,0,0.0,-0.2
treatment-9465,treatment,0,0,0.0,-0.2
treatment-9466,treatment,0,0,0.0,-0.2
treatment-9467,treatment,1,0,63.0,20.35
treatment-9468,treatment,1,1,0.0,-6.5
treatment-9469,treatment,0,0,0.0,-0.2
treatment-9470,treatment,0,0,0.0,-0.2
treatment-9471,treatment,0,0,0.0,-0.2
treatment-9472,treatment,0,0,0.0,-0.2
treatment-9473,treatment,0,0,0.0,-0.2
treatment-9474,treatment,0,0,0.0,-0.2
treatment-9475,treatment,0,0,0.0,-0.2
treatment-9476,treatment,0,0,0.0,-0.2
treatment-9477,treatment,0,0,0.0,-0.2
treatment-9478,treatment,0,0,0.0,-0.2
treatment-9479,treatment,0,0,0.0,-0.2
treatment-9480,treatment,0,0,0.0,-0.2
treatment-9481,treatment,0,0,0.0,-0.2
treatment-9482,treatment,0,0,0.0,-0.2
treatment-9483,treatment,1,0,21.0,6.6499999999999995
treatment-9484,treatment,0,0,0.0,-0.2
treatment-9485,treatment,0,0,0.0,-0.2
treatment-9486,treatment,0,0,0.0,-0.2
treatment-9487,treatment,0,0,0.0,-0.2
treatment-9488,treatment,0,0,0.0,-0.2
treatment-9489,treatment,0,0,0.0,-0.2
treatment-9490,treatment,0,0,0.0,-0.2
treatment-9491,treatment,0,0,0.0,-0.2
treatment-9492,treatment,0,0,0.0,-0.2
treatment-9493,treatment,0,0,0.0,-0.2
treatment-9494,treatment,0,0,0.0,-0.2
treatment-9495,treatment,0,0,0.0,-0.2
treatment-9496,treatment,0,0,0.0,-0.2
treatment-9497,treatment,0,0,0.0,-0.2
treatment-9498,treatment,0,0,0.0,-0.2
treatment-9499,treatment,0,0,0.0,-0.2
treatment-9500,treatment,0,0,0.0,-0.2
treatment-9501,treatment,0,0,0.0,-0.2
treatment-9502,treatment,0,0,0.0,-0.2
treatment-9503,treatment,0,0,0.0,-0.2
treatment-9504,treatment,0,0,0.0,-0.2
treatment-9505,treatment,0,0,0.0,-0.2
treatment-9506,treatment,0,0,0.0,-0.2
treatment-9507,treatment,0,0,0.0,-0.2
treatment-9508,treatment,0,0,0.0,-0.2
treatment-9509,treatment,0,0,0.0,-0.2
treatment-9510,treatment,1,0,63.0,20.35
treatment-9511,treatment,0,0,0.0,-0.2
treatment-9512,treatment,0,0,0.0,-0.2
treatment-9513,treatment,1,0,21.0,6.6499999999999995
treatment-9514,treatment,0,0,0.0,-0.2
treatment-9515,treatment,0,0,0.0,-0.2
treatment-9516,treatment,1,0,42.0,13.5
treatment-9517,treatment,0,0,0.0,-0.2
treatment-9518,treatment,0,0,0.0,-0.2
treatment-9519,treatment,0,0,0.0,-0.2
treatment-9520,treatment,0,0,0.0,-0.2
treatment-9521,treatment,1,0,63.0,20.35
treatment-9522,treatment,0,0,0.0,-0.2
treatment-9523,treatment,0,0,0.0,-0.2
treatment-9524,treatment,0,0,0.0,-0.2
treatment-9525,treatment,0,0,0.0,-0.2
treatment-9526,treatment,0,0,0.0,-0.2
treatment-9527,treatment,0,0,0.0,-0.2
treatment-9528,treatment,0,0,0.0,-0.2
treatment-9529,treatment,0,0,0.0,-0.2
treatment-9530,treatment,0,0,0.0,-0.2
treatment-9531,treatment,0,0,0.0,-0.2
treatment-9532,treatment,0,0,0.0,-0.2
treatment-9533,treatment,0,0,0.0,-0.2
treatment-9534,treatment,1,0,42.0,13.5
treatment-9535,treatment,0,0,0.0,-0.2
treatment-9536,treatment,0,0,0.0,-0.2
treatment-9537,treatment,1,0,42.0,13.5
treatment-9538,treatment,0,0,0.0,-0.2
treatment-9539,treatment,0,0,0.0,-0.2
treatment-9540,treatment,0,0,0.0,-0.2
treatment-9541,treatment,0,0,0.0,-0.2
treatment-9542,treatment,0,0,0.0,-0.2
treatment-9543,treatment,0,0,0.0,-0.2
treatment-9544,treatment,0,0,0.0,-0.2
treatment-9545,treatment,0,0,0.0,-0.2
treatment-9546,treatment,0,0,0.0,-0.2
treatment-9547,treatment,0,0,0.0,-0.2
treatment-9548,treatment,0,0,0.0,-0.2
treatment-9549,treatment,0,0,0.0,-0.2
treatment-9550,treatment,0,0,0.0,-0.2
treatment-9551,treatment,0,0,0.0,-0.2
treatment-9552,treatment,0,0,0.0,-0.2
treatment-9553,treatment,0,0,0.0,-0.2
treatment-9554,treatment,0,0,0.0,-0.2
treatment-9555,treatment,0,0,0.0,-0.2
treatment-9556,treatment,0,0,0.0,-0.2
treatment-9557,treatment,0,0,0.0,-0.2
treatment-9558,treatment,0,0,0.0,-0.2
treatment-9559,treatment,1,0,42.0,13.5
treatment-9560,treatment,0,0,0.0,-0.2
treatment-9561,treatment,0,0,0.0,-0.2
treatment-9562,treatment,0,0,0.0,-0.2
treatment-9563,treatment,0,0,0.0,-0.2
treatment-9564,treatment,0,0,0.0,-0.2
treatment-9565,treatment,0,0,0.0,-0.2
treatment-9566,treatment,0,0,0.0,-0.2
treatment-9567,treatment,0,0,0.0,-0.2
treatment-9568,treatment,0,0,0.0,-0.2
treatment-9569,treatment,0,0,0.0,-0.2
treatment-9570,treatment,0,0,0.0,-0.2
treatment-9571,treatment,0,0,0.0,-0.2
treatment-9572,treatment,0,0,0.0,-0.2
treatment-9573,treatment,0,0,0.0,-0.2
treatment-9574,treatment,0,0,0.0,-0.2
treatment-9575,treatment,0,0,0.0,-0.2
treatment-9576,treatment,0,0,0.0,-0.2
treatment-9577,treatment,0,0,0.0,-0.2
treatment-9578,treatment,0,0,0.0,-0.2
treatment-9579,treatment,0,0,0.0,-0.2
treatment-9580,treatment,0,0,0.0,-0.2
treatment-9581,treatment,0,0,0.0,-0.2
treatment-9582,treatment,0,0,0.0,-0.2
treatment-9583,treatment,0,0,0.0,-0.2
treatment-9584,treatment,0,0,0.0,-0.2
treatment-9585,treatment,0,0,0.0,-0.2
treatment-9586,treatment,0,0,0.0,-0.2
treatment-9587,treatment,0,0,0.0,-0.2
treatment-9588,treatment,0,0,0.0,-0.2
treatment-9589,treatment,0,0,0.0,-0.2
treatment-9590,treatment,0,0,0.0,-0.2
treatment-9591,treatment,0,0,0.0,-0.2
treatment-9592,treatment,0,0,0.0,-0.2
treatment-9593,treatment,0,0,0.0,-0.2
treatment-9594,treatment,0,0,0.0,-0.2
treatment-9595,treatment,0,0,0.0,-0.2
treatment-9596,treatment,0,0,0.0,-0.2
treatment-9597,treatment,0,0,0.0,-0.2
treatment-9598,treatment,0,0,0.0,-0.2
treatment-9599,treatment,0,0,0.0,-0.2
treatment-9600,treatment,0,0,0.0,-0.2
treatment-9601,treatment,1,0,42.0,13.5
treatment-9602,treatment,0,0,0.0,-0.2
treatment-9603,treatment,0,0,0.0,-0.2
treatment-9604,treatment,0,0,0.0,-0.2
treatment-9605,treatment,0,0,0.0,-0.2
treatment-9606,treatment,0,0,0.0,-0.2
treatment-9607,treatment,0,0,0.0,-0.2
treatment-9608,treatment,0,0,0.0,-0.2
treatment-9609,treatment,0,0,0.0,-0.2
treatment-9610,treatment,0,0,0.0,-0.2
treatment-9611,treatment,0,0,0.0,-0.2
treatment-9612,treatment,0,0,0.0,-0.2
treatment-9613,treatment,0,0,0.0,-0.2
treatment-9614,treatment,0,0,0.0,-0.2
treatment-9615,treatment,1,0,63.0,20.35
treatment-9616,treatment,0,0,0.0,-0.2
treatment-9617,treatment,0,0,0.0,-0.2
treatment-9618,treatment,0,0,0.0,-0.2
treatment-9619,treatment,0,0,0.0,-0.2
treatment-9620,treatment,0,0,0.0,-0.2
treatment-9621,treatment,0,0,0.0,-0.2
treatment-9622,treatment,0,0,0.0,-0.2
treatment-9623,treatment,0,0,0.0,-0.2
treatment-9624,treatment,0,0,0.0,-0.2
treatment-9625,treatment,0,0,0.0,-0.2
treatment-9626,treatment,0,0,0.0,-0.2
treatment-9627,treatment,0,0,0.0,-0.2
treatment-9628,treatment,0,0,0.0,-0.2
treatment-9629,treatment,0,0,0.0,-0.2
treatment-9630,treatment,0,0,0.0,-0.2
treatment-9631,treatment,0,0,0.0,-0.2
treatment-9632,treatment,0,0,0.0,-0.2
treatment-9633,treatment,0,0,0.0,-0.2
treatment-9634,treatment,0,0,0.0,-0.2
treatment-9635,treatment,0,0,0.0,-0.2
treatment-9636,treatment,0,0,0.0,-0.2
treatment-9637,treatment,0,0,0.0,-0.2
treatment-9638,treatment,1,0,63.0,20.35
treatment-9639,treatment,0,0,0.0,-0.2
treatment-9640,treatment,0,0,0.0,-0.2
treatment-9641,treatment,0,0,0.0,-0.2
treatment-9642,treatment,0,0,0.0,-0.2
treatment-9643,treatment,0,0,0.0,-0.2
treatment-9644,treatment,1,0,42.0,13.5
treatment-9645,treatment,0,0,0.0,-0.2
treatment-9646,treatment,0,0,0.0,-0.2
treatment-9647,treatment,0,0,0.0,-0.2
treatment-9648,treatment,0,0,0.0,-0.2
treatment-9649,treatment,0,0,0.0,-0.2
treatment-9650,treatment,0,0,0.0,-0.2
treatment-9651,treatment,0,0,0.0,-0.2
treatment-9652,treatment,0,0,0.0,-0.2
treatment-9653,treatment,0,0,0.0,-0.2
treatment-9654,treatment,0,0,0.0,-0.2
treatment-9655,treatment,0,0,0.0,-0.2
treatment-9656,treatment,0,0,0.0,-0.2
treatment-9657,treatment,0,0,0.0,-0.2
treatment-9658,treatment,0,0,0.0,-0.2
treatment-9659,treatment,0,0,0.0,-0.2
treatment-9660,treatment,0,0,0.0,-0.2
treatment-9661,treatment,0,0,0.0,-0.2
treatment-9662,treatment,0,0,0.0,-0.2
treatment-9663,treatment,0,0,0.0,-0.2
treatment-9664,treatment,0,0,0.0,-0.2
treatment-9665,treatment,0,0,0.0,-0.2
treatment-9666,treatment,0,0,0.0,-0.2
treatment-9667,treatment,0,0,0.0,-0.2
treatment-9668,treatment,0,0,0.0,-0.2
treatment-9669,treatment,0,0,0.0,-0.2
treatment-9670,treatment,0,0,0.0,-0.2
treatment-9671,treatment,0,0,0.0,-0.2
treatment-9672,treatment,0,0,0.0,-0.2
treatment-9673,treatment,0,0,0.0,-0.2
treatment-9674,treatment,0,0,0.0,-0.2
treatment-9675,treatment,0,0,0.0,-0.2
treatment-9676,treatment,1,0,63.0,20.35
treatment-9677,treatment,0,0,0.0,-0.2
treatment-9678,treatment,0,0,0.0,-0.2
treatment-9679,treatment,0,0,0.0,-0.2
treatment-9680,treatment,0,0,0.0,-0.2
treatment-9681,treatment,0,0,0.0,-0.2
treatment-9682,treatment,0,0,0.0,-0.2
treatment-9683,treatment,0,0,0.0,-0.2
treatment-9684,treatment,0,0,0.0,-0.2
treatment-9685,treatment,0,0,0.0,-0.2
treatment-9686,treatment,0,0,0.0,-0.2
treatment-9687,treatment,0,0,0.0,-0.2
treatment-9688,treatment,0,0,0.0,-0.2
treatment-9689,treatment,0,0,0.0,-0.2
treatment-9690,treatment,0,0,0.0,-0.2
treatment-9691,treatment,0,0,0.0,-0.2
treatment-9692,treatment,0,0,0.0,-0.2
treatment-9693,treatment,0,0,0.0,-0.2
treatment-9694,treatment,0,0,0.0,-0.2
treatment-9695,treatment,0,0,0.0,-0.2
treatment-9696,treatment,0,0,0.0,-0.2
treatment-9697,treatment,0,0,0.0,-0.2
treatment-9698,treatment,0,0,0.0,-0.2
treatment-9699,treatment,0,0,0.0,-0.2
treatment-9700,treatment,1,0,63.0,20.35
treatment-9701,treatment,1,0,42.0,13.5
treatment-9702,treatment,0,0,0.0,-0.2
treatment-9703,treatment,0,0,0.0,-0.2
treatment-9704,treatment,0,0,0.0,-0.2
treatment-9705,treatment,0,0,0.0,-0.2
treatment-9706,treatment,0,0,0.0,-0.2
treatment-9707,treatment,0,0,0.0,-0.2
treatment-9708,treatment,0,0,0.0,-0.2
treatment-9709,treatment,0,0,0.0,-0.2
treatment-9710,treatment,0,0,0.0,-0.2
treatment-9711,treatment,1,0,21.0,6.6499999999999995
treatment-9712,treatment,0,0,0.0,-0.2
treatment-9713,treatment,0,0,0.0,-0.2
treatment-9714,treatment,0,0,0.0,-0.2
treatment-9715,treatment,0,0,0.0,-0.2
treatment-9716,treatment,0,0,0.0,-0.2
treatment-9717,treatment,0,0,0.0,-0.2
treatment-9718,treatment,0,0,0.0,-0.2
treatment-9719,treatment,0,0,0.0,-0.2
treatment-9720,treatment,0,0,0.0,-0.2
treatment-9721,treatment,0,0,0.0,-0.2
treatment-9722,treatment,0,0,0.0,-0.2
treatment-9723,treatment,0,0,0.0,-0.2
treatment-9724,treatment,0,0,0.0,-0.2
treatment-9725,treatment,0,0,0.0,-0.2
treatment-9726,treatment,0,0,0.0,-0.2
treatment-9727,treatment,0,0,0.0,-0.2
treatment-9728,treatment,0,0,0.0,-0.2
treatment-9729,treatment,0,0,0.0,-0.2
treatment-9730,treatment,0,0,0.0,-0.2
treatment-9731,treatment,0,0,0.0,-0.2
treatment-9732,treatment,0,0,0.0,-0.2
treatment-9733,treatment,0,0,0.0,-0.2
treatment-9734,treatment,0,0,0.0,-0.2
treatment-9735,treatment,0,0,0.0,-0.2
treatment-9736,treatment,0,0,0.0,-0.2
treatment-9737,treatment,0,0,0.0,-0.2
treatment-9738,treatment,0,0,0.0,-0.2
treatment-9739,treatment,0,0,0.0,-0.2
treatment-9740,treatment,0,0,0.0,-0.2
treatment-9741,treatment,0,0,0.0,-0.2
treatment-9742,treatment,0,0,0.0,-0.2
treatment-9743,treatment,0,0,0.0,-0.2
treatment-9744,treatment,0,0,0.0,-0.2
treatment-9745,treatment,0,0,0.0,-0.2
treatment-9746,treatment,0,0,0.0,-0.2
treatment-9747,treatment,0,0,0.0,-0.2
treatment-9748,treatment,0,0,0.0,-0.2
treatment-9749,treatment,0,0,0.0,-0.2
treatment-9750,treatment,0,0,0.0,-0.2
treatment-9751,treatment,0,0,0.0,-0.2
treatment-9752,treatment,0,0,0.0,-0.2
treatment-9753,treatment,0,0,0.0,-0.2
treatment-9754,treatment,0,0,0.0,-0.2
treatment-9755,treatment,0,0,0.0,-0.2
treatment-9756,treatment,0,0,0.0,-0.2
treatment-9757,treatment,0,0,0.0,-0.2
treatment-9758,treatment,0,0,0.0,-0.2
treatment-9759,treatment,0,0,0.0,-0.2
treatment-9760,treatment,0,0,0.0,-0.2
treatment-9761,treatment,0,0,0.0,-0.2
treatment-9762,treatment,0,0,0.0,-0.2
treatment-9763,treatment,0,0,0.0,-0.2
treatment-9764,treatment,0,0,0.0,-0.2
treatment-9765,treatment,0,0,0.0,-0.2
treatment-9766,treatment,0,0,0.0,-0.2
treatment-9767,treatment,1,0,63.0,20.35
treatment-9768,treatment,0,0,0.0,-0.2
treatment-9769,treatment,0,0,0.0,-0.2
treatment-9770,treatment,0,0,0.0,-0.2
treatment-9771,treatment,0,0,0.0,-0.2
treatment-9772,treatment,0,0,0.0,-0.2
treatment-9773,treatment,0,0,0.0,-0.2
treatment-9774,treatment,0,0,0.0,-0.2
treatment-9775,treatment,1,0,42.0,13.5
treatment-9776,treatment,0,0,0.0,-0.2
treatment-9777,treatment,0,0,0.0,-0.2
treatment-9778,treatment,0,0,0.0,-0.2
treatment-9779,treatment,0,0,0.0,-0.2
treatment-9780,treatment,0,0,0.0,-0.2
treatment-9781,treatment,0,0,0.0,-0.2
treatment-9782,treatment,0,0,0.0,-0.2
treatment-9783,treatment,0,0,0.0,-0.2
treatment-9784,treatment,0,0,0.0,-0.2
treatment-9785,treatment,0,0,0.0,-0.2
treatment-9786,treatment,0,0,0.0,-0.2
treatment-9787,treatment,0,0,0.0,-0.2
treatment-9788,treatment,0,0,0.0,-0.2
treatment-9789,treatment,0,0,0.0,-0.2
treatment-9790,treatment,0,0,0.0,-0.2
treatment-9791,treatment,0,0,0.0,-0.2
treatment-9792,treatment,0,0,0.0,-0.2
treatment-9793,treatment,0,0,0.0,-0.2
treatment-9794,treatment,0,0,0.0,-0.2
treatment-9795,treatment,0,0,0.0,-0.2
treatment-9796,treatment,0,0,0.0,-0.2
treatment-9797,treatment,0,0,0.0,-0.2
treatment-9798,treatment,0,0,0.0,-0.2
treatment-9799,treatment,0,0,0.0,-0.2
treatment-9800,treatment,0,0,0.0,-0.2
treatment-9801,treatment,0,0,0.0,-0.2
treatment-9802,treatment,0,0,0.0,-0.2
treatment-9803,treatment,0,0,0.0,-0.2
treatment-9804,treatment,0,0,0.0,-0.2
treatment-9805,treatment,0,0,0.0,-0.2
treatment-9806,treatment,0,0,0.0,-0.2
treatment-9807,treatment,0,0,0.0,-0.2
treatment-9808,treatment,0,0,0.0,-0.2
treatment-9809,treatment,0,0,0.0,-0.2
treatment-9810,treatment,0,0,0.0,-0.2
treatment-9811,treatment,0,0,0.0,-0.2
treatment-9812,treatment,0,0,0.0,-0.2
treatment-9813,treatment,0,0,0.0,-0.2
treatment-9814,treatment,0,0,0.0,-0.2
treatment-9815,treatment,0,0,0.0,-0.2
treatment-9816,treatment,0,0,0.0,-0.2
treatment-9817,treatment,0,0,0.0,-0.2
treatment-9818,treatment,0,0,0.0,-0.2
treatment-9819,treatment,0,0,0.0,-0.2
treatment-9820,treatment,0,0,0.0,-0.2
treatment-9821,treatment,0,0,0.0,-0.2
treatment-9822,treatment,0,0,0.0,-0.2
treatment-9823,treatment,0,0,0.0,-0.2
treatment-9824,treatment,0,0,0.0,-0.2
treatment-9825,treatment,0,0,0.0,-0.2
treatment-9826,treatment,0,0,0.0,-0.2
treatment-9827,treatment,0,0,0.0,-0.2
treatment-9828,treatment,0,0,0.0,-0.2
treatment-9829,treatment,0,0,0.0,-0.2
treatment-9830,treatment,0,0,0.0,-0.2
treatment-9831,treatment,0,0,0.0,-0.2
treatment-9832,treatment,0,0,0.0,-0.2
treatment-9833,treatment,0,0,0.0,-0.2
treatment-9834,treatment,0,0,0.0,-0.2
treatment-9835,treatment,0,0,0.0,-0.2
treatment-9836,treatment,0,0,0.0,-0.2
treatment-9837,treatment,0,0,0.0,-0.2
treatment-9838,treatment,0,0,0.0,-0.2
treatment-9839,treatment,1,0,42.0,13.5
treatment-9840,treatment,0,0,0.0,-0.2
treatment-9841,treatment,0,0,0.0,-0.2
treatment-9842,treatment,0,0,0.0,-0.2
treatment-9843,treatment,0,0,0.0,-0.2
treatment-9844,treatment,0,0,0.0,-0.2
treatment-9845,treatment,0,0,0.0,-0.2
treatment-9846,treatment,0,0,0.0,-0.2
treatment-9847,treatment,0,0,0.0,-0.2
treatment-9848,treatment,0,0,0.0,-0.2
treatment-9849,treatment,0,0,0.0,-0.2
treatment-9850,treatment,0,0,0.0,-0.2
treatment-9851,treatment,0,0,0.0,-0.2
treatment-9852,treatment,0,0,0.0,-0.2
treatment-9853,treatment,0,0,0.0,-0.2
treatment-9854,treatment,0,0,0.0,-0.2
treatment-9855,treatment,1,0,63.0,20.35
treatment-9856,treatment,0,0,0.0,-0.2
treatment-9857,treatment,0,0,0.0,-0.2
treatment-9858,treatment,0,0,0.0,-0.2
treatment-9859,treatment,0,0,0.0,-0.2
treatment-9860,treatment,0,0,0.0,-0.2
treatment-9861,treatment,0,0,0.0,-0.2
treatment-9862,treatment,0,0,0.0,-0.2
treatment-9863,treatment,0,0,0.0,-0.2
treatment-9864,treatment,0,0,0.0,-0.2
treatment-9865,treatment,0,0,0.0,-0.2
treatment-9866,treatment,0,0,0.0,-0.2
treatment-9867,treatment,0,0,0.0,-0.2
treatment-9868,treatment,0,0,0.0,-0.2
treatment-9869,treatment,0,0,0.0,-0.2
treatment-9870,treatment,0,0,0.0,-0.2
treatment-9871,treatment,0,0,0.0,-0.2
treatment-9872,treatment,0,0,0.0,-0.2
treatment-9873,treatment,0,0,0.0,-0.2
treatment-9874,treatment,0,0,0.0,-0.2
treatment-9875,treatment,0,0,0.0,-0.2
treatment-9876,treatment,0,0,0.0,-0.2
treatment-9877,treatment,0,0,0.0,-0.2
treatment-9878,treatment,0,0,0.0,-0.2
treatment-9879,treatment,0,0,0.0,-0.2
treatment-9880,treatment,0,0,0.0,-0.2
treatment-9881,treatment,0,0,0.0,-0.2
treatment-9882,treatment,0,0,0.0,-0.2
treatment-9883,treatment,0,0,0.0,-0.2
treatment-9884,treatment,0,0,0.0,-0.2
treatment-9885,treatment,0,0,0.0,-0.2
treatment-9886,treatment,0,0,0.0,-0.2
treatment-9887,treatment,0,0,0.0,-0.2
treatment-9888,treatment,0,0,0.0,-0.2
treatment-9889,treatment,0,0,0.0,-0.2
treatment-9890,treatment,0,0,0.0,-0.2
treatment-9891,treatment,0,0,0.0,-0.2
treatment-9892,treatment,0,0,0.0,-0.2
treatment-9893,treatment,0,0,0.0,-0.2
treatment-9894,treatment,0,0,0.0,-0.2
treatment-9895,treatment,0,0,0.0,-0.2
treatment-9896,treatment,0,0,0.0,-0.2
treatment-9897,treatment,0,0,0.0,-0.2
treatment-9898,treatment,0,0,0.0,-0.2
treatment-9899,treatment,0,0,0.0,-0.2
treatment-9900,treatment,0,0,0.0,-0.2
treatment-9901,treatment,0,0,0.0,-0.2
treatment-9902,treatment,0,0,0.0,-0.2
treatment-9903,treatment,0,0,0.0,-0.2
treatment-9904,treatment,0,0,0.0,-0.2
treatment-9905,treatment,0,0,0.0,-0.2
treatment-9906,treatment,0,0,0.0,-0.2
treatment-9907,treatment,0,0,0.0,-0.2
treatment-9908,treatment,0,0,0.0,-0.2
treatment-9909,treatment,0,0,0.0,-0.2
treatment-9910,treatment,0,0,0.0,-0.2
treatment-9911,treatment,0,0,0.0,-0.2
treatment-9912,treatment,0,0,0.0,-0.2
treatment-9913,treatment,0,0,0.0,-0.2
treatment-9914,treatment,0,0,0.0,-0.2
treatment-9915,treatment,0,0,0.0,-0.2
treatment-9916,treatment,0,0,0.0,-0.2
treatment-9917,treatment,0,0,0.0,-0.2
treatment-9918,treatment,0,0,0.0,-0.2
treatment-9919,treatment,0,0,0.0,-0.2
treatment-9920,treatment,0,0,0.0,-0.2
treatment-9921,treatment,0,0,0.0,-0.2
treatment-9922,treatment,0,0,0.0,-0.2
treatment-9923,treatment,0,0,0.0,-0.2
treatment-9924,treatment,0,0,0.0,-0.2
treatment-9925,treatment,0,0,0.0,-0.2
treatment-9926,treatment,0,0,0.0,-0.2
treatment-9927,treatment,0,0,0.0,-0.2
treatment-9928,treatment,0,0,0.0,-0.2
treatment-9929,treatment,0,0,0.0,-0.2
treatment-9930,treatment,0,0,0.0,-0.2
treatment-9931,treatment,0,0,0.0,-0.2
treatment-9932,treatment,0,0,0.0,-0.2
treatment-9933,treatment,0,0,0.0,-0.2
treatment-9934,treatment,0,0,0.0,-0.2
treatment-9935,treatment,0,0,0.0,-0.2
treatment-9936,treatment,1,0,63.0,20.35
treatment-9937,treatment,0,0,0.0,-0.2
treatment-9938,treatment,0,0,0.0,-0.2
treatment-9939,treatment,0,0,0.0,-0.2
treatment-9940,treatment,0,0,0.0,-0.2
treatment-9941,treatment,0,0,0.0,-0.2
treatment-9942,treatment,0,0,0.0,-0.2
treatment-9943,treatment,0,0,0.0,-0.2
treatment-9944,treatment,0,0,0.0,-0.2
treatment-9945,treatment,0,0,0.0,-0.2
treatment-9946,treatment,0,0,0.0,-0.2
treatment-9947,treatment,0,0,0.0,-0.2
treatment-9948,treatment,0,0,0.0,-0.2
treatment-9949,treatment,0,0,0.0,-0.2
treatment-9950,treatment,0,0,0.0,-0.2
treatment-9951,treatment,0,0,0.0,-0.2
treatment-9952,treatment,0,0,0.0,-0.2
treatment-9953,treatment,0,0,0.0,-0.2
treatment-9954,treatment,0,0,0.0,-0.2
treatment-9955,treatment,0,0,0.0,-0.2
treatment-9956,treatment,0,0,0.0,-0.2
treatment-9957,treatment,0,0,0.0,-0.2
treatment-9958,treatment,0,0,0.0,-0.2
treatment-9959,treatment,0,0,0.0,-0.2
treatment-9960,treatment,0,0,0.0,-0.2
treatment-9961,treatment,1,0,42.0,13.5
treatment-9962,treatment,0,0,0.0,-0.2
treatment-9963,treatment,0,0,0.0,-0.2
treatment-9964,treatment,0,0,0.0,-0.2
treatment-9965,treatment,0,0,0.0,-0.2
treatment-9966,treatment,0,0,0.0,-0.2
treatment-9967,treatment,0,0,0.0,-0.2
treatment-9968,treatment,0,0,0.0,-0.2
treatment-9969,treatment,0,0,0.0,-0.2
treatment-9970,treatment,1,0,42.0,13.5
treatment-9971,treatment,0,0,0.0,-0.2
treatment-9972,treatment,0,0,0.0,-0.2
treatment-9973,treatment,0,0,0.0,-0.2
treatment-9974,treatment,0,0,0.0,-0.2
treatment-9975,treatment,0,0,0.0,-0.2
treatment-9976,treatment,0,0,0.0,-0.2
treatment-9977,treatment,0,0,0.0,-0.2
treatment-9978,treatment,0,0,0.0,-0.2
treatment-9979,treatment,0,0,0.0,-0.2
treatment-9980,treatment,0,0,0.0,-0.2
treatment-9981,treatment,0,0,0.0,-0.2
treatment-9982,treatment,1,0,63.0,20.35
treatment-9983,treatment,0,0,0.0,-0.2
treatment-9984,treatment,0,0,0.0,-0.2
treatment-9985,treatment,0,0,0.0,-0.2
treatment-9986,treatment,0,0,0.0,-0.2
treatment-9987,treatment,0,0,0.0,-0.2
treatment-9988,treatment,0,0,0.0,-0.2
treatment-9989,treatment,1,0,21.0,6.6499999999999995
treatment-9990,treatment,0,0,0.0,-0.2
treatment-9991,treatment,0,0,0.0,-0.2
treatment-9992,treatment,0,0,0.0,-0.2
treatment-9993,treatment,0,0,0.0,-0.2
treatment-9994,treatment,0,0,0.0,-0.2
treatment-9995,treatment,0,0,0.0,-0.2
treatment-9996,treatment,0,0,0.0,-0.2
treatment-9997,treatment,0,0,0.0,-0.2
treatment-9998,treatment,0,0,0.0,-0.2
treatment-9999,treatment,0,0,0.0,-0.2
