product_id,description
84648,NEW BAROQUE WALL MIRROR
21767,FRENCH STYLE WIRE DOOR CABINET
30086C,ASSORTED FRUIT STRAWS
20739,*USB Office Glitter Lamp
72529w,WHITE ADVENT CANDLE
79070b,ENGLISH ROSE SQUARE CAKE TINS
85164b,BLACK BAROQUE CUCKOO CLOCK
35004s,SET OF 3 SILVER FLYING DUCKS
21838,DADDY MOUSE RED GINGHAM BOW TIE
72754D,F FAIRY POTPOURRI CUSHIONS SUMMER
47556,SET/2 SPOTTY + ROSE TEA TOWELS
21860,DR WHO TOP TRUMPS GAME
20737,RED MINI TAPE MEASURE
84572,6 HOOK JEWEL STAND LILAC DRESS
35751D,PINK CURRENT CANDLE RING
35751C,PURPLE CURRENT CANDLE RING
10109,BENDY COLOUR PENCILS
20673,STRAWBERRIES PRINT BOWL
15059A,ENGLISH ROSE EDWARDIAN PARASOL
16215,FUNKY GIRLZ MAGNETIC TO DO LIST
21854,EURO FOOTBALL STARS TOP TRUMPS GAME
37408,ASSORTED DESIGN GEISHA GIRL MUGS
85024A,CRYSTAL SMALL JEWELLED PHOTOFRAME
84721,MANHATTAN CANVAS ART PICTURE
72752A,"F.FAIRY,CANDLE IN GLASS,LILY/VALLEY"
72751A,"F.FAIRY S/3 SML CANDLE,LILY/VALLEY"
72751B,"F.FAIRY S/3 SML CANDLE, LAVENDER"
84814B,RHOMBUS CRYSTAL PERFUME BOTTLE
84845A,HOLLYHOCK SQUARE HANDY TIN
47554,S/3 COLOURS FLOCK TEA TOWELS
35051B,PINK BEADED CONE CHRISTMAS
17084G,MOON INCENSE
17061,ASSORTED SHAPED STENCIL FOR HENNA
85171,S/2 HYACINTH BULB CANDLES
20721,OWLS CHARLOTTE BAG
37484,ENGLISH ROSE TEA FOR ONE GIFT BOX
37432,MUG PINK AND PURPLE ARABIC DESIGN
35976B,WHITE SCANDINAVIAN HEART CHRISTMAS
35071,ASSORTED SANTA CHRISTMAS DECORATION
84626,CANDY STRIPE ROSE QUILT
17014C,ORIGAMI LAVENDER INCENSE CONES
16201B,PASTEL BLUE PHOTO ALBUM
46775B,BERRIES CHUNKY KNITTED THROW
35837,SET OF SIX SILVER+RED FLOCK BAUBLES
85230D,VANILLA SCENTED VOTIVE CANDLE
85230C,ROSE SCENTED VOTIVE CANDLE
16169G,WRAP ROMANTIC DECOUPAGE
85072,OCCASIONS GIFT CARD ASSORTMENT
85083,KISS REINDEER SCANDINAVIAN STOCKING
72724,SET/6 CHRISTMAS ICICLE T-LIGHTS
20683,RAIN GIRL CHILDS UMBRELLA
85069,CREAM SWEETHEART DOUBLE SHELF
20939,ORANGE CANDLE
72752B,"F.FAIRY,CANDLE IN GLASS,LAVENDER"
35999,S/6 SCANDINAVIAN HEART T-LIGHT
20940,SET/6 GARDEN GNOME T-LIGHT CANDLES
16169D,WRAP WINTER FOREST
37438,FUNKY FLOWER COFFEE POT
71101A,ANGEL ON KNEES METAL POLE 100CM H
72771C,BLACK FLOCK GOLD CANDLE
85151,WELCOME METAL SIGN
21036,SET/2 TEA TOWELS MODERN VINTAGE
20858,SILVER PURSE GOLD PINK BUTTERFLY
35818C,"ACRYLIC JEWEL ICICLE, CLEAR"
21406,SPOTTY CAT DOORSTOP
72487,ROSES WHITE ROUND CANDLE
90004A,JADE GREEN PAIR ENAMEL HAIR SLIDES
35821P,"JEWELLED DECORATION,PINK"
35815B,"ACRYLIC JEWEL SNOWFLAKE,BLUE"
72771B,BURG FLOCK GOLD CUP/CANDLE
48175,DOOR MAT CAMOUFLAGE
21266,VINTAGE SILVER TINSEL REEL
17013B,ORIGAMI JASMINE INCENSE IN TUBE
17011E,ORIGAMI OPIUM SCENT INCENSE+FLOWER
17011C,ORIGAMI LAVENDER INCENSE+FLOWER
20881,MODERN CHRISTMAS TREE CANDLE
20882,MODERN CHRISTMAS TREE CANDLE
40046C,PINK BUTTERFLY PAPER LAMPSHADE
48179,DOOR MAT SWEET HOME
21475,SWEETHEART CREAM STEEL FOLDIN CHAIR
35930,PINK HEART CHRISTMAS DECORATION
35974,S/6 CHRISTMAS TREE PLACE SETTING
18098A,PINK PORCELAIN B'FLY OIL BURNER
21525,BEWARE OF THE CAT DOORMAT
35915A,CREAM KNITTED HEN
20884,MODERN CHRISTMAS TREE CANDLE
20877,MODERN CHRISTMAS BAUBLE CANDLE
21852,EMPIRE TEDDY
84247J,PACK/12 RUSSIAN DOLL CARDS
16192,PINK BALLET OPENING CUBE BOX
21267,VINTAGE PINK TINSEL REEL
35945,GOLD CHRISTMAS STOCKING DECORATION
21450,DISTRESSED CANDLE STICK WHITE
21225,POCKET MIRROR BUTTERFLY
21543,BUTTERFLY WATER TRANSFER TATTOOS
85077,KISSING REINDEER TABLE RUNNER
20879,TREE OF NOAH FESTIVE SCENTED CANDLE
16258B,DAISY ERASERS IN BAG
37399,"ASS RETROSPOOF MUGS,SPORTS"
16161C,WRAP SPEED DEMONS
20942,SET/6 GINGERBREAD TREE T-LIGHTS
20885,BOX OF 3 PEBBLE CANDLES
16119,FUNKY GIRL ADDRESS BOOK
84340,LARGE FIBRE OPTIC CHRISTMAS TREE
21353,SILVER SLEIGHBELL  WREATH
20887,BOX OF 6 PEBBLE CANDLES
85159b,"WHITE TEA,COFFEE,SUGAR JARS"
21560,TOADSTOOL  LUNCHBOX WITH CUTLERY
79051a,SMOKEY GREY COLOUR D.O.F. GLASS
84705b,FAIRY CAKES PHOTO FRAME
35793,S/3 PUPPIES CHRISTMAS DECORATIONS
84406b,CREAM CUPID HEARTS COAT HANGER
37482b,CUBIC MUG BLUE POLKA DOT
20870,OPULENT VELVET CANDLE IN BOX
37482p,CUBIC MUG PINK POLKA DOT
85123b,ZINC HANGING HEART T-LITE HLDR
84912a,PINK ROSE WASHBAG
84029c,BROWN FURRY HOT WATER BOTTLE
20987,GEISHA GIRL CHOPSTICKS SET/5
21480,PINK STRIPE HOT WATER BOTTLE
37494a,FAIRY CAKE CERAMIC BUTTER DISH
84705B,FAIRY CAKES PHOTO FRAME
85079,EMBROIDERED REINDEER DECORATION
35840,FLAT GLASS  BAUBLE WHITE FLOCK
35995,SET/6 BLACK GLITTER REINDEER CANDLE
21290,LARGE SPOTTY CHOCOLATE GIFT BAG
84029C,BROWN FURRY HOT WATER BOTTLE
72740A,LARGE STRAWBERRY CHOCOLATE CANDLE
47569,ENGLISH ROSE DESIGN SHOPPING BAG
21772,VINTAGE METAL CAKE STAND CREAM
84614C,BLUE BAROQUE FLOCK CANDLE HOLDER
72799B,PURPLE PILLAR CANDLE BLACK FLOCK
37345,ASSTD HEARTS DESIGN MUGS
37492A,YELLOW RED FLOWER PIGGY BANK
72754B,F FAIRY POTPOURRI CUSHIONS LAVENDER
17091F,SANDALWOOD INCENSE IN TIN
84671B,CROCHET BEAR WITH BLUE STRIPES
21322,GLASS SPHERE CANDLE STAND LARGE
72740B,LARGE WHITE CHOCOLATE CANDLE
21118,SHOPPING BAG DOORSTOP
20714,POSY SHOPPER BAG
20968,GREEN FLORAL FELTCRAFT SHOULDER BAG
85128,PLANTPOT SINGLE HOOK PISTACHIO
84838,ANT WHITE HIGH RISE BIRD BOX
84925E,FLOWERS WALL THERMOMETER
90013E,AMBER VINTAGE EARRINGS
21780,MA CAMPAGNE 4 DRAWER WALL SHELF
85157,SET OF 2 CHESTS CHOCOLAT AU LAIT
35603B,S/16 BLACK SHINY/MAT BAUBLES
21496,WOODLAND CREATURES  WRAP
84608,ORNATE EDWARDIAN CANDLE HOLDER
85232C,RUSSIAN FOLKART STACKING TINS
71028B,SILVER BLUE EGG T-LIGHT HOLDER
72772,SET/4 SCENTED CANDLES IN RAMEKINS
72796C,S/3 ROSE GARDEN SCENT SQU CANDLE
18097B,BLUE TALL PORCELAIN T-LIGHT HOLDER
20913,SET/5 BLUE SPOTTY LID GLASS BOWLS
90000C,OPAL WHITE/SILVER FLOWER NECKLACE
21729,SMALL MARAKESH METAL  LANTERN
21409,SPOTTY COCKEREL DOORSTOP
85185E,DUCK SOCK PUPPET
20715,LITTLE FLOWER SHOPPER BAG
72753C,S/3 FLWR FAIRY ROSE CANDLES
84570B,WHITE SATIN DRESS JEWEL STAND
84567,FROSTED GLASS WITH SILVER SURROUND
21857,STAR WARS TOP TRUMPS GAME
84255A,PINK GLASS COCKTAIL LAMP
84630,FLOWERS AND BIRDS WALL PLAQUE
21779,MA CAMPAGNE MINI WOODEN CHEST
79065A,TEATIME ROUND CAKE TINS
85166A,WHITE METAL BAROQUE PHOTO FRAME
72753D,S/3 FLWR FAIRY SUMMER CANDLES
21554,CERAMIC BIRDHOUSE RED ROOF LARGE
84562B,BLUE/WHITE RIBBED MELAMINE JUG
82093,HEART SHAPE BUTTON FRAME
84933C,LARGE BLUE ORIENTAL FOLDING STOOL
84933B,LARGE PINK PEONY FOLDING STOOL
20680,PINK FLOWERS CHILDS UMBRELLA
84942,KASHMIR FOLKART HEART DISHES
21252,SET OF MEADOW  FLOWER STICKERS
20753,RETRO PINK SPOT WASHING UP GLOVES
20994,JAZZ HEARTS SPIRAL NOTEPAD
84030b,KNITTED POM POM HOT WATER BOTTLE
84867b,BLUE BABY BOY'S PHOTO ALBUM
18096c,WHITE ROUND PORCELAIN TLIGHT HOLDER
84371,BIG PINK POODLE
10002R,ROBOT PENCIL SHARPNER
79303A,WHITE ROHMBIC BLOCK TABLE LAMP
78056,CAMOUFLAGE BACKPACK ON WHEELS
72739B,WHITE CHOCOLATE SCENT CANDLE
48173A,DOOR MAT BLUE FLOCK
84706C,PINK FLOCK TABLE CLOCK
35822P,"ACRYLIC BEAD CHAIN, PINK"
82076,BEECH WOOD PHOTO FRAME
72739C,DARK CHOCOLATE SCENTCANDLE
35822B,"ACRYLIC BEAD CHAIN, BLUE"
72753A,S/3 FLWR FAIRY LILLY CANDLES
85043,RED HEART CANDY POP LIGHTS
21308,LOUVRE VANITY MIRROR
72750D,F.FAIRY S/3 CANDLE/GLASS
72801F,S/4 FESTIVE RED DINNER CANDLES
18010,ASSORTED FRAGRANCE BATH CONFETTI
20905,VINTAGE KEEPSAKE BOX BEAUTY GIRL
90121B,VINTAGE ROSE BEAD BRACELET BLUE
20812,EMBOSSED FLOWER TRELLIS PHOTO FRAME
72785B,S/4 CONTEMPORY RED ROSEBUD CANDLES
21551,CERAMIC BIRDHOUSE BUTTERFLY LARGE
21081,SET/20 POSIES PAPER NAPKINS
84586L,"PINK ROSES/GINGHAM PATCH RABBIT 8"""
84868A,PINK BABY GIRL'S MEMORY BOX
21008,ETCHED GLASS HEART TREE DECORATION
84622,PINK GINGHAM ROSE CUSHION COVER
20822,SILVER WINE GOBLET
84933A,LARGE GREEN PEONY FOLDING STOOL
20895,VINTAGE NOTEBOOK FRENCH LETTER
37112,YELLOW BIRDS FELT DES FOODCOVER
84450A,PINK RABBIT SITTING EASTER
20620,RED SPOTTY PASSPORT COVER
84798C,WHITE FOXGLOVE ARTIIFCIAL FLOWER
16168S,FUNKY MONKEY GIFT BAG SMALL
85112,S/3 TEAR DROP CUT GLASS DECORATION
22330,72 ROUND PINK DOILIES
72805,VANILLA CANDLE IN EMBOSSED ZINC POT
72751C,"F.FAIRY S/3 SML CANDLE, ROSE"
37451,CERAMIC CAKE TEAPOT WITH CHERRY
84029D,LEOPARD PRINT HOT WATER BOTTLE
85192S,HANGING SPRING FLOWER HEART SMALL
84311,CAMOFLAGE CUSHION COVER
21649,ASSORTED TUTTI FRUTTI PHOTO FRAME
90082C,DIAMANTE BOW BROOCH WHITE COLOUR
82011E,"BATHROOM SCALES, FAG BREAK"
21343,GOLD JEWELERY BOX
84575B,BROWN DOG CANNISTER W BONE
21702,SET 5 MINI GATEAUX  FRIDGE MAGNETS
21699,SET 5 MINI CHOCOLATE FRIDGE MAGNETS
21697,SET 5 MINI DOUGHNUT FRIDGE MAGNET
85218,S/5 MINI ICE CREAM FRIDGE MAGNETS
47504F,ENGLISH ROSE TORCH
21893,POTTING SHED SEED TIN
85220,SMALL FAIRY CAKE FRIDGE MAGNETS
21489,BLUE WHITE SCARF HOT WATER BOTTLE
47583B,SET OF 3 WICKER BASKET TEA AND CAKE
47583A,SET OF 3 WICKER BASKET ROSE
44217M,MULTICOLOUR FEATHERS CURTAIN
21256,"FRENCH BOTTLE, BRASSERIE DES ARTIST"
82553,POP'S GREASY SPOON METAL SIGN
16044,POP-ART FLUORESCENT PENS
20991,JAZZ HEARTS MAGNETIC MEMO PAD
85039b,S/4 IVORY MINI ROSE CANDLE IN BOWL
79342b,BROWN FLOWER LIGHTS
84753A,PINK EAU DE COLOGNE BOTTLE
84464,S/60 PINK FLUFFY CHICKS IN BOX
72785A,S/4 CONTEMPORY PINK ROSEBUD CANDLES
21582,KINGS CHOICE SMALL TUBE MATCHES
16161E,WRAP BOUDOIR
37485,ENGLISH ROSE TEA SET IN GIFT BOX
18096C,WHITE ROUND PORCELAIN TLIGHT HOLDER
82081,PINK HEARTS PHOTO ALBUM
72754A,FLOWER FAIRY POTPOURRI CUSHION LILY
84396,6 HOOK JEWELLERY STAND BLACK DRESS
20814,SILVER FINCH DECORATION
18098B,BLUE PORCELAIN B'FLY OIL BURNER
46775A,BUBBLE GUM CHUNKY KNITTED THROW
20791,BLUE TILED SET OF 3 DRAWERS
84520D,PACK OF 20 FAIRY CAKE PAPER NAPKINS
21685,MEDINA STAMPED METAL TRAY
84706A,ENGLISH ROSE TABLE CLOCK
20988,TRELLIS FLOWER CHOPSTICKS SET/5
84893,ANT WHITE IRON BASKET
21387,IVORY HANGING DECORATION  RABBIT
79338,DARK PINK FLOCK GLASS CANDLEHOLDER
85007,SET OF 3 VINTAGE TEA TIME BOXES
16239,BALLERINA HEART DECORATION.
84623,PINK GINGHAM ROSE FLOOR CUSHION
84619,BLUE GINGHAM ROSE QUILT
84205C,HAPPY BIRTHDAY GINGER CAT CARD
17109C,FLOWER FAIRY INCENSE ROSE
17013C,ORIGAMI LAVENDER INCENSE IN TUBE
35950,FOLKART HEART CHRISTMAS DECORATIONS
72045D,ROSES ON BLUE TEACUP CANDLE
72484,ROSES IN WHITE HEART CANDLE
21842,PINK HEART CANDY BUTTON CALCULATOR
84030B,KNITTED POM POM HOT WATER BOTTLE
84030C,KNITTED RAINBOW HOT WATER BOTTLE
17129D,CLEAR COLOUR GLASS GEMS IN BAG
17109B,FLOWER FAIRY INCENSE LAVENDER
35096B,RED VICTORIAN FABRIC HEART BOX
35096A,BLUE VICTORIAN FABRIC HEART BOX
84030c,KNITTED RAINBOW HOT WATER BOTTLE
20672,PINK TEATIME PRINT BOWL
84951b,SET OF 4 BLACK LOVEBIRD COASTERS
84876C,SILVER HEART COMPACT MIRROR
84830,LARGE ENGLISH ARBORETUM
84985B,SET OF 72 BLACK PAPER DOILIES
84427B,BLACK GLASS TV DOUBLE P/FRAME 15X10
90111,BLUE HIBISCUS  HAIR CLIP
85185F,LION SOCK PUPPET
21858,HIGH SCHOOL MUSICAL 3 TOP TRUMPS
35652,VINTAGE BEAD CHAISE LONG JEWEL BOX
47347B,BLUE FLOWER T-LIGHT HOLDER
84867A,PINK BABY GIRLS PHOTO ALBUM
84255B,ORANGE COCKTAIL GLASS LAMP
82607C,GLASS BONBON JAR. SUPERFINES
20993,JAZZ HEARTS MEMO PAD
47503F,ASS FLORAL PRINT TORCH
21639,ASSORTED TUTTI FRUTTI KEYRING
21674,RIDGED GLASS PENDANT LAMPSHADE
17027A,INCENSE BAZAAR CANNABIS
71434B,"BLACK RND BULLET""KEEP CLEAN"" BIN"
16243B,BROWN COZY SQUARE PHOTO ALBUM
21764,VINTAGE WOODEN PLATE RACK
47503G,ASS FLORAL PRINT TAPE MEASURE
90171,DAISY RING
84533B,FAIRY CAKES ROUND NESTING BOXES
21102,"CANDLE IN JAR COLLAGE , VANILLA"
84706B,FAIRY CAKES TABLE CLOCK
84767,ZINC POLICE BOX LANTERN
20693,FLORAL DINOSAUR GREEN
20736,PINK MINI TAPE MEASURE
84537B,FAIRY CAKES GIFT BAG
16244A,MAXWELL 2 TONE PINK 60 PAGE PHOTO A
21298,EDWARDIAN 2 DRAWER WALL CABINET
35001B,HAND OPEN SHAPE BLACK
40002,WHITE BAMBOO RIBS LAMPSHADE
21076,SET/20 COLLAGE PAPER NAPKIN
84765,SILVER ROCOCO CANDELABRA
47504J,ENGLISH ROSE SET/3 GARDEN TOOLS
20989,URBAN CHIC CHOPSTICKS SET/5
21092,SET/6 STRAWBERRY PAPER PLATES
20688,BEAUTY SPEED EXPRESSO CUPS
85190,PINK FLOWER HANGING HEART
21303,FILIGREE WALL MIRROR  ANTIQUE WHITE
21091,SET/6 WOODLAND PAPER PLATES
20833,SHAKER THROW  QUILTED
21438,TUB 24 HANGING EASTER EGGS SPOTTY
17164D,ASS COL SMALL SAND FROG P'WEIGHT
84402D,PINK DRESS JEWELLERY STAND
46137D,GREEN CHENILLE SHAGGY RUG
22657,HEN & 2 CHICKS IN BASKET
90139,FLOWER BROOCH 4 ASSORTED COLOURS
85186B,BUNNY BUNCH OF FLOWERS
84458,S/3 RABBIT FLOWER/EGG/CARROT ROPE
35973,GERANIUM FOLKART HEART DECORATION
21309,LOUVRE CHALKBOARD
51012L,"FEATHER DUSTER, LIGHT PINK"
85205A,IVORY FELT EASTER RABBIT GARLAND
84447,6 RABBIT CHAIN EASTER
37379B,BLUE CHERRY BLOSSOM CUP & SAUCER
21299,EDWARDIAN TOILET ROLL UNIT
21300,ANTIQUE EDWARDIAN DRESSER
84469,ROSE DES PADDED FLOOR CUSHION
84625B,BLCK NEW BAROQUE CANDLESTICK CANDLE
84653,GREEN ROSE QUILT
84909A,PINK PAISLEY QUILT
84720,DOT MATRIX CANVAS ART PICTURE
84414B,FUSCHIA/GREEN STRIPE WOOLLY BLANKET
46138D,GREEN CHENILLE SHAGGY C/COVER
84582,PINK CROCHET CAT WITH SCARF
72753B,S/3 FLWR FAIRY LAVENDER CANDLES
72755D,FLOWER FAIRY OIL BURNER SET SUMMER
72755C,FLOWER FAIRY OIL BURNER SET ROSE
20889,JARDIN DE FEMME SCENTED CANDLE
20888,SET 3 JARDIN DE FEMME SCENT CANDLES
17109A,FLOWER FAIRY INCENSE LILY
90126B,BLUE BERTIE MOBILE PHONE CHARM
72084B,CHOCOLATE ICE CREAM CANDLE
84814A,HEXAGONAL CRYSTAL PERFUME BOTTLE
84219,BOX/12 MOTHER & CHICK IN BASKET/BOW
72267,PREMIUM CHURCH CANDLE
17108D,FLOWER FAIRY SUMMER BOUQUET SACHET
84925A,WAKE UP COCKEREL WALL THERMOMETER
21437,24 HANGING EASTER EGGS FLORAL TUB
47562,ENGLISH ROSE IRONING BOARD COVER
37326,FAIRY DESIGN MUGS
85014D,PINK/BROWN DOTS RUFFLED UMBRELLA
85160b,BLACK BIRD GARDEN DESIGN MUG
85231e,STRAWBERRY SCENTED SET/9 T-LIGHTS
21388,IVORY HANGING DECORATION  CHICKEN
85196,EASTER BUNNIES ON A STICK
72750C,"F.FAIRY S/3 CANDLE/GLASS, ROSE"
21443,OLIVE CHALET BIRDFEEDER
20800,LARGE GLASS SUNDAE DISH CLEAR
84532B,FAIRY CAKES RECTANGLUAR BOXES
85167A,WHITE GRAND BAROQUE PHOTO FRAME
37348,SET OF 4 PASTEL STACKING MUGS
72083A,STRAWBERY SWIRL FLARE CANDLE
21477,STRING OF 20 ROSE LIGHTS
22290,STANDING METAL RABBIT WITH EGG
35001P,HAND OPEN SHAPE PINK
21173,LOO ROLL  METAL SIGN
37494A,FAIRY CAKE CERAMIC BUTTER DISH
84450B,PINK/YELLOW RABBIT SAT EASTER
21347,GOTHIC CARRIAGE LANTERN
21553,CERAMIC BIRDHOUSE FINCH BLUE  LARGE
90197D,AMBER GLASS BRACELET HEART CHARMS
84971L,LARGE HEART FLOWERS HOOK
37410,BLACK AND WHITE PAISLEY FLOWER MUG
21193,WHITE HONEYCOMB PAPER FAN
84705A,ENGLISH ROSE PHOTO FRAME
21223,SET/4 BADGES WOODLAND ANIMAL
22253,6 CROCHET STRAWBERRIES
21276,TWO EMBOSSED HEART MINI DRAWERS
35824C,"HANGING FLOWERS+MIRROR,CLEAR"
35821B,"JEWELLED DECORATION,BLUE"
35918B,BLUE FLORIBUNDA EGG WARMER
84578,ELEPHANT TOY WITH BLUE T-SHIRT
84934,ASSTD DESIGN POP ART SLIM PEN
21321,GLASS CHALICE BLUE  LARGE
35979,SIX STRING SCANDINAVIAN HEART DECS
79302m,"ART LIGHTS,FUNK MONKEY"
84454,WOBBLING METAL CHICKEN EASTER
84437A,S/6 PINK EASTER DECS IN BOX
84455,SET OF 3 RABBIT CARROTS EASTER
84596I,WRAP SWEETS LIGHT PINK SMALL BOWL
37409,ASSORTED DESIGN FLOWER MUGS
84615,PINK ROUND BUTTERFLY MIRROR
51012C,"FEATHER DUSTER, COAL BLACK"
21549,CERAMIC BIRDHOUSE RED ROOF SMALL
21663,VINTAGE GLASS SUGAR CADDY
21338,MARAKESH LANTERN SMALL
21304,ARCHED GREY MIRROR
21255,"FRENCH BOTTLE , LAVENDER"
84926B,SCOTTS ROSES TILE COASTER
84705F,RED PEONY PHOTO FRAME
20891,LARGE GLASS ROSE SCENTED CANDLE
20890,SMALL GLASS ROSE SCENTED CANDLE
21853,GUMBALL CUSTOM CARS TOP TRUMPS GAME
16050,TEATIME PENCIL WITH RUBBER
84657,GREEN ROSE CUSHION COVER
85023A,CRYSTAL LARGE JEWELLED PHOTO FRAME
84932D,SMALL ORIENTAL RED FOLDING STOOL
10138,ASSORTED COLOUR JUMBO PEN
84529A,PINK KNITTED KIDS RUCKSACK
22054,MINI CAKE STAND HANGING HEARTS
21734,SMALL MARAKESH LANTERN ON STICK
84869,CANDY BUTTON PHOTO ALBUM
35824P,"HANGING FLOWERS+MIRROR,PINK"
84621,BLUE GINGHAM ROSE FLOOR CUSHION
84529B,BLUE KNITTED KID'S RUCKSACK
84599,CANDY STRIPE ROSE FLOOR CUSHION
84932B,SMALL PINK PEONY FOLDING STOOL
84993b,75 BLACK PETIT FOUR CASES
47570,ENGLISH ROSE TABLE CLOTH
84292B,BLUE COL METAL FOLDING CHAIR
21759,METAL WALL SHELF UNIT WITH HOOKS
72796A,S/3 ENGLISH LAVENDER SQU CANDLE
90189B,GOLD 2 STRAND NECKLACE-LEAF CHARMS
16169A,WRAP CHRISTMAS DECOUPAGE
72750A,FLOWER FAIRY SET OF 3 LILY CANDLES
85147,JARDIN ETCHED GLASS CANDLEHLDR LONG
85231L,LAVENDER SCENTED SET/9 T-LIGHTS
85117,NIGHTINGALE COATHOOK WHITE
17129C,SKY BLUE COLOUR GLASS GEMS IN BAG
75149N,STRING CRYSTALS NATURAL
79413,GLASS WINE GLASS DECORATIONS
84760L,LARGE HANGING GLASS+ZINC LANTERN
72779,SET/6 BLACK ROSE T-LIGHT CANDLES
82585,SWEET VALENCIA CANDLE+CUP
47594a,CAROUSEL DESIGN WASHBAG
84867a,PINK BABY GIRLS PHOTO ALBUM
16202C,BEIGE PHOTO ALBUM
84770,ROUND GEORGIAN SILVER MIRROR
21099,SET/6 STRAWBERRY PAPER CUPS
84937,KASHMIR FOLKART TUMBLERS
84868B,BLUE BABY BOY'S MEMORY BOX
85221,ASSORTED COLOUR SILK COIN PURSE
85184B,SET 4 EASTER DECOUPAGE OVAL BOXES
35004S,SET OF 3 SILVER FLYING DUCKS
84948,SILVER HANGING T-LIGHT HOLDER DOME
47504G,ENGLISH ROSE TAPE MEASURE
84925C,FAIRY CAKES  WALL THERMOMETER
85050,FRENCH ENAMEL SOAP DISH WITH LID
84472,PINK AND LILAC QUILTED THROW
72225D,VANILLA SCENT CAKE CANDLE
84425A,WHITE GLASS TV TRIPLE FRAME
84366,VENDETTA CANVAS PICTURE
82587,TEXRIO TOMATOES CANDLE+CUP
35955,SMALL FOLKART CHRISTMAS TREE DEC
84807,RED POPPY ARTIFICIAL FLOWER
35817B,"ACRYLIC JEWEL SNOWFLAKE,BLUE"
35816B,"ACRYLIC JEWEL ANGEL,BLUE"
35824B,"HANGING FLOWERS+MIRROR,BLUE"
47587A,PINK FAIRY CAKE COASTER
84899E,YELLOW BROWN BEAR FELT PURSE KIT
20899,VINTAGE NOTEBOOK RED ROSE
21396,RED SPOTTY EGG CUP
72800A,S/4 BLACK DINNER CANDLE SILVER FLOC
35980B,RED TOP SCANDINAVIAN HEART
37492C,GREEN BLUE FLOWER PIGGY BANK
21837,CROSS STITCH ALPHABET CUSHION COVER
35233,PASTA ENAMEL/BRASS CONTAINER
35537,CANDLE RING W/CLEAR BEADS
21384,IVORY HANGING DECORATION  BUTTERFLY
84962,SET/3 COLOUR PAINTED KASHMIRI STOOL
84656,WHITE ROSE C/COVER
37492D,PURPLE GREEN FLOWER PIGGY BANK
84857A,SILVER MONTE CARLO HANDBAG
21511,VINTAGE COLLAGE  GREETING  CARD
20747,PICCADILLY TEA SET
84762C,GREEN PICNIC BARBECUE BUCKET
21550,CERAMIC BIRDHOUSE CRESTED TIT LARGE
21593,SWALLOW CIGAR BOX MATCHES
16256C,HEARTS PENCIL/RUBBER+5 MINI PENCILS
21869,POTTING SHED COFFEE MUG
37422,WHITE WITH BLACK CATS BOWL
47593a,CAROUSEL DESIGN BABY BIB
85232a,SET/3 POLKA DOT STACKING TINS
84985b,SET OF 72 BLACK PAPER DOILIES
84797b,BLUE SAVANNAH PICNIC HAMPER FOR 4
21665,TRIANGULAR RIDGED GLASS POSY HOLDER
21740,COSY SLIPPER SHOES LARGE RED
84797B,BLUE SAVANNAH PICNIC HAMPER FOR 4
79140,ASS WINDPROOF MARIJUANA LIGHTERS
84858B,BLUE RIVIERA HANDBAG
21552,CERAMIC BIRDHOUSE BLACK ROSE  LARGE
47581B,FAIRY CAKE WICKER PICNIC BASKET
79072,TEATIME CAKE TIN WITH HANDLE
84873a,FUNKY FLOWER PICNIC BAG FOR 4
84797a,PINK HAWAIIAN PICNIC HAMPER FOR 4
84529C,YELLOW KNITTED KIDS RUCKSACK
84684,BEACH HUT PHOTO FRAME
84797A,PINK HAWAIIAN PICNIC HAMPER FOR 4
37481,CUBIC MUG TEATIME CAKES
84782B,BLACK 3 TIER GLASS PLATE STAND
84757,ENCHANTED GARDEN WROUGHT IRON TABLE
84251J,"GREETING CARD, THE BLACK CAT"
47505,MINATURE COLOURED GARDENING SET
37483,ENGLISH ROSE MUG IN GIFT BOX
85162C,WHITE RETRODISC LAMPSHADE
85162A,SILVER RETRODISC LAMPSHADE
85162B,BLACK RETRODISC LAMPSHADE
16051,TEATIME PENCIL W STAMP ASST
84564,6 SEGMENT COLOURED SNACK BOWL
84914A,PINK ROSE PICNIC RUG
21127,COLOURFUL FISHING GNOME
16256B,FLOWER PENCIL/RUBBER+5 MINI PENCILS
85014C,BLUE/BROWN DOTS RUFFLED UMBRELLA
84555A,YELLOW VW BEETLE CERAMIC MONEY BOX
85231E,STRAWBERRY SCENTED SET/9 T-LIGHTS
84932A,SMALL GREEN PEONY FOLDING STOOL
85168A,WHITE BAROQUE CARRIAGE CLOCK
72756,FAIRY CAKE CANDLES
84815,SET OF 3 DANISH ROSE PLANTERS
20729,RED SPOTTY CANDY BAG
84292,ROSE PINK METAL FOLDING CHAIR
84247H,PACK/12 DECOUPAGE CARD
47552A,DOTS IRONING BOARD COVER
21097,SET/6 GREEN SPRING  PAPER PLATE
20799,PINK MILKSHAKE GLASS
16156N,"WRAP, FRIENDSHIP ON GREEN"
85165,CANDY PINK FRENCH BOUDOIR CLOCK
47503K,ASSORTED FLORAL SECATEURS
85222,ASSORTED COLOUR SILK COSMETIC PURSE
90037D,TINY CRYSTALS BRACELET BLACK
84288B,SET/2 BLUE  NOODLE BASKETS
84989b,75 BLACK FAIRY CAKE CASES
85040b,SET/4 BLUE FLOWER CANDLES IN BOWL
85124b,BLUE JUICY FRUIT PHOTO FRAME
90035B,"PEARL & SHELL 42""NECKL. PINK"
47598,NEW ENGLAND EGG WARMER
84456,SET OF 3 RABBIT EGG EASTER
90095,NECKLACE+BRACELET SET PINK BLOSSOM
79341,WILLOW BRANCH LIGHTS.
85121B,RETRO LAUNDRY TUB PINK
84595B,LARGE TRIFLE DESIGN L BLUE BOWL
22864,MUG AND COASTER SET RED CIRCLES
79308B,MOSAIC CANDLE DISH BLUE PURPLE
20862,PINK PATCH PENCIL CASE BLUE HEART
21130,COLOURFUL STANDING GNOME
84932C,SMALL ORIENTAL BLUE FOLDING STOOL
21589,SWALLOW GIANT TUBE MATCHES
21536,DAIRY MAID  SMALL  MILK JUG
21440,12 MINI TOADSTOOL PEGS
84886,BLUE METAL WALL SHELF
72796B,S/3 FRENCH VANILLA SQU CANDLE
90060C,FIRE POLISHED GLASS NECKL SILVER
84902,PINK KNITTED COW STUFFED TOY
21185,HOME SWEET HOME  BLACKBOARD
47590a,BLUE HAPPY BIRTHDAY BUNTING
47591c,BLUE FAIRY CAKE CHILD'S APRON
84509e,SET OF 4 CAROUSEL PLACEMATS
84510B,SET OF 4 FAIRY CAKES COASTERS
84762A,WHITE PICNIC BARBECUE BUCKET
85142,JARDIN ETCHED GLASS GINGER JAR
84855,BLOKEY SILVER TOOL SET
84705D,CHERRY BLOSSOM PHOTO FRAME
16245A,PINK MINI STATIONERY SET W CASE
21085,SET/6 WOODLAND PAPER CUPS
21339,MARAKESH LANTERN LARGE
84972L,GIANT PINK HEART MEMO HOLDER
35085E,IVORY ROSE LAMPSHADE
84546,CROCHET POODLE KEYRING
84081,WHITE CERAMIC PARTY SET (5PCS)
45008C,DECORATIVE NET CANOPY CREAM
79342B,BROWN FLOWER LIGHTS
20689,RETRO SISTERS EXPRESSO CUPS
21419,CONCH SHELL
35823P,"ACRYLIC BEAD GARLAND,PINK"
84601A,NEW BAROQUE IVORY CUSHION COVER
45014,FOLDING SHIRT TIDY
84250M,"GREETING CARD, BLACKPOOL ROCK"
85041,SET/4 PINK ORCHID CANDLES IN BOWL
48103,DOORMAT KISS MY.......
84791,GINGHAM HEART DECORATION
47592B,SCOTTIE DOGS CHILDRENS OVERALL
85184d,S/4 BLUE ROUND DECOUPAGE BOXES
48195,DOORMAT GREEN PAISLEY
79323GR,GREEN CHERRY LIGHTS
21545,CERAMIC BIRDHOUSE BUTTERFLY SMALL
21728,METAL MEDINA LANTERN
40018E,TEA TIME PAPER LANTERNS
84796b,BLUE SAVANNAH PICNIC HAMPER FOR 2
85099c,JUMBO  BAG BAROQUE BLACK WHITE
85070,ANT WHITE SWEETHEART TABLE W 3 DRAW
79328,BLUE FLOCK GLASS CANDLEHOLDER
84467,ENGLISH ROSE DESIGN QUILTED THROW
22056,CERAMIC PLATE LOVE HEART DESIGN
48197,DOORMAT BIRD ON THE WIRE
46307,ROSES BLUE BASE CUSHION COVER
79030A,"TUMBLER, ENGLISH ROSE"
21323,HANGING MEDINA LANTERN LARGE
37502,TEA TIME MUG IN GIFT BOX
37482B,CUBIC MUG BLUE POLKA DOT
20660,VIP LUGGAGE TAG
21585,SWALLOW SMALL TUBE MATCHES
84795E,RIO PINK STRIPE HAMMOCK
85185C,COW  SOCK PUPPET
84837,WHITE SWEETHEARTS CABINET 4 DRAWERS
37441,ASSORTED WHITE EMBOSSED CHINA MUGS
20804,GLASS CHICKEN BUTTER DISH
47556b,TEA TIME TEA TOWELS
84510b,SET OF 4 FAIRY CAKES COASTERS
79323G,GOLD  CHERRY LIGHTS
84795D,SEASIDE STRIPE HAMMOCK
84367,LA STREGA CANVAS PICTURE
72799A,BLACK PILLAR CANDLE SILVER FLOCK
44241C,BLUE BUTTERFLY ON SPRING
35654,VINTAGE BEAD FILLED PINK CUSHION
72728,ROSE SCENT CANDLES IN GLASS
44091C,MULTICOLOUR CRUSOE CHECK LAMPSHADE
84795A,PASTEL STRIPE HAMMOCK
17181,CIRCLE OF FRIENDS CANDLE HOLDER
84327A,PINK JUMPER LARRY THE LAMB
84926C,FAIRY CAKES TILE COASTER
21652,GLASS ETCHED T-LIGHT HOLDER MEDIUM
62097A,PINK STRIPES SHOULDER BAG
84986b,SET OF 36 SILVER PAPER DOILIES
72023F,RED ORGANIC CANDLE IN GLASS
84989B,75 BLACK FAIRY CAKE CASES
17039,INLAID WOOD INCENSE HOLDER
79303B,BLUE STAR BLOCK TABLE LAMP
79315W,FLYING SAUCER TABLE LIGHT IN WHITE
79303D,LILAC FLOWER BLOCK TABLE LAMP
21335,LIBRARY LAMP
21796,SET OF 3 RED STRIPE BASKETS
72801e,4 FESTIVE GREEN DINNER CANDLES
46037A,PINK CANVAS DES CUSHION COVER
21950,SET OF 6 DOTS CHOPSTICKS
85018A,S/6 PAPER BOXES ROMANTIC IMAGES
47591C,BLUE FAIRY CAKE CHILDRENS APRON
79029,GLASS HONEYPOT WASP CATCHER
84690,S/2 BEACH HUT STOOLS
20863,BLUE PATCH PENCIL CASE PINK HEART
20783,HEART EAR MUFF HEADPHONES
85091,CANDY SPOT BREAD BASKETS
85060,WOOD FAN WITH FLOWER DESIGN
21203,BUTTERFLIES  HONEYCOMB GARLAND
84676,BATH DUCK WATERING CAN
90002C,FLOWER BURST SILVER RING MIDN'T BLU
90002E,FLOWER BURST SILVER RING GREEN
20896,VINTAGE NOTEBOOK PINK FLOWER
84845C,CARNATION SQUARE HANDY TIN
85124a,PINK JUICY FRUIT PHOTO FRAME
85113,POLKA DOT PISTACHIO PAIL
84782A,PINK 3 TIER GLASS PLATE STAND
84864A,PINK PAISLEY PHOTO ALBUM
17014F,ORIGAMI SANDLEWOOD INCENSE CONES
17011A,ORIGAMI VANILLA INCENSE+FLOWER
17011D,ORIGAMI ROSE INCENSE+FLOWER
17014E,ORIGAMI OPIUM INCENSE CONES
17014D,ORIGAMI ROSE INCENSE CONES
17013F,ORIGAMI SANDLEWOOD INCENSE IN TUBE
17011B,ORIGAMI JASMINE INCENSE+FLOWER
84726,LILLIES CANVAS PICTURE
22347,PIZZA SLICE DISH
22122,SET OF 2 FANCY FONT TEA TOWELS
81985A,"ICON ALARM CLOCK,FUSCHIA  PIN UP"
72708,SCULPTED ROUND IVORY CANDLE
84249D,FAIRY CAKE GREETINGS CARD
47591A,CAROUSEL CHILDRENS APRON
37506,NEW ENGLAND MILK JUG W GIFT BOX
37508,NEW ENGLAND CERAMIC CAKE SERVER
22177,5 HOOK BLACKBOARD ORGANISER
85124c,GREEN JUICY FRUIT PHOTO FRAME
72715,SPHERICAL IVORY CANDLE
72038P,PRICE'S CANDLE PEACH
82072,WHITE WOOD SINGLE P/FRAME
85129A,"WHITE PEARL BEADED HEART, SMALL"
47597,NEW ENGLAND TEATOWELS
77081,FLOWER WINDMILL
79301,FEATHER HEART LIGHTS
20621,ECONOMY PASSPORT COVER
72801E,4 FESTIVE GREEN DINNER CANDLES
78026,SEAGRASS S/3 SQU LAUNDRY BOX
78027,SEAGRASS S/2 CORNER LAUNDRY
40018F,CHERRY DESIGN PAPERLANTERNS
20730,STRAWBERRY CANDY BAG
84680,CLASSICAL ROSE URN
84782C,GREEN 3 TIER GLASS PLATE STAND
85097B,BLUE ROCKING SINGING CANARY
20990,SPRING FLOWER CHOPSTICKS SET/5
20692,FLORAL ELEPHANT SOFT TOY
45016,DECORATIVE NET CANOPY LEOPARD
21760,FRENCH STYLE WALL DRESSER
85217,ASSORTED ICE CREAM FRIDGE MAGNETS
21540,DAIRY MAID BUTTER DISH
21077,SET/20 WOODLAND PAPER NAPKINS
21752,GLASS CAKE STAND MIRRORED BASE
17091B,JASMINE TEA INCENSE IN TIN
90127B,BLUE BEADS+HAND PHONE CHARM
21474,SWEETHEART CREAM STEEL FOLDIN BENCH
46775E,CANDY POP CHUNKY KNITTED THROW
21312,LARGE CHUNKY GLASS ROMAN BOWL
84762B,PINK PICNIC BARBECUE BUCKET
47592A,CAROUSEL CHILDRENS OVERALL
47502,POLKADOT CUTLERY 24 PCS IN TRAY
21133,PAINTED BIRD ASSORTED CHRISTMAS
21529,RED RETROSPOT TOASTRACK
90040D,MURANO STYLE GLASS BRACELET PINK
21687,SILVER PLATE CANDLE BOWL LARGE
20855,PINK PATCH PURSE BLUE HEART
84858A,NATURAL RIVIERA HANDBAG
79323S,SILVER CHERRY LIGHTS
21923,RED/CREAM STRIPE FRINGE HAMMOCK
17178,FLAT PALM T-LIGHT HOLDER
84761,IVORY HANGING BIRD PLANTER
20776,ABSTRACT CIRCLES NOTEBOOK
21490,SET OF THREE 50'S GIFT WRAPS
20865,PATCHWORK PENCIL CASE BUTTERFLY
84251F,"GREETING CARD, RITA"
85033G,SET/6 GOLD REINDEER T-LIGHT CANDLES
84520b,PACK 20 ENGLISH ROSE PAPER NAPKINS
20787,BLUE RETRO BAR STOOL
21153,RED SPOTTY TABLECLOTH
35963,FOLKART ZINC CLIP ON ANGEL WINGS
21007,ETCHED GLASS DROPLET DECORATION
90150,BLUE SHELL+SILVER NECKLACE
84627,CANDY STRIPE ROSE C/COVER
85080,PADDED RED HEART DECORATION
84918,CREAM CUSHION COVER WITH FLOWERS
84682,CLASSICAL ROSE DISH
21119,Glow In The Dark Shot Glasses
85232d,SET/3 DECOUPAGE STACKING TINS
21732,RED HANGING METAL STAR TLIGHT HLDR
85110,BLACK SILVER FLOWER T-LIGHT HOLDER
85184D,S/4 BLUE ROUND DECOUPAGE BOXES
84493,BLUE/PINK NEST STRIPE BOX
35838B,S/6 SILVER ORNAMENETAL CANDLE
22612,TEA COSY VINTAGE UNION JACK
35600D,PINK AND WHITE CHRISTMAS TREE 180CM
47503E,ASS FLORAL PRINT SCISSORS
35838A,S/6 MULTICOLOUR ORNAMENETAL CANDLE
72129,COLUMBIAN CANDLE ROUND
85164B,BLACK BAROQUE CUCKOO CLOCK
22172,METAL SHELF WITH RAIL
72799D,BLUE PILLAR CANDLE SILVER FLOCK
21612,SET 12 WILDFLOWER BOTANICAL T-LIGHT
21493,VINTAGE DESIGN GIFT TAGS
85124A,PINK JUICY FRUIT PHOTO FRAME
21341,KASBAH LANTERN WITH GLASS
84482,BUTTONS DESIGN JEWELLERY BOX
22036,DINOSAUR BIRTHDAY CARD
20976,12 PENCILS SMALL TUBE POSY
84405A,S/3 PINK COL METAL BASKET W HANDLE
37492B,BLUE YELLOW FLOWER PIGGY BANK
79532,MOSAIC GLASS BALL CANDLEHOLDER
72606A,BROWN ANTIQUE CUBE CANDLE
79534,MULTICOLOUR GLASS PLATE
21919,Electronic Talking Breath-A-Loser
90066A,PINK VINTAGE VICTORIAN CHOKER
85081,PADDED HOLLY CHRISTMAS DECORATION
84510F,SET OF 4 NEW ENGLAND COASTERS
72529W,WHITE ADVENT CANDLE
21214,SET OF 72 IVORY PAPER DOILIES
17165B,ASS COL LARGE SAND GECKO P'WEIGHT
21542,WOODLAND WATER TRANSFER TATTOOS
44230,SQUARE MIRROR CURTAIN
84313A,PINK TV TRAY TABLE
72789,BASKET/8 SCENTED LOVE TOKEN CANDLES
72781,BLACK SILOUETTE CANDLE PLATE
21532,DAIRY MAID SUGAR JAM BOWL
16201A,PASTEL PINK PHOTO ALBUM
90091,CRYSTAL DRAGONFLY PHONE CHARM
84967C,GREEN KASHMIRI OCCASIONAL TABLE
82607A,GLASS BONBON JAR PARFUME AUX FLEURE
47504E,ENGLISH ROSE SCISSORS
21241,GREEN POLKADOT CUP
37462B,"PET MUG, BUDGIE"
35160,BUDDHA INCENSE HOLDER ASSORTED
35980C,REDWHITE STRIPE SCANDINAVIAN HEART
84986B,SET OF 36 SILVER PAPER DOILIES
47568,ENGLISH ROSE DESIGN PEG BAG
22790,"MIRROR, ARCHED GEORGIAN"
85099b,JUMBO BAG RED RETROSPOT
35936,CERISE+GOLD CHRISTMAS TREE DEC
16169F,WRAP BLIZZARD
21482,MUSHROOM BLUE HOT WATER BOTTLE
35981C,WHITE SNOW SCANDINAVIAN STOCKING
82069,BEECH WOOD P/FRAME
21924,BLUE/CREAM STRIPE FRINGE HAMMOCK
21737,SET 3 WICKER LOG BASKETS
22850,BREAD BIN DINER STYLE BLACK
35937,CERISE+GOLD CHRISTMAS STOCKING DEC
17033,"BROCADE PURSE,SMALL ARCH BUTTON"
21444,BLUE CHALET BIRDFEEDER
35962,SET/12 ZINC CHRISTMAS DECORATIONS
84901,BLACK FACE LAMB WITH PANTS
20784,RED RETRO BAR STOOL
82545A,COGNAC AUX OEUFS METAL 1 HOOK
84845D,GERANIUM SQUARE HANDY TIN
35596,WOOD XMAS TREE 9 FIG SHELVES
20943,SET/6 GINGERBREAD STAR T-LIGHTS
84559d,3D SHEET OF SEA WORLD STICKERS
20786,BLACK RETRO BAR STOOL
35004p,SET OF 3 PINK FLYING DUCKS
84967A,PINK KASHMIRI OCCASIONAL TABLE
16047,POP ART PEN CASE & PENS
21795,SET OF 3 BLUE STRIPE BASKET
21010,ETCHED GLASS BIRD TREE DECORATION
20864,DENIM PATCH PENCIL CASE BUTTERFLY
90025C,BAROQUE BUTTERFLY EARRINGS GREEN
84664,CHERRY BLOSSOM BATHROOM CABINET
35811A,ENAMEL PINK SUGAR CONTAINER
84424A,FOUR PICTURE WHITE GLASS FRAME
90203,SILVER CHARM NECKLACE 70CM
21247,SET OF RED SALAD SERVERS
79323LP,LIGHT PINK CHERRY LIGHTS
90002B,FLOWER BURST SILVER RING ROSE
84612B,SET/4 BLACK  BAROQUE FLOCK COASTER
84709A,SILVER OVAL JEWELLED MIRROR
21611,SET OF 12 LILY BOTANICAL T-LIGHTS
82616A,BUBBLE GUM SCARF KNITTING KIT
22143,CHRISTMAS CRAFT HEART DECORATIONS
84971s,SMALL HEART FLOWERS HOOK
35594,WOODEN CHRISTMAS TREE 3 HANGING
21691,SILVER VANILLA FLOWER CANDLE POT
79172D,PURPLE TINT ACRYLIC FLOWER VASE
21478,SILVER SKULL HOT WATER BOTTLE
84968b,SET OF 16 VINTAGE IVORY CUTLERY
82597,BOMBS AWAY METAL SIGN
37352,BIRD IN TREE MUG
21548,CERAMIC BIRDHOUSE FINCH BLUE ROOF
21146,ANTIQUE GLASS RIDGED HANGING BALL
84966A,PINK KASHMIRI BOXED MIRROR
84966B,BLUE KASHMIRI BOXED MIRROR
84966C,GREEN KASHMIRI BOXED MIRROR
84964A,PINK PAINTED KASHMIRI TABLE
84964B,BLUE PAINTED KASHMIRI TABLE
84965A,PINK KASHMIRI COFFEE TABLE
84965B,BLUE KASHMIRI COFFEE TABLE
84967B,BLUE KASHMIRI OCCASIONAL TABLE
85018B,S/6 PAPER BOXES BLOSSOM IMAGES
72801g,4 BURGUNDY WINE DINNER CANDLES
90002A,FLOWER BURST SILVER RING OPAL
21596,Hypochondriac Pill Stress Ball
16169C,WRAP BLUE REINDEER
21350,GINGHAM HEART WREATH
21004,ROSE DU SUD CHILDRENS APRON
90024A,NEW BAROQUE B'FLY NECKLACE BLACK
21274,EMBOSSED HEART 3 DRAWER SHELF
82607E,GLASS BONBON JAR. D'AMANDES
21659,GLASS CAKE STAND
35015,JACOBS LADDER SMALL
21330,WOODLAND ANIMAL  WRITING SET
85033S,SET/6 SILVER REINDEER T-LIGHTS
90142C,ROSE PINK PENDANT SHELL NECKLACE
85232b,SET OF 3 BABUSHKA STACKING TINS
35603C,SET/16 WHITE SHINY & MATT BAUBLES
85226C,BLUE PULL BACK RACING CAR
84509F,SET OF 4 NEW ENGLAND PLACEMATS
21590,KINGS CHOICE CIGAR BOX MATCHES
84924D,LA PALMIERA METAL SIGN CALENDAR
20850,ZINC HEART LATTICE PLANTER BOWL
72750B,FLOWER FAIRY SET 3 CANDLES LAVENDER
84908A,PINK 5 PATCH FLOWER CUSHION COVER
16212,FUNKY GIRLZ ASST MAGNETIC MEMO PAD
10134,COLOURING PENCILS BROWN TUBE
35932,PINK CHRISTMAS TREE DECORATION
35931,PINK STAR CHRISTMAS DECORATION
35004c,SET OF 3 COLOURED  FLYING DUCKS
20825,GOLD WINE GLASS
21282,NATURAL BARK CANDLE LARGE
85166B,BLACK METAL BAROQUE PHOTO FRAME
72008,FROSTED BOX 9 WHITE T-LIGHT CANDLES
84984C,ORIENTAL BLUE CUSHION COVER
21825,PAINTED METAL TREE WITH HOLLY BELLS
21768,WALL MOUNTED VINTAGE ORGANISER
85179B,WHITE BITTY LIGHT CHAIN
35471A,SET OF 3 BIRD L.BLUE FEATHER
21765,HANGING METAL BIRD BATH
84611B,BLACK NEW BAROQUE FLOCK BOX
21541,DINOSAURS WATER TRANSFER TATTOOS
84559D,3D SHEET OF SEA WORLD STICKERS
16053,POPART COL BALLPOINT PEN ASST
21431,GREEN GINGHAM FLOWER JEWELLERY BOX
21134,VICTORIAN METAL POSTCARD CHRISTMAS
84596K,JELLY BABIES YELLOW SMALL BOWL
84985a,SET OF 72 GREEN PAPER DOILIES
72793,BLACK BOX MIRROR LANTERN
84625D,WHITE NEWBAROQUE CANDLESTICK CANDLE
35991,SET/6 BLACK SNOWFLAKE T-LIGHTS
85121C,RETRO LAUNDRY TUB PISTACHIO
84526,GIANT BLACK SUNGLASSES
21610,SET 12 PEAR BOTANICAL T-LIGHTS
84908B,BLUE 5 PATCH FLOWER CUSHION COVER
35969,FOLKART CROWN TABLE DECORATIONS
84891B,GREEN WIRE GOBLET CANDLEHOLDER
72803B,OCEAN SCENT CANDLE JEWELLED DRAWER
47567b,TEA TIME KITCHEN APRON
21017,RED BIRD HOUSE TREE DECORATION
21432,SET OF 3 CASES WOODLAND DESIGN
21805,WHITE CHRISTMAS TREE DECORATION
35644,PAIR PINK/BLACK COATHANGERS
72800F,4 IVORY DINNER CANDLES GOLD FLOCK
37424,WHITE WITH BLACK CATS MUG
22058,CERAMIC LOVE HEARTS DESIGN MUG
35240,ENAMEL BLUE RIM OVAL TRAY SET/2
20849,ZINC HEART LATTICE DOUBLE PLANTER
37477B,"FLOWER FAIRY MUG+COASTER,LAVENDER"
90142B,IVORY PENDANT SHELL NECKLACE
84670,JAPANESE CROCHETED ANIMAL
72814,SET OF 3 CHRISTMAS BRIAR CANDLES
85044,RED REINDEER STRING OF 20 LIGHTS
37477C,"FLOWER FAIRY MUG+COASTER,ROSE"
35611B,BLACK ASSORTED DROPLET DECORATION
20952,PORCELAIN CHERUB BELL SMALL
84661c,PINK SQUARE TABLE CLOCK
21283,NATURAL BARK CANDLE SMALL
85018C,S/6 PAPER BOXES CURIOUS IMAGES
90042B,FRESHWATER PEARL BRACELET PINK
72140F,HAPPY ANNIVERSARY CANDLE LETTERS
85090,CANDY SPOT APRON
85226A,WHITE/BLUE PULL BACK RACING CAR
90090,PINK CRYSTAL HEART PHONE CHARM
90088,CRYSTAL KEY+LOCK PHONE CHARM
35951,FOLKART BAUBLE CHRISTMAS DECORATION
84899F,YELLOW PURPLE DAISY FELT PURSE KIT
21016,LIGHT BIRD HOUSE TREE DECORATION
47563B,WAVELINE SURF IRONING BOARD COVER
20950,SET/6  ANGEL T-LIGHTS WHITE/GOLD
62095B,TURQOISE ICE CREAM SUNHAT
35633B,BLUE TINSEL GARLAND
20958,PORCELAIN HANGING BELL LARGE
84247C,PACK/12 BLUE REINDEER CARD
84596j,MIXED NUTS LIGHT GREEN BOWL
20738,GREEN MINI TAPE MEASURE
10123G,ARMY CAMO WRAPPING TAPE
21806,WHITE CHRISTMAS HEART DECORATION
20953,PORCELAIN CHERUB BELL LARGE
21337,SILVER WASHBAG
84007,MAGIC GARDEN MOUNT FUJI
84875A,PINK SQUARE COMPACT MIRROR
21653,GLASS ETCHED T-LIGHT HOLDER LARGE
84854,GIRLY PINK TOOL SET
20957,PORCELAIN HANGING BELL SMALL
82615,PINK MARSHMALLOW SCARF KNITTING KIT
35271S,GOLD PRINT PAPER BAG
21268,VINTAGE BLUE TINSEL REEL
22275,WEEKEND BAG VINTAGE ROSE PAISLEY
16161M,WRAP  PINK FLOCK
72803b,OCEAN SCENT CANDLE JEWELLED DRAWER
85036b,CHOCOLATE 1 WICK MORRIS BOX CANDLE
84614A,PINK BAROQUE FLOCK CANDLE HOLDER
90167,BEADED LOVE HEART JEWELLERY SET
84963A,PINK PAINTED KASHMIRI CHAIR
47579,TEA TIME BREAKFAST BASKET
84773,RED ROSE AND LACE C/COVER
37461,FUNKY MONKEY MUG
20878,SET/9 CHRISTMAS T-LIGHTS SCENTED
35833G,4 GOLD FLOCK CHRISTMAS BALLS
37509,NEW ENGLAND MUG W GIFT BOX
16169N,WRAP BLUE RUSSIAN FOLKART
35597B,BLACKCHRISTMAS TREE 30CM
35597A,DUSTY PINK CHRISTMAS TREE 30CM
37474,SET/4 2 TONE EGG SHAPE MIXING BOWLS
84270,ASSTD DESIGN BUBBLE GUM RING
21595,Dad's Cab Electronic Meter
22528,GARDENERS KNEELING PAD
21410,COUNTRY COTTAGE  DOORSTOP GREEN
85035c,ROSE 3 WICK MORRIS BOX CANDLE
85119,WATERING CAN SINGLE HOOK PISTACHIO
85170A,SET/6 IVORY BIRD T-LIGHT CANDLES
47503J,SET/3 FLORAL GARDEN TOOLS IN BAG
21769,VINTAGE POST OFFICE CABINET
21486,PINK HEART DOTS HOT WATER BOTTLE
85068,CREAM SWEETHEART SHELF + HOOKS
84613C,BLUE NEW BAROQUE FLOCK CANDLESTICK
22145,CHRISTMAS CRAFT HEART STOCKING
84975,HEART SHAPED MIRROR
20671,BLUE TEATIME PRINT BOWL
21538,DAIRY MAID  PUDDING BOWL
22765,NEWSPAPER STAND
90128B,BLUE LEAVES AND BEADS PHONE CHARM
21120,*Boombox Ipod Classic
35958,FOLKART ZINC STAR CHRISTMAS DEC
21777,RECIPE BOX WITH METAL HEART
84536b,FAIRY CAKES NOTEBOOK A7 SIZE
21895,POTTING SHED SOW 'N' GROW SET
20861,GOLD COSMETIC BAG PINK STAR
35004P,SET OF 3 PINK FLYING DUCKS
35609A,PINK FEATHER CHRISTMAS DECORATION
90152B,BLUE/GREEN SHELL NECKLACE W PENDANT
90126A,PINK BERTIE MOBILE PHONE CHARM
35610B,BLACK CHRISTMAS FLOCK DROPLET
35610C,WHITE CHRISTMAS FLOCK DROPLET
90078,PINK/WHITE GLASS DEMI CHOKER
20860,GOLD COSMETICS BAG WITH BUTTERFLY
35832,WOOLLY HAT SOCK GLOVE ADVENT STRING
85136B,BLUE SHARK HELICOPTER
21186,WHITE DOVE HONEYCOMB PAPER GARLAND
21160,KEEP OUT GIRLS DOOR HANGER
20871,OPULENT VELVET SET/3 CANDLES
84596e,SMALL LICORICE DES PINK BOWL
37503,TEA TIME CAKE STAND IN GIFT BOX
35610A,PINK CHRISTMAS FLOCK DROPLET
90060B,FIRE POLISHED GLASS NECKL GOLD
90060D,FIRE POLISHED GLASS NECKL BRONZE
84620,BLUE GINGHAM ROSE CUSHION COVER
17012E,ORIGAMI OPIUM INCENSE/CANDLE SET
22218,CAKE STAND LACE WHITE
35001W,HAND OPEN SHAPE DECO.WHITE
85031C,CURIOUS IMAGES SCRAP BOOK SET
20910,VINTAGE PHOTO ALBUM PARIS DAYS
21491,SET OF THREE VINTAGE GIFT WRAPS
85031B,BLOSSOM IMAGES SCRAP BOOK SET
37464,ROBOT MUG IN DISPLAY BOX
20954,*USB Office Mirror Ball
90142A,GREEN PENDANT SHELL NECKLACE
90178B,PURPLE CHUNKY GLASS+BEAD NECKLACE
21009,ETCHED GLASS STAR TREE DECORATION
21018,BIRD BOX CHRISTMAS TREE DECORATION
16169P,WRAP GREEN RUSSIAN FOLKART
84802A,WHITE ANEMONE ARTIFICIAL FLOWER
85109,PINK BOUDOIR T-LIGHT HOLDER
21011,GLITTER SNOW PEAR TREE DECORATION
85084,HOLLY TOP CHRISTMAS STOCKING
18098c,PORCELAIN BUTTERFLY OIL BURNER
85160a,WHITE BIRD GARDEN DESIGN MUG
20892,SET/3 TALL GLASS CANDLE HOLDER PINK
84968f,SET OF 16 VINTAGE SKY BLUE CUTLERY
79067,CORONA MEXICAN TRAY
84596b,SMALL DOLLY MIX DESIGN ORANGE BOWL
85035b,CHOCOLATE 3 WICK MORRIS BOX CANDLE
85035a,GARDENIA 3 WICK MORRIS BOXED CANDLE
84534b,FAIRY CAKE NOTEBOOK A5 SIZE
90112,PINK DOLLY HAIR CLIPS
84499,BLACK FLOWER CANDLE PLATE
22769,CHALKBOARD KITCHEN ORGANISER
21412,VINTAGE GOLD TINSEL REEL
21144,PINK POODLE HANGING DECORATION
79320,FLAMINGO LIGHTS
21645,ASSORTED TUTTI FRUTTI ROUND BOX
85042,ANTIQUE LILY FAIRY LIGHTS
85023C,PINK LARGE JEWELED PHOTOFRAME
90042C,FRESHWATER PEARL BRACELET IVORY
85099f,JUMBO BAG STRAWBERRY
90092,BLUE CRYSTAL BOOT PHONE CHARM
22323,PINK POLKADOT KIDS BAG
17165D,ASS COL LARGE SAND FROG P'WEIGHT
35957,SMALLFOLKART BAUBLE CHRISTMAS DEC
85067,CREAM SWEETHEART WALL CABINET
21594,Dr. Jam's Arouzer Stress Ball
85018D,YULETIDE IMAGES S/6 PAPER BOXES
22830,UTILTY CABINET WITH HOOKS
75013B,"STRING OF 8 BUTTERFLIES,PINK"
21667,GLASS CAKE COVER AND PLATE
84675,FROG KING WATERING CAN
85055,FRENCH ENAMEL UTENSIL HOLDER
35607A,PINK FLUFFY CHRISTMAS DECORATION
21632,VINTAGE PINK DECORATIVE PARASOL
79323W,WHITE CHERRY LIGHTS
37379A,PINK CHERRY BLOSSOM CUP & SAUCER
84534B,FAIRY CAKE NOTEBOOK A5 SIZE
21836,GINGHAM OVEN GLOVE RED HEART
85206B,PINK FELT EASTER EGG BASKET
85118,HEART T-LIGHT HOLDER
90120A,PINK MURANO TWIST BRACELET
90037A,TINY CRYSTAL BRACELET RED
22146,EASTER CRAFT IVY WREATH WITH CHICK
20798,CLEAR MILKSHAKE GLASS
22862,LOVE HEART NAPKIN BOX
47570b,TEA TIME TABLE CLOTH
85160A,WHITE BIRD GARDEN DESIGN MUG
21348,PINK SPOTS CHOCOLATE NESTING BOXES
22415,WHITE TISSUE REAM
16206B,RED PURSE WITH PINK HEART
72815,3 WICK CHRISTMAS BRIAR CANDLE
85049B,LUSH GREENS RIBBONS
17164B,ASS COL SMALL SAND GECKO P'WEIGHT
22184,CAKE STAND VICTORIAN FILIGREE LARGE
85126,LARGE ROUND CUTGLASS CANDLESTICK
85047,WHITE BEADED GARLAND STRING 20LIGHT
21690,SILVER  CANDLEPOT JARDIN
84795C,OCEAN STRIPE HAMMOCK
17028J,INCENSE BAZAAR PEACH
47591B,SCOTTIES CHILDRENS APRON
79192A,RETRO PLASTIC 70'S TRAY
84613A,PINK NEW BAROQUE FLOCK CANDLESTICK
22833,HALL CABINET WITH 3 DRAWERS
72798C,SET/4 GARDEN ROSE DINNER CANDLE
62094B,TURQ ICE CREAM BUM BAG
84823,DANISH ROSE FOLDING CHAIR
90120D,WHITE MURANO TWIST BRACELET
72821,CUPID SCENTED CANDLE IN GLASS
44265,M/COLOUR POM-POM CURTAIN
79323P,PINK CHERRY LIGHTS
85232B,SET OF 3 BABUSHKA STACKING TINS
21655,HANGING RIDGE GLASS T-LIGHT HOLDER
79323B,BLACK CHERRY LIGHTS
84803A,PINK ALLIUM  ARTIFICIAL FLOWER
90152C,BLUE/NAT SHELL NECKLACE W PENDANT
90128D,PURPLE LEAVES AND BEADS PHONE CHAR
21785,RAIN PONCHO
22242,5 HOOK HANGER MAGIC TOADSTOOL
21910,WAY OUT METAL SIGN
84596g,SMALL CHOCOLATES PINK BOWL
21757,LIGHTHOUSE PRINTED METAL SIGN
20857,BLUE ROSE PATCH PURSE PINK BUTTERFL
16033,MINI HIGHLIGHTER PENS
20854,BLUE PATCH PURSE PINK HEART
21657,MILK BOTTLE WITH GLASS STOPPER
84562A,PINK/WHITE RIBBED MELAMINE JUG
85092,CANDY SPOT TEA COSY
21651,HANGING GLASS ETCHED TEALIGHT
85065,CREAM SWEETHEART TRAYS
21661,VINTAGE GLASS TEA CADDY
21681,GIANT MEDINA STAMPED METAL BOWL
21414,SCALLOP SHELL SOAP DISH
90100,NECKLACE+BRACELET SET PINK DAISY
62096A,PINK/YELLOW FLOWERS HANDBAG
84809B,PINK CHRYSANTHEMUMS ART FLOWER
21692,SILVER LATTICE VANILLA CANDLE POT
17001,HEAVENS SCENT FRAGRANCE OILS ASSTD
90187A,BLUE DROP EARRINGS W BEAD CLUSTER
21488,RED WHITE SCARF  HOT WATER BOTTLE
84802B,PURPLE ANEMONE ARTIFICIAL FLOWER
84985A,SET OF 72 GREEN PAPER DOILIES
20820,SILVER LOOKING MIRROR
84520B,PACK 20 ENGLISH ROSE PAPER NAPKINS
46115B,GREEN POP ART MAO CUSHION COVER
90084,PINK CRYSTAL GUITAR PHONE CHARM
20960,WATERMELON BATH SPONGE
90040A,MURANO STYLE GLASS BRACELET RED
35004C,SET OF 3 COLOURED  FLYING DUCKS
62096B,PURPLE/TURQ FLOWERS HANDBAG
84593,CROCHET ROSE DES CLOTHES HANGER
21228,"POCKET MIRROR ""GLAMOROUS"""
37343,POLKADOT MUG PINK
35647,VINTAGE BEAD PINK SHADE
85098B,BLUE FLYING SINGING CANARY
84227,HEN HOUSE W CHICK IN NEST
21040,MODERN VINTAGE COTTON SHOPPING BAG
21826,EIGHT PIECE DINOSAUR SET
85189,HANGING BUTTERFLY  EGG
85195,HANGING HEART BASKET
85206A,CREAM FELT EASTER EGG BASKET
21392,RED POLKADOT PUDDING BOWL
84977,WIRE FLOWER T-LIGHT HOLDER
84856L,LARGE TAHITI BEACH BAG
37423,WHITE WITH BLACK CATS PLATE
82605,OLD DOC RUSSEL METAL SIGN
90068,"RUBY GLASS NECKLACE 42"""
37351,ORANGE FLOWER MUG
22021,BLUE FELT EASTER EGG BASKET
77101A,UNION FLAG WINDSOCK
90200C,BLUE SWEETHEART BRACELET
35911B,PINK/FLOWER RABBIT EGG WARMER
84569B,PACK 3 FIRE ENGINE/CAR PATCHES
21717,EASTER TIN BUCKET
37330,BIG POLKADOT MUG
21547,CERAMIC BIRDHOUSE CRESTED TIT SMALL
84306,S/3 PINK SQUARE PLANTERS ROSES
21416,CLAM SHELL LARGE
21100,CHARLIE AND LOLA CHARLOTTE BAG
84678,CLASSICAL ROSE SMALL VASE
21460,GREEN EASTER EGG HUNT START POST
90036F,"FLOWER GLASS GARLD NECKL36""TURQUOIS"
22127,PARTY CONES CARNIVAL ASSORTED
85224,ASSORTED COLOUR SILK GLASSES CASE
84898F,YELLOW FLOWERS FELT HANDBAG KIT
22764,"RUSTIC WOODEN CABINET, GLASS DOORS"
84840,SWEETHEART CARRY-ALL BASKET
84569C,PACK 4 FLOWER/BUTTERFLY PATCHES
85188B,PINK METAL SWINGING BUNNY
21839,MUMMY MOUSE RED GINGHAM RIBBON
37444C,PINK BREAKFAST CUP AND SAUCER
37444B,BLUE BREAKFAST CUP AND SAUCER
21393,BLUE POLKADOT PUDDING BOWL
21357,TOAST ITS - DINOSAUR
35910A,MULTICOLOUR EASTER RABBIT
16010,FOLDING CAMPING SCISSOR W/KNIF & S
47570B,TEA TIME TABLE CLOTH
90024E,NEW BAROQUE B'FLY NECKLACE MONTANA
47593A,CAROUSEL PONIES BABY BIB
21827,EIGHT PIECE CREEPY CRAWLIE SET
84218,BOX/12 CHICK & EGG IN BASKET
10123C,HEARTS WRAPPING TAPE
84743C,ORANGE FELT VASE + FLOWERS
90026B,GLASS BEAD HOOP NECKLACE MONTANA
84313B,BLUE TV TRAY TABLE
84596E,SMALL LICORICE DES PINK BOWL
85017A,ENVELOPE 50 ROMANTIC IMAGES
20906,VINTAGE NOTEBOOK BEAUTY GIRL
85063,CREAM SWEETHEART MAGAZINE RACK
75131,METAL TUBE CHIME ON BAMBOO
20681,PINK POLKADOT CHILDRENS UMBRELLA
21333,CLASSIC WHITE FRAME
20734,SILVER MINI TAPE MEASURE
84968B,SET OF 16 VINTAGE IVORY CUTLERY
20785,FUSCHIA RETRO BAR STOOL
84801B,WHITE HYDRANGEA ART FLOWER
79331,PINK FLOCK GLASS CANDLEHOLDER
85146,JARDIN ETCHED GLASS SMALL BELL JAR
84459B,YELLOW METAL CHICKEN HEART
85167B,BLACK GRAND BAROQUE PHOTO FRAME
35922,EASTER BUNNY WREATH
85030,FRENCH CHATEAU OVAL PLATTER
85028L,FRENCH CHATEAU LARGE FRUIT BOWL
85028S,FRENCH CHATEAU SMALL FRUITBOWL
84750A,PINK SMALL GLASS CAKE STAND
90010B,BLACK/WHITE GLASS/SILVER BRACELET
21316,SMALL CHUNKY GLASS ROMAN  BOWL
21319,GLASS CHALICE GREEN  SMALL
85008,SET OF 3 CONEY ISLAND OVAL BOXES
79329,PINK FLOCK GLASS CANDLEHOLDER
84839,SWEETHEART KEY CABINET
85064,CREAM SWEETHEART LETTER RACK
85040B,SET/4 BLUE FLOWER CANDLES IN BOWL
35809B,ENAMEL BLUE RIM TEA CONTAINER
84751B,BLACK MEDIUM GLASS CAKE STAND
22168,ORGANISER WOOD ANTIQUE WHITE
37482P,CUBIC MUG PINK POLKADOT
37488A,YELLOW PINK FLOWER DESIGN BIG BOWL
37487B,YELLOW/ORANGE FLOWER DESIGN PLATE
84858C,PINK RIVIERA HANDBAG
72051S,BAG OF SILVER STONES
84715,SET OF 6 ICE CREAM SKITTLES
85031A,ROMANTIC IMAGES SCRAP BOOK SET
90035A,"PEARL & SHELL 42""NECKL. GREEN"
90042A,FRESHWATER PEARL BRACELET GOLD
84856S,SMALL TAHITI BEACH BAG
84799,SPRIG LAVENDER ARTIFICIAL FLOWER
84462,3 PINK HEN+CHICKS IN BASKET
21736,GOLD SCROLL GLASS T-LIGHT HOLDER
85186A,EASTER BUNNY GARLAND OF FLOWERS
72807b,SET/3 OCEAN SCENT CANDLE JEWEL BOX
85231b,CINAMMON SET OF 9 T-LIGHTS
84510e,SET OF 4 GREEN CAROUSEL COASTERS
21911,GARDEN METAL SIGN
16202A,PASTEL PINK PHOTO ALBUM
16202E,BLACK PHOTO ALBUM
10002,INFLATABLE POLITICAL GLOBE
47556B,TEA TIME TEA TOWELS
85200,BUNNY EGG BOX
84531B,BLUE KNITTED EGG COSY
84531A,PINK KNITTED EGG COSY
90104,PURPLE FRANGIPANI HAIRCLIP
90181C,BLACK GLASS/SHELL/PEARL NECKLACE
35915C,PEACH KNITTED HEN
90034,WHITE SILVER NECKLACE SHELL GLASS
22525,CHILDRENS GARDEN GLOVES PINK
84247L,FAWN AND MUSHROOM GREETING CARD
90135A,ORANGE/FUSCHIA STONES NECKLACE
47013A,WINE BOTTLE DRESSING LT.BLUE
16202B,PASTEL BLUE PHOTO ALBUM
21087,SET/6 POSIES PAPER CUPS
84666,SQUARE CHERRY BLOSSOM CABINET
84750B,BLACK SMALL GLASS CAKE STAND
84575A,PINK DOG CANNISTER
85027L,FRENCH CHATEAU LARGE PLATTER
84388,WISE MAN STAR SHAPE EGG PAN
35920,FOUR RABBIT EASTER DECORATIONS
21398,RED POLKADOT COFFEE  MUG
22458,CAST IRON HOOK GARDEN FORK
21320,GLASS CHALICE GREEN  LARGE
84461,12 PINK HEN+CHICKS IN BASKET
17109D,FLOWER FAIRY INCENSE BOUQUET
20827,GOLD APERITIF GLASS
22861,EASTER TIN CHICKS IN GARDEN
90025B,BAROQUE BUTTERFLY EARRINGS RED
85205B,PINK FELT EASTER RABBIT GARLAND
85132c,CHARLIE AND LOLA FIGURES TINS
84872a,TEATIME FUNKY FLOWER BACKPACK FOR 2
48189,DOORMAT FRIENDSHIP
90135,ORANGE/WHT/FUSCHIA STONES NECKLACE
90136,PALE PINK/AMETHYST STONE NECKLACE
35909A,RABBIT EASTER DECORATION
22259,FELT FARM ANIMAL HEN
20778,GARDEN PATH NOTEBOOK
51020A,SUMMER FUN DESIGN SHOWER CAP
51020B,STRIPY DESIGN SHOWER CAP
22459,CAST IRON HOOK GARDEN TROWEL
21897,POTTING SHED CANDLE CITRONELLA
21898,POTTING SHED ROSE CANDLE
84745A,PINK HANGING GINGHAM EASTER HEN
84745B,BLUE HANGING GINGHAM EASTER HEN
90021,LASER CUT MULTI STRAND NECKLACE
84741C,CITRUS GARLAND FELT FLOWERS
85006,SET 4 NURSERY DES ROUND BOXES
20851,ZINC HEART LATTICE TRAY OVAL
90005A,JADE GREEN ENAMEL HAIR COMB
85145,JARDIN ETCHED GLASS LARGE BELL JAR
90062,CARNIVAL BRACELET
20816,GOLD FLOWER CUSHION COVER
22198,LARGE POPCORN HOLDER
20803,SMALL PINK GLASS SUNDAE DISH
48173c,DOORMAT BLACK FLOCK
37333,"RETRO ""TEA FOR ONE"""
84705C,PINK FLOCK PHOTO FRAME
85144,JARDIN ETCHED GLASS CHEESE DISH
84683,CLASSICAL ROSE CANDLESTAND
35241,ENAMEL BLUE RIM BISCUIT BIN
21656,RIDGED GLASS POSY VASE
84916,HAND TOWEL PALE BLUE W FLOWERS
84689,S/2 BEACH HUT TREASURE CHESTS
22073,RED RETROSPOT STORAGE JAR
20818,GOLD TEDDY BEAR
21038,SET/4 MODERN VINTAGE COTTON NAPKINS
22521,CHILDS GARDEN TROWEL PINK
22202,MILK PAN PINK POLKADOT
20964,POLYESTER FILLER PAD 60x40cm
90040B,MURANO STYLE GLASS BRACELET BLACK
90212B,JET BLACK LAS VEGAS BRACELET ROUND
22618,COOKING SET RETROSPOT
82599,FANNY'S REST STOPMETAL SIGN
22353,LUNCH BOX WITH CUTLERY FAIRY CAKES
84990,60 GOLD AND SILVER FAIRY CAKE CASES
84535A,ENGLISH ROSE NOTEBOOK A6 SIZE
90002D,FLOWER BURST SILVER RING CRYSTAL
21318,GLASS CHALICE BLUE SMALL
21397,BLUE POLKADOT EGG CUP
21324,HANGING MEDINA LANTERN SMALL
22926,IVORY GIANT GARDEN THERMOMETER
22719,GUMBALL MONOCHROME COAT RACK
85049d,BRIGHT BLUES RIBBONS
84509g,SET OF 4 FAIRY CAKE PLACEMATS
35809a,ENAMEL PINK TEA CONTAINER
85132a,CHARLIE + LOLA BISCUITS TINS
85231g,ORANGE SCENTED SET/9 T-LIGHTS
16244B,MAXWELL 2 TONE BLUE 60 PAGE PHOTO A
85017C,ENVELOPE 50 CURIOUS IMAGES
84760S,SMALL HANGING GLASS+ZINC LANTERN
22451,SILK PURSE BABUSHKA RED
90035C,"PEARL & SHELL 42""NECKL. IVORY"
21527,RED RETROSPOT TRADITIONAL TEAPOT
22518,CHILDS GARDEN BRUSH BLUE
84563A,PINK & WHITE BREAKFAST TRAY
22520,CHILDS GARDEN TROWEL BLUE
84661a,WHITE SQUARE TABLE CLOCK
21195,PINK  HONEYCOMB PAPER BALL
46126A,ELVIS WALLHANGING / CURTAIN
20826,SILVER APERITIF GLASS
17091A,LAVENDER INCENSE IN TIN
47574B,ENGLISH ROSE SCENTED HANGING HEART
79026B,"S/4 ICON COASTER,ELVIS LIVES"
90081B,LILY BROOCH WHITE/SILVER COLOUR
85198,ASSORTED FARMYARD ANIMALS IN BUCKET
17011F,ORIGAMI SANDLEWOOD INCENSE+FLOWER
62043B,BLUE CHECK BAG W HANDLE 34X20CM
84706D,CHERRY BLOSSOM TABLE CLOCK
84685,BEACH HUT KEY CABINET
22272,FELTCRAFT DOLL MARIA
84596J,MIXED NUTS LIGHT GREEN BOWL
62097B,BLUE STRIPES SHOULDER BAG
22060,LARGE CAKE STAND HANGING HEARTS
85130A,BEADED PEARL HEART WHITE LARGE
22524,CHILDRENS GARDEN GLOVES BLUE
47589,CONGRATULATIONS BUNTING
85132A,CHARLIE + LOLA BISCUITS TINS
21310,CAPIZ CHANDELIER
21421,PORCELAIN ROSE LARGE
16151A,FLOWERS HANDBAG blue and orange
16049,TEATIME GEL PENS ASST
20801,LARGE PINK GLASS SUNDAE DISH
85185D,FROG SOCK PUPPET
21904,HOUSE WRECKING METAL SIGN
84596l,BISCUITS SMALL BOWL LIGHT BLUE
84917,WHITE HAND TOWEL WITH BUTTERFLY
90125C,TURQUOISE BERTIE GLASS BEAD CHARM
90125E,AMBER BERTIE GLASS BEAD BAG CHARM
71215,METAL BASE FOR CANDLES
84763,ZINC FINISH 15CM PLANTER POTS
84691,PACK 20 DOLLY PEGS
21614,SET OF 12 ROSE BOTANICAL T-LIGHTS
85016,SET OF 6 VINTAGE NOTELETS KIT
90131,PINK/AMETHYST/GOLD NECKLACE
84873A,FUNKY FLOWER PICNIC BAG FOR 4
47344B,BLUE FLOWER DES PURSE
84313C,ORANGE TV TRAY TABLE
90115,SUMMER BUTTERFLIES BAG CHARM
84906,PINK BUTTERFLY CUSHION COVER
90185D,CRYSTAL DIAMANTE EXPANDABLE RING
20703,BLUE PADDED SOFT MOBILE
84597C,RETRO PINK BALL ASHTRAY
84800L,LARGE WHITE/PINK ROSE ART FLOWER
79030G,TUMBLER NEW ENGLAND
21399,BLUE POLKADOT COFFEE MUG
40003,WHITE BAMBOO RIBS LAMPSHADE
21360,JOY LARGE WOOD LETTERS
90025E,BAROQUE BUTTERFLY EARRINGS MONTANA
85232A,SET/3 POLKADOT STACKING TINS
22519,CHILDS GARDEN BRUSH PINK
17013D,ORIGAMI ROSE INCENSE IN TUBE
90102,WHITE FRANGIPANI HAIR CLIP
21043,APRON MODERN VINTAGE COTTON
84415B,BLUE FLOCK CUSHION COVER
84226,HEN HOUSE W FAMILY IN BARN & NEST
47341A,FUSCHIA TABLE RUN FLOWER
21161,KEEP OUT BOYS DOOR HANGER
17007B,S/3 POT POURI CUSHIONS BLUE COLOURS
85114a,BLACK ENCHANTED FOREST PLACEMAT
82613a,"METAL SIGN,CUPCAKE SINGLE HOOK"
85019C,CURIOUS  IMAGES NOTEBOOK SET
20823,GOLD WINE GOBLET
35809A,ENAMEL PINK TEA CONTAINER
16043,POP ART PUSH DOWN RUBBER
16052,TEATIME PUSH DOWN RUBBER
77079,DOLPHIN WINDMILL
23003,TRAVEL CARD WALLET VINTAGE ROSE
79071B,ENGLISH ROSE METAL WASTE BIN
90026A,GLASS BEAD HOOP NECKLACE BLACK
90036D,"FLOWER GLASS GARLAND NECKL.36""BLACK"
84877A,PINK ROUND COMPACT MIRROR
22783,SET 3 WICKER OVAL BASKETS W LIDS
35909B,PINK FLOWERS RABBIT EASTER
22788,BROCANTE COAT RACK
37479B,CUBIC MUG FLOCK BLUE ON BROWN
85141,JARDIN ETCHED GLASS FRUITBOWL
21095,SET/6 POSIES PAPER PLATES
84279B,CHERRY BLOSSOM DECORATIVE FLASK
84597B,RETRO BROWN BALL ASHTRAY
84563B,BLUE & WHITE BREAKFAST TRAY
85132B,CHARLIE AND LOLA TABLE TINS
20731,POSY CANDY BAG
47013C,WINE BOTTLE DRESSING DARK BLUE
84660a,WHITE STITCHED WALL CLOCK
85132b,CHARLIE AND LOLA TABLE TINS
84809A,WHITE CHRYSANTHEMUMS ART FLOWER
84798B,PURPLE FOXGLOVE ARTIIFCIAL FLOWER
18097A,PINK TALL PORCELAIN T-LIGHT HOLDER
47021G,SET/6 BEAD COASTERS GAUZE BAG GOLD
84925D,LA PALMIERA WALL THERMOMETER
62086A,PINK RETRO BIG FLOWER BAG
84415A,PINK FLOCK SUEDE CUSHION COVER
84709B,PINK OVAL JEWELLED MIRROR
90065A,WHITE VINTAGE CRYSTAL BRACELET
84559a,3D SHEET OF DOG STICKERS
72024U,LILAC VOTIVE CANDLE
17014A,ORIGAMI VANILLA INCENSE CONES
84510a,SET OF 4 ENGLISH ROSE COASTERS
21082,SET/20 FRUIT SALAD PAPER NAPKINS
20716,PARTY FOOD SHOPPER BAG
22351,DOTCOMGIFTSHOP TEA TOWEL
84905,PINK BUTTERFLY CUSHION COVER
90013D,PURPLE VINTAGE EARRINGS
21336,GOLD WASHBAG
84631,FRUIT TREE AND BIRDS WALL PLAQUE
20701,PINK CAT FLORAL CUSHION COVER
84865,NEW BAROQUE BLACK PHOTO ALBUM
75172,PAINTED SEA SHELL METAL WINDCHIME
22482,BLUE TEA TOWEL CLASSIC DESIGN
84857C,PINK MONTE CARLO HANDBAG
82095,HEART BUTTONS JEWELLERY BOX
16020C,CLEAR STATIONERY BOX SET
22088,PAPER BUNTING COLOURED LACE
20941,FROG CANDLE
21763,VINTAGE WOODEN BAR STOOL
90048,GREEN WITH METAL BAG CHARM
90046,WHITE WITH METAL BAG CHARM
82613b,"METAL SIGN,CUPCAKE SINGLE HOOK"
72802a,ROSE SCENT CANDLE IN JEWELLED BOX
79337,BLUE FLOCK GLASS CANDLEHOLDER
84548,CROCHET BEAR RED/BLUE  KEYRING
84539,KNITTED RABBIT DOLL
84584,PINK GINGHAM CAT WITH SCARF
44242A,LILAC FEATHERS CURTAIN
84686,BEACH HUT MIRROR
21781,MA CAMPAGNE CUTLERY BOX
17090D,VANILLA INCENSE 40 CONES IN TIN
22052,VINTAGE CARAVAN GIFT WRAP
85036a,GARDENIA 1 WICK MORRIS BOXED CANDLE
62074B,ELEPHANT CLIP W SUCTION CUP
21518,BANK ACCOUNT  GREETING  CARD
21635,MADRAS NOTEBOOK LARGE
21307,SET/4 BUTTERFLY MIRROR MAGNETS
37444A,YELLOW BREAKFAST CUP AND SAUCER
81950V,FLOWER PURPLE CLOCK WITH SUCKER
90125D,PURPLE BERTIE GLASS BEAD BAG CHARM
90125A,PINK BERTIE GLASS BEAD BAG CHARM
71143,ANTIQUE SILVER BOOK MARK WITH BEADS
84688,BEACH HUT DESIGN BLACKBOARD
84466,TOP SECRET PEN SET
84247G,"DECOUPAGE,GREETING CARD,"
82613A,"METAL SIGN,CUPCAKE SINGLE HOOK"
21278,VINTAGE KITCHEN PRINT PUDDINGS
21472,LADYBIRD + BEE RAFFIA FOOD COVER
90127A,PINK BEADS+HAND PHONE CHARM
90126C,AMBER BERTIE MOBILE PHONE CHARM
84881,BLUE WIRE SPIRAL CANDLE HOLDER
90141D,ROSE PENDANT TRIPLE SHELL NECKLACE
81953B,ROUND BLUE CLOCK WITH SUCKER
84927E,FLOWERS TILE HOOK
37491D,PURPLE/BLUE CERAMIC CANDLE HOLDER
37491B,BLUE/YELLOW CERAMIC CANDLE HOLDER
37491C,GREEN/BLUE CERAMIC CANDLE HOLDER
85103,SILVER T-LIGHT SETTING
17096,ASSORTED LAQUERED INCENSE HOLDERS
84576,BLUE CAT BISCUIT BARREL PINK HEART
44091A,BLUE CRUSOE CHECK LAMPSHADE
84849B,FAIRY SOAP SOAP HOLDER
90137,PINK COMBO MINI CRYSTALS NECKLACE
20666,ECONOMY HOLIDAY PURSE
18007,ESSENTIAL BALM 3.5g TIN IN ENVELOPE
84746,PINK EASTER HENS+FLOWER
84910A,PINK PAISLEY CUSHION COVER
81953P,ROUND ARTICULATED PINK CLOCK W/SUCK
84387A,BIRD ON BRANCH CANVAS SCREEN
85188A,GREEN METAL SWINGING BUNNY
22444,GROW YOUR OWN PLANT IN A CAN
35921,EASTER BUNNY HANGING GARLAND
84789,ENCHANTED BIRD PLANT CAGE
84857B,BLUE MONTE CARLO HANDBAG
84402B,PURPLE DRESS JEWELLERY STAND
84632,DECORATIVE HANGING SHELVING UNIT
22777,GLASS CLOCHE LARGE
20684,STRAWBERRY DREAM CHILDS UMBRELLA
21445,12 PINK ROSE PEG PLACE SETTINGS
21361,LOVE LARGE WOOD LETTERS
84927D,LA PALMIERA TILE HOOK
90024C,NEW BAROQUE B'FLY NECKLACE GREEN
90000B,MIDNIGHT BLUE COPPER FLOWER NECKLAC
21720,CAKE SHOP  STICKER SHEET
81952B,ROUND BLUE CLOCK WITH SUCKER
84872A,TEATIME FUNKY FLOWER BACKPACK FOR 2
90128A,PINK LEAVES AND BEADS PHONE CHARM
90067B,BROWN VINTAGE VICTORIAN EARRINGS
90039B,FIRE POLISHED GLASS BRACELET MONTAN
84924F,PSYCHEDELIC METAL SIGN CALENDAR
85197,SET OF 12 MINI BUNNIES IN A BUCKET
85213,MINI  ZINC GARDEN DECORATIONS
84731,3 BIRDS CANVAS SCREEN
84925F,PSYCHEDELIC WALL THERMOMETER
35650,VINTAGE BEAD PINK JEWEL STAND
90123B,TURQUOISE HEART OF GLASS BRACELET
90123C,GREEN HEART OF GLASS BRACELET
90036B,"FLOWER GLASS GARLAND NECKL.36""GREEN"
84847,FLORAL BATHROOM SET
84874B,BLUE TRAVEL FIRST AID KIT
84595E,LARGE TORTILLA DESIGN RED BOWL
22016,Dotcomgiftshop Gift Voucher £100.00
21188,3D HEARTS  HONEYCOMB PAPER GARLAND
21792,CLASSIC FRENCH STYLE BASKET GREEN
84963B,BLUE PAINTED KASHMIRI CHAIR
84251C,"GREETING CARD, TWO SISTERS."
21187,WHITE BELL HONEYCOMB PAPER GARLAND
22443,GROW YOUR OWN HERBS SET OF 3
90036A,FLOWER GARLAND NECKLACE RED
47343A,FUSCHIA FLOWER PURSE WITH BEADS
18098C,PORCELAIN BUTTERFLY OIL BURNER
84993B,75 BLACK PETIT FOUR CASES
84723,CHERRY BLOSSOM CANVAS ART PICTURE
20980,36 PENCILS TUBE POSY
84358,FLOOR LAMP SHADE WOOD BASE
20856,DENIM PATCH PURSE PINK BUTTERFLY
84803B,WHITE ALLIUM  ARTIFICIAL FLOWER
85215,ASSORTED CHEESE FRIDGE MAGNETS
85214,TUB 24 PINK FLOWER PEGS
20902,VINTAGE KEEPSAKE BOX PARIS DAYS
21272,SALLE DE BAIN HOOK
21171,BATHROOM METAL SIGN
22194,BLACK DINER WALL CLOCK
84660c,PINK STITCHED WALL CLOCK
35653,VINTAGE BEAD NOTEBOOK
22137,BATHROOM SET LOVE HEART DESIGN
21359,RELAX LARGE WOOD LETTERS
35817P,PINK ACRYLIC JEWEL SNOWFLAKE
85086A,CANDY SPOT HEART DECORATION
21662,VINTAGE GLASS COFFEE CADDY
21332,MOROCCAN BEATEN METAL MIRROR
84629,WHITE 3 FRAME BIRDS AND TREE
35816P,"ACRYLIC JEWEL ANGEL,PINK"
20845,ZINC HEART LATTICE 2 WALL PLANTER
79062D,"RETRO TIN ASHTRAY,REVOLUTIONARY"
81950B,FLOWER BLUE CLOCK WITH SUCKER
21089,SET/6 GREEN SPRING PAPER CUPS
21069,VINTAGE BILLBOARD TEA MUG
84732B,CUTE BIRD CEATURE SCREEN
84732D,CUTE RABBIT CEATURE SCREEN
84816,DANISH ROSE BEDSIDE CABINET
44236,PINK/PURPLE CIRCLE CURTAIN
90176C,DIAMANTE NECKLACE
21143,ANTIQUE GLASS HEART DECORATION
44228,CANNABIS LEAF BEAD CURTAIN
84796a,PINK HAWAIIAN PICNIC HAMPER FOR 2
21870,I CAN ONLY PLEASE ONE PERSON MUG
84989a,75 GREEN FAIRY CAKE CASES
20966,SANDWICH BATH SPONGE
35966,FOLKART CHRISTMAS TREE T-LIGHT HOLD
84927A,WAKE UP COCKEREL TILE HOOK
37501,TEA TIME TEA SET IN GIFT BOX
85025C,PINK HEART SHAPE PHOTO FRAME
84201C,HAPPY BIRTHDAY CARD TEDDY/CAKE
84800M,MEDIUM WHITE/PINK ROSE ART FLOWER
22480,RED TEA TOWEL CLASSIC DESIGN
20897,VINTAGE NOTEBOOK PARIS DAYS
20664,TROPICAL HOLIDAY PURSE
20667,CHERRY BLOSSOM PURSE
90029,NEW BAROQUE SMALL NECKLACE BLACK
90020,FILIGREE DIAMANTE CHAIN
16207B,PINK HEART RED HANDBAG
90132,LIGHT TOPAZ TEAL/AQUA COL NECKLACE
90027A,GLASS BEAD HOOP EARRINGS BLACK
90140,PINK SWEETIE NECKLACE
21609,SET 12 LAVENDER  BOTANICAL T-LIGHTS
22855,FINE WICKER HEART
22157,ANGEL DECORATION WITH LACE PADDED
21784,SHOE SHINE BOX
22245,"HOOK, 1 HANGER ,MAGIC GARDEN"
84660B,BLACK STITCHED WALL CLOCK
35597D,PINK/WHITE CHRISTMAS TREE 30CM
47348A,FUSCHIA VOILE POINTY SHOE DEC
90122B,JADE CRYSTAL+GLASS BRACELET
85132C,CHARLIE AND LOLA FIGURES TINS
37342,POLKADOT COFFEE CUP & SAUCER PINK
79336,LIGHT PINK FLOCK GLASS CANDLEHOLDER
90038C,GLASS AND BEADS BRACELET IVORY
46000P,POLYESTER FILLER PAD 65CMx65CM
90156,RESIN BRACELET W PASTEL BEADS
21246,RED RETROSPOT BIG BOWL
22760,"TRAY, BREAKFAST IN BED"
44092B,BLUE WHITE PLASTIC RINGS LAMPSHADE
90212C,PURPLE LAS VEGAS BRACELET ROUND
10133,COLOURING PENCILS BROWN TUBE
84507B,STRIPES DESIGN MONKEY DOLL
84660b,BLACK STITCHED WALL CLOCK
90077,BLACK DIAMOND CLUSTER EARRINGS
22256,FELT FARM ANIMAL CHICKEN
20793,BLUE TILED TRAY
84660C,PINK STITCHED WALL CLOCK
21033,JUMBO BAG CHARLIE AND LOLA TOYS
84876D,BLUE HEART COMPACT MIRROR
84800S,SMALL WHITE/PINK ROSE ART FLOWER
85230E,STRAWBRY SCENTED VOTIVE CANDLE
20773,BLUE PAISLEY NOTEBOOK
79000,MOROCCAN TEA GLASS
21179,NO JUNK MAIL METAL SIGN
16162L,THE KING GIFT BAG
21743,STAR PORTABLE TABLE LIGHT
17084A,TRANQUILITY MASALA INCENSE
17084J,LOVE POTION MASALA INCENSE
22461,SAVOY ART DECO CLOCK
37489C,GREEN/BLUE FLOWER DESIGN BIG MUG
84033,FLAG OF ST GEORGE
84016,FLAG OF ST GEORGE CAR FLAG
35607B,BLACK FEATHER CHRISTMAS DECORATION
90011E,AMBER CRYSTAL DROP EARRINGS
84422,PINK/BLUE DISC/MIRROR STRING
21641,ASSORTED TUTTI FRUTTI KEYRING BALL
21735,TWO DOOR CURIO CABINET
84596L,BISCUITS SMALL BOWL LIGHT BLUE
21654,RIDGED GLASS FINGER BOWL
79163,BLACK CHAMPAGNE GLASS
23134,LARGE ZINC HEART WALL ORGANISER
84559b,3D SHEET OF CAT STICKERS
85049b,LUSH GREENS RIBBONS
84508A,CAMOUFLAGE DESIGN TEDDY
40016,CHINESE DRAGON PAPER LANTERNS
84907,PINK YELLOW PATCH CUSHION COVER
84919,BLUE CUSHION COVER WITH FLOWER
21447,12 IVORY ROSE PEG PLACE SETTINGS
84352,SILVER CHRISTMAS TREE BAUBLE STAND
22854,CREAM SWEETHEART EGG HOLDER
84912A,PINK ROSE WASHBAG
84725,FREESTYLE CANVAS ART PICTURE
84754,S/15 SILVER GLASS BAUBLES IN BAG
44089C,LILAC GAUZE BUTTERFLY LAMPSHADE
84875D,BLUE SQUARE COMPACT MIRROR
20678,LARGE BLACK DIAMANTE HAIRSLIDE
84637,KITCHEN FLOWER POTS WALL PLAQUE
35915B,BLUE KNITTED HEN
22502,PICNIC BASKET WICKER SMALL
22837,HOT WATER BOTTLE BABUSHKA
84251B,"GREETING CARD, STICKY GORDON"
84877D,BLUE ROUND COMPACT MIRROR
35815P,"ACRYLIC JEWEL SNOWFLAKE, PINK"
85049F,BABY BOOM RIBBONS
20658,RED RETROSPOT LUGGAGE TAG
22740,POLKADOT PEN
90148,LONG SILVER NECKLACE PASTEL FLOWER
44242B,PINK FEATHERS CURTAIN
22876,NUMBER TILE COTTAGE GARDEN 8
84798A,PINK FOXGLOVE ARTIIFCIAL FLOWER
15044B,BLUE PAPER PARASOL
85049D,BRIGHT BLUES RIBBONS
16169K,WRAP FOLK ART
20700,GREEN CAT FLORAL CUSHION COVER
90128C,GREEN LEAVES AND BEADS PHONE CHARM
21363,HOME SMALL WOOD LETTERS
22957,SET 3 PAPER VINTAGE CHICK PAPER EGG
90024D,NEW BAROQUE B'FLY NECKLACE PINK
90025D,BAROQUE BUTTERFLY EARRINGS PINK
90209B,GREEN ENAMEL+GLASS HAIR COMB
78034B,BLUE NETTING STORAGE HANGER
20830,SILVER PHOTO FRAME
21686,MEDINA STAMPED METAL STOOL
35265,COLOURFUL FLOWER FRUIT BOWL
84625C,BLUE NEW BAROQUE CANDLESTICK CANDLE
90129A,PINK GLASS TASSLE BAG CHARM
84660A,WHITE STITCHED WALL CLOCK
84968d,SET OF 16 VINTAGE RED CUTLERY
21067,VINTAGE RED TEATIME MUG
20774,GREEN FERN NOTEBOOK
22877,NUMBER TILE COTTAGE GARDEN 9
22879,NUMBER TILE VINTAGE FONT 0
23605,SET 10 CARDS 12 DAYS OF XMAS 17059
78033,FLAG OF ST GEORGE CHAIR
85032D,YULETIDE IMAGES GIFT WRAP SET
84551,CROCHET DOG KEYRING
22858,EASTER TIN KEEPSAKE
22700,BLACK AND WHITE DOG BOWL
18094C,WHITE AND BLUE CERAMIC OIL BURNER
90053,CRACKED GLAZE EARRINGS IVORY
85087,CANDY SPOT CUSHION COVER
47574A,ENGLISH ROSE SCENTED HANGING FLOWER
90001D,ANTIQUE OLIVE GREEN FLOWER EARRINGS
90025A,BAROQUE BUTTERFLY EARRINGS BLACK
90079,VINTAGE ENAMEL & CRYSTAL NECKLACE
90051,CRACKED GLAZE NECKLACE RED
37467,PIG MUG IN TWO COLOUR DESIGNS
84846A,SCENTED CANDLE IN DIGITALIS TIN
21637,ASSORTED SANSKRIT MINI NOTEBOOK
90123A,PINK HEART OF GLASS BRACELET
22987,WRAP SUMMER ROSE DESIGN
23412,HEART MIRROR ANTIQUE WHITE
90012A,MIDNIGHT BLUE DROP CRYSTAL NECKLACE
84952C,MIRROR LOVE BIRD T-LIGHT HOLDER
85115B,S/4 BLACK DISCO PARTITION PANEL
90064B,BLACK VINTAGE  CRYSTAL EARRINGS
90141E,ORANGE PENDANT TRIPLE SHELL NECKLAC
90173,PAIR BUTTERFLY HAIR CLIPS
22656,VINTAGE BLUE KITCHEN CABINET
37471,MULTICOLOUR POLKADOT PLATE
85231G,ORANGE SCENTED SET/9 T-LIGHTS
85211,S/4 GROOVY CAT MAGNETS
21364,PEACE SMALL WOOD LETTERS
23066,SMALL DECO JEWELLERY STAND
21078,SET/20 STRAWBERRY PAPER NAPKINS
21658,GLASS  BEURRE DISH
85116,BLACK CANDELABRA T-LIGHT HOLDER
22062,CERAMIC BOWL WITH LOVE HEART DESIGN
20998,ROSE DU SUD OVEN GLOVE
22336,DOVE DECORATION PAINTED ZINC
72140E,BEST DAD CANDLE LETTERS
21448,12 DAISY PEGS IN WOOD BOX
21634,ASSORTED MINI MADRAS NOTEBOOK
84247K,"FOLK ART GREETING CARD,pack/12"
84661b,BLACK SQUARE TABLE CLOCK
21664,RIDGED GLASS STORAGE JAR CREAM LID
40046A,RED DAISY PAPER LAMPSHADE
20984,12 PENCILS TALL TUBE POSY
90043,COPPER AND BRASS BAG CHARM
72816,SET/3 CHRISTMAS DECOUPAGE CANDLES
20663,QUEEN OF THE SKIES HOLIDAY PURSE
23604,SET 10 MINI SANTA & SNOWMAN  17087
21587,COSY HOUR GIANT TUBE MATCHES
35916A,YELLOW FELT HANGING HEART W FLOWER
35916B,BLUE FELT HANGING HEART WITH FLOWER
35916C,PINK FELT HANGING HEART W FLOWER
84921,CREAM AND PINK FLOWERS PONY
21476,STEEL SWEETHEART ROUND TABLE CREAM
35914,PINK CHICK EGG WARMER + EGG CUP
90129D,AMBER GLASS TASSLE BAG CHARM
90194,SILVER LARIAT BLACK STONE EARRINGS
37468,HARDMAN MUG 3 ASSORTED
85186C,BUNNY EGG GARLAND
84452,METAL RABBIT LADDER EASTER
22049,WRAP CHRISTMAS SCREEN PRINT
22849,BREAD BIN DINER STYLE MINT
21829,DINOSAUR KEYRINGS ASSORTED
44092C,PURPLE/COPPER HANGING LAMPSHADE
84638,SMALL KITCHEN FLOWER POTS PLAQUE
21738,COSY SLIPPER SHOES SMALL  RED
35645,VINTAGE BEAD PINK JEWEL BOX
37476,CONDIMENT TRAY 4 BOWLS AND 4 SPOONS
90025F,BAROQUE BUTTERFLY EARRINGS CRYSTAL
90178A,AMBER CHUNKY GLASS+BEAD NECKLACE
90036E,"FLOWER GLASS GARLD NECKL36""AMETHYST"
90001C,ANTIQUE OPAL WHITE FLOWER EARRINGS
84507C,BLUE CIRCLES DESIGN MONKEY DOLL
21002,ROSE DU SUD DRAWSTRING BAG
85124C,GREEN JUICY FRUIT PHOTO FRAME
20898,VINTAGE NOTEBOOK TRAVELOGUE
20903,VINTAGE KEEPSAKE BOX TRAVELOGUE
45013,FOLDING SHOE TIDY
90142D,MOP PENDANT SHELL NECKLACE
22857,ASSORTED EASTER GIFT TAGS
21627,ELEPHANT CARNIVAL POUFFE
22103,MIRROR MOSAIC T-LIGHT HOLDER ROUND
20662,FIRST CLASS HOLIDAY PURSE
22569,FELTCRAFT CUSHION BUTTERFLY
22039,BOTANICAL LILY GIFT WRAP
21794,CLASSIC FRENCH STYLE BASKET NATURAL
21157,RED RETROSPOT WASHBAG
21424,WOODLAND STORAGE BOX LARGE
47367B,PAIR PADDED HANGERS PINK CHECK
90016A,SILVER/M.O.P PENDANT ORBIT NECKLACE
90032,IVORY SHELL HEART NECKLACE
90014B,GOLD M.O.P. ORBIT NECKLACE
20702,PINK PADDED MOBILE
23072,MARIE ANTOINETTE TRINKET BOX SILVER
23071,MARIE ANTOINETTE TRINKET BOX GOLD
22929,SCHOOL DESK AND CHAIR
20967,GREY FLORAL FELTCRAFT SHOULDER BAG
85184c,SET 4 VALENTINE DECOUPAGE HEART BOX
21294,ETCHED GLASS COASTER
47518f,ICON PLACEMAT POP ART ELVIS
72351a,SET/6 TURQUOISE BUTTERFLY T-LIGHTS
82613c,"METAL SIGN,CUPCAKE SINGLE HOOK"
85035A,GARDENIA 3 WICK MORRIS BOXED CANDLE
21613,S/12 VANILLA  BOTANICAL T-LIGHTS
85035B,CHOCOLATE 3 WICK MORRIS BOX CANDLE
22244,3 HOOK HANGER MAGIC GARDEN
22925,BLUE GIANT GARDEN THERMOMETER
21163,DO NOT TOUCH MY STUFF DOOR HANGER
35912B,WHITE/PINK CHICK DECORATION
22257,FELT FARM ANIMAL SHEEP
21801,CHRISTMAS TREE DECORATION WITH BELL
90124A,PINK MURANO TWIST NECKLACE
84870C,GREEN GEISHA GIRL
35810A,ENAMEL PINK COFFEE CONTAINER
22848,BREAD BIN DINER STYLE PINK
16248B,BLUE HOLE PUNCH
85131A,BEADED PEARL HEART WHITE ON STICK
84818,DANISH ROSE PHOTO FRAME
90162D,ANT SILVER PURPLE BOUDICCA RING
90162C,ANT SILVER FUSCHIA BOUDICCA RING
22176,BLUE OWL SOFT TOY
84968a,SET OF 16 VINTAGE ROSE CUTLERY
72818,CHRISTMAS DECOUPAGE CANDLE
84031a,CHARLIE+LOLA RED HOT WATER BOTTLE
84031b,CHARLIE LOLA BLUE HOT WATER BOTTLE
90209C,PINK ENAMEL+GLASS HAIR COMB
90185C,BLACK DIAMANTE EXPANDABLE RING
90184c,BLACK CHUNKY BEAD BRACELET W STRAP
90183c,BLACK DROP EARRINGS W LONG BEADS
90001A,ANTIQUE RASPBERRY FLOWER EARRINGS
47593b,SCOTTIE DOGS BABY BIB
51014c,"FEATHER PEN,COAL BLACK"
46776f,WOVEN ROSE GARDEN CUSHION COVER
46776e,WOVEN CANDY CUSHION COVER
46776b,WOVEN BERRIES CUSHION COVER
23628,SET 10 CARDS TRIANGLE ICONS  17220
23643,SET 10 CARDS CHRISTMAS BAUBLE 16954
46776a,WOVEN BUBBLE GUM CUSHION COVER
37491A,YELLOW/PINK CERAMIC CANDLE HOLDER
22035,VINTAGE CARAVAN GREETING CARD
21071,VINTAGE BILLBOARD DRINK ME MUG
84050,PINK HEART SHAPE EGG FRYING PAN
84974,S/2 ZINC HEART DESIGN PLANTERS
35818B,"ACRYLIC JEWEL ICICLE, BLUE"
35968,FOLK ART METAL HEART T-LIGHT HOLDER
47016,LIGHT DECORATION BATTERY OPERATED
22655,VINTAGE RED KITCHEN CABINET
21349,IVY HEART WREATH
85045,GREEN CHRISTMAS TREE STRING 20LIGHT
84559B,3D SHEET OF CAT STICKERS
23028,DRAWER KNOB CRACKLE GLAZE BLUE
71496B,A4 WALL TIDY RED FLOWERS
71496A,A4 WALL TIDY BLUE OFFICE
90028,NEW BAROQUE LARGE NECKLACE BLK/WHIT
85078,SCANDINAVIAN 3 HEARTS NAPKIN RING
90069,RUBY GLASS CLUSTER NECKLACE
90063A,WHITE VINT ART DECO CRYSTAL NECKLAC
90063B,BLACK VINT ART DEC CRYSTAL NECKLACE
90211B,JET BLACK LAS VEGAS NECKLACE 45CM
90199A,5 STRAND GLASS NECKLACE BLACK
90124C,GREEN MURANO TWIST NECKLACE
23124,18PC WOODEN CUTLERY SET DISPOSABLE
23187,FRENCH STYLE STORAGE JAR BONBONS
85093,CANDY SPOT EGG WARMER HARE
21395,BLUE POLKADOT BEAKER
17136A,BLUE STONES ON WIRE FOR CANDLE
79157V,UBO-LIGHT TRIOBASE PURPLE
84766,SILVER ROCOCO CANDLE STICK
90209A,PURPLE ENAMEL+GLASS HAIR COMB
84465,15 PINK FLUFFY CHICKS IN BOX
84231,EASTER BUNNY WITH BASKET ON BACK
20934,SET/3 POT PLANT CANDLES
35911A,MULTICOLOUR RABBIT EGG WARMER
84944,SET OF 6 KASHMIR FOLKART BAUBLES
72802B,OCEAN SCENT CANDLE IN JEWELLED BOX
72803A,ROSE SCENT CANDLE JEWELLED DRAWER
35913B,WHITE/PINK CHICK EASTER DECORATION
35910B,PINK FLOWERS RABBIT EASTER
35933,PINK STOCKING CHRISTMAS DECORATION
10124G,ARMY CAMO BOOKCOVER TAPE
10124A,SPOTS ON RED BOOKCOVER TAPE
47351B,BLUE  VOILE LAMPSHADE
20848,ZINC HEART LATTICE CHARGER SMALL
35972,DAISY FOLKART HEART DECORATION
22501,PICNIC BASKET WICKER LARGE
16207A,PINK STRAWBERRY HANDBAG
21586,KINGS CHOICE GIANT TUBE MATCHES
22950,36 DOILIES VINTAGE CHRISTMAS
90162A,ANT SILVER TURQUOISE BOUDICCA RING
20886,BOX OF 9 PEBBLE CANDLES
22180,RETROSPOT LAMP
22044,CHRISTMAS CARD STACK OF PRESENTS
79164,BLACK WINE GLASS
84913A,SOFT PINK ROSE TOWEL
20977,36 PENCILS TUBE WOODLAND
84795B,SUNSET CHECK HAMMOCK
84796B,BLUE SAVANNAH PICNIC HAMPER FOR 2
47594B,SCOTTIES DESIGN WASHBAG
84984A,GREEN PEONY CUSHION COVER
84984D,ORIENTAL RED CUSHION COVER
84984B,RED PEONY CUSHION COVER
37479P,CUBIC MUG FLOCK PINK ON BROWN
22053,EMPIRE DESIGN ROSETTE
85034a,3 GARDENIA MORRIS BOXED CANDLES
47566b,TEA TIME PARTY BUNTING
90176A,CLASSIC DIAMANTE NECKLACE JET
90176D,DIAMANTE NECKLACE PURPLE
23619,SET 10 CARDS POINSETTIA 17093
85017B,ENVELOPE 50 BLOSSOM IMAGES
84549,CROCHET WHITE RABBIT KEYRING
90001B,ANTIQUE MID BLUE FLOWER EARRINGS
21750,LARGE SKULL WINDMILL
90026C,GLASS BEAD HOOP NECKLACE GREEN
90162B,ANT SILVER LIME GREEN BOUDICCA RING
90065B,BLACK VINT ART DEC CRYSTAL BRACELET
90159,COTE D'AZURE NECKLACE
90196B,BLACK GEMSTONE NECKLACE 45CM
90160B,RED BOUDICCA LARGE BRACELET
90195B,BLACK GEMSTONE BRACELET
21457,2 PICTURE BOOK EGGS EASTER DUCKS
84457,SET/3 RABBITS FLOWER SKIPPPING ROPE
21458,2 PICTURE BOOK EGGS EASTER BUNNY
21817,GLITTER CHRISTMAS TREE
35954,SMALL FOLKART STAR CHRISTMAS DEC
90175B,PINK GLASS CHUNKY CHARM BRACELET
71279,PINK GLASS CANDLEHOLDER
22874,NUMBER TILE COTTAGE GARDEN 6
47504K,ENGLISH ROSE GARDEN SECATEURS
21281,VINTAGE KITCHEN PRINT SEAFOOD
21280,VINTAGE KITCHEN PRINT VEGETABLES
20796,SMALL BLUE PROVENCAL CERAMIC BALL
37327,ASSTD MULTICOLOUR CIRCLES MUG
85230F,JASMINE VOTIVE CANDLE
90210D,PURPLE ACRYLIC FACETED BANGLE
90184A,AMBER CHUNKY BEAD BRACELET W STRAP
35651,VINTAGE BEAD PINK SCARF
20835,FRENCH LATTICE CUSHION COVER
22268,DECORATION SITTING BUNNY
22412,METAL SIGN NEIGHBOURHOOD WITCH
21275,ZINC TOP  2 DOOR WOODEN SHELF
23091,ZINC HERB GARDEN CONTAINER
22149,FELTCRAFT 6 FLOWER FRIENDS
79030D,TUMBLER BAROQUE
20657,TROPICAL LUGGAGE TAG
23610,SET 10 CARDS CHRISTMAS ROBIN 17095
23624,SET 10 CARD PERFECT NATIVITY 17089
20696,FLORAL SOFT CAR TOY
23602,SET 10 CARDS 3 WISE MEN 17107
22934,BAKING MOULD EASTER EGG WHITE CHOC
22322,BIRD DECORATION GREEN POLKADOT
22829,SWEETHEART WIRE WALL TIDY
23664,FLOWER SHOP DESIGN MUG
90124B,BLUE MURANO TWIST NECKLACE
40001,WHITE BAMBOO RIBS LAMPSHADE
84968F,SET OF 16 VINTAGE SKY BLUE CUTLERY
90012B,BLACK DROP CRYSTAL NECKLACE
47590b,PINK HAPPY BIRTHDAY BUNTING
84509b,SET OF 4 FAIRY CAKE PLACEMATS
16259,PIECE OF CAMO STATIONERY SET
21394,RED POLKADOT BEAKER
22183,CAKE STAND VICTORIAN FILIGREE MED
22548,HEADS AND TAILS SPORTING FUN
23140,TRIPLE WIRE HOOK IVORY HEART
22803,IVORY EMBROIDERED QUILT
21413,PERIWINKLE T-LIGHT HOLDER
46138B,BLUE CHENILLE SHAGGY CUSHION COVER
35819P,"ACRYLIC HANGING JEWEL,PINK"
82011A,"BATHROOM SCALES, TROPICAL BEACH"
90096,NECKLACE+BRACELET SET BLUE BLOSSOM
85160B,BLACK BIRD GARDEN DESIGN MUG
72709,IVORY SCULPTED RND CANDLE
21539,RED RETROSPOT BUTTER DISH
21054,NURSE'S BAG SOFT TOY
23024,LARGE BONNE JAM JAR  T-LIGHT HOLDER
20901,VINTAGE KEEPSAKE BOX PINK FLOWER
84952A,CLEAR LOVE BIRD T-LIGHT HOLDER
85131C,BEADED CRYSTAL HEART BLUE ON STICK
84617,NEW BAROQUE BLACK BOXES
90050,CRACKED GLAZE NECKLACE IVORY
21618,4 WILDFLOWER BOTANICAL CANDLES
84687,BEACH HUT SHELF W 3 DRAWERS
90067A,PINK VINTAGE VICTORIAN EARRINGS
21823,PAINTED METAL HEART WITH HOLLY BELL
21824,PAINTED METAL STAR WITH HOLLY BELLS
22823,CHEST NATURAL WOOD 20 DRAWERS
22880,NUMBER TILE VINTAGE FONT 1
21643,ASSORTED TUTTI FRUTTI MIRROR
84497,BUTTONS AND STRIPES NOTEBOOK
21992,VINTAGE PAISLEY STATIONERY SET
84341B,SMALL PINK MAGIC CHRISTMAS TREE
72801G,4 BURGUNDY WINE DINNER CANDLES
22859,EASTER TIN BUNNY BOUQUET
20670,VIP HOLIDAY PURSE
21352,EUCALYPTUS & PINECONE  WREATH
90052,CRACKED GLAZE NECKLACE BROWN
90122A,PINK CRYSTAL+GLASS BRACELET
35965,FOLKART HEART NAPKIN RINGS
23449,SET OF 6 EASTER RAINBOW CHICKS
84744,S/6 SEW ON CROCHET FLOWERS
22828,REGENCY MIRROR WITH SHUTTERS
85036A,GARDENIA 1 WICK MORRIS BOXED CANDLE
22454,MEASURING TAPE BABUSHKA RED
23702,High Resolution Image
21741,COSY SLIPPER SHOES LARGE GREEN
21031,SPACE CADET BLACK
71403,"PINK/WHITE ""KEEP CLEAN"" BULLET BIN"
21145,ANTIQUE GLASS PLACE SETTING
22871,NUMBER TILE COTTAGE GARDEN 3
22878,NUMBER TILE COTTAGE GARDEN No
90000A,RASPBERRY ANT COPPER FLOWER NECKLAC
90185A,AMBER DIAMANTE EXPANDABLE RING
90176B,DIAMANTE NECKLACE BLACK
90165A,PINK ROSEBUD PEARL EARRINGS
21847,GREEN  DIAMANTE PEN IN GIFT BOX
23018,LARGE APOTHECARY MEASURING JAR
21331,MOROCCAN BEATEN METAL DISH LARGE
20935,ROUND CACTUS CANDLE
22040,BOTANICAL ROSE GIFT WRAP
21202,DOLLY HONEYCOMB GARLAND
22904,CALENDAR PAPER CUT DESIGN
15058B,PINK POLKADOT GARDEN PARASOL
84508C,BLUE CIRCLES DESIGN TEDDY
85135B,BLUE DRAGONFLY HELICOPTER
90160D,PINK BOUDICCA LARGE BRACELET
21631,HIPPY CHIC DECORATIVE PARASOL
21725,SWEETIES  STICKERS
20695,FLORAL BLUE MONSTER
85089,CANDY SPOT BUNNY
85036B,CHOCOLATE 1 WICK MORRIS BOX CANDLE
90064A,WHITE VINTAGE CRYSTAL EARRINGS
23639,SET 10 CARDS MAGICAL TREE 17086
23646,SET 10 CARDS JINGLE BELLS 16957
23652,SET 10 CARD CHRISTMAS STAMPS 16963
23612,SET 10 MINICARDS CUTE SNOWMAN 17071
90175C,BLUE GLASS CHUNKY CHARM BRACELET
16015,MEDIUM CHINESE STYLE SCISSOR
22827,RUSTIC  SEVENTEEN DRAWER SIDEBOARD
84459A,PINK METAL CHICKEN HEART
85216,ASSORTED CAKES FRIDGE MAGNETS
90189A,SILVER 2 STRAND NECKLACE-LEAF CHARM
90154,LAZER CUT NECKLACE W PASTEL BEADS
90026D,GLASS BEAD HOOP NECKLACE AMETHYST
23065,LARGE DECO JEWELLERY STAND
15060B,FAIRY CAKE DESIGN UMBRELLA
22570,FELTCRAFT CUSHION RABBIT
22860,EASTER TIN CHICKS PINK DAISY
23620,SET 10 CARDS PERFECT POST 17090
20837,FRENCH FLORAL CUSHION COVER
23268,SET OF 2 CERAMIC CHRISTMAS REINDEER
22856,ASSORTED EASTER DECORATIONS  BELLS
84206B,CAT WITH SUNGLASSES BLANK CARD
35591T,TURQUOISE CHRISTMAS TREE
15060b,FAIRY CAKE DESIGN UMBRELLA
79066k,RETRO MOD TRAY
84536a,ENGLISH ROSE NOTEBOOK A7 SIZE
35638B,PINK/BLUE STRING CURTAIN
35638A,PINK AND BLACK STRING CURTAIN
84663A,GRASS HOPPER WOODEN WALL CLOCK
20754,RETROSPOT RED WASHING UP GLOVES
35598A,DUSTY PINK CHRISTMAS TREE 60CM
21473,SWEETHEART CREAM STEEL TABLE RECT
84824,DANISH ROSE UMBRELLA STAND
21633,SUNFLOWER DECORATIVE PARASOL
84659A,WHITE TRAVEL ALARM CLOCK
37489A,YELLOW/PINK FLOWER DESIGN BIG MUG
37489B,BLUE/YELLOW FLOWER DESIGN BIG MUG
21802,CHRISTMAS TREE HEART DECORATION
21391,FRENCH LAVENDER SCENT HEART
21027,NINJA RABBIT PINK
21030,SPACE CADET RED
23064,CINDERELLA CHANDELIER
71101E,STANDING FAIRY POLE SUPPORT
21562,HAWAIIAN GRASS SKIRT
22206,"MUG , DOTCOMGIFTSHOP.COM"
22868,NUMBER TILE COTTAGE GARDEN 0
23633,SET 10 CARDS WORLD CHILDREN 17067
21617,4 LILY  BOTANICAL DINNER CANDLES
90177E,DROP DIAMANTE EARRINGS GREEN
23057,BEADED CHANDELIER T-LIGHT HOLDER
23055,IVORY CHANDELIER T-LIGHT HOLDER
84665,SQUARE CHERRY BLOSSOM CABINET
21626,VINTAGE UNION JACK PENNANT
10080,GROOVY CACTUS INFLATABLE
84616,SILVER ROCCOCO CHANDELIER
21407,BROWN CHECK CAT DOORSTOP
22289,HANGING METAL CHICKEN DECORATION
22293,HANGING CHICK GREEN DECORATION
22892,SET OF SALT AND PEPPER TOADSTOOLS
37370,RETRO COFFEE MUGS ASSORTED
85024C,PINK SMALL JEWELLED PHOTOFRAME
40005B,BLUE ORGANDY ROUND LAMPSHADE W BEA
84522,PINK PARTY SUNGLASSES
79161A,ST GEORGE SET OF 10 PARTY LIGHTS
21269,ANTIQUE CREAM CUTLERY SHELF
90190B,GOLD/AMBER DROP EARRINGS W LEAF
90011D,PURPLE CRYSTAL DROP EARRINGS
20694,FLORAL PINK MONSTER
22033,BOTANICAL ROSE GREETING CARD
21807,WHITE CHRISTMAS STAR DECORATION
90141C,TURQ PENDANT TRIPLE SHELL NECKLACE
20756,GREEN FERN POCKET BOOK
85194L,HANGING SPRING FLOWER EGG LARGE
23297,SET 40 HEART SHAPE PETIT FOUR CASES
22270,HAPPY EASTER HANGING DECORATION
22824,3 TIER SWEETHEART GARDEN SHELF
85034A,3 GARDENIA MORRIS BOXED CANDLES
47586A,PINK FAIRY CAKE CUSHION COVER
21461,BLUE EASTER EGG HUNT START POST
21459,YELLOW EASTER EGG HUNT START POST
22241,GARLAND WOODEN HAPPY EASTER
85049c,ROMANTIC PINKS RIBBONS
72807c,SET/3 VANILLA SCENTED CANDLE IN BOX
72802c,VANILLA SCENT CANDLE JEWELLED BOX
84801A,PINK HYDRANGEA ART FLOWER
84968C,SET OF 16 VINTAGE PISTACHIO CUTLERY
20698,LITTLE PINK MONSTER SOFT TOY
20697,LITTLE GREEN MONSTER SOFT TOY
21556,CERAMIC STRAWBERRY MONEY BOX
21811,HANGING HEART WITH BELL
15058A,BLUE POLKADOT GARDEN PARASOL
21815,STAR  T-LIGHT HOLDER
21014,SWISS CHALET TREE DECORATION
21206,STRAWBERRY HONEYCOMB  GARLAND
23056,FLOWERS CHANDELIER T-LIGHT HOLDER
90049,IVORY GOLD METAL BAG CHARM
72817,SET OF 2 CHRISTMAS DECOUPAGE CANDLE
21830,ASSORTED CREEPY CRAWLIES
21117,BLOND DOLL DOORSTOP
85036C,ROSE 1 WICK MORRIS BOXED CANDLE
22125,UNION JACK HOT WATER BOTTLE
22339,CHRISTMAS TREE PAINTED ZINC
21041,RED RETROSPOT OVEN GLOVE DOUBLE
72127,COLUMBIAN CANDLE ROUND
21696,SMALL SILVER TRELLIS CANDLEPOT
35400,WOODEN BOX ADVENT CALENDAR
21277,FRENCH STYLE EMBOSSED HEART CABINET
82011B,BATHROOM SCALES RUBBER DUCKS
82011C,BATHROOM SCALES FOOTPRINTS IN SAND
85163A,WHITE BAROQUE WALL CLOCK
20821,GOLDIE LOOKING MIRROR
23468,TUSCAN VILLA BIRD TABLE
22236,CAKE STAND 3 TIER MAGIC GARDEN
85124B,BLUE JUICY FRUIT PHOTO FRAME
90075,MONTANA DIAMOND CLUSTER NECKLACE
90076,MONTANA DIAMOND CLUSTER EARRINGS
23519,EMBROIDERED RIBBON REEL CLAIRE
23607,SET 10 CARDS HATS & STOCKINGS 17081
23638,SET 10 CARDS ROBIN WATERPUMP  17096
84870B,BLUE GEISHA GIRL
72807B,SET/3 OCEAN SCENT CANDLE JEWEL BOX
90070,RUBY GLASS CLUSTER BRACELET
90129E,PURPLE GLASS TASSLE BAG CHARM
90190A,SILVER/CRYSTAL DROP EARRINGS W LEAF
90205A,LARGE MINT DIAMANTE HAIRSLIDE
90011C,GREEN CRYSTAL DROP EARRINGS
90038A,GLASS AND PAINTED BEADS BRACELET TO
72807A,SET/3 ROSE CANDLE IN JEWELLED BOX
22162,HEART GARLAND RUSTIC PADDED
22246,MAGIC GARDEN FELT GARLAND
17090A,LAVENDER INCENSE 40 CONES IN TIN
22652,TRAVEL SEWING KIT
16161G,WRAP BAD HAIR DAY
22449,SILK PURSE BABUSHKA PINK
20836,FRENCH PAISLEY CUSHION COVER
35598C,WHITE CHRISTMAS TREE 60CM
23047,PAPER LANTERN 5 POINT SEQUIN STAR
71495B,CD WALL TIDY RED FLOWERS
71495A,CD WALL TIDY BLUE OFFICE
22778,GLASS CLOCHE SMALL
47594A,CAROUSEL DESIGN WASHBAG
84929,ASSTD FRUIT+FLOWERS FRIDGE MAGNETS
21744,SNOWFLAKE PORTABLE TABLE LIGHT
20760,GARDEN PATH POCKET BOOK
90011A,MIDNIGHT BLUE CRYSTAL DROP EARRINGS
22954,HEN PARTY CORDON BARRIER TAPE
21711,FOLDING UMBRELLA WHITE/RED POLKADOT
35443,RASTA IN BATH W SPLIFF ASHTRAY
17174,ASSTD RASTA KEY-CHAINS
23015,CORDIAL GLASS JUG
35833P,4 PINK FLOCK CHRISTMAS BALLS
84673A,PINK FLY SWAT
22051,BLUE SCANDINAVIAN PAISLEY WRAP
71510,SQUARE METAL CANDLEHOLDER BASE
22271,FELTCRAFT DOLL ROSIE
90031,BILI NUT AND WOOD NECKLACE
90030C,BROWN KUKUI COCONUT SEED NECKLACE
22032,BOTANICAL LILY GREETING CARD
72131,COLUMBIAN CANDLE RECTANGLE
21226,POCKET MIRROR WOODLAND
84527,FLAMES SUNGLASSES PINK LENSES
90098,NECKLACE+BRACELET PINK BUTTERFLY
22665,RECIPE BOX BLUE SKETCHBOOK DESIGN
21710,FOLDING UMBRELLA PINKWHITE POLKADOT
20847,ZINC HEART LATTICE CHARGER LARGE
84206C,CHAMPAGNE TRAY BLANK CARD
84201B,HAPPY BIRTHDAY CARD STRIPEY TEDDY
84206A,3 BLACK CATS W HEARTS BLANK CARD
22611,VINTAGE UNION JACK SHOPPING BAG
21190,PINK HEARTS PAPER GARLAND
72799F,IVORY PILLAR CANDLE GOLD FLOCK
23410,CURIO CABINET LINEN AND LACE
84550,CROCHET LILAC/RED BEAR KEYRING
90000D,COPPER/OLIVE GREEN FLOWER NECKLACE
90018C,SILVER BLACK ORBIT DROP EARRINGS
23627,SET 10 CARDS XMAS GRAPHIC  17218
23629,SET 10 CARDS DRESSING UP 17077
23649,SET 10 CARDS DECK THE HALLS 16960
22873,NUMBER TILE COTTAGE GARDEN 5
22258,FELT FARM ANIMAL RABBIT
22247,BUNNY DECORATION MAGIC GARDEN
22291,HANGING CHICK CREAM DECORATION
22292,HANGING CHICK  YELLOW DECORATION
72807a,SET/3 ROSE CANDLE IN JEWELLED BOX
84971l,LARGE HEART FLOWERS HOOK
85034b,3 WHITE CHOC MORRIS BOXED CANDLES
21110,LARGE CAKE TOWEL PINK SPOTS
22034,ROBIN CHRISTMAS CARD
90130A,WHITE STONE/CRYSTAL EARRINGS
90060F,FIRE POLISHED GLASS NECKL GREEN
90027C,GLASS BEAD HOOP EARRINGS GREEN
90027B,GLASS BEAD HOOP EARRINGS MONTANA
85125,SMALL ROUND CUT GLASS CANDLESTICK
22503,CABIN BAG VINTAGE PAISLEY
22637,PIGGY BANK RETROSPOT
85161,ACRYLIC GEOMETRIC LAMP
20770,ABSTRACT CIRCLE JOURNAL
84842,HELLO SAILOR BATHROOM SET
21647,ASSORTED TUTTI FRUTTI LARGE PURSE
20757,RED DAISY POCKET BOOK
84706F,RED PEONY TABLE CLOCK
21816,CHRISTMAS TREE T-LIGHT HOLDER
21192,WHITE BELL HONEYCOMB PAPER
85187,S/12 MINI RABBIT EASTER
44089A,PINK GAUZE BUTTERFLY LAMPSHADE
16162M,THE KING GIFT BAG 25x24x12cm
22715,CARD WEDDING DAY
23142,IVORY WIRE KITCHEN ORGANISER
35637C,PINK STRING CURTAIN WITH POLE
35637A,IVORY STRING CURTAIN WITH POLE
72132,COLUMBIAN CUBE CANDLE
22825,DECORATIVE PLANT POT WITH FRIEZE
85035C,ROSE 3 WICK MORRIS BOX CANDLE
20752,BLUE POLKADOT WASHING UP GLOVES
90082D,DIAMANTE BOW BROOCH BLACK COLOUR
90151,SILVER/NATURAL SHELL NECKLACE
90023,FILIGREE DIAMANTE EARRINGS
90147,CHUNKY SILVER NECKLACE PASTEL FLOWE
90014C,SILVER AND BLACK ORBIT NECKLACE
23325,RUSTIC STRAWBERRY JAM POT SMALL
81952V,ROUND PURPLE CLOCK WITH SUCKER
79063D,"RETRO PILL BOX , REVOLUTIONARY"
84247N,PACK/12 BLUE FOLKART CARDS
21644,ASSORTED TUTTI FRUTTI HEART BOX
84508B,STRIPES DESIGN TEDDY
71038,WHITE HANGING BEADS CANDLE HOLDER
21973,SET OF 36 MUSHROOM PAPER DOILIES
16046,TEATIME PEN CASE & PENS
21845,DAIRY MAID STRIPE MUG
22164,STRING OF STARS CARD HOLDER
47503A,ASS FLORAL PRINT MULTI SCREWDRIVER
20748,KENSINGTON COFFEE SET
21882,SKULLS TAPE
21211,SET OF 72 SKULL PAPER  DOILIES
85106,CUT GLASS HEXAGON T-LIGHT HOLDER
72800D,4 BLUE DINNER CANDLES SILVER FLOCK
72369A,PINK CLEAR GLASS CANDLE PLATE
90030A,SPOTTED WHITE NATURAL SEED NECKLACE
75011,BLUE DAISY MOBILE
22912,YELLOW COAT RACK PARIS FASHION
78124,MAGAZINE RACK GEBRA ASSORTED
79151B,"SILICON CUBE 25W, BLUE"
22427,ENAMEL FLOWER JUG CREAM
21291,SMALL POLKADOT CHOCOLATE GIFT BAG
22102,MIRROR MOSAIC T-LIGHT HOLDER
23094,LE GRAND TRAY CHIC SET
90205C,LARGE CRYSTAL DIAMANTE HAIRSLIDE
90157,RIVIERA NECKLACE
90130D,RED STONE/CRYSTAL EARRINGS
90123D,WHITE HEART OF GLASS BRACELET
90074,BLACK DIAMOND CLUSTER NECKLACE
90144,SILVER DROP EARRINGS WITH FLOWER
23613,SET 10 XMAS CARDS & BADGES 17070
23609,SET 10 CARDS SNOWY ROBIN 17099
23601,SET 10 CARDS SNOWY SNOWDROPS  17100
22450,SILK PURSE BABUSHKA BLUE
23159,SET OF 5 PANCAKE DAY MAGNETS
21372,MIRRORED WALL ART TABLE LAMP
85054,FRENCH ENAMEL POT W LID
22689,DOORMAT MERRY CHRISTMAS RED
22579,WOODEN TREE CHRISTMAS SCANDINAVIAN
21746,SMALL RED RETROSPOT WINDMILL
84228,HEN HOUSE WITH CHICK STANDING
72225C,LAVENDER SCENT CAKE CANDLE
21841,BABY MOUSE RED GINGHAM DRESS
90196A,PURPLE GEMSTONE NECKLACE 45CM
85208,SET/12 FUNKY FELT FLOWER PEG IN BAG
90190C,SILVER/AMETHYST DROP EARRINGS LEAF
90186B,CRYSTAL HOOP EARRING FLORAL LEAF
85179a,GREEN BITTY LIGHT CHAIN
85014a,BLACK/BLUE POLKADOT UMBRELLA
21814,HEART T-LIGHT HOLDER
22317,FIVE CATS HANGING DECORATION
85135A,YELLOW DRAGONFLY HELICOPTER
21129,SILVER FISHING GNOME
85169D,PINK LOVE BIRD CANDLE
47518F,ICON PLACEMAT POP ART ELVIS
21468,BUTTERFLY CROCHET FOOD COVER
23149,ANTIQUE IVORY WIRE BOWL SMALL
22265,EASTER DECORATION NATURAL CHICK
85202,HANGING WOOD AND FELT HEART
22325,MOBILE VINTAGE HEARTS
22181,SNOWSTORM PHOTO FRAME FRIDGE MAGNET
22832,BROCANTE SHELF WITH HOOKS
47591d,PINK FAIRY CAKE CHILDRENS APRON
22870,NUMBER TILE COTTAGE GARDEN 2
22869,NUMBER TILE COTTAGE GARDEN 1
22572,ROCKING HORSE GREEN CHRISTMAS
23623,SET 10 CARD CHRISTMAS WELCOME 17112
84748,FOLK FELT HANGING MULTICOL GARLAND
21749,LARGE RED RETROSPOT WINDMILL
90180A,BLACK+WHITE NECKLACE W TASSEL
90186A,AMETHYST HOOP EARRING FLORAL LEAF
90199D,5 STRAND GLASS NECKLACE AMBER
23125,6PC WOOD PLATE SET DISPOSABLE
90199C,5 STRAND GLASS NECKLACE CRYSTAL
90033,IVORY SHELL HEART EARRINGS
90003D,CRYSTAL PAIR HEART HAIR SLIDES
90003B,ROSE COLOUR PAIR HEART HAIR SLIDES
23617,SET 10 CARDS SWIRLY XMAS TREE 17104
47481,50CM METAL STRING WITH  7 CLIPS
85170B,SET/6 BLACK BIRD T-LIGHT CANDLES
71406C,BLACK ORANGE SQUEEZER
84931A,PINK SCOTTIE DOG W FLOWER PATTERN
23448,CREAM BUNNY EASTER EGG BASKET
21688,SILVER PLATE CANDLE BOWL SMALL
23692,WRAP A PRETTY THANK YOU
22759,SET OF 3 NOTEBOOKS IN PARCEL
20819,SILVER TEDDY BEAR
22243,5 HOOK HANGER RED MAGIC TOADSTOOL
21032,SPACE CADET WHITE
22884,NUMBER TILE VINTAGE FONT 5
84086C,PINK/PURPLE RETRO RADIO
21747,SMALL SKULL WINDMILL
35810B,ENAMEL BLUE RIM COFFEE CONTAINER
84795b,SUNSET CHECK HAMMOCK
15056n,EDWARDIAN PARASOL NATURAL
16254,TRANSPARENT ACRYLIC TAPE DISPENSER
84876B,GREEN HEART COMPACT MIRROR
84877B,GREEN ROUND COMPACT MIRROR
17012B,ORIGAMI JASMINE INCENSE/CANDLE SET
84592,CROCHET ROSE PURSE WITH SUEDE BACK
72802C,VANILLA SCENT CANDLE JEWELLED BOX
23630,SET 10 CARDS HANGING BAUBLES 17080
23632,SET 10 CARDS CHEERFUL ROBIN 17065
90141A,GREEN PENDANT TRIPLE SHELL NECKLACE
90152A,SILVER/NAT SHELL NECKLACE W PENDANT
90181A,AMBER GLASS/SHELL/PEARL NECKLACE
21250,SET OF SKULL WALL STICKERS
21251,DINOSAUR HEIGHT CHART STICKER SET
90024F,NEW BAROQUE B'FLY NECKLACE CRYSTAL
90013B,BLACK VINTAGE EARRINGS
72130,COLUMBIAN CANDLE ROUND
90011B,BLACK CRYSTAL DROP EARRINGS
85040a,S/4 PINK FLOWER CANDLES IN BOWL
22947,WOODEN ADVENT CALENDAR RED
23476,WOODLAND LARGE RED FELT HEART
23477,WOODLAND LARGE BLUE FELT HEART
35819B,"ACRYLIC HANGING JEWEL,BLUE"
21503,TOYBOX  WRAP
84849A,HELLO SAILOR BLUE SOAP HOLDER
35598B,BLACK CHRISTMAS TREE 60CM
23414,ZINC BOX SIGN HOME
84712B,PINK JEWELLED PHOTO FRAME
84882,GREEN WIRE STANDING CANDLE HOLDER
47341B,BLUE TABLE RUN FLOWER
85185B,PINK HORSE SOCK PUPPET KIT
85088,CANDY SPOT HAND BAG
85159B,"WHITE TEA,COFFEE,SUGAR JARS"
20894,HANGING BAUBLE T-LIGHT HOLDER LARGE
90179C,BLACK FINE BEAD NECKLACE W TASSEL
23032,DRAWER KNOB CRACKLE GLAZE IVORY
72807C,SET/3 VANILLA SCENTED CANDLE IN BOX
21422,PORCELAIN ROSE SMALL
23549,WRAP BIRD GARDEN
21374,MIRRORED WALL ART SKULLS
21354,TOAST ITS - BEST MUM
22147,FELTCRAFT BUTTERFLY HEARTS
72802A,ROSE SCENT CANDLE IN JEWELLED BOX
23431,NATURAL HANGING QUILTED HEARTS
35923,CANDY HEART HANGING DECORATION
21066,VINTAGE RED MUG
21382,SET/4 SPRING FLOWER DECORATION
22287,DECORATION WOBBLY CHICKEN
22286,DECORATION WOBBLY RABBIT METAL
84926A,WAKE UP COCKEREL TILE COASTER
21465,PINK FLOWER CROCHET FOOD COVER
47585A,PINK FAIRY CAKE CUSHION COVER
23044,PAPER LANTERN 9 POINT HOLLY STAR S
23478,WOODLAND LARGE PINK FELT HEART
21464,DISCO BALL ROTATOR BATTERY OPERATED
23049,RECYCLED ACAPULCO MAT RED
22831,WHITE BROCANTE SOAP DISH
90108,BLUE BLOSSOM HAIR CLIP
90143,SILVER BRACELET W PASTEL FLOWER
20711,JUMBO BAG TOYS
90204,PAIR OF ENAMEL BUTTERFLY HAIRCLIP
20661,BLUE POLKADOT PURSE
84279P,CHERRY BLOSSOM  DECORATIVE FLASK
47369A,PINK GREEN EMBROIDERY COSMETIC BAG
47369B,BLUE GREEN EMBROIDERY COSMETIC BAG
21972,SET OF 36 DINOSAUR PAPER DOILIES
21793,CLASSIC FRENCH STYLE BASKET BROWN
21758,VINTAGE SHELLS PRINT
85114A,BLACK ENCHANTED FOREST PLACEMAT
21927,BLUE/CREAM STRIPE CUSHION COVER
23073,GEORGIAN TRINKET BOX
22886,NUMBER TILE VINTAGE FONT 7
84849D,HOT BATHS SOAP HOLDER
47422,ASSORTED MONKEY SUCTION CUP HOOK
21199,PINK  HEART CONFETTI IN TUBE
21380,WOODEN HAPPY BIRTHDAY GARLAND
21197,MULTICOLOUR  CONFETTI IN TUBE
16156L,WRAP CAROUSEL
16169M,WRAP DAISY CARPET
22707,WRAP MONSTER FUN
23027,DRAWER KNOB VINTAGE GLASS HEXAGON
23025,DRAWER KNOB VINTAGE GLASS BALL
22399,MAGNETS PACK OF 4 CHILDHOOD MEMORY
22826,LOVE SEAT ANTIQUE WHITE METAL
21804,WHITE CHRISTMAS GARLAND STARS TREES
22683,FRENCH BLUE METAL DOOR SIGN 8
23348,CHILDRENS TOY COOKING UTENSIL SET
72586,SET OF 6 HALLOWEEN GHOST T-LIGHTS
85175,CACTI T-LIGHT CANDLES
79403,FROSTED WHITE BASE
22337,ANGEL DECORATION PAINTED ZINC
71050,SMALL SINGLE FLAME CANDLE HOLDER
85230G,ORANGE VOTIVE CANDLE
85230A,OPIUM SCENTED VOTIVE CANDLE
21062,PARTY INVITES SPACEMAN
84913B,MINT GREEN ROSE TOWEL
22043,CHRISTMAS CARD SCREEN PRINT
84924A,WAKE UP COCKEREL CALENDAR SIGN
37475,SET/4 COLOURFUL MIXING BOWLS
84922,PINK BUTTERFLY WASHBAG
22535,MAGIC DRAWING SLATE BUNNIES
17012A,ORIGAMI VANILLA INCENSE/CANDLE SET
84796A,PINK HAWAIIAN PICNIC HAMPER FOR 2
21205,MULTICOLOUR 3D BALLS GARLAND
23518,EMBROIDERED RIBBON REEL RACHEL
22761,CHEST 7 DRAWER MA CAMPAGNE
47599B,BLUE PARTY BAGS
47599A,PINK PARTY BAGS
79190D,RETRO PLASTIC DAISY TRAY
90085,CRYSTAL STILETTO PHONE CHARM
90164A,PINK ROSEBUD PEARL BRACELET
90125B,AQUA BERTIE GLASS BEAD BAG CHARM
16161U,WRAP SUKI AND FRIENDS
22820,GIFT BAG BIRTHDAY
82613C,"METAL SIGN,CUPCAKE SINGLE HOOK"
90149,SILVER FLOWR PINK SHELL NECKLACE
90176E,DIAMANTE NECKLACE GREEN
90133,TEAL/FUSCHIA COL BEAD NECKLACE
90177D,DROP DIAMANTE EARRINGS PURPLE
90199B,5 STRAND GLASS NECKLACE AMETHYST
90122C,TURQUOISE CRYSTAL+GLASS BRACELET
90010E,AMBER GLASS/SILVER BRACELET
90036C,"FLOWER GLASS GARLAND NECKL.36""BLUE"
90041,PEARL AND CHERRY QUARTZ BRACLET
23625,SET 6 CARDS SPARKLY REINDEER 17262
21721,CANDY SHOP  STICKER SHEET
21789,KIDS RAIN MAC PINK
21106,CREAM SLICE FLANNEL CHOCOLATE SPOT
22702,BLACK AND WHITE CAT BOWL
23471,SIX DRAWER OFFICE TIDY
23411,TRELLIS COAT RACK
22677,FRENCH BLUE METAL DOOR SIGN 2
21375,LARGE CAMPHOR WOOD FIELD MUSHROOM
21376,LARGE  TALL CAMPHOR WOOD TOADSTOOL
84247E,PACK OF 12 CHRISTMAS FUN CARDS
17191A,ROSE FLOWER CANDLE+INCENSE 16X16CM
22416,SET OF 36 SPACEBOY PAPER DOILIES
21884,CAKES AND BOWS GIFT  TAPE
22148,EASTER CRAFT 4 CHICKS
23010,CIRCUS PARADE BABY GIFT SET
20893,HANGING BAUBLE T-LIGHT HOLDER SMALL
35599D,PINK AND WHITE CHRISTMAS TREE 120CM
35599B,BLACK CHRISTMAS TREE 120CM
35598D,PINK/WHITE CHRISTMAS TREE 60CM
46000U,POLYESTER FILLER PAD 30CMx30CM
84711A,SILVER OVAL SHAPE TRINKET BOX
20751,FUNKY WASHING UP GLOVES ASSORTED
90040C,MURANO STYLE GLASS BRACELET GOLD
90198B,VINTAGE ROSE BEAD BRACELET BLACK
21386,IVORY HANGING DECORATION  EGG
85194S,HANGING SPRING FLOWER EGG SMALL
21937,STRAWBERRY   PICNIC BAG
23514,EMBROIDERED RIBBON REEL SALLY
23421,PANTRY HOOK SPATULA
23420,PANTRY HOOK TEA STRAINER
23456,MEDIUM PARLOUR PICTURE FRAME
23152,IVORY SWEETHEART WIRE LETTER RACK
21682,LARGE MEDINA STAMPED METAL BOWL
23102,SILVER HEARTS TABLE DECORATION
23069,EDWARDIAN PHOTO FRAME
10120,DOGGY RUBBER
21761,WOOD AND GLASS MEDICINE CABINET
47566B,TEA TIME PARTY BUNTING
23433,HANGING QUILTED PATCHWORK APPLES
20655,QUEEN OF SKIES LUGGAGE TAG
21709,FOLDING UMBRELLA CHOCOLATE POLKADOT
21114,LAVENDER SCENTED FABRIC HEART
21389,IVORY HANGING DECORATION  BIRD
16054,POPART RECT PENCIL SHARPENER ASST
21061,PARTY INVITES FOOTBALL
21849,SILVER DIAMANTE PEN IN GIFT BOX
23130,MISTLETOE HEART WREATH GREEN
22729,ALARM CLOCK BAKELIKE ORANGE
21279,VINTAGE KITCHEN PRINT FRUITS
22770,MIRROR CORNICE
20766,GARDEN PATH SKETCHBOOK
84192,ASSORTED COLOUR METAL CAT
47420,ASSORTED COLOUR SUCTION CUP HOOK
84968A,SET OF 16 VINTAGE ROSE CUTLERY
85159A,"BLACK TEA,COFFEE,SUGAR JARS"
22230,JIGSAW TREE WITH WATERING CAN
21311,SET/4 BIRD MIRROR MAGNETS
85183B,CHARLIE & LOLA WASTEPAPER BIN FLORA
84581,DOG TOY WITH PINK CROCHET SKIRT
22089,PAPER BUNTING VINTAGE PAISLEY
21500,PINK POLKADOT WRAP
22332,SKULLS PARTY BAG + STICKER SET
22911,PAPER CHAIN KIT LONDON
23039,T-LIGHT HOLDER SILVER HEART HANDLE
23492,VINTAGE JINGLE BELLS WREATH
23303,SET 4 PICNIC CUTLERY FONDANT
46775D,SUNSET COLOUR CHUNKY KNITTED THROW
21368,MIRRORED WALL ART LADIES
21369,MIRRORED WALL ART SPLODGES
23157,SET OF 6 NATIVITY MAGNETS
22927,GREEN GIANT GARDEN THERMOMETER
22889,NUMBER TILE VINTAGE FONT No
23042,PAPER LANTERN 7 POINT SNOW STAR
84510c,SET OF 4 POLKADOT COASTERS
84596f,SMALL MARSHMALLOWS PINK BOWL
21426,WOODLAND STORAGE BOX SMALL
15056p,EDWARDIAN PARASOL PINK
21578,WOODLAND DESIGN  COTTON TOTE BAG
85023B,EAU DE NILE JEWELLED PHOTOFRAME
84558A,3D DOG PICTURE PLAYING CARDS
21306,SET/4 DAISY MIRROR MAGNETS
21821,GLITTER STAR GARLAND WITH BELLS
85114c,RED ENCHANTED FOREST PLACEMAT
21112,SWISS ROLL TOWEL PINK  SPOTS
21888,BINGO SET
22843,BISCUIT TIN VINTAGE GREEN
22649,STRAWBERRY FAIRY CAKE TEAPOT
84509c,SET OF 4 POLKADOT PLACEMATS
84993a,75 GREEN PETIT FOUR CASES
23409,PHOTO FRAME LINEN AND LACE LARGE
21270,ANTIQUE CREAM CUTLERY CUPBOARD
16045,POPART WOODEN PENCILS ASST
22537,MAGIC DRAWING SLATE DINOSAUR
22152,PLACE SETTING WHITE STAR
84859C,PINK DISCO HANDBAG
84827,ASS DES PHONE SPONGE CRAFT STICKER
17084R,ASSORTED INCENSE PACK
23226,FILIGREE HEART DAISY WHITE
22229,BUNNY WOODEN PAINTED WITH FLOWER
22538,MINI JIGSAW GO TO THE FAIR
85024B,EAU DE NILE JEWELLED PHOTOFRAME
37489D,PINK/GREEN FLOWER DESIGN BIG MUG
85020,ROUND PINK HEART MIRROR
17021,NAMASTE SWAGAT INCENSE
23146,TRIPLE HOOK ANTIQUE IVORY ROSE
35818P,"ACRYLIC JEWEL ICICLE, PINK"
23023,RIDGED BONNE JAM JAR T-LIGHT HOLDER
84360,TABLE LAMP WHITE SHADE WOOD BASE
21694,SMALL REGAL  SILVER CANDLEPOT
22497,SET OF 2 TINS VINTAGE BATHROOM
21636,MADRAS NOTEBOOK MEDIUM
84406B,CREAM CUPID HEARTS COAT HANGER
23116,VEGETABLE GARDEN CHOPPING BOARD
23460,SWEETHEART WALL TIDY
23022,SMALL BONNE JAM JAR  T-LIGHT HOLDER
22887,NUMBER TILE VINTAGE FONT 8
22882,NUMBER TILE VINTAGE FONT 3
84987,SET OF 36 TEATIME PAPER DOILIES
84989A,75 GREEN FAIRY CAKE CASES
85183A,CHARLIE & LOLA WASTEPAPER BIN BLUE
16012,FOOD/DRINK SPONGE STICKERS
22284,HEN HOUSE DECORATION
23470,CARD HOLDER LOVE BIRD LARGE
90214U,"LETTER ""U"" BLING KEY RING"
90214V,"LETTER ""V"" BLING KEY RING"
90214W,"LETTER ""W"" BLING KEY RING"
90214Z,"LETTER ""Z"" BLING KEY RING"
90214T,"LETTER ""T"" BLING KEY RING"
90214M,"LETTER ""M"" BLING KEY RING"
90214B,"LETTER ""B"" BLING KEY RING"
17107D,FLOWER FAIRY 5 DRAWER LINERS
22048,BIRTHDAY BANQUET GIFT WRAP
22050,PINK PAISLEY ROSE GIFT WRAP
85203,HANGING WOOD AND FELT BUTTERFLY
22267,EASTER DECORATION EGG BUNNY
15044D,RED PAPER PARASOL
22575,METAL MERRY CHRISTMAS WREATH
22812,PACK 3 BOXES CHRISTMAS PANETTONE
23520,EMBROIDERED RIBBON REEL RUBY
23516,EMBROIDERED RIBBON REEL SOPHIE
23327,HANGING CLEAR MINI BOTTLE
23046,PAPER LANTERN 9 POINT DELUXE STAR
84609,TALL ROCOCO CANDLE HOLDER
21820,GLITTER HEART GARLAND WITH BELLS
21683,MEDIUM MEDINA STAMPED METAL BOWL
20802,SMALL GLASS SUNDAE DISH CLEAR
22504,CABIN BAG VINTAGE RETROSPOT
22047,EMPIRE GIFT WRAP
37413,ICON MUG REVOLUTIONARY
23038,T-LIGHT HOLDER SILVER SAUCER
84673B,BLUE FLY SWAT
15044A,PINK PAPER PARASOL
85180A,RED HEARTS LIGHT CHAIN
85129D,BEADED CRYSTAL HEART PINK SMALL
85129B,BEADED CRYSTAL HEART GREEN SMALL
85095,THREE CANVAS LUGGAGE TAGS
21868,POTTING SHED TEA MUG
20765,CHRYSANTHEMUM SKETCHBOOK
20707,CRAZY DAISY HEART DECORATION
20653,CHERRY BLOSSOM LUGGAGE TAG
21367,MIRRORED WALL ART GENTS
21293,MIRRORED DOVE WALL DECORATION
23306,SET OF 36 PANTRY PAPER DOILIES
23129,HEART SHAPED HOLLY WREATH
23282,FOLDING BUTTERFLY MIRROR IVORY
85163B,BLACK BAROQUE WALL CLOCK
90019A,SILVER M.O.P ORBIT BRACELET
90024B,NEW BAROQUE B'FLY NECKLACE RED
90039A,FIRE POLISHED GLASS BRACELET RED
90059B,DIAMANTE HAIR GRIP PACK/2 BLACK DIA
90071,RUBY GLASS CLUSTER EARRINGS
84912B,GREEN ROSE WASHBAG
20619,TROPICAL PASSPORT COVER
20622,VIP PASSPORT COVER
20775,DAISY NOTEBOOK
20795,LARGE BLUE PROVENCAL CERAMIC BALL
17129F,BLUE GLASS GEMS IN BAG
90163B,WHITE ROSEBUD & PEARL NECKLACE
90164B,WHITE  ROSEBUD PEARL BRACELET
90183B,AMETHYST DROP EARRINGS W LONG BEADS
23539,WALL ART LOVES' SECRET
84509C,SET OF 4 POLKADOT PLACEMATS
84510C,SET OF 4 POLKADOT COASTERS
35971,ROSE FOLKART HEART DECORATIONS
90179B,PURPLE FINE BEAD NECKLACE W TASSEL
22248,DECORATION  PINK CHICK MAGIC GARDEN
22285,HANGING HEN ON NEST DECORATION
21116,OWL DOORSTOP
21147,JINGLE BELLS TREE DECORATION
21207,SKULL AND CROSSBONES  GARLAND
21060,PARTY INVITES BALLOON GIRL
21676,FLOWERS  STICKERS
21851,LILAC DIAMANTE PEN IN GIFT BOX
22681,FRENCH BLUE METAL DOOR SIGN 6
23324,RUSTIC STRAWBERRY JAM POT LARGE
22933,BAKING MOULD EASTER EGG MILK CHOC
22883,NUMBER TILE VINTAGE FONT 4
22913,RED COAT RACK PARIS FASHION
23138,SINGLE WIRE HOOK IVORY HEART
23150,IVORY SWEETHEART SOAP DISH
23043,PAPER LANTERN 9 POINT HOLLY STAR L
84569A,PACK 3 IRON ON DOG PATCHES
84931B,BLUE SCOTTIE DOG W FLOWER PATTERN
84951A,SET OF 4 PISTACHIO LOVEBIRD COASTER
90103,PURPLE FRANGIPANI NECKLACE
90118,PINK DAISY BAG CHARM
90184B,AMETHYST CHUNKY BEAD BRACELET W STR
90211A,DIAMOND LAS VEGAS NECKLACE 45CM
47567B,TEA TIME KITCHEN APRON
23513,EMBROIDERED RIBBON REEL SUSIE
37462E,"PET MUG, GOLDFISH"
22842,BISCUIT TIN VINTAGE RED
21719,LOVELY BONBON STICKER SHEET
21723,ALPHABET HEARTS STICKER SHEET
22120,WELCOME  WOODEN BLOCK LETTERS
21708,FOLDING UMBRELLA CREAM POLKADOT
20838,FRENCH LATTICE CUSHION COVER
21520,BOOZE & WOMEN GREETING CARD
22559,SEASIDE FLYING DISC
22318,FIVE HEART HANGING DECORATION
22349,DOG BOWL CHASING BALL DESIGN
90094,NECKLACE+BRACELET SET FRUIT SALAD
85096,HILDA CANDY SPOT RABBIT
22810,SET OF 6 T-LIGHTS SNOWMEN
20699,MOUSEY LONG LEGS SOFT TOY
84674,FLYING PIG WATERING CAN
21707,FOLDING UMBRELLA BLACKBLUE POLKADOT
21896,POTTING SHED TWINE
22939,ADULT APRON APPLE DELIGHT
22100,SKULLS SQUARE TISSUE BOX
22288,HANGING METAL RABBIT DECORATION
21063,PARTY INVITES JAZZ HEARTS
21244,BLUE POLKADOT PLATE
21317,GLASS SPHERE CANDLE STAND MEDIUM
84679,CLASSICAL ROSE TABLE LAMP
84806B,WHITE CANDYSTUFT ARTIFICIAL FLOWER
84804A,CREAM DELPHINIUM ARTIFICIAL FLOWER
84805A,CREAM CLIMBING HYDRANGA ART FLOWER
90195A,PURPLE GEMSTONE BRACELET
22042,CHRISTMAS CARD SINGING ANGEL
23021,GLASS BONNE JAM JAR
22710,WRAP I LOVE LONDON
21788,KIDS RAIN MAC BLUE
23036,T-LIGHT HOLDER SILVER PETIT FOUR
21666,RIDGED GLASS T-LIGHT HOLDER
22440,BALLOON WATER BOMB PACK OF 35
84199,GLOW IN DARK DOLPHINS
84051,ASS COLOUR GLOWING TIARAS
21381,MINI WOODEN HAPPY BIRTHDAY GARLAND
23068,ALUMINIUM STAMPED HEART
23481,PEARLISED IVORY HEART SMALL
90099,NECKLACE+BRACELET SET BLUE HIBISCUS
23304,SET 4 PICNIC CUTLERY CHERRY
23305,SET 4 PICNIC CUTLERY BLUEBERRY
22408,MONEY BOX CONFECTIONERY DESIGN
23544,WALL ART MID CENTURY MODERN
85071A,BLUE CHARLIE+LOLA PERSONAL DOORSIGN
85071D,CHARLIE+LOLA MY ROOM DOOR SIGN
79149B,SILICON STAR BULB  BLUE
84926E,FLOWERS TILE COASTER
84510E,SET OF 4 GREEN CAROUSEL COASTERS
22038,BOTANICAL LAVENDER GIFT WRAP
20763,DAISY SKETCHBOOK
85104,SILVER GLASS T-LIGHT SET
22705,WRAP GREEN PEARS
22863,SOAP DISH BROCANTE
21579,LOLITA  DESIGN  COTTON TOTE BAG
20705,MRS ROBOT SOFT TOY
21261,GREEN GOOSE FEATHER CHRISTMAS TREE
85136A,YELLOW SHARK HELICOPTER
20867,PINK ROSE FABRIC MIRROR
15030,FAN BLACK FRAME
23121,PACK OF 6 COCKTAIL PARASOL STRAWS
22306,SILVER MUG BONE CHINA TREE OF LIFE
21287,SCENTED VELVET LOUNGE CANDLE
22799,SWEETHEART WIRE FRUIT BOWL
23540,WALL ART THE MAGIC FOREST
23016,GLASS TWIST BON BON JAR
85014A,BLACK/BLUE POLKADOT UMBRELLA
79157B,UBO-LIGHT TRIOBASE BLUE
23136,IVORY WIRE SWEETHEART LETTER TRAY
21689,SILVER VANILLA  FLOWER CANDLE POT
21693,SMALL HAMMERED SILVER CANDLEPOT
22409,MONEY BOX BISCUITS DESIGN
22359,GLASS JAR KINGS CHOICE
21264,WHITE GOOSE FEATHER TREE 60CM
20762,GREEN FERN SKETCHBOOK
20771,CHRYSANTHEMUM  JOURNAL
22448,PIN CUSHION BABUSHKA RED
21039,RED RETROSPOT SHOPPING BAG
21850,BLUE  DIAMANTE PEN IN GIFT BOX
22262,FELT EGG COSY CHICKEN
84086B,YELLOW/BLUE RETRO RADIO
21621,VINTAGE UNION JACK BUNTING
22517,CHILDS GARDEN RAKE PINK
84658,WHITE STITCHED CUSHION COVER
23185,FRENCH STYLE STORAGE JAR JAM
84661C,PINK SQUARE TABLE CLOCK
22512,DOORSTOP RACING CAR DESIGN
22128,PARTY CONES CANDY ASSORTED
21086,SET/6 RED SPOTTY PAPER CUPS
82613B,"METAL SIGN,CUPCAKE SINGLE HOOK"
82613D,METAL SIGN CUPCAKE SINGLE HOOK
21131,GOLD STANDING GNOME
22515,CHILDS GARDEN SPADE PINK
20735,BLACK MINI TAPE MEASURE
75178,ASSTD COL BUTTERFLY/CRYSTAL W/CHIME
23117,POPPY FIELDS CHOPPING BOARD
22214,CANDLE PLATE LACE WHITE
22452,MEASURING TAPE BABUSHKA PINK
15044C,PURPLE PAPER PARASOL
21988,PACK OF 6 SKULL PAPER PLATES
22316,200 BENDY SKULL STRAWS
23406,HOME SWEET HOME KEY HOLDER
21844,RED RETROSPOT MUG
21428,SET3 BOOK BOX GREEN GINGHAM FLOWER
20767,BLUE PAISLEY JOURNAL
23432,PRETTY HANGING QUILTED HEARTS
90058B,CRYSTAL STUD EARRINGS ASSORTED COL
90058A,CRYSTAL STUD EARRINGS CLEAR DISPLAY
23482,PEARLISED IVORY HEART LARGE
23217,LAUREL HEART ANTIQUE SILVER
84813,SET OF 4 DIAMOND NAPKIN RINGS
21292,SMALL STRIPES CHOCOLATE GIFT BAG
22682,FRENCH BLUE METAL DOOR SIGN 7
20768,GREEN FERN JOURNAL
20769,DAISY JOURNAL
84212,"ASSORTED FLOWER COLOUR ""LEIS"""
23547,WRAP FLOWER SHOP
85230B,CINNAMON SCENTED VOTIVE CANDLE
22066,LOVE HEART TRINKET POT
20618,QUEEN OF THE SKIES PASSPORT COVER
22093,MOTORING TISSUE BOX
22949,SET OF 36 DOLLY GIRL PAPER DOILIES
23070,EDWARDIAN HEART PHOTO FRAME
23615,SET 10 CARDS PRINTED GRAPHIC 17219
23634,SET 10 CARDS XMAS CHOIR 17068
23517,EMBROIDERED RIBBON REEL REBECCA
23541,WALL ART CLASSIC PUDDINGS
47590A,BLUE HAPPY BIRTHDAY BUNTING
23373,VINTAGE CHRISTMAS PAPER GIFT BAG
21025,SPACE FROG
21107,CREAM SLICE FLANNEL PINK SPOT
20794,BLUE  TILE HOOK
21555,CERAMIC STRAWBERRY TRINKET TRAY
84952B,BLACK LOVE BIRD T-LIGHT HOLDER
84969,BOX OF 6 ASSORTED COLOUR TEASPOONS
84915,HAND TOWEL PINK FLOWER AND DAISY
84884A,ANT WHITE WIRE HEART SPIRAL
84875B,GREEN SQUARE COMPACT MIRROR
84536B,FAIRY CAKES NOTEBOOK A7 SIZE
90182A,AMBER 3 BEAD DROP EARRINGS
90197B,BLACK GLASS BRACELET W HEART CHARMS
90180B,PURPLE AMETHYST NECKLACE W TASSEL
90214O,"LETTER ""O"" BLING KEY RING"
11001,ASSTD DESIGN RACING CAR PEN
90214J,"LETTER ""J"" BLING KEY RING"
90160A,PURPLE BOUDICCA LARGE BRACELET
85172,HYACINTH BULB T-LIGHT CANDLES
90037B,TINY CRYSTAL BRACELET GREEN
90037C,TINY CRYSTAL BRACELET BLUE
90039D,FIRE POLISHED GLASS BRACELET GREEN
90056,CHUNKY CRACKED GLAZE NECKLACE IVORY
22354,RETROSPOT PADDED SEAT CUSHION
22223,CAKE PLATE LOVEBIRD PINK
22541,MINI JIGSAW LEAP FROG
21713,CITRONELLA CANDLE FLOWERPOT
85107,CUT GLASS T-LIGHT HOLDER OCTAGON
22311,OFFICE MUG WARMER BLACK+SILVER
62018,SOMBRERO
21425,SKULLS STORAGE BOX LARGE
21427,SKULLS STORAGE BOX SMALL
90093,CLEAR CRYSTAL STAR PHONE CHARM
90214Y,"LETTER ""Y"" BLING KEY RING"
85180B,PINK HEARTS LIGHT CHAIN
20956,PORCELAIN T-LIGHT HOLDERS ASSORTED
48188,DOORMAT WELCOME PUPPIES
22117,METAL SIGN HER DINNER IS SERVED
21263,GREEN GOOSE FEATHER TREE 60CM
23169,CLASSIC GLASS COOKIE JAR
21925,UNION STRIPE CUSHION COVER
37446,MINI CAKE STAND WITH HANGING CAKES
84926F,PSYCHEDELIC TILE COASTER
22797,CHEST OF DRAWERS GINGHAM HEART
22937,BAKING MOULD CHOCOLATE CUPCAKES
85225,BLING KEY RING STAND
21537,RED RETROSPOT PUDDING BOWL
23186,FRENCH STYLE STORAGE JAR CAFE
21469,POLKA DOT RAFFIA FOOD COVER
20846,ZINC HEART LATTICE T-LIGHT HOLDER
22407,MONEY BOX FIRST AID DESIGN
84927F,PSYCHEDELIC TILE HOOK
21463,MIRRORED DISCO BALL
84926D,LA PALMIERA TILE COASTER
79051A,SMOKEY GREY COLOUR GLASS
22706,WRAP COWBOYS
21245,GREEN POLKADOT PLATE
23574,PACKING CHARGE
23045,PAPER LANTERN 5 POINT STAR MOON
72801c,4 ROSE PINK DINNER CANDLES
84884a,ANT WHITE WIRE HEART SPIRAL
84970l,SINGLE HEART ZINC T-LIGHT HOLDER
21706,FOLDING UMBRELLA RED/WHITE POLKADOT
21948,SET OF 6 CAKE CHOPSTICKS
21165,BEWARE OF THE CAT METAL SIGN
22499,WOODEN UNION JACK BUNTING
22762,CUPBOARD 3 DRAWER MA CAMPAGNE
23058,CHRISTMAS HANGING SNOWFLAKE
22774,RED DRAWER KNOB ACRYLIC EDWARDIAN
23026,DRAWER KNOB VINTAGE GLASS STAR
22782,SET 3 WICKER STORAGE BASKETS
21534,DAIRY MAID LARGE MILK JUG
21198,WHITE HEART CONFETTI IN TUBE
21196,ROUND WHITE CONFETTI IN TUBE
16161P,WRAP ENGLISH ROSE
21745,GAOLERS KEYS DECORATIVE GARDEN
23137,ZINC WIRE SWEETHEART LETTER TRAY
23078,ICE CREAM PEN LIP GLOSS
22403,MAGNETS PACK OF 4 VINTAGE LABELS
21630,FLOOR CUSHION ELEPHANT CARNIVAL
22802,FAUX FUR CHOCOLATE THROW
23342,MINT DINER WALL CLOCK
22696,WICKER WREATH LARGE
21584,RETROSPOT SMALL TUBE MATCHES
20761,BLUE PAISLEY SKETCHBOOK
20755,BLUE PAISLEY POCKET BOOK
23408,PHOTO FRAME LINEN AND LACE SMALL
16216,LETTER SHAPE PENCIL SHARPENER
16011,ANIMAL STICKERS
21204,DAISIES  HONEYCOMB GARLAND
21090,SET/6 COLLAGE PAPER PLATES
21084,SET/6 COLLAGE PAPER CUPS
47503H,ASS FLORAL PRINT SPIRIT LEVEL
85034C,3 ROSE MORRIS BOXED CANDLES
72799C,PINK PILLAR CANDLE SILVER FLOCK
22660,DOORMAT I LOVE LONDON
22731,3D CHRISTMAS STAMPS STICKERS
22436,12 COLOURED PARTY BALLOONS
22333,RETROSPOT PARTY BAG + STICKER SET
22334,DINOSAUR PARTY BAG + STICKER SET
22773,GREEN DRAWER KNOB ACRYLIC EDWARDIAN
22610,PENS ASSORTED FUNNY FACE
22266,EASTER DECORATION HANGING BUNNY
84509E,SET OF 4 CAROUSEL PLACEMATS
85212,MINI PAINTED GARDEN DECORATION
21340,CLASSIC METAL BIRDCAGE PLANT HOLDER
23491,VINTAGE JINGLE BELLS HEART
84708B,PINK JEWELLED PHOTO FRAME
84711B,PINK OVAL SHAPE TRINKET BOX
22281,EASTER TREE YELLOW BIRDS
23067,HANGING ENGRAVED METAL HEART
21455,PAINTED YELLOW WOODEN DAISY
23441,HAND PAINTED HANGING EASTER EGG
23442,12 HANGING EGGS HAND PAINTED
23060,HEART BEADED TRELLIS DECORATION
21726,MULTI HEARTS  STICKERS
84826,ASSTD DESIGN 3D PAPER STICKERS
22623,BOX OF VINTAGE JIGSAW BLOCKS
23104,IVORY CAFE HANGING LAMP
90129C,GREEN GLASS TASSLE BAG CHARM
90129B,TURQUOISE GLASS TASSLE BAG CHARM
90129F,RED GLASS TASSLE BAG CHARM
22435,SET OF 9 HEART SHAPED BALLOONS
22400,MAGNETS PACK OF 4 HOME SWEET HOME
22568,FELTCRAFT CUSHION OWL
21504,SKULLS GREETING CARD
21700,BIG DOUGHNUT FRIDGE MAGNETS
23249,VINTAGE RED ENAMEL TRIM PLATE
72351B,SET/6 PINK  BUTTERFLY T-LIGHTS
23090,VINTAGE GLASS T-LIGHT HOLDER
23472,NINE DRAWER OFFICE TIDY
20758,ABSTRACT CIRCLES POCKET BOOK
20759,CHRYSANTHEMUM POCKET BOOK
21418,STARFISH SOAP DISH
23502,PLAYING CARDS VINTAGE DOILY
21679,SKULLS  STICKERS
22732,3D VINTAGE CHRISTMAS STICKERS
22232,JIGSAW TOADSTOOLS 3 PIECE
22079,RIBBON REEL HEARTS DESIGN
22082,RIBBON REEL STRIPES DESIGN
85130C,BEADED CRYSTAL HEART BLUE  LARGE
85130D,BEADED CRYSTAL HEART PINK LARGE
23099,FRENCH CARRIAGE LANTERN
22233,JIGSAW RABBIT AND BIRDHOUSE
20781,GOLD EAR MUFF HEADPHONES
46000R,POLYESTER FILLER PAD 45x30cm
46000M,POLYESTER FILLER PAD 45x45cm
22786,CUSHION COVER PINK UNION JACK
23333,IVORY WICKER HEART MEDIUM
21622,VINTAGE UNION JACK CUSHION COVER
85130B,BEADED CRYSTAL HEART GREEN LARGE
85062,PEARL CRYSTAL PUMPKIN T-LIGHT HLDR
37449,CERAMIC CAKE STAND + HANGING CAKES
23691,WRAP KEEP CALM BIRTHDAY
84968E,SET OF 16 VINTAGE BLACK CUTLERY
23139,SINGLE WIRE HOOK PINK HEART
23031,DRAWER KNOB CRACKLE GLAZE PINK
21456,2 PICTURE BOOK EGGS EASTER CHICKS
22967,SET 3 SONG BIRD PAPER EGGS ASSORTED
22254,FELT TOADSTOOL LARGE
22255,FELT TOADSTOOL  SMALL
22981,PANTRY APPLE CORER
22635,CHILDS BREAKFAST SET DOLLY GIRL
90214G,"LETTER ""G"" BLING KEY RING"
90214F,"LETTER ""F"" BLING KEY RING"
22641,SET OF 4 NAPKIN CHARMS INSTRUMENT
21625,VINTAGE UNION JACK APRON
21373,MIRRORED WALL ART SNOWFLAKES
21366,MIRRORED WALL ART PHOTO FRAMES
85204,HANGING WOOD AND FELT FLOWER
75049L,LARGE CIRCULAR MIRROR MOBILE
44235,ASSORTED COLOURED CIRCLE MOBILE
21915,RED  HARMONICA IN BOX
23447,PINK BUNNY EASTER EGG BASKET
23154,SET OF 4 JAM JAR MAGNETS
23440,PAINT YOUR OWN EGGS IN CRATE
22973,CHILDREN'S CIRCUS PARADE MUG
23446,BLUE BUNNY EASTER EGG BASKET
84806A,PINK CANDYSTUFT ARTIFICIAL FLOWER
84804B,BLUE DELPHINIUM ARTIFICIAL FLOWER
84805B,BLUE CLIMBING HYDRANGA ART FLOWER
23079,TOADSTOOL BEDSIDE LIGHT
23475,WOODLAND SMALL PINK FELT HEART
23580,SNACK TRAY HAPPY FOREST
23473,WOODLAND SMALL RED FELT HEART
21265,PINK GOOSE FEATHER TREE 60CM
84625A,PINK NEW BAROQUECANDLESTICK CANDLE
21907,I'M ON HOLIDAY METAL SIGN
21128,GOLD FISHING GNOME
21420,OYSTER TRINKET BOX
21698,MOCK LOBSTER FRIDGE MAGNET
90214H,"LETTER ""H"" BLING KEY RING"
21818,GLITTER HEART DECORATION
21730,GLASS STAR FROSTED T-LIGHT HOLDER
90081C,LILY BROOCH OLIVE COLOUR
90082B,DIAMANTE BOW BROOCH RED COLOUR
90081A,LILY BROOCH AMETHYST COLOUR
90073,VINTAGE ENAMEL & CRYSTAL EARRINGS
21370,MIRRORED WALL ART FOXY
22269,EGG CUP NATURAL CHICKEN
84880,WHITE WIRE EGG HOLDER
22305,COFFEE MUG PINK PAISLEY DESIGN
22718,CARD CAT AND TREE
21880,RED RETROSPOT TAPE
21883,STARS GIFT TAPE
84843,WHITE SOAP RACK WITH 2 BOTTLES
22851,SET 20 NAPKINS FAIRY CAKES DESIGN
35004G,SET OF 3 GOLD FLYING DUCKS
35001G,HAND OPEN SHAPE GOLD
23461,SWEETHEART BIRD HOUSE
23219,LAUREL STAR ANTIQUE SILVER
23216,LAUREL HEART ANTIQUE GOLD
23218,LAUREL STAR ANTIQUE GOLD
23289,DOLLY GIRL CHILDRENS BOWL
22872,NUMBER TILE COTTAGE GARDEN 4
22875,NUMBER TILE COTTAGE GARDEN 7
23160,REGENCY TEA SPOON
23164,REGENCY CAKE SLICE
23061,VINTAGE EMBOSSED HEART
23017,APOTHECARY MEASURING JAR
84078A,SET/4 WHITE RETRO STORAGE CUBES
84968D,SET OF 16 VINTAGE RED CUTLERY
85129C,BEADED CRYSTAL HEART BLUE SMALL
90182B,AMETHYST 3 BEAD DROP EARRINGS
90158,ST TROPEZ NECKLACE
90054,CRACKED GLAZE EARRINGS RED
90082A,DIAMANTE BOW BROOCH GREEN COLOUR
90146,FINE SILVER NECKLACE W PASTEL FLOWE
82616C,MIDNIGHT GLAMOUR SCARF KNITTING KIT
82616B,FRAPPUCINO SCARF KNITTING KIT
23529,WALL ART DOLLY GIRL
23419,HOME SWEET HOME BOTTLE
23422,PANTRY HOOK BALLOON WHISK
23423,PANTRY 3 HOOK ROLLING PIN HANGER
23436,VINTAGE CHRISTMAS GIFT BAG LARGE
48173C,DOORMAT BLACK FLOCK
72133,COLUMBIAN CANDLE RECTANGLE
72134,COLUMBIAN  CUBE CANDLE
82001S,SILVER RECORD COVER FRAME
23645,SET 10 CHRISTMAS CARDS HOHOHO 16956
21580,RABBIT  DESIGN  COTTON TOTE BAG
21722,SWEET PUDDING STICKER SHEET
22023,EMPIRE BIRTHDAY CARD
22105,MIRROR MOSAIC GOBLET CANDLE HOLDER
21943,CAKES AND RABBITS DESIGN FLANNEL
21946,PARTY TIME DESIGN FLANNEL
21470,FLOWER VINE RAFFIA FOOD COVER
20764,ABSTRACT CIRCLES SKETCHBOOK
21001,ROSE DU SUD WASHBAG
20682,RED RETROSPOT CHILDRENS UMBRELLA
21249,WOODLAND  HEIGHT CHART STICKERS
21358,TOAST ITS - HAPPY BIRTHDAY
21390,FILIGRIS HEART WITH BUTTERFLY
21454,PAINTED PINK RABBIT
21221,SET/4 BADGES CUTE CREATURES
21219,SET/4 BADGES BALLOON GIRL
21215,IVORY PAPER CUP CAKE CASES
21094,SET/6 RED SPOTTY PAPER PLATES
21096,SET/6 FRUIT SALAD  PAPER PLATES
22639,SET OF 4 NAPKIN CHARMS HEARTS
22640,SET OF 4 NAPKIN CHARMS 3 KEYS
22771,CLEAR DRAWER KNOB ACRYLIC EDWARDIAN
22249,DECORATION WHITE CHICK MAGIC GARDEN
22263,FELT EGG COSY LADYBIRD
22274,FELTCRAFT DOLL EMILY
22296,HEART IVORY TRELLIS LARGE
22315,200 RED + WHITE BENDY STRAWS
22133,PINK LOVE HEART SHAPE CUP
22376,AIRLINE BAG VINTAGE JET SET WHITE
22377,BOTTLE BAG RETROSPOT
22312,OFFICE MUG WARMER POLKADOT
22335,HEART DECORATION PAINTED ZINC
21695,SMALL SILVER FLOWER CANDLE POT
21288,STRIPEY CHOCOLATE NESTING BOXES
21289,LARGE STRIPES CHOCOLATE GIFT BAG
21377,SMALL CAMPHOR WOOD FIELD  MUSHROOM
21385,IVORY HANGING DECORATION  HEART
21922,UNION STRIPE WITH FRINGE  HAMMOCK
21913,VINTAGE SEASIDE JIGSAW PUZZLES
84950,ASSORTED COLOUR T-LIGHT HOLDER
85025B,EAU DE NILE HEART SHAPE PHOTO FRAME
84661B,BLACK SQUARE TABLE CLOCK
84661A,WHITE SQUARE TABLE CLOCK
79406,FROSTED WHITE BASE
82578,KITCHEN METAL SIGN
85039C,S/4 BLACK MINI ROSE CANDLE IN BOWL
84535B,FAIRY CAKES NOTEBOOK A6 SIZE
84580,MOUSE TOY WITH PINK T-SHIRT
90160C,TURQ+RED BOUDICCA LARGE BRACELET
90161A,ANT COPPER RED BOUDICCA BRACELET
90161B,ANT COPPER TURQ BOUDICCA BRACELET
90161C,ANT COPPER LIME BOUDICCA BRACELET
90166,PINK & WHITE ROSEBUD RING
90179A,AMBER FINE BEAD NECKLACE W TASSEL
90187B,GREEN DROP EARRINGS W BEAD CLUSTER
90200B,BLACK SWEETHEART BRACELET
90200D,PINK SWEETHEART BRACELET
90200E,GREEN SWEETHEART BRACELET
90206A,GOLD DIAMANTE STAR BROOCH
90101,WHITE FRANGIPANI NECKLACE
90083,CRYSTAL CZECH CROSS PHONE CHARM
90039C,FIRE POLISHED GLASS BRACELET BLACK
90019C,SILVER BLACK ORBIT BRACELET
85232D,SET/3 DECOUPAGE STACKING TINS
90016C,SILVER/BLACK PENDANT ORBIT NECKLACE
85169B,BLACK LOVE BIRD CANDLE
79144B,PAINTED LIGHTBULB STAR+ MOON
22428,ENAMEL FIRE BUCKET CREAM
22494,EMERGENCY FIRST AID TIN
22523,CHILDS GARDEN FORK PINK
79144C,PAINTED LIGHTBULB RAINBOW DESIGN
47471,RAINBOW PEGS PHOTO CLIP STRING
47578A,ENGLISH ROSE SMALL SCENTED FLOWER
47593B,SCOTTIE DOGS BABY BIB
37447,CERAMIC CAKE DESIGN SPOTTED PLATE
23603,SET 10 CARD KRAFT REINDEER 17084
23614,SET 10 CARDS 12 DAYS WRAP  17058
23626,SET 10 CARDS DINKY TREE 17076
23637,SET 10 CARDS OUT OF ORDER 17216
23640,SET 10 CARDS SCOTTIE DOG 17211
23650,SET 10 CARDS FILIGREE BAUBLE 16961
35649,VINTAGE BEAD COSMETIC BAG
35924,HANGING FAIRY CAKE DECORATION
22974,CHILDRENS DOLLY GIRL MUG
22944,CHRISTMAS METAL POSTCARD WITH BELLS
22945,CHRISTMAS METAL TAGS ASSORTED
23086,ZINC  STAR T-LIGHT HOLDER
23087,ZINC  HEART T-LIGHT HOLDER
23113,PANTRY CHOPPING BOARD
23115,RED APPLES CHOPPING BOARD
23119,PACK OF 6 LARGE FRUIT STRAWS
23161,REGENCY CAKE FORK
23162,REGENCY TEA STRAINER
23120,PACK OF 6 SMALL FRUIT STRAWS
22680,FRENCH BLUE METAL DOOR SIGN 5
22687,DOORMAT CHRISTMAS VILLAGE
21191,LARGE WHITE HONEYCOMB PAPER BELL
22609,PENS ASSORTED SPACEBALL
22839,3 TIER CAKE TIN GREEN AND CREAM
22772,PINK DRAWER KNOB ACRYLIC EDWARDIAN
10135,COLOURING PENCILS BROWN TUBE
15034,PAPER POCKET TRAVELING FAN
16048,TEATIME ROUND PENCIL SHARPENER
23465,TUSCAN VILLA BIRD FEEDER
21003,ROSE DU SUD CUSHION COVER
21056,DOCTOR'S BAG SOFT TOY
21058,PARTY INVITES WOODLAND
21059,PARTY INVITES DINOSAURS
20997,ROSE DU SUD CUSHION COVER
20828,GLITTER BUTTERFLY CLIPS
23286,BLUE VINTAGE SPOT BEAKER
23288,GREEN VINTAGE SPOT BEAKER
23242,TREASURE TIN BUFFALO BILL
23271,CHRISTMAS TABLE SILVER CANDLE SPIKE
23402,HOME SWEET HOME 3 PEG HANGER
16258A,SWIRLY CIRCULAR RUBBERS IN BAG
21051,RIBBONS PURSE
85071B,RED CHARLIE+LOLA PERSONAL DOORSIGN
79191C,RETRO PLASTIC ELEPHANT TRAY
22046,TEA PARTY  WRAPPING PAPER
22708,WRAP DOLLY GIRL
22090,PAPER BUNTING RETROSPOT
22846,BREAD BIN DINER STYLE RED
22063,CERAMIC BOWL WITH STRAWBERRY DESIGN
23509,MINI PLAYING CARDS FUN FAIR
21135,VICTORIAN  METAL POSTCARD SPRING
23474,WOODLAND SMALL BLUE FELT HEART
84988,SET OF 72 PINK HEART PAPER DOILIES
82494l,WOODEN FRAME ANTIQUE WHITE
85039a,SET/4 RED MINI ROSE CANDLE IN BOWL
85114b,IVORY ENCHANTED FOREST PLACEMAT
85123a,WHITE HANGING HEART T-LIGHT HOLDER
85014b,RED RETROSPOT UMBRELLA
37340,MULTICOLOUR SPRING FLOWER MUG
47559b,TEA TIME OVEN GLOVE
47591b,SCOTTIES CHILDRENS APRON
72801d,4 SKY BLUE DINNER CANDLES
21581,SKULLS  DESIGN  COTTON TOTE BAG
21773,DECORATIVE ROSE BATHROOM BOTTLE
21881,CUTE CATS TAPE
21042,RED RETROSPOT APRON
22297,HEART IVORY TRELLIS SMALL
22341,LOVE GARLAND PAINTED ZINC
22414,DOORMAT NEIGHBOURHOOD WITCH
22425,ENAMEL COLANDER CREAM
22468,BABUSHKA LIGHTS STRING OF 10
21974,SET OF 36 PAISLEY FLOWER DOILIES
22131,FOOD CONTAINER SET 3 LOVE HEART
22136,LOVE HEART SOCK HANGER
22166,WALL MIRROR RECTANGLE DIAMANTE PINK
22804,PINK HANGING HEART T-LIGHT HOLDER
23400,SHELF WITH 4 HOOKS HOME SWEET HOME
23496,PANTRY KITCHEN THERMOMETER
20933,YELLOW POT PLANT CANDLE
22363,GLASS JAR MARMALADE
23427,STOOL HOME SWEET HOME
84030e,ENGLISH ROSE HOT WATER BOTTLE
21240,BLUE POLKADOT CUP
22426,ENAMEL WASH BOWL CREAM
23560,SET OF 6 RIBBONS COUNTRY STYLE
21628,TRIANGULAR POUFFE VINTAGE
21576,LETS GO SHOPPING COTTON TOTE BAG
22709,WRAP WEDDING DAY
23233,WRAP POPPIES  DESIGN
22737,RIBBON REEL CHRISTMAS PRESENT
21588,RETROSPOT GIANT TUBE MATCHES
23101,SILVER STARS TABLE DECORATION
16236,KITTY PENCIL ERASERS
16238,PARTY TIME PENCIL ERASERS
22604,SET OF 4 NAPKIN CHARMS CUTLERY
22582,PACK OF 6 SWEETIE GIFT BOXES
23174,REGENCY SUGAR BOWL GREEN
23020,GLASS  SONGBIRD STORAGE JAR
21531,RED RETROSPOT SUGAR JAM BOWL
23511,EMBROIDERED RIBBON REEL EMILY
23512,EMBROIDERED RIBBON REEL ROSIE
22959,WRAP CHRISTMAS VILLAGE
23532,WALL ART WORK REST AND PLAY
84951B,SET OF 4 BLACK LOVEBIRD COASTERS
23214,JINGLE BELL HEART ANTIQUE GOLD
23192,BUNDLE OF 3 ALPHABET EXERCISE BOOKS
22953,BIRTHDAY PARTY CORDON BARRIER TAPE
23075,PARLOUR CERAMIC WALL HOOK
21926,RED/CREAM STRIPE CUSHION COVER
22806,SET OF 6 T-LIGHTS WEDDING CAKE
22893,MINI CAKE STAND T-LIGHT HOLDER
22841,ROUND CAKE TIN VINTAGE GREEN
22092,BLUE PAISLEY TISSUE BOX
23548,WRAP MAGIC FOREST
21262,WHITE GOOSE FEATHER CHRISTMAS TREE
84920,PINK FLOWER FABRIC PONY
22430,ENAMEL WATERING CAN CREAM
47421,ASSORTED COLOUR LIZARD SUCTION HOOK
21866,UNION JACK FLAG LUGGAGE TAG
21865,PINK UNION JACK  PASSPORT COVER
23444,Next Day Carriage
82483,WOOD 2 DRAWER CABINET WHITE FINISH
23459,DOLLY CABINET 2 DRAWERS
72800B,4 PURPLE FLOCK DINNER CANDLES
72800C,4 PINK DINNER CANDLE SILVER FLOCK
23578,SNACK TRAY RED GINGHAM
85034B,3 WHITE CHOC MORRIS BOXED CANDLES
23106,ZINC HEARTS PLANT POT HOLDER
23455,SMALL PARLOUR PICTURE FRAME
22673,FRENCH GARDEN SIGN BLUE METAL
23360,SET 8 CANDLES VINTAGE DOILY
72811,SMALL ZINC/GLASS CANDLEHOLDER
23019,SMALL APOTHECARY MEASURING JAR
22487,WHITE WOOD GARDEN PLANT LADDER
21499,BLUE POLKADOT WRAP
84251G,"GREETING CARD, OVERCROWDED POOL."
22045,SPACEBOY GIFT WRAP
22986,WRAP GINGHAM ROSE
16156S,WRAP PINK FAIRY CAKES
22971,QUEENS GUARD COFFEE MUG
23558,LANDMARK FRAME LONDON BRIDGE
23554,LANDMARK FRAME OXFORD STREET
23556,LANDMARK FRAME COVENT GARDEN
85019B,BLOSSOM  IMAGES NOTEBOOK SET
85019A,ROMANTIC IMAGES NOTEBOOK SET
85032A,ROMANTIC IMAGES GIFT WRAP SET
85032B,BLOSSOM IMAGES GIFT WRAP SET
22669,RED BABY BUNTING
22360,GLASS JAR ENGLISH CONFECTIONERY
22417,PACK OF 60 SPACEBOY CAKE CASES
21975,PACK OF 60 DINOSAUR CAKE CASES
22668,PINK BABY BUNTING
22221,CAKE STAND LOVEBIRD 2 TIER PINK
23253,16 PIECE CUTLERY SET PANTRY DESIGN
17012C,ORIGAMI LAVENDER INCENSE/CANDL SET
23128,FELTCRAFT BOY JEAN-PAUL KIT
23232,WRAP VINTAGE LEAF DESIGN
72783,BLACK SIL'T SQU CANDLE PLATE
21344,MOROCCAN BEATEN METAL DISH
72780,BLACK SILOUETTE CANDLE PLATE
22228,BUNNY WOODEN PAINTED WITH BIRD
22231,JIGSAW TREE WITH BIRDHOUSE
22779,WOODEN OWLS LIGHT GARLAND
22295,HEART FILIGREE DOVE LARGE
22550,HOLIDAY FUN LUDO
35967,FOLK ART METAL STAR T-LIGHT HOLDER
85179C,PINK BITTY LIGHT CHAIN
51008,AFGHAN SLIPPER SOCK PAIR
22780,LIGHT GARLAND BUTTERFILES PINK
21623,VINTAGE UNION JACK MEMOBOARD
23359,SET OF 12 T-LIGHTS VINTAGE DOILY
21756,BATH BUILDING BLOCK WORD
37495,FAIRY CAKE BIRTHDAY CANDLE SET
48116,DOORMAT MULTICOLOUR STRIPE
85136C,RED SHARK HELICOPTER
22691,DOORMAT WELCOME SUNRISE
23250,VINTAGE RED TRIM ENAMEL BOWL
22972,CHILDREN'S SPACEBOY MUG
90214A,"LETTER ""A"" BLING KEY RING"
90214S,"LETTER ""S"" BLING KEY RING"
90214L,"LETTER ""L"" BLING KEY RING"
90214D,"LETTER ""D"" BLING KEY RING"
23457,LARGE PARLOUR PICTURE FRAME
79160,HEART SHAPE WIRELESS DOORBELL
23557,LANDMARK FRAME BAKER STREET
23335,EGG FRYING PAN IVORY
23374,RED SPOT PAPER GIFT BAG
22511,RETROSPOT BABUSHKA DOORSTOP
22510,GINGHAM BABUSHKA DOORSTOP
23321,SMALL WHITE HEART OF WICKER
22936,BAKING MOULD ROSE WHITE CHOCOLATE
22932,BAKING MOULD TOFFEE CUP CHOCOLATE
22931,BAKING MOULD HEART WHITE CHOCOLATE
22935,BAKING MOULD ROSE MILK CHOCOLATE
22413,METAL SIGN TAKE IT OR LEAVE IT
21638,ASSORTED TUTTI FRUTTI NOTEBOOK
21640,ASSORTED TUTTI FRUTTI  FOB NOTEBOOK
22562,MONSTERS STENCIL CRAFT
22564,ALPHABET STENCIL CRAFT
22276,WASH BAG VINTAGE ROSE PAISLEY
79063C,"RETRO PILL BOX KEY CHAIN,THE KING"
22211,WOOD STAMP SET FLOWERS
47469,ASSORTED SHAPES PHOTO CLIP SILVER
22402,MAGNETS PACK OF 4 VINTAGE COLLAGE
22210,WOOD STAMP SET BEST WISHES
23252,VINTAGE RED ENAMEL TRIM JUG
22643,SET OF 4 NAPKIN CHARMS LEAVES
22638,SET OF 4 NAPKIN CHARMS CROWNS
21715,GIRLS VINTAGE TIN SEASIDE BUCKET
23123,COCKTAIL SWORDS 50 PIECES
20975,12 PENCILS SMALL TUBE RED RETROSPOT
22642,SET OF 4 NAPKIN CHARMS STARS
90214E,"LETTER ""E"" BLING KEY RING"
22533,MAGIC DRAWING SLATE BAKE A CAKE
22534,MAGIC DRAWING SLATE SPACEBOY
90214P,"LETTER ""P"" BLING KEY RING"
90214I,"LETTER ""I"" BLING KEY RING"
21878,PACK OF 6 SANDCASTLE FLAGS ASSORTED
15056P,EDWARDIAN PARASOL PINK
20686,DOLLY MIXTURE CHILDREN'S UMBRELLA
20992,JAZZ HEARTS PURSE NOTEBOOK
23504,PLAYING CARDS JUBILEE UNION JACK
21619,4 VANILLA BOTANICAL CANDLES
22522,CHILDS GARDEN FORK BLUE
85169A,IVORY LOVE BIRD CANDLE
85026B,EAU DE NILE JEWELLED T-LIGHT HOLDER
22132,RED LOVE HEART SHAPE CUP
23398,HANGING HEART BONHEUR
22097,SWALLOW SQUARE TISSUE BOX
85231B,CINAMMON SET OF 9 T-LIGHTS
21136,PAINTED METAL PEARS ASSORTED
85015,SET OF 12  VINTAGE POSTCARD SET
21439,BASKET OF TOADSTOOLS
21894,POTTING SHED SEED ENVELOPES
21260,FIRST AID TIN
23453,OVAL  MINI PORTRAIT FRAME
22595,GINGHAM HEART DECORATION
21873,IF YOU CAN'T STAND THE HEAT MUG
85127,SMALL SQUARE CUT GLASS CANDLESTICK
85199L,LARGE HANGING IVORY & RED WOOD BIRD
23114,VINTAGE LEAF CHOPPING BOARD
23230,WRAP ALPHABET DESIGN
23231,WRAP  VINTAGE DOILY
23545,WRAP RED VINTAGE DOILY
23546,WRAP PAISLEY PARK
84949,SILVER HANGING T-LIGHT HOLDER
22204,MILK PAN BLUE POLKADOT
22203,MILK PAN RED RETROSPOT
22201,FRYING PAN BLUE POLKADOT
22930,BAKING MOULD HEART MILK CHOCOLATE
23147,SINGLE ANTIQUE ROSE HOOK IVORY
21733,RED HANGING HEART T-LIGHT HOLDER
84792,ENCHANTED BIRD COATHANGER 5 HOOK
23107,WHITE HEARTS WIRE PLANT POT HOLDER
84836,ZINC METAL HEART DECORATION
22789,T-LIGHT HOLDER SWEETHEART HANGING
85061W,WHITE JEWELLED HEART DECORATION
23479,WIRE EGG BASKET
23582,VINTAGE DOILY JUMBO BAG RED
21819,GLITTER CHRISTMAS STAR
22847,BREAD BIN DINER STYLE IVORY
22688,DOORMAT PEACE ON EARTH BLUE
22096,PINK PAISLEY SQUARE TISSUE BOX
23490,T-LIGHT HOLDER HANGING LOVE BIRD
22946,WOODEN ADVENT CALENDAR CREAM
90214R,"LETTER ""R"" BLING KEY RING"
23486,ANTIQUE HEART SHELF UNIT
23416,CHAMBRE HOOK
22445,PENCIL CASE LIFE IS BEAUTIFUL
21164,HOME SWEET HOME METAL SIGN
23452,HEART MINI PORTRAIT FRAME
23454,THREE MINI HANGING FRAMES
22822,CREAM WALL PLANTER HEART SHAPED
23108,SET OF 10 LED DOLLY LIGHTS
22094,RED RETROSPOT TISSUE BOX
23148,MINIATURE ANTIQUE ROSE HOOK IVORY
21592,RETROSPOT CIGAR BOX MATCHES
23417,BATHROOM HOOK
21441,BLUE BIRDHOUSE DECORATION
23487,SWEET HEART CAKE CARRIER
22084,PAPER CHAIN KIT EMPIRE
23153,ZINC SWEETHEART WIRE LETTER RACK
22453,MEASURING TAPE BABUSHKA BLUE
22434,BALLOON PUMP WITH 10 BALLOONS
21498,RED RETROSPOT WRAP
21495,SKULLS AND CROSSBONES WRAP
22970,LONDON BUS COFFEE MUG
23505,PLAYING CARDS I LOVE LONDON
22532,MAGIC DRAWING SLATE LEAP FROG
22531,MAGIC DRAWING SLATE CIRCUS PARADE
21917,SET 12 KIDS  WHITE CHALK STICKS
84536A,ENGLISH ROSE NOTEBOOK A7 SIZE
22636,CHILDS BREAKFAST SET CIRCUS PARADE
22853,CAT BOWL VINTAGE CREAM
22852,DOG BOWL VINTAGE CREAM
46000S,POLYESTER FILLER PAD 40x40cm
22438,BALLOON ART MAKE YOUR OWN FLOWERS
84992,72 SWEETHEART FAIRY CAKE CASES
21415,CLAM SHELL SMALL
23179,CLOCK MAGNET MUM'S KITCHEN
90089,PINK CRYSTAL SKULL PHONE CHARM
90214N,"LETTER ""N"" BLING KEY RING"
84707A,SILVER JEWELLED MIRROR TRINKET TRAY
21132,SILVER STANDING GNOME
20674,GREEN POLKADOT BOWL
22406,MONEY BOX KINGS CHOICE DESIGN
90214K,"LETTER ""K"" BLING KEY RING"
20675,BLUE POLKADOT BOWL
22686,FRENCH BLUE METAL DOOR SIGN No
23316,RED REFECTORY CLOCK
70006,LOVE HEART POCKET WARMER
84006,MAGIC TREE -PAPER FLOWERS
22923,FRIDGE MAGNETS LES ENFANTS ASSORTED
23156,SET OF 5 MINI GROCERY MAGNETS
23155,KNICKERBOCKERGLORY MAGNET ASSORTED
84596G,SMALL CHOCOLATES PINK BOWL
22115,METAL SIGN EMPIRE TEA
20677,PINK POLKADOT BOWL
37450,CERAMIC CAKE BOWL + HANGING CAKES
20676,RED RETROSPOT BOWL
37448,CERAMIC CAKE DESIGN SPOTTED MUG
22750,FELTCRAFT PRINCESS LOLA DOLL
23222,CHRISTMAS TREE HANGING GOLD
22055,MINI CAKE STAND  HANGING STRAWBERY
23267,SET OF 4 SANTA PLACE SETTINGS
21903,MAN FLU METAL SIGN
22282,12 EGG HOUSE PAINTED WOOD
84817,DANISH ROSE DECORATIVE PLATE
84820,DANISH ROSE TRINKET TRAYS
84707B,PINK JEWELLED MIRROR TRINKET TRAY
84509G,SET OF 4 FAIRY CAKE PLACEMATS
84821,DANISH ROSE DELUXE COASTER
22283,6 EGG HOUSE PAINTED WOOD
23029,DRAWER KNOB CRACKLE GLAZE GREEN
72799E,IVORY PILLAR CANDLE SILVER FLOCK
79302M,"ART LIGHTS,FUNK MONKEY"
23341,PINK DINER WALL CLOCK
21210,SET OF 72 RETROSPOT PAPER  DOILIES
22796,PHOTO FRAME 3 CLASSIC HANGING
22766,PHOTO FRAME CORNICE
22767,TRIPLE PHOTO FRAME CORNICE
23415,HOME SWEET HOME HOOK
22057,CERAMIC PLATE STRAWBERRY DESIGN
21442,GREEN BIRDHOUSE DECORATION
21286,RETROSPOT CANDLE  LARGE
22391,PAPERWEIGHT HOME SWEET HOME
22390,PAPERWEIGHT CHILDHOOD MEMORIES
22410,MONEY BOX HOUSEKEEPING DESIGN
22742,MAKE YOUR OWN PLAYTIME CARD KIT
23522,WALL ART DOG AND BALL
22473,TV DINNER TRAY VINTAGE PAISLEY
22472,TV DINNER TRAY DOLLY GIRL
22405,MONEY BOX POCKET MONEY DESIGN
22647,CERAMIC LOVE HEART MONEY BANK
90057,DIAMANTE RING ASSORTED IN BOX.
90210C,RED   ACRYLIC FACETED BANGLE
90210B,CLEAR ACRYLIC FACETED BANGLE
72351A,SET/6 TURQUOISE BUTTERFLY T-LIGHTS
22840,ROUND CAKE TIN VINTAGE RED
22672,FRENCH BATHROOM SIGN BLUE METAL
21742,LARGE ROUND WICKER PLATTER
21899,GARAGE KEY FOB
16168M,FUNKY MONKEY GIFT BAG MEDIUM
22584,PACK OF 6 PANETTONE GIFT BOXES
22536,MAGIC DRAWING SLATE PURDEY
22493,PAINT YOUR OWN CANVAS SET
22530,MAGIC DRAWING SLATE DOLLY GIRL
22492,MINI PAINT SET VINTAGE
22583,PACK OF 6 HANDBAG GIFT BOXES
22587,FELTCRAFT HAIRBAND RED AND BLUE
22588,CARD HOLDER GINGHAM HEART
22508,DOORSTOP RETROSPOT HEART
22514,CHILDS GARDEN SPADE BLUE
22516,CHILDS GARDEN RAKE BLUE
22563,HAPPY STENCIL CRAFT
22603,CHRISTMAS RETROSPOT TREE WOOD
22678,FRENCH BLUE METAL DOOR SIGN 3
22679,FRENCH BLUE METAL DOOR SIGN 4
22685,FRENCH BLUE METAL DOOR SIGN 0
22675,FRENCH KITCHEN SIGN BLUE METAL
22671,FRENCH LAUNDRY SIGN BLUE METAL
22661,CHARLOTTE BAG DOLLY GIRL DESIGN
22479,DAISY GARDEN MARKER
22222,CAKE PLATE LOVEBIRD WHITE
22250,DECORATION  BUTTERFLY  MAGIC GARDEN
22251,BIRDHOUSE DECORATION MAGIC GARDEN
22294,HEART FILIGREE DOVE  SMALL
22321,BIRD DECORATION RED RETROSPOT
22158,3 HEARTS HANGING DECORATION RUSTIC
22169,FAMILY ALBUM WHITE PICTURE FRAME
22439,6 ROCKET BALLOONS
22477,WATERING CAN GARDEN MARKER
22483,RED GINGHAM TEDDY BEAR
22385,JUMBO BAG SPACEBOY DESIGN
22365,DOORMAT RESPECTABLE HOUSE
22375,AIRLINE BAG VINTAGE JET SET BROWN
22382,LUNCH BAG SPACEBOY DESIGN
22739,RIBBON REEL CHRISTMAS SOCK BAUBLE
23315,IVORY REFECTORY CLOCK
22743,MAKE YOUR OWN FLOWERPOWER CARD KIT
23211,RED ROCKING HORSE HAND PAINTED
23221,REINDEER HEART DECORATION SILVER
23223,CHRISTMAS TREE HANGING SILVER
23189,SET OF 12 FORK CANDLES
23092,LARGE ANTIQUE WHITE PHOTO FRAME
23096,PETIT TRAY CHIC
23100,SILVER BELLS TABLE DECORATION
23109,PACK OF SIX LED TEA LIGHTS
23176,ABC TREASURE BOOK BOX
23163,REGENCY SUGAR TONGS
23225,CHERUB HEART DECORATION SILVER
23228,FILIGREE HEART BIRD WHITE
23236,STORAGE TIN VINTAGE DOILY
23244,ROUND STORAGE TIN VINTAGE LEAF
23263,SET OF 3 WOODEN HEART DECORATIONS
23273,HEART T-LIGHT HOLDER WILLIE WINKIE
23291,DOLLY GIRL CHILDRENS CUP
23081,GREEN METAL BOX ARMY SUPPLIES
22903,CALENDAR FAMILY FAVOURITES
22916,HERB MARKER THYME
22917,HERB MARKER ROSEMARY
22902,TOTE BAG I LOVE LONDON
22918,HERB MARKER PARSLEY
22801,ANTIQUE GLASS PEDESTAL BOWL
22746,POPPY'S PLAYHOUSE LIVINGROOM
22775,PURPLE DRAWERKNOB ACRYLIC EDWARDIAN
22781,GUMBALL MAGAZINE RACK
22792,FLUTED ANTIQUE CANDLE HOLDER
22919,HERB MARKER MINT
22920,HERB MARKER BASIL
22921,HERB MARKER CHIVES
23008,DOLLY GIRL BABY GIFT SET
23035,DRAWER KNOB CERAMIC IVORY
23048,SET OF 10 LANTERNS FAIRY LIGHT STAR
23006,TRAVEL CARD WALLET FLOWER MEADOW
22938,CUPCAKE LACE PAPER SET 6
22968,ROSE COTTAGE KEEPSAKE BOX
22978,PANTRY ROLLING PIN
20780,BLACK EAR MUFF HEADPHONES
82551,LAUNDRY 15C METAL SIGN
84509A,SET OF 4 ENGLISH ROSE PLACEMATS
72812,LARGE ZINC GLASS CANDLEHOLDER
72128,COLUMBIAN CANDLE ROUND
47591D,PINK FAIRY CAKE CHILDRENS APRON
70007,HI TEC ALPINE HAND WARMER
72122,COFFEE SCENT PILLAR CANDLE
84859A,SILVER DISCO HANDBAG
84859B,BLUE DISCO HANDBAG
85176,SEWING SUSAN 21 NEEDLE SET
85184C,SET 4 VALENTINE DECOUPAGE HEART BOX
85170D,SET/6 PINK BIRD T-LIGHT CANDLES
90018A,SILVER M.O.P ORBIT DROP EARRINGS
90038B,GLASS AND PAINTED BEADS BRACELET OL
90059C,DIAMANTE HAIR GRIP PACK/2 MONTANA
90114,SUMMER DAISIES BAG CHARM
90116,FRUIT SALAD BAG CHARM
90119,METALIC LEAVES BAG CHARMS
90022,EDWARDIAN DROP EARRINGS JET BLACK
85114B,IVORY ENCHANTED FOREST PLACEMAT
85099F,JUMBO BAG STRAWBERRY
23393,HOME SWEET HOME CUSHION COVER
23397,FOOT STOOL HOME SWEET HOME
23403,LETTER HOLDER HOME SWEET HOME
23413,DECORATIVE VINTAGE COFFEE  BOX
23337,EGG FRYING PAN MINT
23339,EGG FRYING PAN BLUE
23346,SPACEBOY BEAKER
23566,EGG CUP MILKMAID HEIDI
23568,EGG CUP HENRIETTA HEN CREAM
23608,SET 10 CARDS RUDOLPHS NOSE 17097
23636,SET 10 CARDS WISHING TREE 17116
23654,SET 10 CARD SNOWMAN 16965
23528,WALL ART SPACEBOY
23466,TUSCAN VILLA DOVECOTE BIRD FEEDER
23484,HEART TRELLIS TRIPLE T-LIGHT HOLDER
23499,SET 12 VINTAGE DOILY CHALK
23500,KEY RING BASEBALL BOOT ASSORTED
23507,MINI PLAYING CARDS BUFFALO BILL
90177B,DROP DIAMANTE EARRINGS BLACK DIAMON
90202A,PURPLE ENAMEL FLOWER HAIR TIE
21775,DECORATIVE FLORE BATHROOM BOTTLE
21530,DAIRY MAID TOASTRACK
21561,DINOSAUR LUNCH BOX WITH CUTLERY
21577,SAVE THE PLANET COTTON TOTE BAG
21624,VINTAGE UNION JACK DOORSTOP
22101,MIRROR MOSAIC VOTIVE HOLDER
21991,BOHEMIAN COLLAGE STATIONERY SET
21933,PINK VINTAGE PAISLEY PICNIC BAG
21452,TOADSTOOL MONEY BOX
20829,GLITTER HANGING BUTTERFLY STRING
20839,FRENCH PAISLEY CUSHION COVER
20840,FRENCH FLORAL CUSHION COVER
20866,BLUE ROSE FABRIC MIRROR
20932,PINK POT PLANT CANDLE
20969,RED FLORAL FELTCRAFT SHOULDER BAG
90202B,WHITE ENAMEL FLOWER HAIR TIE
21466,RED FLOWER CROCHET FOOD COVER
17003,BROCADE RING PURSE
17084P,DRAGONS BLOOD INCENSE
18097C,WHITE TALL PORCELAIN T-LIGHT HOLDER
20617,FIRST CLASS PASSPORT COVER
20654,FIRST CLASS LUGGAGE TAG
17012D,ORIGAMI ROSE INCENSE/CANDLE SET
21231,SWEETHEART CERAMIC TRINKET BOX
21243,PINK POLKADOT PLATE
21401,BLUE PUDDING SPOON
21403,BLUE EGG  SPOON
21429,RED GINGHAM ROSE JEWELLERY BOX
21028,NINJA RABBIT BLACK
21400,RED PUDDING SPOON
21189,WHITE HONEYCOMB PAPER GARLAND
21068,VINTAGE BILLBOARD LOVE/HATE MUG
21070,VINTAGE BILLBOARD MUG
21080,SET/20 RED RETROSPOT PAPER NAPKINS
21088,SET/6 FRUIT SALAD PAPER CUPS
21156,RETROSPOT CHILDRENS APRON
23523,WALL ART TREASURE AHOY
90087,CRYSTAL SEA HORSE PHONE CHARM
22547,MINI JIGSAW DINOSAUR
22395,PAPERWEIGHT VINTAGE PAISLEY
22546,MINI JIGSAW PURDEY
22393,PAPERWEIGHT VINTAGE COLLAGE
23695,DOILY THANK YOU CARD
23694,PAISLEY PARK CARD
23483,HANGING  BUTTERFLY T-LIGHT HOLDER
21519,GIN & TONIC DIET GREETING CARD
21285,RETROSPOT CANDLE  MEDIUM
21284,RETROSPOT CANDLE  SMALL
22626,BLACK KITCHEN SCALES
21770,OPEN CLOSED METAL SIGN
85135C,RED DRAGONFLY HELICOPTER
22674,FRENCH TOILET SIGN BLUE METAL
23407,SET OF 2 TRAYS HOME SWEET HOME
23462,ROCOCO WALL MIRROR WHITE
23485,BOTANICAL GARDENS WALL CLOCK
22475,SKULL DESIGN TV DINNER TRAY
23209,LUNCH BAG VINTAGE DOILY
23227,FILIGREE HEART BUTTERFLY WHITE
35961,FOLKART ZINC HEART CHRISTMAS DEC
23269,SET OF 2 CERAMIC CHRISTMAS TREES
22470,HEART OF WICKER LARGE
48129,DOORMAT TOPIARY
23697,A PRETTY THANK YOU CARD
22692,DOORMAT WELCOME TO OUR HOME
22310,IVORY KNITTED MUG COSY
22350,ILLUSTRATED CAT BOWL
22366,DOORMAT AIRMAIL
23576,SNACK TRAY RED VINTAGE DOILY
22509,SEWING BOX RETROSPOT DESIGN
22192,BLUE DINER WALL CLOCK
22191,IVORY DINER WALL CLOCK
22756,LARGE YELLOW BABUSHKA NOTEBOOK
22432,WATERING CAN PINK BUNNY
22433,WATERING CAN GREEN DINOSAUR
22431,WATERING CAN BLUE ELEPHANT
22345,PARTY PIZZA DISH BLUE POLKADOT
22346,PARTY PIZZA DISH GREEN POLKADOT
22344,PARTY PIZZA DISH PINK POLKADOT
22343,PARTY PIZZA DISH RED RETROSPOT
22752,SET 7 BABUSHKA NESTING BOXES
22605,WOODEN CROQUET GARDEN SET
21891,TRADITIONAL WOODEN SKIPPING ROPE
22607,WOODEN ROUNDERS GARDEN SET
23135,SMALL ZINC HEART WALL ORGANISER
23133,LARGE IVORY HEART WALL ORGANISER
22606,WOODEN SKITTLES GARDEN SET
21034,REX CASH+CARRY JUMBO SHOPPER
23331,DECORATIVE WICKER HEART SMALL
23330,DECORATIVE WICKER HEART MEDIUM
23329,DECORATIVE WICKER HEART LARGE
23396,LE JARDIN BOTANIQUE CUSHION COVER
23394,POSTE FRANCE CUSHION COVER
23395,BELLE JARDINIERE CUSHION COVER
23597,PAPER BUNTING PAISLEY PARK
23401,RUSTIC MIRROR WITH LACE HEART
23531,WALL ART BIG LOVE
22189,CREAM HEART CARD HOLDER
23553,LANDMARK FRAME CAMDEN TOWN
23543,WALL ART KEEP CALM
22188,BLACK HEART CARD HOLDER
23542,WALL ART 70'S ALPHABET
16219,HOUSE SHAPE PENCIL SHARPENER
23281,FOLDING BUTTERFLY MIRROR RED
23458,DOLLY CABINET 3 DRAWERS
71477,COLOURED GLASS STAR T-LIGHT HOLDER
21535,RED RETROSPOT SMALL MILK JUG
72801C,4 ROSE PINK DINNER CANDLES
72598,SET/12 TAPER CANDLES
21167,WHITE SAGE INCENSE
20869,GOLD FABRIC MIRROR
20868,SILVER FABRIC MIRROR
84429A,MEDIUM PINK BUDDHA HEAD
20996,JAZZ HEARTS ADDRESS BOOK
23180,MUM'S KITCHEN CLOCK
22067,CHOC TRUFFLE GOLD TRINKET POT
21365,MIRRORED WALL ART STARS
21371,MIRRORED WALL ART POPPIES
17012F,ORIGAMI SANDLEWOOD INCENSE/CAND SET
85111,SILVER GLITTER FLOWER VOTIVE HOLDER
84976,RECTANGULAR SHAPED MIRROR
84030E,ENGLISH ROSE HOT WATER BOTTLE
84600,NEW BAROQUE JEWELLERY BOX
90214C,"LETTER ""C"" BLING KEY RING"
72801D,4 SKY BLUE DINNER CANDLES
22389,PAPERWEIGHT SAVE THE PLANET
22098,BOUDOIR SQUARE TISSUE BOX
51014C,"FEATHER PEN,COAL BLACK"
22543,MINI JIGSAW BAKE A CAKE
23085,ANTIQUE SILVER BAUBLE LAMP
22320,BIRDS MOBILE VINTAGE DESIGN
21846,PINK DIAMANTE PEN IN GIFT BOX
21985,PACK OF 12 HEARTS DESIGN TISSUES
21629,SQUARE FLOOR CUSHION VINTAGE RED
20772,GARDEN PATH JOURNAL
47580,TEA TIME DES TEA COSY
21446,12 RED ROSE PEG PLACE SETTINGS
22364,GLASS JAR DIGESTIVE BISCUITS
23131,MISTLETOE HEART WREATH CREAM
48185,DOORMAT FAIRY CAKE
48194,DOORMAT HEARTS
23283,DOORMAT VINTAGE LEAF
22690,DOORMAT HOME SWEET HOME BLUE
48184,DOORMAT ENGLISH ROSE
82494L,WOODEN FRAME ANTIQUE WHITE
22784,LANTERN CREAM GAZEBO
22208,WOOD STAMP SET THANK YOU
22130,PARTY CONE CHRISTMAS DECORATION
23296,SET OF 6 TEA TIME BAKING CASES
84012,MAGIC SHEEP WOOL GROWING FROM PAPER
21055,TOOL BOX SOFT TOY
21944,KITTENS DESIGN FLANNEL
22529,MAGIC DRAWING SLATE GO TO THE FAIR
22030,SWALLOWS GREETING CARD
22990,COTTON APRON PANTRY DESIGN
23132,SMALL IVORY HEART WALL ORGANISER
21524,DOORMAT SPOTTY HOME SWEET HOME
21253,SET OF PICTURE FRAME  STICKERS
20615,BLUE POLKADOT PASSPORT COVER
72819,CUPID DESIGN SCENTED CANDLES
22744,MAKE YOUR OWN MONSOON CARD KIT
84509B,SET OF 4 FAIRY CAKE PLACEMATS
22897,OVEN MITT APPLES DESIGN
21867,PINK UNION JACK  LUGGAGE TAG
20652,BLUE POLKADOT LUGGAGE TAG
20616,CHERRY BLOSSOM PASSPORT COVER
23141,TRIPLE WIRE HOOK PINK HEART
22723,SET OF 6 HERB TINS SKETCHBOOK
22118,JOY WOODEN BLOCK LETTERS
22216,T-LIGHT HOLDER WHITE LACE
22217,T-LIGHT HOLDER HANGING LACE
22119,PEACE WOODEN BLOCK LETTERS
23239,SET OF 4 KNICK KNACK TINS POPPIES
23272,TREE T-LIGHT HOLDER WILLIE WINKIE
23235,STORAGE TIN VINTAGE LEAF
16008,SMALL FOLDING SCISSOR(POINTED EDGE)
16014,SMALL CHINESE STYLE SCISSOR
21159,MOODY BOY  DOOR HANGER
21248,DOOR HANGER  MUM + DADS ROOM
84510A,SET OF 4 ENGLISH ROSE COASTERS
72232,FENG SHUI PILLAR CANDLE
23430,BLUE RETRO KITCHEN WALL CLOCK
23429,RED RETRO KITCHEN WALL CLOCK
23428,IVORY RETRO KITCHEN WALL CLOCK
23240,SET OF 4 KNICK KNACK TINS DOILY
21533,RETROSPOT LARGE MILK JUG
72760B,VINTAGE CREAM 3 BASKET CAKE STAND
21872,GLAMOROUS  MUG
23004,TRAVEL CARD WALLET PANTRY
23002,TRAVEL CARD WALLET SKULLS
22994,TRAVEL CARD WALLET RETROSPOT
23000,TRAVEL CARD WALLET TRANSPORT
22628,PICNIC BOXES SET OF 3 RETROSPOT
21908,CHOCOLATE THIS WAY METAL SIGN
22667,RECIPE BOX RETROSPOT
22670,FRENCH WC SIGN BLUE METAL
48111,DOORMAT 3 SMILEY CATS
20981,12 PENCILS TALL TUBE WOODLAND
84970L,SINGLE HEART ZINC T-LIGHT HOLDER
23424,GINGHAM RECIPE BOOK BOX
22791,T-LIGHT GLASS FLUTED ANTIQUE
23503,PLAYING CARDS KEEP CALM & CARRY ON
23445,ICE CREAM BUBBLES
84947,ANTIQUE SILVER TEA GLASS ENGRAVED
23127,FELTCRAFT GIRL NICOLE KIT
22747,POPPY'S PLAYHOUSE BATHROOM
22078,RIBBON REEL LACE DESIGN
23533,WALL ART GARDEN HAVEN
84819,DANISH ROSE ROUND SEWING BOX
23463,VINTAGE ZINC WATERING CAN
23464,VINTAGE ZINC WATERING CAN SMALL
23178,JAM CLOCK MAGNET
23302,KNEELING MAT HOUSEWORK  DESIGN
22513,DOORSTOP FOOTBALL DESIGN
22496,SET OF 2 ROUND TINS DUTCH CHEESE
22476,EMPIRE UNION JACK TV DINNER TRAY
22072,RED RETROSPOT TEA CUP AND SAUCER
23251,VINTAGE RED ENAMEL TRIM MUG
21875,KINGS CHOICE MUG
22485,SET OF 2 WOODEN MARKET CRATES
23843,"PAPER CRAFT , LITTLE BIRDIE"
23203,JUMBO BAG VINTAGE DOILY
22491,PACK OF 12 COLOURED PENCILS
20749,ASSORTED COLOUR MINI CASES
22617,BAKING SET SPACEBOY DESIGN
22182,CAKE STAND VICTORIAN FILIGREE SMALL
23144,ZINC T-LIGHT HOLDER STARS SMALL
22558,CLOTHES PEGS RETROSPOT PACK 24
22560,TRADITIONAL MODELLING CLAY
22565,FELTCRAFT HAIRBANDS PINK AND WHITE
22580,ADVENT CALENDAR GINGHAM SACK
22571,ROCKING HORSE RED CHRISTMAS
22574,HEART WOODEN CHRISTMAS DECORATION
22577,WOODEN HEART CHRISTMAS SCANDINAVIAN
22578,WOODEN STAR CHRISTMAS SCANDINAVIAN
22581,WOOD STOCKING CHRISTMAS SCANDISPOT
22566,FELTCRAFT HAIRBAND PINK AND PURPLE
22380,TOY TIDY SPACEBOY
22396,MAGNETS PACK OF 4 RETRO PHOTO
22418,10 COLOUR SPACEBOY PEN
22419,LIPSTICK PEN RED
22420,LIPSTICK PEN BABY PINK
22421,LIPSTICK PEN FUSCHIA
22437,SET OF 9 BLACK SKULL BALLOONS
22441,GROW YOUR OWN BASIL IN ENAMEL MUG
22446,PIN CUSHION BABUSHKA PINK
22467,GUMBALL COAT RACK
22478,BIRDHOUSE GARDEN MARKER
22486,PLASMATRONIC LAMP
22489,PACK OF 12 TRADITIONAL CRAYONS
22540,MINI JIGSAW CIRCUS PARADE
22586,FELTCRAFT HAIRBAND PINK AND BLUE
22600,CHRISTMAS RETROSPOT STAR WOOD
22591,CARDHOLDER GINGHAM CHRISTMAS TREE
22662,LUNCH BAG DOLLY GIRL DESIGN
22693,GROW A FLYTRAP OR SUNFLOWER IN TIN
22701,PINK DOG BOWL
22703,PINK CAT BOWL
22712,CARD DOLLY GIRL
22713,CARD I LOVE LONDON
22714,CARD BIRTHDAY COWBOY
22717,CARD DOG AND BALL
22720,SET OF 3 CAKE TINS PANTRY DESIGN
22653,BUTTON BOX
22589,CARDHOLDER GINGHAM STAR
22651,GENTLEMAN SHIRT REPAIR KIT
22634,CHILDS BREAKFAST SET SPACEBOY
22592,CARDHOLDER HOLLY WREATH METAL
22593,CHRISTMAS GINGHAM STAR
22594,CHRISTMAS GINGHAM TREE
22597,MUSICAL ZINC HEART DECORATION
22598,CHRISTMAS MUSICAL ZINC TREE
22599,CHRISTMAS MUSICAL ZINC STAR
22601,CHRISTMAS RETROSPOT ANGEL WOOD
22602,RETROSPOT WOODEN HEART DECORATION
22608,PENS ASSORTED FUNKY JEWELED
22614,PACK OF 12 SPACEBOY TISSUES
22615,PACK OF 12 CIRCUS PARADE TISSUES
22616,PACK OF 12 LONDON TISSUES
22620,4 TRADITIONAL SPINNING TOPS
22630,DOLLY GIRL LUNCH BOX
22650,CERAMIC PIRATE CHEST MONEY BANK
85199S,SMALL HANGING IVORY/RED WOOD BIRD
90208,PAIR OF PINK FLOWER CLUSTER SLIDE
85168B,BLACK BAROQUE CARRIAGE CLOCK
85169C,EAU DE NIL LOVE BIRD CANDLE
85170C,SET/6 EAU DE NIL BIRD T-LIGHTS
85177,BASKET OF FLOWERS SEWING KIT
85178,VICTORIAN SEWING KIT
85179A,GREEN BITTY LIGHT CHAIN
85227,SET OF 6 3D KIT CARDS FOR KIDS
90003C,MIDNIGHT BLUE PAIR HEART HAIR SLIDE
90003E,GREEN PAIR HEART HAIR SLIDES
90010A,MIDNIGHT BLUE GLASS/SILVER BRACELET
90013A,MIDNIGHT BLUE VINTAGE EARRINGS
90013C,GREEN VINTAGE EARRINGS
90014A,SILVER M.O.P. ORBIT NECKLACE
90016B,GOLD/M.O.P PENDANT ORBIT NECKLACE
90018B,GOLD M.O.P ORBIT DROP EARRINGS
90019B,GOLD M.O.P ORBIT BRACELET
90027D,GLASS BEAD HOOP EARRINGS AMETHYST
85152,HAND OVER THE CHOCOLATE   SIGN
90030B,RED KUKUI COCONUT SEED NECKLACE
85131D,BEADED CRYSTAL HEART PINK ON STICK
22372,AIRLINE BAG VINTAGE WORLD CHAMPION
85014B,RED RETROSPOT UMBRELLA
85032C,CURIOUS IMAGES GIFT WRAP SET
85039A,SET/4 RED MINI ROSE CANDLE IN BOWL
85039B,S/4 IVORY MINI ROSE CANDLE IN BOWL
85040A,S/4 PINK FLOWER CANDLES IN BOWL
85049C,ROMANTIC PINKS RIBBONS
85049G,CHOCOLATE BOX RIBBONS
85049H,URBAN BLACK RIBBONS
85059,FRENCH ENAMEL WATER BASIN
85094,CANDY SPOT EGG WARMER RABBIT
85114C,RED ENCHANTED FOREST PLACEMAT
85131B,BEADED CRYSTAL HEART GREEN ON STICK
90210A,GREY ACRYLIC FACETED BANGLE
90055,CRACKED GLAZE EARRINGS BROWN
90059D,DIAMANTE HAIR GRIP PACK/2 PERIDOT
90177C,DROP DIAMANTE EARRINGS CRYSTAL
90181B,AMETHYST GLASS/SHELL/PEARL NECKLACE
90182C,BLACK 3 BEAD DROP EARRINGS
90183A,AMBER DROP EARRINGS W LONG BEADS
90183C,BLACK DROP EARRINGS W LONG BEADS
90185B,AMETHYST DIAMANTE EXPANDABLE RING
90188,DROP EARRINGS W FLOWER & LEAF
90191,SILVER LARIAT 40CM
90192,JADE DROP EARRINGS W FILIGREE
90198A,VINTAGE ROSE BEAD BRACELET RASPBERR
90200A,PURPLE SWEETHEART BRACELET
90201A,PURPLE ENAMEL FLOWER RING
90201B,BLACK ENAMEL FLOWER RING
90201C,RED ENAMEL FLOWER RING
90201D,GREEN ENAMEL FLOWER RING
90202C,GREEN ENAMEL FLOWER HAIR TIE
90202D,PINK ENAMEL FLOWER HAIR TIE
90206C,CRYSTAL DIAMANTE STAR BROOCH
90177A,CLASSIC DIAMANTE EARRINGS JET
90059A,DIAMANTE HAIR GRIP PACK/2 CRYSTAL
90175D,TIGRIS EYE CHUNKY CHARM BRACELET
90174,BUTTERFLY HAIR BAND
90059E,DIAMANTE HAIR GRIP PACK/2 RUBY
90059F,DIAMANTE HAIR GRIP PACK/2 LT ROSE
90072,RUBY DROP CHANDELIER EARRINGS
90086,CRYSTAL FROG PHONE CHARM
90120B,BLUE MURANO TWIST BRACELET
90120C,GREEN MURANO TWIST BRACELET
90130B,TURQ STONE/CRYSTAL EARRINGS
90130C,GREEN STONE/CRYSTAL EARRINGS
90134,OLD ROSE COMBO BEAD NECKLACE
90138,WHITE/PINK MINI CRYSTALS NECKLACE
90141B,IVORY PENDANT TRIPLE SHELL NECKLACE
90145,SILVER HOOP EARRINGS WITH FLOWER
90155,RESIN NECKLACE W PASTEL BEADS
90161D,ANT COPPER PINK BOUDICCA BRACELET
90163A,PINK ROSEBUD & PEARL NECKLACE
90165B,WHITE ROSEBUD  PEARL EARRINGS
90168,2 DAISIES HAIR COMB
90169,DAISY HAIR COMB
90170,DAISY HAIR BAND
90175A,WHITE GLASS CHUNKY CHARM BRACELET
22741,FUNKY DIVA PEN
22979,PANTRY WASHING UP BRUSH
22748,POPPY'S PLAYHOUSE KITCHEN
23202,JUMBO BAG VINTAGE LEAF
23212,HEART WREATH DECORATION WITH BELL
23213,STAR WREATH DECORATION WITH BELL
23220,REINDEER HEART DECORATION GOLD
23200,JUMBO BAG PEARS
23224,CHERUB HEART DECORATION GOLD
23234,BISCUIT TIN VINTAGE CHRISTMAS
23241,TREASURE TIN GYMKHANA DESIGN
23243,SET OF TEA COFFEE SUGAR TINS PANTRY
23247,BISCUIT TIN 50'S CHRISTMAS
23264,SET OF 3 WOODEN SLEIGH DECORATIONS
23265,SET OF 3 WOODEN TREE DECORATIONS
23266,SET OF 3 WOODEN STOCKING DECORATION
23112,PARISIENNE CURIO CABINET
23118,PARISIENNE JEWELLERY DRAWER
23158,SET OF 5 LUCKY CAT MAGNETS
23165,LARGE CERAMIC TOP STORAGE JAR
23166,MEDIUM CERAMIC TOP STORAGE JAR
23175,REGENCY MILK JUG PINK
23177,TREASURE ISLAND BOOK BOX
23183,MOTHER'S KITCHEN SPOON REST
23184,BULL DOG BOTTLE OPENER
23188,VINTAGE  2 METRE FOLDING RULER
23191,BUNDLE OF 3 RETRO NOTE BOOKS
23280,FOLDING BUTTERFLY MIRROR HOT PINK
23284,DOORMAT KEEP CALM AND COME IN
23332,IVORY WICKER HEART LARGE
23336,EGG FRYING PAN PINK
23340,VINTAGE CHRISTMAS CAKE FRILL
23345,DOLLY GIRL BEAKER
23347,I LOVE LONDON BEAKER
23365,SET 12 COLOUR PENCILS LOVE LONDON
23366,SET 12 COLOURING PENCILS DOILY
22362,GLASS JAR PEACOCK BATH SALTS
23323,WHITE WICKER STAR
23285,PINK VINTAGE SPOT BEAKER
23287,RED VINTAGE SPOT BEAKER
23290,SPACEBOY CHILDRENS BOWL
23292,SPACEBOY CHILDRENS CUP
23294,SET OF 6 SNACK LOAF BAKING CASES
23299,FOOD COVER WITH BEADS SET 2
23307,SET OF 60 PANTRY DESIGN CAKE CASES
23308,SET OF 60 VINTAGE LEAF CAKE CASES
23309,SET OF 60 I LOVE LONDON CAKE CASES
23310,BUBBLEGUM RING ASSORTED
23314,VINTAGE CHRISTMAS TABLECLOTH
23322,LARGE WHITE HEART OF WICKER
23093,SMALL PARISIENNE HEART PHOTO FRAME
23089,GLASS BON BON JAR
23088,ZINC HEART FLOWER T-LIGHT HOLDER
22867,HAND WARMER BIRD DESIGN
22881,NUMBER TILE VINTAGE FONT 2
22885,NUMBER TILE VINTAGE FONT 6
22888,NUMBER TILE VINTAGE FONT 9
22890,NOVELTY BISCUITS CAKE STAND 3 TIER
22905,CALENDAR IN SEASON DESIGN
22914,BLUE COAT RACK PARIS FASHION
22922,FRIDGE MAGNETS US DINER ASSORTED
22924,FRIDGE MAGNETS LA VIE EN ROSE
22928,YELLOW GIANT GARDEN THERMOMETER
22940,FELTCRAFT CHRISTMAS FAIRY
22819,"BIRTHDAY CARD, RETRO SPOT"
22749,FELTCRAFT PRINCESS CHARLOTTE DOLL
22751,FELTCRAFT PRINCESS OLIVIA DOLL
22757,LARGE RED BABUSHKA NOTEBOOK
22758,LARGE PURPLE BABUSHKA NOTEBOOK
22763,KEY CABINET MA CAMPAGNE
22768,FAMILY PHOTO FRAME CORNICE
22800,ANTIQUE TALL SWIRLGLASS TRINKET POT
22809,SET OF 6 T-LIGHTS SANTA
22814,CARD PARTY GAMES
22815,CARD PSYCHEDELIC APPLES
22817,CARD SUKI BIRTHDAY
22818,CARD CHRISTMAS VILLAGE
22821,GIFT BAG PSYCHEDELIC APPLES
22745,POPPY'S PLAYHOUSE BEDROOM
22948,METAL DECORATION NAUGHTY CHILDREN
22998,TRAVEL CARD WALLET KEEP CALM
22999,TRAVEL CARD WALLET VINTAGE LEAF
23005,TRAVEL CARD WALLET I LOVE LONDON
23007,SPACEBOY BABY GIFT SET
23009,I LOVE LONDON BABY GIFT SET
23050,RECYCLED ACAPULCO MAT GREEN
23051,RECYCLED ACAPULCO MAT BLUE
23052,RECYCLED ACAPULCO MAT TURQUOISE
23053,RECYCLED ACAPULCO MAT PINK
23054,RECYCLED ACAPULCO MAT LAVENDER
23074,EMBOSSED HEART TRINKET BOX
23076,ICE CREAM SUNDAE LIP GLOSS
23082,SET 6 PAPER TABLE LANTERN HEARTS
23083,SET 6 PAPER TABLE LANTERN STARS
22997,TRAVEL CARD WALLET UNION JACK
22951,60 CAKE CASES DOLLY GIRL DESIGN
22996,TRAVEL CARD WALLET VINTAGE TICKET
22955,36 FOIL STAR CAKE CASES
22962,JAM JAR WITH PINK LID
22963,JAM JAR WITH GREEN LID
22964,3 PIECE SPACEBOY COOKIE CUTTER SET
22965,3 TRADITIONAl BISCUIT CUTTERS  SET
22969,HOMEMADE JAM SCENTED CANDLES
22975,SPACEBOY CHILDRENS EGG CUP
22977,DOLLY GIRL CHILDRENS EGG CUP
22980,PANTRY SCRUBBING BRUSH
22982,PANTRY PASTRY BRUSH
22983,CARD BILLBOARD FONT
22984,CARD GINGHAM ROSE
22988,SOLDIERS EGG CUP
22989,SET 2 PANTRY DESIGN TEA TOWELS
22995,TRAVEL CARD WALLET SUKI
22361,GLASS JAR DAISY FRESH COTTON WOOL
90184C,BLACK CHUNKY BEAD BRACELET W STRAP
84970S,HANGING HEART ZINC T-LIGHT HOLDER
84991,60 TEATIME FAIRY CAKE CASES
84997A,CHILDRENS CUTLERY POLKADOT GREEN
20733,GOLD MINI TAPE MEASURE
20777,CHRYSANTHEMUM NOTEBOOK
20914,SET/5 RED RETROSPOT LID GLASS BOWLS
20931,BLUE POT PLANT CANDLE
20970,PINK FLORAL FELTCRAFT SHOULDER BAG
20971,PINK BLUE FELT CRAFT TRINKET BOX
20972,PINK CREAM FELT CRAFT TRINKET BOX
20973,12 PENCIL SMALL TUBE WOODLAND
20978,36 PENCILS TUBE SKULLS
20782,CAMOUFLAGE EAR MUFF HEADPHONES
84923,PINK BUTTERFLY HANDBAG W BOBBLES
84828,JUNGLE POPSICLES ICE LOLLY MOULDS
82484,WOOD BLACK BOARD ANT WHITE FINISH
82567,"AIRLINE LOUNGE,METAL SIGN"
82582,AREA PATROLLED METAL SIGN
84077,WORLD WAR 2 GLIDERS ASSTD DESIGNS
84249A,"GREETING CARD,SQUARE, DOUGHNUTS"
84378,SET OF 3 HEART COOKIE CUTTERS
84559A,3D SHEET OF DOG STICKERS
84568,GIRLS ALPHABET IRON ON PATCHES
84569D,PACK 6 HEART/ICE-CREAM PATCHES
84596B,SMALL DOLLY MIX DESIGN ORANGE BOWL
84596F,SMALL MARSHMALLOWS PINK BOWL
84598,BOYS ALPHABET IRON ON PATCHES
84755,COLOUR GLASS T-LIGHT HOLDER HANGING
20982,12 PENCILS TALL TUBE SKULLS
20983,12 PENCILS TALL TUBE RED RETROSPOT
20985,HEART CALCULATOR
20986,BLUE CALCULATOR RULER
21259,VICTORIAN SEWING BOX SMALL
21356,TOAST ITS - FAIRY FLOWER
21378,SMALL TALL CAMPHOR WOOD TOADSTOOL
21379,CAMPHOR WOOD PORTOBELLO MUSHROOM
21383,PACK OF 12 STICKY BUNNIES
21402,RED  EGG  SPOON
21408,SPOTTY PINK DUCK DOORSTOP
21467,CHERRY CROCHET FOOD COVER
21471,STRAWBERRY RAFFIA FOOD COVER
21213,PACK OF 72 SKULL CAKE CASES
21200,MULTICOLOUR HONEYCOMB PAPER GARLAND
21000,ROSE DU SUD COSMETICS BAG
21015,DARK BIRD HOUSE TREE DECORATION
21026,SPACE OWL
21035,SET/2 RED RETROSPOT TEA TOWELS
21064,BOOM BOX SPEAKER BOYS
21065,BOOM BOX SPEAKER GIRLS
21098,CHRISTMAS TOILET ROLL
21123,SET/10 IVORY POLKADOT PARTY CANDLES
21126,SET OF 6 GIRLS CELEBRATION CANDLES
21154,RED RETROSPOT OVEN GLOVE
21158,MOODY GIRL DOOR HANGER
21162,TOXIC AREA  DOOR HANGER
21172,PARTY METAL SIGN
21175,GIN AND TONIC DIET METAL SIGN
21201,TROPICAL  HONEYCOMB PAPER GARLAND
72741,GRAND CHOCOLATECANDLE
72349B,SET/6 PURPLE BUTTERFLY T-LIGHTS
23451,SQUARE MINI PORTRAIT FRAME
23467,VINTAGE ZINC PLANTER
23469,CARD HOLDER LOVE BIRD SMALL
23495,SET OF 3 PANTRY WOODEN SPOONS
23506,MINI PLAYING CARDS SPACEBOY
23508,MINI PLAYING CARDS DOLLY GIRL
23510,MINI PLAYING CARDS GYMKHANA
23521,WALL ART CAT AND BIRD
23526,WALL ART DOG LICENCE
23530,WALL ART ONLY ONE PERSON
23534,WALL ART STOP FOR TEA
23536,WALL ART VILLAGE SHOW
23538,WALL ART VINTAGE HEART
23434,3 RAFFIA RIBBONS 50'S CHRISTMAS
23372,SET 36 COLOUR PENCILS DOLLY GIRL
23375,50'S CHRISTMAS PAPER GIFT BAG
23377,PACK OF 12 DOLLY GIRL TISSUES
23378,PACK OF 12 50'S CHRISTMAS TISSUES
23379,PACK OF 12 RED APPLE TISSUES
23380,PACK OF 12 VINTAGE DOILY TISSUES
23381,PACK OF 12 VINTAGE LEAF TISSUES
23391,I LOVE LONDON MINI BACKPACK
23392,SPACEBOY ROCKET LOLLY MAKERS
23399,HOME SWEET HOME HANGING HEART
23405,HOME SWEET HOME 2 DRAWER CABINET
23418,LAVENDER TOILETTE BOTTLE
23426,METAL SIGN DROP YOUR PANTS
23435,3 RAFFIA RIBBONS VINTAGE CHRISTMAS
23551,PACK OF 12 PAISLEY PARK TISSUES
23555,LANDMARK FRAME NOTTING HILL
35964,FOLKART CLIP ON STARS
46118,FUNKY MONKEY CUSHION COVER
46776A,WOVEN BUBBLE GUM CUSHION COVER
46776B,WOVEN BERRIES CUSHION COVER
46776C,WOVEN FROST CUSHION COVER
46776D,WOVEN SUNSET CUSHION COVER
46776E,WOVEN CANDY CUSHION COVER
46776F,WOVEN ROSE GARDEN CUSHION COVER
47310M,SMALL POP BOX FUNKY MONKEY
47480,HANGING PHOTO CLIP ROPE LADDER
47504H,ENGLISH ROSE SPIRIT LEVEL
47559B,TEA TIME OVEN GLOVE
47563A,RETRO LONGBOARD IRONING BOARD COVER
47590B,PINK HAPPY BIRTHDAY BUNTING
51014A,"FEATHER PEN,HOT PINK"
51014L,"FEATHER PEN,LIGHT PINK"
71270,PHOTO CLIP LINE
35953,FOLKART STAR CHRISTMAS DECORATIONS
35648,VINTAGE BEAD PINK PURSE
35095B,RED VICTORIAN FABRIC OVAL BOX
23559,WOODLAND BUNNIES LOLLY MAKERS
23565,EGG CUP MILKMAID HELGA
23567,EGG CUP HENRIETTA HEN PINK
23569,TRADTIONAL ALPHABET STAMP SET
23571,TRADITIONAL NAUGHTS & CROSSES
23575,SNACK TRAY PAISLEY PARK
23579,SNACK TRAY I LOVE LONDON
23583,LUNCH BAG PAISLEY PARK
23611,SET 10 CARDS RED RIDING HOOD 17214
23621,SET 10 CARDS DAVID'S MADONNA 17074
23635,SET 10 CARDS CHRISTMAS HOLLY  17259
23644,SET 10 CARDS CHRISTMAS TREE 16955
23660,HENRIETTA HEN MUG
23661,MILK MAIDS MUG
35095A,BLUE VICTORIAN FABRIC OVAL BOX
35646,VINTAGE BEAD PINK EVENING BAG
23616,SET 10 CARDS JINGLE BELLS 17217
16218,CARTOON  PENCIL SHARPENERS
16225,RATTLE SNAKE EGGS
16235,RECYCLED PENCIL WITH RABBIT ERASER
16237,SLEEPING CAT ERASERS
17038,PORCELAIN BUDAH INCENSE HOLDER
17084N,FAIRY DREAMS INCENSE
20659,ECONOMY LUGGAGE TAG
20665,RED RETROSPOT PURSE
22135,MINI LADLE LOVE HEART PINK
15058C,ICE CREAM DESIGN GARDEN PARASOL
22150,3 STRIPEY MICE FELTCRAFT
15039,SANDALWOOD FAN
22134,MINI LADLE LOVE HEART RED
22085,PAPER CHAIN KIT SKULLS
22091,EMPIRE TISSUE BOX
22104,MIRROR MOSAIC CANDLE PLATE
22106,MIRROR MOSAIC HURRICANE LAMP
22107,PIZZA PLATE IN BOX
22109,FULL ENGLISH BREAKFAST PLATE
22116,METAL SIGN HIS DINNER IS SERVED
22121,NOEL WOODEN BLOCK LETTERS
22123,PING MICROWAVE APRON
22124,SET OF 2 TEA TOWELS PING MICROWAVE
22129,PARTY CONES CANDY DECORATION
15036,ASSORTED COLOURS SILK FAN
22273,FELTCRAFT DOLL MOLLY
22277,COSMETIC BAG VINTAGE ROSE PAISLEY
22279,POCKET BAG BLUE PAISLEY RED SPOT
22280,POCKET BAG PINK PAISELY BROWN SPOT
22300,COFFEE MUG DOG + BALL DESIGN
22307,GOLD MUG BONE CHINA TREE OF LIFE
22309,TEA COSY RED  STRIPE
22324,BLUE POLKADOT KIDS BAG
22329,ROUND CONTAINER SET OF 5 RETROSPOT
22338,STAR DECORATION PAINTED ZINC
22340,NOEL GARLAND PAINTED ZINC
22342,HOME GARLAND PAINTED ZINC
22348,TEA BAG PLATE RED RETROSPOT
22264,FELT FARM ANIMAL WHITE BUNNY
22154,ANGEL DECORATION 3 BUTTONS
22261,FELT EGG COSY WHITE RABBIT
22156,HEART DECORATION WITH PEARLS
22163,HEART STRING MEMO HOLDER HANGING
22167,OVAL WALL MIRROR DIAMANTE
22170,PICTURE FRAME WOOD TRIPLE PORTRAIT
22209,WOOD STAMP SET HAPPY BIRTHDAY
22212,FOUR HOOK  WHITE LOVEBIRDS
22219,LOVEBIRD HANGING DECORATION WHITE
22224,WHITE LOVEBIRD LANTERN
22260,FELT EGG COSY BLUE RABBIT
22108,PING! MICROWAVE PLATE
22070,SMALL RED RETROSPOT MUG IN BOX
21724,PANDA AND BUNNIES STICKER SHEET
21739,COSY SLIPPER SHOES SMALL GREEN
21774,DECORATIVE CATS BATHROOM BOTTLE
21786,POLKADOT RAIN HAT
21787,RAIN PONCHO RETROSPOT
21791,VINTAGE HEADS AND TAILS CARD GAME
21808,"CHRISTMAS GARLAND STARS,TREES"
22071,SMALL WHITE RETROSPOT MUG IN BOX
21813,GARLAND WITH STARS AND BELLS
21822,GLITTER CHRISTMAS TREE WITH BELLS
21828,EIGHT PIECE SNAKE  SET
21832,CHOCOLATE CALCULATOR
21833,CAMOUFLAGE LED TORCH
21718,RED METAL BEACH SPADE
21879,HEARTS GIFT TAPE
21716,BOYS VINTAGE TIN SEASIDE BUCKET
21703,BAG 125g SWIRLY MARBLES
21508,VINTAGE KID DOLLY CARD
21509,COWBOYS AND INDIANS BIRTHDAY CARD
21528,DAIRY MAID TRADITIONAL TEAPOT
21544,SKULLS  WATER TRANSFER TATTOOS
21615,4 LAVENDER BOTANICAL DINNER CANDLES
21616,4 PEAR BOTANICAL DINNER CANDLES
21642,ASSORTED TUTTI FRUTTI PEN
21648,ASSORTED TUTTI FRUTTI SMALL PURSE
21650,ASSORTED TUTTI FRUTTI BRACELET
21675,BUTTERFLIES STICKERS
21677,HEARTS  STICKERS
21678,PAISLEY PATTERN  STICKERS
21680,WOODLAND  STICKERS
21704,BAG 250g SWIRLY MARBLES
21889,WOODEN BOX OF DOMINOES
21812,GARLAND WITH HEARTS AND BELLS
21892,TRADITIONAL WOODEN CATCH CUP GAME
21981,PACK OF 12 WOODLAND TISSUES
21982,PACK OF 12 SUKI TISSUES
21984,PACK OF 12 PINK PAISLEY TISSUES
21986,PACK OF 12 PINK POLKADOT TISSUES
21993,FLORAL FOLK STATIONERY SET
22024,RAINY LADIES BIRTHDAY CARD
22026,BANQUET BIRTHDAY  CARD
22027,TEA PARTY BIRTHDAY CARD
22028,PENNY FARTHING BIRTHDAY CARD
22029,SPACEBOY BIRTHDAY CARD
22031,BOTANICAL LAVENDER BIRTHDAY CARD
22037,ROBOT BIRTHDAY CARD
22064,PINK DOUGHNUT TRINKET POT
22065,CHRISTMAS PUDDING TRINKET POT
21980,PACK OF 12 RED RETROSPOT TISSUES
22025,RING OF ROSES BIRTHDAY CARD
21967,PACK OF 12 SKULL TISSUES
21976,PACK OF 60 MUSHROOM CAKE CASES
21900,"KEY FOB , SHED"
21901,"KEY FOB , BACK DOOR"
21902,"KEY FOB , FRONT  DOOR"
21905,MORE BUTTER METAL SIGN
21906,PHARMACIE FIRST AID TIN
21945,STRAWBERRIES  DESIGN FLANNEL
21932,SCANDINAVIAN PAISLEY PICNIC BAG
21936,RED RETROSPOT PICNIC BAG
21947,SET OF 6 HEART CHOPSTICKS
21949,SET OF 6 STRAWBERRY CHOPSTICKS
22252,BIRDCAGE DECORATION TEALIGHT HOLDER
71459,HANGING JAM JAR T-LIGHT HOLDERS
79190A,RETRO PLASTIC 70'S TRAY
22151,PLACE SETTING WHITE HEART
79190B,RETRO PLASTIC POLKA TRAY
10125,MINI FUNKY DESIGN TAPES
23390,DOLLY GIRL MINI BACKPACK
22554,PLASTERS IN TIN WOODLAND ANIMALS
22551,PLASTERS IN TIN SPACEBOY
23367,SET 12 COLOUR PENCILS SPACEBOY
22716,CARD CIRCUS PARADE
21559,STRAWBERRY LUNCH BOX WITH CUTLERY
23535,WALL ART BICYCLE SAFETY
22539,MINI JIGSAW DOLLY GIRL
22190,LOCAL CAFE MUG
22220,CAKE STAND LOVEBIRD 2 TIER WHITE
22215,CAKE STAND WHITE TWO TIER LACE
23439,HAND WARMER RED LOVE HEART
15056N,EDWARDIAN PARASOL NATURAL
15056BL,EDWARDIAN PARASOL BLACK
22076,6 RIBBONS EMPIRE
21877,HOME SWEET HOME MUG
21871,SAVE THE PLANET MUG
22798,ANTIQUE GLASS DRESSING TABLE POT
23173,REGENCY TEAPOT ROSES
22633,HAND WARMER UNION JACK
21462,"NURSERY A,B,C PAINTED LETTERS"
20831,GOLD PHOTO FRAME
22664,TOY TIDY DOLLY GIRL DESIGN
72800E,4 IVORY DINNER CANDLES SILVER FLOCK
23598,PAPER BUNTING VINTAGE PARTY
16169E,WRAP 50'S  CHRISTMAS
22314,OFFICE MUG WARMER CHOC+BLUE
22313,OFFICE MUG WARMER PINK
23438,RED SPOT GIFT BAG LARGE
22943,CHRISTMAS LIGHTS 10 VINTAGE BAUBLES
22898,CHILDRENS APRON APPLES DESIGN
22896,PEG BAG APPLES DESIGN
22738,RIBBON REEL SNOWY VILLAGE
22835,HOT WATER BOTTLE I AM SO POORLY
22805,BLUE DRAWER KNOB ACRYLIC EDWARDIAN
23204,CHARLOTTE BAG APPLES DESIGN
22735,RIBBON REEL SOCKS AND MITTENS
22895,SET OF 2 TEA TOWELS APPLE AND PEARS
85049g,CHOCOLATE BOX RIBBONS
23207,LUNCH BAG ALPHABET DESIGN
23208,LUNCH BAG VINTAGE LEAF DESIGN
23357,HOT WATER BOTTLE SEX BOMB
23358,HOT STUFF HOT WATER BOTTLE
47566,PARTY BUNTING
84997c,CHILDRENS CUTLERY POLKADOT BLUE
23206,LUNCH BAG APPLE DESIGN
82583,HOT BATHS METAL SIGN
22725,ALARM CLOCK BAKELIKE CHOCOLATE
20719,WOODLAND CHARLOTTE BAG
20724,RED RETROSPOT CHARLOTTE BAG
21212,PACK OF 72 RETROSPOT CAKE CASES
21238,RED RETROSPOT CUP
21242,RED RETROSPOT PLATE
21484,CHICK GREY HOT WATER BOTTLE
20723,STRAWBERRY CHARLOTTE BAG
21672,WHITE SPOT RED CERAMIC DRAWER KNOB
21671,RED SPOT CERAMIC DRAWER KNOB
22356,CHARLOTTE BAG PINK POLKADOT
22355,CHARLOTTE BAG SUKI DESIGN
22383,LUNCH BAG SUKI DESIGN
22423,REGENCY CAKESTAND 3 TIER
22110,BIRD HOUSE HOT WATER BOTTLE
21714,CITRONELLA CANDLE GARDEN POT
22865,HAND WARMER OWL DESIGN
23012,GLASS APOTHECARY BOTTLE PERFUME
22866,HAND WARMER SCOTTY DOG DESIGN
22891,TEA FOR ONE POLKADOT
22960,JAM MAKING SET WITH JARS
22961,JAM MAKING SET PRINTED
22966,GINGERBREAD MAN COOKIE CUTTER
22900,SET 2 TEA TOWELS I LOVE LONDON
23172,REGENCY TEA PLATE PINK
23014,GLASS APOTHECARY BOTTLE ELIXIR
23080,RED METAL BOX TOP SECRET
23170,REGENCY TEA PLATE ROSES
23171,REGENCY TEA PLATE GREEN
23181,BULL DOG BOTTLE TOP WALL CLOCK
23196,VINTAGE LEAF MAGNETIC NOTEPAD
23198,PANTRY MAGNETIC  SHOPPING LIST
22845,VINTAGE CREAM CAT FOOD CONTAINER
23013,GLASS APOTHECARY BOTTLE TONIC
22844,VINTAGE CREAM DOG FOOD CONTAINER
22676,FRENCH BLUE METAL DOOR SIGN 1
22813,PACK 3 BOXES BIRD PANETTONE
22553,PLASTERS IN TIN SKULLS
22557,PLASTERS IN TIN VINTAGE PAISLEY
22619,SET OF 6 SOLDIER SKITTLES
22632,HAND WARMER RED RETROSPOT
22654,DELUXE SEWING KIT
22659,LUNCH BOX I LOVE LONDON
22663,JUMBO BAG DOLLY GIRL DESIGN
22838,3 TIER CAKE TIN RED AND CREAM
22666,RECIPE BOX PANTRY YELLOW DESIGN
22684,FRENCH BLUE METAL DOOR SIGN 9
22697,GREEN REGENCY TEACUP AND SAUCER
22699,ROSES REGENCY TEACUP AND SAUCER
22722,SET OF 6 SPICE TINS PANTRY DESIGN
22733,3D TRADITIONAL CHRISTMAS STICKERS
22776,SWEETHEART 3 TIER CAKE STAND
22795,SWEETHEART RECIPE BOOK STAND
23295,SET OF 12 MINI LOAF BAKING CASES
82580,BATHROOM METAL SIGN
82581,TOILET METAL SIGN
82600,N0 SINGING METAL SIGN
84029E,RED WOOLLY HOTTIE WHITE HEART.
84375,SET OF 20 KIDS COOKIE CUTTERS
84509a,SET OF 4 ENGLISH ROSE PLACEMATS
84558a,3D DOG PICTURE PLAYING CARDS
84968e,SET OF 16 VINTAGE BLACK CUTLERY
84970s,HANGING HEART ZINC T-LIGHT HOLDER
84997a,CHILDRENS CUTLERY POLKADOT GREEN
84997b,CHILDRENS CUTLERY RETROSPOT RED
84997d,CHILDRENS CUTLERY POLKADOT PINK
85048,15CM CHRISTMAS GLASS BALL 20 LIGHTS
85049a,TRADITIONAL CHRISTMAS RIBBONS
85049e,SCANDINAVIAN REDS RIBBONS
85099B,JUMBO BAG RED RETROSPOT
85150,LADIES & GENTLEMEN METAL SIGN
85174,S/4 CACTI CANDLES
82552,WASHROOM METAL SIGN
82482,WOODEN PICTURE FRAME WHITE FINISH
82001s,SILVER RECORD COVER FRAME
23311,VINTAGE CHRISTMAS STOCKING
23312,VINTAGE CHRISTMAS GIFT SACK
23351,ROLL WRAP 50'S CHRISTMAS
23352,ROLL WRAP 50'S RED CHRISTMAS
23354,6 GIFT TAGS 50'S CHRISTMAS
23368,SET 12 COLOUR PENCILS DOLLY GIRL
23369,SET 36 COLOUR PENCILS LOVE LONDON
23370,SET 36 COLOURING PENCILS DOILY
23300,GARDENERS KNEELING PAD CUP OF TEA
22526,WHEELBARROW FOR CHILDREN
23437,50'S CHRISTMAS GIFT BAG LARGE
23493,VINTAGE DOILY TRAVEL SEWING KIT
23494,VINTAGE DOILY DELUXE SEWING KIT
23497,CLASSIC CHROME BICYCLE BELL
23501,KEY RING BASEBALL BOOT UNION JACK
23564,EGG CUP MILKMAID INGRID
35970,ZINC FOLKART SLEIGH BELLS
48138,DOORMAT UNION FLAG
71053,WHITE MOROCCAN METAL LANTERN
72349b,SET/6 PURPLE BUTTERFLY T-LIGHTS
23388,WOODLAND MINI BACKPACK
22507,MEMO BOARD RETROSPOT  DESIGN
21843,RED RETROSPOT CAKE STAND
22488,NATURAL SLATE RECTANGLE CHALKBOARD
21411,GINGHAM HEART  DOORSTOP RED
21430,SET/3 RED GINGHAM ROSE STORAGE BOX
21494,ROTATING LEAVES T-LIGHT HOLDER
21523,DOORMAT FANCY FONT HOME SWEET HOME
21557,SET OF 6 FUNKY BEAKERS
21558,SKULL LUNCH BOX WITH CUTLERY
21754,HOME BUILDING BLOCK WORD
21864,UNION JACK FLAG PASSPORT COVER
21874,GIN AND TONIC MUG
21876,POTTERING MUG
21890,S/6 WOODEN SKITTLES IN COTTON BAG
21912,VINTAGE SNAKES & LADDERS
21928,JUMBO BAG SCANDINAVIAN BLUE PAISLEY
21934,SKULL SHOULDER BAG
21935,SUKI  SHOULDER BAG
21942,SKULLS DESIGN FLANNEL
21955,DOORMAT UNION JACK GUNS AND ROSES
21327,SKULLS WRITING SET
21239,PINK  POLKADOT CUP
21232,STRAWBERRY CERAMIC TRINKET POT
22498,WOODEN REGATTA BUNTING
15056bl,EDWARDIAN PARASOL BLACK
20669,RED HEART LUGGAGE TAG
20679,EDWARDIAN PARASOL RED
20712,JUMBO BAG WOODLAND ANIMALS
20717,STRAWBERRY SHOPPER BAG
20718,RED RETROSPOT SHOPPER BAG
20726,LUNCH BAG WOODLAND
20728,LUNCH BAG CARS BLUE
21977,PACK OF 60 PINK PAISLEY CAKE CASES
20961,STRAWBERRY BATH SPONGE
21115,ROSE CARAVAN DOORSTOP
21125,SET 6 FOOTBALL CELEBRATION CANDLES
21155,RED RETROSPOT PEG BAG
21166,COOK WITH WINE METAL SIGN
21174,POTTERING IN THE SHED METAL SIGN
21181,PLEASE ONE PERSON METAL SIGN
21216,"SET 3 RETROSPOT TEA,COFFEE,SUGAR"
21218,RED SPOTTY BISCUIT TIN
20963,APPLE BATH SPONGE
21983,PACK OF 12 BLUE PAISLEY TISSUES
21930,JUMBO STORAGE BAG SKULLS
21989,PACK OF 20 SKULL PAPER NAPKINS
22303,COFFEE MUG APPLES DESIGN
22304,COFFEE MUG BLUE PAISLEY DESIGN
22308,TEA COSY BLUE STRIPE
22327,ROUND SNACK BOXES SET OF 4 SKULLS
21987,PACK OF 6 SKULL PAPER CUPS
22352,LUNCH BOX WITH CUTLERY RETROSPOT
22357,KINGS CHOICE BISCUIT TIN
22358,KINGS CHOICE TEA CADDY
22371,AIRLINE BAG VINTAGE TOKYO 78
22374,AIRLINE BAG VINTAGE JET SET RED
22302,COFFEE MUG PEARS  DESIGN
22378,WALL TIDY RETROSPOT
22381,TOY TIDY PINK POLKADOT
22384,LUNCH BAG PINK POLKADOT
22422,TOOTHPASTE TUBE PEN
22424,ENAMEL BREAD BIN CREAM
22429,ENAMEL MEASURING JUG CREAM
22456,NATURAL SLATE CHALKBOARD LARGE
22457,NATURAL SLATE HEART CHALKBOARD
22471,TV DINNER TRAY AIR HOSTESS
22474,SPACEBOY TV DINNER TRAY
22379,RECYCLING BAG RETROSPOT
22301,COFFEE MUG CAT + BIRD DESIGN
22207,FRYING PAN UNION FLAG
22041,"RECORD FRAME 7"" SINGLE SIZE"
22278,OVERNIGHT BAG VINTAGE ROSE PAISLEY
22099,CARAVAN SQUARE TISSUE BOX
22142,CHRISTMAS CRAFT WHITE FAIRY
22114,HOT WATER BOTTLE TEA AND SYMPATHY
22161,HEART DECORATION RUSTIC HANGING
22196,SMALL HEART MEASURING SPOONS
22195,LARGE HEART MEASURING SPOONS
22187,GREEN CHRISTMAS TREE CARD HOLDER
22186,RED STAR CARD HOLDER
22193,RED DINER WALL CLOCK
22174,PHOTO CUBE
22173,METAL 4 HOOK HANGER FRENCH CHATEAU
22179,SET 10 NIGHT OWL LIGHTS
82486,3 DRAWER ANTIQUE WHITE WOOD CABINET
85066,CREAM SWEETHEART MINI CHEST
23151,ZINC SWEETHEART SOAP DISH
22942,CHRISTMAS LIGHTS 10 SANTAS
22808,SET OF 6 T-LIGHTS EASTER CHICKS
23143,ZINC WIRE KITCHEN ORGANISER
23425,STORAGE TIN HOME SWEET HOME
22807,SET OF 6 T-LIGHTS TOADSTOOLS
85173,SET/6 FROG PRINCE T-LIGHT CANDLES
21731,RED TOADSTOOL LED NIGHT LIGHT
22545,MINI JIGSAW BUNNIES
84356,POMPOM CURTAIN
22811,SET OF 6 T-LIGHTS CACTI
21563,RED HEART SHAPE LOVE BUCKET
20704,MR ROBOT SOFT TOY
21564,PINK  HEART SHAPE LOVE BUCKET
22785,SQUARECUSHION COVER PINK UNION JACK
22165,"DIAMANTE HEART SHAPED WALL MIRROR,"
22319,HAIRCLIPS FORTIES FABRIC ASSORTED
22447,PIN CUSHION BABUSHKA BLUE
22495,SET OF 2 ROUND TINS CAMEMBERT
22544,MINI JIGSAW SPACEBOY
22299,PIG KEYRING WITH LIGHT & SOUND
22573,STAR WOODEN CHRISTMAS DECORATION
22952,60 CAKE CASES VINTAGE CHRISTMAS
22596,CHRISTMAS STAR WISH LIST CHALKBOARD
23274,STAR T-LIGHT HOLDER WILLIE WINKIE
22734,SET OF 6 RIBBONS VINTAGE CHRISTMAS
23210,WHITE ROCKING HORSE HAND PAINTED
22155,STAR DECORATION RUSTIC
21810,CHRISTMAS HANGING STAR WITH BELL
22153,ANGEL DECORATION STARS ON DRESS
22576,SWALLOW WOODEN CHRISTMAS DECORATION
23103,JINGLE BELL HEART DECORATION
23270,SET OF 2 CERAMIC PAINTED HEARTS
20668,DISCO BALL CHRISTMAS DECORATION
21209,MULTICOLOUR HONEYCOMB FAN
22087,PAPER BUNTING WHITE LACE
22394,PAPERWEIGHT KINGS CHOICE
35471D,SET OF 3 BIRD LIGHT PINK FEATHER
22069,BROWN  PIRATE TREASURE CHEST
22645,CERAMIC HEART FAIRY CAKE MONEY BANK
17091J,VANILLA INCENSE IN TIN
22644,CERAMIC CHERRY CAKE MONEY BANK
22500,SET OF 2 TINS JARDIN DE PROVENCE
84031B,CHARLIE LOLA BLUE HOT WATER BOTTLE
22646,CERAMIC STRAWBERRY CAKE MONEY BANK
22753,SMALL YELLOW BABUSHKA NOTEBOOK
22754,SMALL RED BABUSHKA NOTEBOOK
22059,CERAMIC STRAWBERRY DESIGN MUG
22755,SMALL PURPLE BABUSHKA NOTEBOOK
22200,FRYING PAN PINK POLKADOT
84032A,CHARLIE+LOLA PINK HOT WATER BOTTLE
84032B,CHARLIE + LOLA RED HOT WATER BOTTLE
84031A,CHARLIE+LOLA RED HOT WATER BOTTLE
22199,FRYING PAN RED RETROSPOT
22111,SCOTTIE DOG HOT WATER BOTTLE
23301,GARDENERS KNEELING PAD KEEP CALM
22171,3 HOOK PHOTO SHELF ANTIQUE WHITE
21108,FAIRY CAKE FLANNEL ASSORTED COLOUR
22112,CHOCOLATE HOT WATER BOTTLE
21485,RETROSPOT HEART HOT WATER BOTTLE
21620,SET OF 4 ROSE BOTANICAL CANDLES
22442,GROW YOUR OWN FLOWERS SET OF 3
22185,SLATE TILE NATURAL HANGING
21705,BAG 500g SWIRLY MARBLES
21111,"SWISS ROLL TOWEL, CHOCOLATE  SPOTS"
21109,LARGE CAKE TOWEL CHOCOLATE SPOTS
84029G,KNITTED UNION FLAG HOT WATER BOTTLE
22985,WRAP BILLBOARD FONTS DESIGN
23320,GIANT 50'S CHRISTMAS CRACKER
21591,COSY HOUR CIGAR BOX MATCHES
23122,PARTY CHARMS 50 PIECES
84519B,CARROT CHARLIE+LOLA COASTER SET
84519A,TOMATO CHARLIE+LOLA COASTER SET
22561,WOODEN SCHOOL COLOURING SET
21328,BALLOONS  WRITING SET
21990,MODERN FLORAL STATIONERY SET
23041,PAPER LANTERN 9 POINT SNOW STAR
21208,PASTEL COLOUR HONEYCOMB FAN
21355,TOAST ITS - I LOVE YOU
35004B,SET OF 3 BLACK FLYING DUCKS
20727,LUNCH BAG  BLACK SKULL.
23190,BUNDLE OF 3 SCHOOL EXERCISE BOOKS
23537,WALL ART I LOVE LONDON
79191B,RETRO PLASTIC POLKA TRAY
79191D,RETRO PLASTIC DAISY TRAY
21194,PINK  HONEYCOMB PAPER FAN
21329,DINOSAURS  WRITING SET
23524,WALL ART HORSE & PONY
23371,SET 36 COLOUR PENCILS SPACEBOY
84380,SET OF 3 BUTTERFLY COOKIE CUTTERS
79066K,RETRO MOD TRAY
85123A,CREAM HANGING HEART T-LIGHT HOLDER
21224,SET/4 SKULL BADGES
21220,SET/4 BADGES DOGS
21222,SET/4 BADGES BEETLES
23040,PAPER LANTERN 9 POINT SNOW STAR
20936,FORKED CACTUS CANDLE
22956,36 FOIL HEART CAKE CASES
22068,BLACK PIRATE TREASURE CHEST
23194,GYMKHANA TREASURE BOOK BOX
23193,BUFFALO BILL TREASURE BOOK BOX
22694,WICKER STAR
22095,LADS ONLY TISSUE BOX
22909,SET OF 20 VINTAGE CHRISTMAS NAPKINS
21673,WHITE SPOT BLUE CERAMIC DRAWER KNOB
23527,WALL ART ANIMALS AND NATURE
22469,HEART OF WICKER SMALL
23382,BOX OF 6 CHRISTMAS CAKE DECORATIONS
23525,WALL ART BUFFALO BILL
21668,RED STRIPE CERAMIC DRAWER KNOB
23033,DRAWER KNOB CERAMIC RED
21669,BLUE STRIPE CERAMIC DRAWER KNOB
23034,DRAWER KNOB CERAMIC BLACK
23349,ROLL WRAP VINTAGE CHRISTMAS
85071C,"CHARLIE+LOLA""EXTREMELY BUSY"" SIGN"
21670,BLUE SPOT CERAMIC DRAWER KNOB
23404,HOME SWEET HOME BLACKBOARD
21479,WHITE SKULL HOT WATER BOTTLE
21326,AGED GLASS SILVER T-LIGHT HOLDER
23355,HOT WATER BOTTLE KEEP CALM
22625,RED KITCHEN SCALES
84971S,SMALL HEART FLOWERS HOOK
22465,HANGING METAL STAR LANTERN
22464,HANGING METAL HEART LANTERN
21417,COCKLE SHELL DISH
84978,HANGING HEART JAR T-LIGHT HOLDER
20979,36 PENCILS TUBE RED RETROSPOT
22505,MEMO BOARD COTTAGE DESIGN
20750,RED RETROSPOT MINI CASES
23077,DOUGHNUT LIP GLOSS
22139,RETROSPOT TEA SET CERAMIC 11 PC
22834,HAND WARMER BABUSHKA DESIGN
21481,FAWN BLUE HOT WATER BOTTLE
22175,PINK OWL SOFT TOY
22141,CHRISTMAS CRAFT TREE TOP ANGEL
22331,WOODLAND PARTY BAG + STICKER SET
44234,ASSORTED CIRCULAR MOBILE
21137,BLACK RECORD COVER FRAME
21314,SMALL GLASS HEART TRINKET POT
23167,SMALL CERAMIC TOP STORAGE JAR
23168,CLASSIC CAFE SUGAR DISPENSER
21169,YOU'RE CONFUSING ME METAL SIGN
23110,PARISIENNE KEY CABINET
85053,FRENCH ENAMEL CANDLEHOLDER
22794,SWEETHEART WIRE MAGAZINE RACK
23182,TOILET SIGN OCCUPIED OR VACANT
22227,HANGING HEART MIRROR DECORATION
21012,ANTIQUE ALL GLASS CANDLESTICK
23197,SKETCHBOOK MAGNETIC SHOPPING LIST
23317,BLUE REFECTORY CLOCK
48187,DOORMAT NEW ENGLAND
21313,GLASS HEART T-LIGHT HOLDER
23326,HANGING MINI COLOURED BOTTLES
21755,LOVE BUILDING BLOCK WORD
22624,IVORY KITCHEN SCALES
23245,SET OF 3 REGENCY CAKE TINS
22627,MINT KITCHEN SCALES
22621,TRADITIONAL KNITTING NANCY
22074,6 RIBBONS SHIMMERING PINKS
22077,6 RIBBONS RUSTIC CHARM
21258,VICTORIAN SEWING BOX LARGE
21257,VICTORIAN SEWING BOX MEDIUM
23111,PARISIENNE SEWING BOX
23238,SET OF 4 KNICK KNACK TINS LONDON
22328,ROUND SNACK BOXES SET OF 4 FRUITS
22326,ROUND SNACK BOXES SET OF4 WOODLAND
23237,SET OF 4 KNICK KNACK TINS LEAF
23205,CHARLOTTE BAG VINTAGE ALPHABET
23550,WRAP ALPHABET POSTER
23037,CANDLE HOLDER SILVER MADELINE
22711,WRAP CIRCUS PARADE
21497,FANCY FONTS BIRTHDAY WRAP
22585,PACK OF 6 BIRDY GIFT TAGS
22081,RIBBON REEL FLORA + FAUNA
22080,RIBBON REEL POLKADOTS
23298,SPOTTY BUNTING
22907,PACK OF 20 NAPKINS PANTRY DESIGN
23215,JINGLE BELL HEART ANTIQUE SILVER
22736,RIBBON REEL MAKING SNOWMEN
23515,EMBROIDERED RIBBON REEL DAISY
21506,"FANCY FONT BIRTHDAY CARD,"
21507,ELEPHANT BIRTHDAY CARD
23229,VINTAGE DONKEY TAIL GAME
21124,SET/10 BLUE POLKADOT PARTY CANDLES
21122,SET/10 PINK POLKADOT PARTY CANDLES
23389,SPACEBOY MINI BACKPACK
22976,CIRCUS PARADE CHILDRENS EGG CUP
84997D,CHILDRENS CUTLERY POLKADOT PINK
22622,BOX OF VINTAGE ALPHABET BLOCKS
84997C,CHILDRENS CUTLERY POLKADOT BLUE
21914,BLUE HARMONICA IN BOX
22549,PICTURE DOMINOES
21918,SET 12 KIDS COLOUR  CHALK STICKS
22992,REVOLVER WOODEN RULER
22991,GIRAFFE WOODEN RULER
84997B,CHILDRENS CUTLERY RETROSPOT RED
22197,POPCORN HOLDER
23293,SET OF 12 FAIRY CAKE BAKING CASES
23313,VINTAGE CHRISTMAS BUNTING
84347,ROTATING SILVER ANGELS T-LIGHT HLDR
23201,JUMBO BAG ALPHABET
23376,PACK OF 12 VINTAGE CHRISTMAS TISSUE
22941,CHRISTMAS LIGHTS 10 REINDEER
22993,SET OF 4 PANTRY JELLY MOULDS
23343,JUMBO BAG VINTAGE CHRISTMAS
23344,JUMBO BAG 50'S CHRISTMAS
23581,JUMBO BAG PAISLEY PARK
22083,PAPER CHAIN KIT RETROSPOT
23570,TRADITIONAL PICK UP STICKS GAME
23480,MINI LIGHTS WOODLAND MUSHROOMS
21121,SET/10 RED POLKADOT PARTY CANDLES
23489,VINTAGE BELLS GARLAND
22411,JUMBO SHOPPER VINTAGE RED PAISLEY
21929,JUMBO BAG PINK VINTAGE PAISLEY
85099C,JUMBO  BAG BAROQUE BLACK WHITE
20713,JUMBO BAG OWLS
21931,JUMBO STORAGE BAG SUKI
22386,JUMBO BAG PINK POLKADOT
23353,6 GIFT TAGS VINTAGE CHRISTMAS
23199,JUMBO BAG APPLES
22910,PAPER CHAIN KIT VINTAGE CHRISTMAS
22086,PAPER CHAIN KIT 50'S CHRISTMAS
23319,BOX OF 6 MINI 50'S CRACKERS
23350,ROLL WRAP VINTAGE SPOT
23318,BOX OF 6 MINI VINTAGE CRACKERS
22144,CHRISTMAS CRAFT LITTLE FRIENDS
37500,TEA TIME TEAPOT IN GIFT BOX
79321,CHILLI LIGHTS
22567,20 DOLLY PEGS RETROSPOT
21351,CINAMMON & ORANGE WREATH
22075,6 RIBBONS ELEGANT CHRISTMAS
85049E,SCANDINAVIAN REDS RIBBONS
22816,CARD MOTORBIKE SANTA
22721,SET OF 3 CAKE TINS SKETCHBOOK
22704,WRAP RED APPLES
22894,TABLECLOTH RED APPLES DESIGN
22908,PACK OF 20 NAPKINS RED APPLES
22698,PINK REGENCY TEACUP AND SAUCER
23126,FELTCRAFT GIRL AMELIE KIT
85049A,TRADITIONAL CHRISTMAS RIBBONS
23562,SET OF 6 RIBBONS PERFECTLY PRETTY
23561,SET OF 6 RIBBONS PARTY
23681,LUNCH BAG RED VINTAGE DOILY
23334,IVORY WICKER HEART SMALL
21790,VINTAGE SNAP CARDS
22695,WICKER WREATH SMALL
22906,12 MESSAGE CARDS WITH ENVELOPES
21803,CHRISTMAS TREE STAR DECORATION
21809,CHRISTMAS HANGING TREE WITH BELL
20974,12 PENCILS SMALL TUBE SKULL
23338,EGG FRYING PAN RED
84993A,75 GREEN PETIT FOUR CASES
23498,CLASSIC BICYCLE CLIPS
23552,BICYCLE PUNCTURE REPAIR KIT
20725,LUNCH BAG RED RETROSPOT
85038,6 CHOCOLATE LOVE HEART T-LIGHTS
20832,RED FLOCK LOVE HEART PHOTO FRAME
22466,FAIRY TALE COTTAGE NIGHT LIGHT
23145,ZINC T-LIGHT HOLDER STAR LARGE
23328,SET 6 SCHOOL MILK BOTTLES IN CRATE
22398,MAGNETS PACK OF 4 SWALLOWS
21684,SMALL MEDINA STAMPED METAL BOWL
84946,ANTIQUE SILVER T-LIGHT GLASS
84692,BOX OF 24 COCKTAIL PARASOLS
21916,SET 12 RETRO WHITE CHALK STICKS
16016,LARGE CHINESE STYLE SCISSOR
22113,GREY HEART HOT WATER BOTTLE
84945,MULTI COLOUR SILVER T-LIGHT HOLDER
84879,ASSORTED COLOUR BIRD ORNAMENT
23084,RABBIT NIGHT LIGHT
84832,ZINC WILLIE WINKIE  CANDLE STICK
22460,EMBOSSED GLASS TEALIGHT HOLDER
22178,VICTORIAN GLASS HANGING T-LIGHT
22915,ASSORTED BOTTLE TOP  MAGNETS
22481,BLACK TEA TOWEL CLASSIC DESIGN
23356,LOVE HOT WATER BOTTLE
22061,LARGE CAKE STAND  HANGING STRAWBERY
23275,SET OF 3 HANGING OWLS OLLIE BEAK
21217,RED RETROSPOT ROUND CAKE TINS
20685,DOORMAT RED RETROSPOT
23256,CHILDRENS CUTLERY SPACEBOY
22613,PACK OF 20 SPACEBOY NAPKINS
23254,CHILDRENS CUTLERY DOLLY GIRL
22629,SPACEBOY LUNCH BOX
22899,CHILDREN'S APRON DOLLY GIRL
22367,CHILDRENS APRON SPACEBOY DESIGN
22631,CIRCUS PARADE LUNCH BOX
22726,ALARM CLOCK BAKELIKE GREEN
22727,ALARM CLOCK BAKELIKE RED
22728,ALARM CLOCK BAKELIKE PINK
22555,PLASTERS IN TIN STRONGMAN
22556,PLASTERS IN TIN CIRCUS PARADE
23255,CHILDRENS CUTLERY CIRCUS PARADE
22730,ALARM CLOCK BAKELIKE IVORY
22138,BAKING SET 9 PIECE RETROSPOT
